/*
 Navicat Premium Data Transfer

 Source Server         : 陈浩杰
 Source Server Type    : MySQL
 Source Server Version : 50723
 Source Host           : 192.168.0.101:3306
 Source Schema         : zzoa

 Target Server Type    : MySQL
 Target Server Version : 50723
 File Encoding         : 65001

 Date: 18/01/2019 09:13:46
*/

SET NAMES utf8mb4;
SET FOREIGN_KEY_CHECKS = 0;

-- ----------------------------
-- Table structure for act_evt_log
-- ----------------------------
DROP TABLE IF EXISTS `act_evt_log`;
CREATE TABLE `act_evt_log`  (
  `LOG_NR_` bigint(20) NOT NULL AUTO_INCREMENT,
  `TYPE_` varchar(64) CHARACTER SET utf8 COLLATE utf8_bin NULL DEFAULT NULL,
  `PROC_DEF_ID_` varchar(64) CHARACTER SET utf8 COLLATE utf8_bin NULL DEFAULT NULL,
  `PROC_INST_ID_` varchar(64) CHARACTER SET utf8 COLLATE utf8_bin NULL DEFAULT NULL,
  `EXECUTION_ID_` varchar(64) CHARACTER SET utf8 COLLATE utf8_bin NULL DEFAULT NULL,
  `TASK_ID_` varchar(64) CHARACTER SET utf8 COLLATE utf8_bin NULL DEFAULT NULL,
  `TIME_STAMP_` timestamp(3) NOT NULL DEFAULT CURRENT_TIMESTAMP(3) ON UPDATE CURRENT_TIMESTAMP(3),
  `USER_ID_` varchar(255) CHARACTER SET utf8 COLLATE utf8_bin NULL DEFAULT NULL,
  `DATA_` longblob NULL,
  `LOCK_OWNER_` varchar(255) CHARACTER SET utf8 COLLATE utf8_bin NULL DEFAULT NULL,
  `LOCK_TIME_` timestamp(3) NULL DEFAULT NULL,
  `IS_PROCESSED_` tinyint(4) NULL DEFAULT 0,
  PRIMARY KEY (`LOG_NR_`) USING BTREE
) ENGINE = InnoDB AUTO_INCREMENT = 1 CHARACTER SET = utf8 COLLATE = utf8_bin ROW_FORMAT = Dynamic;

-- ----------------------------
-- Table structure for act_ge_bytearray
-- ----------------------------
DROP TABLE IF EXISTS `act_ge_bytearray`;
CREATE TABLE `act_ge_bytearray`  (
  `ID_` varchar(64) CHARACTER SET utf8 COLLATE utf8_bin NOT NULL,
  `REV_` int(11) NULL DEFAULT NULL,
  `NAME_` varchar(255) CHARACTER SET utf8 COLLATE utf8_bin NULL DEFAULT NULL,
  `DEPLOYMENT_ID_` varchar(64) CHARACTER SET utf8 COLLATE utf8_bin NULL DEFAULT NULL,
  `BYTES_` longblob NULL,
  `GENERATED_` tinyint(4) NULL DEFAULT NULL,
  PRIMARY KEY (`ID_`) USING BTREE,
  INDEX `ACT_FK_BYTEARR_DEPL`(`DEPLOYMENT_ID_`) USING BTREE,
  CONSTRAINT `ACT_FK_BYTEARR_DEPL` FOREIGN KEY (`DEPLOYMENT_ID_`) REFERENCES `act_re_deployment` (`ID_`) ON DELETE RESTRICT ON UPDATE RESTRICT
) ENGINE = InnoDB CHARACTER SET = utf8 COLLATE = utf8_bin ROW_FORMAT = Dynamic;

-- ----------------------------
-- Records of act_ge_bytearray
-- ----------------------------
INSERT INTO `act_ge_bytearray` VALUES ('160007', 1, 'leave.png', '160006', 0x89504E470D0A1A0A0000000D4948445200000686000003420802000000C43FE9BA000035A949444154789CECDD7D6C24F7791F70FA4DA1031B66D1D4668A40DAA07F88486A1F5107B8FB23A86803F5B1406B116860B1FD432660D8BE20A97C288AE4D242BEA2B17A286AF592C682D25A17A2855216C1390422A96C2C298C2D29575996CE2F4A18598AE9487218CB72E84AB2D6D29D6E3AE29ED6AB7D999D5D729F99DDF97CF0C381C79B1DCEECEF59FE9EF9DEBE4C250000000040A0A9A20F0000000000AA45240700000000A1447200000000104A240700000000A1447200000000104A240700000000A1447200000000104A240700000000A1447200000000104A240700000000A1447200000000104A240700000000A1447200000000104A240700000000A1447200000000104A240700000000A1447200000000104A240700000000A1447200000000104A240700000000A1447200000000104A240700000000A1447200000000104A240700000000A1447200000000104A240700000000A1447200000000104A240700000000A1447200000000104A240700000000A1447200000000104A240700000000A1447200000000104A240700000000A1447200000000104A24070000059BCA21FBE661870A001C088B3700001CA43CF95A5B88D63753EBDC7EE8FC0E002803AB3500008CDC3E9FE6D67583CE6F0AE300605C58B3010060E4F24472194F79EB75F3D6EFCBE300608C58B6010060B4867B125CAF0D8678612C005036966A000018A13C01D9FE370000C68BA51D000046A5ED65A77D5F7FDAEBC96E5DDF36CEF3E300607C59B001006024BA066AD91FD430D5F1C9AABD6E95E7DDE50080D2B2600300C0C1CB88E132F2B5812239CF920380F165C106008003963F836BFBAB67C901404558B00100E020E589CF32A237EF2507005560C1060080D1EA1B930DBAC154E6A74648E500A0FCACD60000305AA38EE43A3793CA0140C959AA010060B4F613C975BE1CB5EDEB9C2F7405004AC5520D00000000A1447200000000104A240700000000A1447200000000104A240700000000A1447200000000104A240700000000A1447200000000104A240700000000A1447200000000104A240700000000A1447200000000104A240700000000A1447200008C44BD5EDFDCDC3C79F2E4C26B6AB5DA148CBFB4929B559D56F8C6C6C6EEEE6ED10F3800C68C480E008003B6B9B9B9B4B4343D3DDD082C365FB3BDBD5DF4A1C101482BB959D569852F2E2ECECCCCA4D5BEBEBE5EF4A1013036447200001C989D9D9DC653876413544D23899E9F9FDFDADA2AFA58001803223900000EC6C6C6C6DCDCDCE6E666D1070285397FFEFCFCFCFCDADA5AD1070240D989E400003800EBEBEB0B0B0BDE510BEAF5FAF2F2F2EAEA6AD1070240A989E40000D8AFEDEDEDF9F979791C34D4EBF585858573E7CE157D20009497480E0080FD3A72E488F4015A6D6F6FCFCDCDD5EBF5A20F04809212C90100B02FEBEBEB4B4B4B451F0594CEF1E3C74F9F3E5DF45100505222390000F6657171716363A3E8A380D2D9DADA9A9B9B2BFA28002829911C0000C3DBD9D9999D9D2DFA28A0A4BCA61B805E447200000CCFAB562183D7AE02D08B480E0080E1491C2083CC1A805E447200000C6F6161617373B3E8A38092F2767200F4229203006078DE2A0B326C6F6FD76AB5A28F02803212C9010030BC5AADB6BDBD5DF45140794D4DB9E602A00BCB030000C39B9999D9DDDD2DFA28A0BC44720074657900006078E206C8E6310240579607000086276E806C1E230074657900006078E206C8E6310240579607000086276E806C1E230074657900006078E206C8E6310240579607000086276E806C1E230074657900006078E206C8E6310240579607000086276E806C1E230074657900006078E206C8E6310240579607000086276E806C1E230074657900006078E206C8E6310240579607000086276E806C1E230074657900006078E206C8E6310240579607000086276E806C1E230074657900006078E206C8E6310240579607000086276E806C1E230074657900006078E206C8E6310240579607000086276E806C1E230074657900006078E206C8E6310240579607000086276E806C1E230074657900006078E206C8E6310240579607000086276E806C1E230074657900006078E206C8E6310240579607000086276E806C1E230074657900006078E206C8E6310240579607000086276E806C1E23007465790080B1349543F6CDC30E95C936EA5A52EA8C3B4508405796071833F57A7D6D6D6D7979796161A156ABE5B9509948E9B9A7F7C0D2D2D2EAEAEAEEEE6ED1D3320033D830BE33581E53FDAEF1DA36E83B29077E84AABD61E2AB7D6AF491DC401BF49D91511CA46A6F98F86A1FCE94480E806E2C0F304E363636D26637EDF86FBFFDF6BBEFB9E7F1279E78F9C2856A8EF4DCD37BE0ECD9B3D75F7F7D7A9FA4AD7FD193938B191CF7192C95BED7785D37E8FCE688AE15557B75AA7DD47143C94B3D51ED55AAF6FCD6D6D6D2929B9E9E9E9F9F4FBF989D9D4DFFFCF11FFFF1ADADADA20F0D80B210C9C178D8DDDD5D5959397AF4E8934F3DF9F285978DD6F1CC779F495BFFF4CED9D9D9297AA27A3283E33E8325D4C8177A3D5725E91D40B47E7F1421856AAF5AB5C74472252CF544B557AFDAF3FBFDDFFFFDCE727DDFFBDEB7BEBE5EF4A10150162239180369C73F3F3F7FDB99CFBE7CE125A3D7B8E3CE3B0E1F3EBCBDBD5DF474756106C77D06CB69A0A70EE57CD1D9FE8F4AB557B0DA4BF52CB9B0524F547B25AB3DBF7ABDFE633FF663AD55F79EF7BC677676D6EB79016812C9C118585959D9EBF87F68648FBBEFF9FC35D7FCC3A2A7AB0B3338EE33584E03E51461547B05ABBD54915C24D55EC16A1FC8AFFDDAAFBDF9CD6F6E4672BFF88BBF78E2C489A20F0A801211C941D96D6C6C1C3DFA810B17EB469EF12BBFFAAF6FBAE9D78B9EB4D73183E33E83A5D58C217A3D03A833A718F59386547B35AB3D2C922B4FA927AABDAAD53EA877BDEB5D8DC2BBEEBAEB6AB55ABD5E2FFA88002811911C945ADABAA50DDC534F6F5FB8F8A291673CFFC2DF1C3AF49EF2BC77B2191CF7192CB35E7944764E91BDABFD50ED95ADF6C8482ECFF7330EE9A00E55B557B6DA07F5852F7CE12D6F794B5A788B8B8BDE450E8036223928B5D5D5D59595950B177FD01CEF5BFC2719FFF9DFAAF556951A37DDF4EFCBF3C2103338EE335866C3E514A37BEA906AAF6CB51F48FDE4D97F494A3D51ED15AEF621BCFFFDEF9FDA8BE48A3E10004A472407A5B6B4B474F673FFEB471DFF078EFE55927CEB95E41B17923F7D29F9CA4BC943CF5F3CFDB97BFFF0E9EF3FF872F27FEBC983F5E4BE1F249FFF61F29BF77DED63C73E5E78FF5DC8F8F2C3E7E6E7E78B9EBACBCCE0B8CF60990D975364EF6A3F547B65ABBD9C915CF6AEF649B557B6DA87B0B3B393165E059F2108405F223928B5B9B9B9471F7DE4C2C5171A236DE99E4F92172E25DFBF987CEFE5E40749F2AFFECD27A7DEF8B6231F587AFA42F2E44BC9933F4CB6EBC9E31793DFFB93AFECFD57FC0B151CCFBFF0ECF4F474D1537799191CF7191CDAEEEEEECACACA483F59AF358FE8FA3CA0E0A70EA9F6CA56FB95575E39D26A2F5BA927AABDC2D53E9C51C7D6008C29CB0313A85EAFAFAFAF9F3C7972696969E1358B8B8BE977D6D6D6C6EBB3E7676666BEFBECD3172E3EDF18694BF7835792975E79F59F2E5E7AF5CF3FB8EBFFFCDDBFF7F7FFEDA73E7D31499EBB987CFF42F2BD0B497A869FFFD257F79AFEE7AB39CAD3FB9AC1719FC1E1A4BF67AEB9E69ADBCE9C497FF904E414393768FCB5EF138E86A6DA55FB88AABD6CA59EA8F6AA567B7E19BDE8EAEAEACECE4ED10708402954655DA422D2EE276D77A6A7A7D306286D7ACE9EFDDCDDF7DCDB1877DC79D78D377E727979396DA38F1C3992F643451F6C2E7B8DFB73CD91FEF5858BC9B32F262FBF727983F4FAE73FFFD66FFFFA7FFAAD27BFFD6A7B77E152F2F2DEC5C0035FFE4ADB6D2B35CAD3F49BC1719FC12134128A87BEFCF0CB172EA67F9636A7E8DC6C9F77BB6A57ED23AAF6B2957AA2DA2B59ED39A5BD68DA85663C4FB3617E7EFED65B6FF501AC001537F9EB221571FEFCF9F44A20ED81EEB8F3AEF4C2207BDC77FF03D75FFFE1B419DADCDC2CFAC0FBD86BDCFF5F73BCDAF4BF923CF383E4AF9F4F2E24C9CB2FBD3477F5D553536F9A9A9AFE857F7E7DEB0D1F7AF891B6DB566A94A7E93783E33E83836A4D281AA3909CA2F3357A6D5F777D29DF414472AA5DB51F7CB597ADD413D55EBD6ACF23ED2A8F1C39D2378C6B55ABD57C0C2B40954DF2BA48759C3A756A7E7EFEEE7BEEED1BC6B58EF4CA21BD963876EC5899FF8B72AF71FF7E734CEDBD34E6D917936F3F977CE787C9438FFEC5BBDEF5AE37BDF98AB7BEE32796FFC5EB9AFE2F7DF9E1B6DB566A94A7E93783E33E8303E94C28469DCA958A6A57EDAA5DB54F64B5F79576922B2B2B6D715BDA9AFECAAFFC6AEB2B36D271E38D9F3C7AF468DB964B4B4B13FF9001A0ABC95C17A98EB4075A5E5E3E71E2C440615CEBF8CC2DB7A4170FA57D538FBDC67DB739D2BFBE7829F95EFDD5FF877FE687C93D5FDA7AF7A1F7FEC4DF79E73B66FED66FFFF7DFFB61923CFF52F283975EBDE17DE7BED476DB4A8DF234FD6670DC6730BF5E094575720AD5AEDA55BB6A9FBC6AEF2BED21DB9E1C77C30D9F78FC8927329ACF67BEFB6CDA7FCECECEB63E5DEEFCF9F3459F0A00D126705DA43AEAF57ADA03ADADAD0D9DC7355FC79AEE677B7BBBE813EA22EDD22E5EFC9BE668F4B269DFFFFD0BC9DFBC9C7CFBB90B0F7C6DFBD03FF8B9F7FDA37FFC9D9792BFAE27DFA927CFBE94A46DFF7D0F7EA9EDB6951AE569FACDE0B8CF604ED9094545720AD5AEDA55BB6A9FB06AEF2BED1E6BB55A33595B5C5CCC0EE3DA82B91B6FFC64F3B6D3D3D3E7CE9D2BFA8400083569EB2295B2BCBCBCFF3CAE79F170E4C89112BE82B5AD715F78DF355FFDB36F3CF4B5AD73E7B7EE7F78EBFE471E7BE0AB4FFCD1837FFA275FFBE6171E7EEC8B0FFFF9FD8FFCF9B9AF3CF6B56FFCE52DFFF5CC87AEFB50E1CDB7A6DF0C8EFB0CE69127A1A8424EA1DA55BB6A57ED9354ED7D35FE6FB899A97DEAA69B8668416FBFFD77A7A7A79BCF952BEDEB36001885895A17A99453A74EEDE7F5AA9DE3ECD9CF2D2D2D157D5AEDF69AFEEFB58E5FFAA58F4FE5F0CF7EE117DA6E58A9519EA6DF0C8EFB0CF6953FA198F89C42B5AB76D5AEDA27A6DAF3585E5E6ECE6CDA46EEE73F866766661AFB491F32459F160071266A5DA43ACE9F3F3F3F3F7F80795C637CEC631FBFF5D65B8B3EB9D7D96BFA9F35061DE569FACDE0B8CF60B641138AC9CE2954BB6A57EDC664547B1EEBEBEBCD3C6EB8E7C7B58E3BEEBCABB9B7D3A74F177D720004999C75914A999F9F1FF4AA20CF78F2A9A7AFBAAA56AA97AFBEDAF4BFF25D63D0519EA6DF0C8EFB0C66182EA198E09C42B5AB76D56E4C40B5E794F6A28D046D7171F140BAD0E6FBCACDCECE96AA1705607426675DA43AD6D7D79796960E3C8F6B8C1B6EF844A9FE7372AFE97FC6187494A7E93783E33E83BD74261477DC79D7D557CFF57A63EF67BEFBECA143876E3B736682730AD5AEDA55BB31EED59ED3DADA5A233E9B9E9E7EF2A9A70FA4057DEEF9179A9FC17AFCF8F1A24F11800813B22E5229695B7FF73DF78E28924BFBAAB41F2AFA147F64AFE9FF8E31E8284FD36F06C77D06BBEA9A5034DE9FFBAAAB6A9D394523A1685C684D704EA1DA55BB6A37C6BADAF34B8BB951E437DCF08903EC42D3874C63B7333333459F22001126645DA43AD26E3E6D534694C735C6E1C387CBF321F47B4DFF5F1B838EF234FD6670DC67B0534642D1D09653B42614939D53A876D5AEDA8DF1ADF6FCD21A6E56F8413D45AE39D2C75463CF9B9B9B459F2800233709EB2295B2BABABAB2B232D248EE5337DD74E2C489C8935A5B5BDBDEDEEEFA4F7B4DFF4ECED1B9F140371F74E779F63FE8011CD4290437FDA39BC1A1EF8D81B6CC70203F6588E289BF6CCB98C4569D0945EB4B8D3A738ACE8462AAE3854EE395530C57EDADFFD477EA47FAB850ED896ACF6DE8DFED43578B6A2F8F8CD94F7BD1C6DD9816F38177A11FFBD8E58FEE0DEE450128C4D8AC8BD070ECD8B15B6FBD75A491DCDDF7DC1BF909F48F3DF658A3F77AFBDBDF7EF6ECD9B67FCDDF7C37FBE03C2D7876A7DEAB656F7E277F7FDF76486D5FF76DF1073AFDA29AFEA167B0F53EC97FBE39EF93FC9395732E0E649BFC931B39837D27B1A9D73BDCA7DF99999969BB93AFBAAAF6F0238F744D28EEB8F3AECE3D8C454EB19F6ACF59729DB5DAF7578D6A3FC0496C52EDFB5C9DF36CA0DA4B2B7BF6D35EB4F1AFFBFFA0D5AE5D6863E7478E1C29E4DC0188341EEB22342D2E2E76F6F7073B1E7FE289F4EA22EC8CEAF5FA1BDFF8C646FBF596B7BCE5677FF6675BFF5776AFB5FDAB9CA373E35E37CFB3DB3C7BCBDE4FF35F1B5FB46EDCF5865D2F305EBBCCC87B27347755DA19EC7A529D7751DFFB24E3FEE9BAB7218AE1608F274F0D1432837D27B121FB1327BBE614575C7145DB77BA26146394530CF7FB2AA3247A7DB3B366B277AEDA0F6A121B547BB28FDFED794A45B5975CF6ECA7BD68E39F46D191A65D6863E7B55A5C2F0A4051C6635D84A6F9F9F95E170907359E7BFE85F44222F2A4DA5E07F4D6B7BEF5231FF948DA0E267B4DFF2BAF7C3BE7686EDCB593CEBEC94023E7FE5B8FA7ED67656F9F67E3BE4758F2196CFB7EE75D94FFDC336ED5F945CED9EC35AD831E4FDBAEBA4E6BAF62889CC1EC494CFA2514193945AB8C84628C728AFD577BFE07F540F5A6DA0F641213D5DE623FAB73CE2257EDA59531FB692FDAF8E6883AD2E60F2DFA3E0060E4FCAE67CCA41DD281BF936ED766A8F9595A857BE595A7FB8EB6ED3B6FD56B3FFBF9A119BB6DEEB9EDA7B47D9DB1B75E5FE73FB092CFE054CB9D33F43475DD7EEAF535D0F726BD7E68CE0DFADE3CFB64334EB93C339827A1E89B53F44D285A738A9FFFF99F0F3EC78392BF423ABF3FC48F9852ED074DB5E7B7CF5A1AF4474CA9F6D268A6759D9F387C20A3B9FFA29B6E0046CEEF7AC6CCDCDCDCD71F7D3420928B3CA977BCE31DCD3E6F694FDAB06E6D6D2597FF1FFEA99CA3B971D70E32FB267DF7DCDC494693DAB6DBD6E319E8A7E43CF8EC5D957306BB9E5ACE3BAAF31ECEB94DF60DFBDEBD7D4FA1EF644D755466F3EB92CC60F6245E73CD3577DF736FCEDF1E7FB4F9C76F7AD39BDAEE9337BCE10D67CEFC4ECE3D04BF9DE5A006FA7D95BFA473FEA2E855CCAAFDA02651B5B7DACFEA3C50F1ABF612CA98FDB4176D7C7F441D69F3438D8BBE0F001839BFEB1933693F94FF6A61B811FC5E72BBBBBB8DC62BEDF03EFAD18FA67FAEADAD35FF75AFAF7D32E7686EDC79ABAEFB1968E7FBD93EE70D5B37EBF575FE1F5DF219EC7A8219679A734E336EDBFA67E706FDAEC47AFEDCECBF669C60F6F1075F8A644FE2F9F3E7AFB9E69A67BEFB6CDFDF1E5D3F71B2A1F9A9947DF790FE964B7F62E4E9E73750B5374B2EA3A8BA1676DF2254EDA39B44D5DEB4CFD5394FD1AAF6D2CA9EFDE613FD46D191A68F8BC6CE6766660ABC070088311EEB2234ADACACDC76E6CC4823B9FBEE7FE0F0E1C36167F4AD6F7D6B7A7A7A7171B156AB9D3871A2ED8D75F65ADBBFCC399A1BF7E8BCBB6C9FD9A91FC0FEDBB66FFBBAD7F6195FE7BF2BCA3C837D6724FF4CF59DD6E61DD8FAE740E594FDFDECBFB69D6FFE698D9CC1BE9398E4CB2932128A86BE3945C9138A641FBFAFF2D4497609F5DA58B51FEC2426AAFD3543FF6EEF4AB51752ED43CB9EFDB4176D9CFB676EB9E5C0BBD0AF3FFA6863E7F3F3F3459D3E0061C6635D84A6D3A74FDF70C327461AC9DD76E6CCF5D77F38F2A4D6D7D75757573B3FF32ED9472497B3051FA8651F74FF5DB7CFB87818F462A63C4DFFA033D8764D35D099E6BFF279A5DB05DB815CB665EB75A6031D7CFC655BC6243664E7145D138A37BCE10D6DDFC9C829CA9F50340CF7FBAAB33032B61CEE97806A3F90496C50ED0DFB599D7316AD6A2FAD8CD93F75EA54E3F4D376F1C0BBD04FDD745363E7CBCBCBE1270D40B4B15917A121ED8D6AB5DA4823B9A3478F6E6C6C147DA297EDB5B6DFCA399A1BF768A6F3EEA77557FBD97FEBF66DDFEC7B3C831E70E7CD8B9EBACB3A4FA4F51E68FBD73C679DFF9E69BBFF7BFDC43C320E20CF29645442F967B055AF9CA26B42313D3DFD9BFFE5B73ADFFFBE6B4E312E0945B68C39CD5FEAC33DF655FB8153EDD9FA166A9E4A56ED636A6B6BAB7107A635FFDCF32F1C6C179A3EEE1A3B5F5D5D2DFA440118B9495817A99A917EC243DA5AA50D56E343EECBE0D5D6F6D276CE71B9C3DEFBA2F39F3AB7ECD9A377DB43F39BCD6D32F6DFF6CDD63DF7DA38CF0E07BA2B8A9EBACB3AEFF93CF758D799ED35591933D5F9D7EC9BE43C98FC7FCD38EBEC292ECF0CB6E9CC297A25148D4F9CECFAA9946D39C564241449EFDF57F9AB4BB5978A6ACF903DA77D275DB58FBB5AADD698A9B3673F77805D68FA6069D640E78BCA01983C13B22E5229237DEDEAA76FBE39DD79D1A7F8237BADED37FB8ED73AF81F7DDDA3C5EFBFABE64E327E4ACE9DB71E52F6CE338E79E8E32F7AEA2EEB75D8D9F7D8A053D377B3E6C40D7A935E6530D034B55542DBC1F4BA49D153D753674E71FDF51F6EBD079A09456374E614478F1E6D3EB16262128AA447B50F5AEA033D6454FBA8A9F65EB20BAC6F05AAF67177E2C489C6DD72E8D0A1037CA2DC07AFBDB6B1DBA5A5A5A24F11800813B22E5229F57ABD56AB3DF9D4D3079EC7A54DD55557D57676768A3EC51FD9EB68FF6288D17AC32176D2F526CD6F76FE6BFEED1B5FF73DA4A14FBC79F3A2A7EEB25E27927D8F1DC83D9371FFE7D973CE23CF73ABD623E93CAA5E37297AEAB264E4146D0945674E31A90945D2ADDA07AAFFD622E99108A8F602A8F6AE0E641553EDE36B7777777676B671E29FBAE9A603E942EFBBFF8166014CCC2305806C13B22E52356B6B6B1FBAEEBA038FE4CAF614B9E472D3FFC4A0A3F356F9F7F35A639D77FF2DD70F3D37EBFCA2EF210D77E2AD372F7AEA2EEB7522D9F758E7DD9B2DE347B4FD6B9E3B367BB703CD54DBAE3A0F26A3788A9EBA3EBAE6145D138AD69C6282138AA4A3DA7BCDEC708FFD3CB752ED23A2DA3BF59ADF817E57ABF6B176FAF4E9C669A68F85BBEFB9779F2DE8E34F3CD1CCF88E1D3B56F4C901106472D645AAE683D75E7BB0EFDFF1F5471F6DBCFAA0E8337B9DBD8EF67163D0519EA6DF0C8EFB0C66E8CC291EFAF2C3D9BF642638A14854BB6A57EDC644547B7E478E1C698468B3B3B3BD3E5F38CF481F2CCD77694C7755AA976B00305213B52E5229BBBBBB870F1F3EA8CF7968BC6575DA4E157D5AEDF69AFE6F18838EF234FD6670DC67305BAF4FA5ECFB0B67F2128A44B5AB76D56E4C4AB5E7B4BDBDDD7C99F6ECEC6C764EDD6B3CF9D4D3CD3C6E7A7A7A7373B3E8D30220CE44AD8B54CDD6D6D6E1C387F7F3DF92CD0B860F5E7BED1D77DE55F40975A1E91FF7A6DF0C8EFB0CF635684E31A90945A2DA55BB6A3726A8DA73DADCDC6CBE50777A7AFA33B7DC32500B7ADFFD0F345FAF9A3A7DFA74D1270440A8495B17A99AB4D13F74E850DAD00C9DC77DFDD1470F1F3E5CCE3C2ED96BFA2F5D7ACC187494A7E93783E33E8379E4CF292638A14854BB6A57EDC664557B4EEBEBEBAD1F349CF6A5BDDE66B1EDC9711FBAEEBAD6B71A94C70154D004AE8B54CDEEEE6E7A7970E38D9F1CF4D534CF3DFFC2A76FBEB9F1EAD7A24FA2A7BDA6FFCF8D4147799A7E3338EE3398539E9C62B2138A44B5AB76D56E4C5CB5E7B4B5B5353737D79AAF1D3A74286D4D3BDF5FE5C9A79EFECC2DB71C3D7AB475E3999919AF5705A8A6C95C17A99A7ABD9EF63D575F3DF7E99B6F6EBE9F74F6B8EDCC9974FB1B6EF8447AD950F4E167D96BFAB78C4147799A7E3338EE33985F764E31F10945A2DA55BB6A3726B1DA73DADDDD3D79F2E4F4F4F45437870F1FEEF54FCBCBCB3ECF01A0B226765DA482D286E6F8F1E33333331FBCF6DADBCE9CE97C93DDF43BB7DFFEBB1FBAEEBA749BEBAFFFF0F6F676D187DCDF5ED3FF67C6A0A33C4DBF191CF7191C48AF9CA20A0945A2DA55BB6A3726B4DAF34B7BD1959595AED15BA7F49172EEDCB9A20F1980224DF8BA4805D5EBF5F5F5F5B41F6A7E7C55EB8B083E74DD756B6B6BBBBBBB451F665ED3D3D32FBEF8C8A54B7F6A0C34CAD3F49BC1719FC14175E61415492812D5AEDA55BB31B9D53E90B4174DBBCDB4179D9F9F6FEB456BB5DAD2D2D2ADB7DEEA99710024223928B9B475FBE637FFF0D2A5478D8146799A7E3338EE333884D69CA23A0945A2DA55BB6A3726BADAF7636565A5E84300A08C2ABA2EC2B8585C5CFCDF1BB75E4ABE6EE41F7FB6F507737373454FDD656670DC6770388D9CE2F1279EA84E4291A876D5AEDA8D49AFF6E13CF8E08353535363F4120D00C288E4A0D44E9D3A75E2C4470A6FA3C76BFCCEEAA7CAF3DFD16670DC677068E7CF9FAFD56AD5492812D5AEDA55BB51816A1FC295575E393535F5CBBFFCCB451F0800A523928352DBDEDE9E9BFBE917EB0F5D4ABE66E41C4B4BEF5F5F5F2F7AEA2E3383E33E83FB51B58B4FD55EE56AAF1AD5AEDA73FA8DDFF88DC6BBC8FDE44FFE64A5626B00F210C941D99D7CD5B14BC9578D3CE37FAEFDC7E5E5C5A227ED75CCE0B8CFE0D02AF8AE49AABDB2D55E41AA5DB5F7B5BBBB3B3D3DDD88E4AEB8E28AF7BEF7BD451F1100E552B9AB05183BF57A7D61E1E7CE9DFB1F49F215237BECECDC3337F7D3BBBBF7153D69AF6306C77D068756C1484EB557B6DA2B48B5ABF6BE9696965A3F6EF5CA2BAF5C5D5D2DFAA0002891CA5D2DC038DADADA9A9FBF7A6B6B3D49CE1BBD46DAF1A757479B9B9F2D7ABABA3083E33E83C3A9602497A8F6AA567B35A976D59E61777777AAC34FFDD44FD5EBF5A20F0D80B2A8E2D5028CA373E7CEA57DFFA953FF32491E313AC7FAFACD7373B5CDCDFF56F444F56406C77D068750CD482E51ED95ACF6CA52EDAABD97CF7EF6B38D18EEDDEF7E773392FB999FF999CDCDCDA20F0D80B2A8E8D5028CA37ABD7EE2C4CAC2C27B5757FFDDCECEE793E4616377F78FD7D6FEC3F2F2D1A5A585F4EBA2A7A80F3338EE3338A8CA4672896AAF5EB557996A57ED5D7DF18B5F7CDBDBDE56ABD5666666D2E56076CF3BDFF94E911C004DD5BD5A80319576722B2BFF7476F66F77BE1AA2826666DEBEBCFC81B4EF2F7A5A0660065B8DE30CE63755E148AE41B5B79AEC6A47B5B752ED0DE7CF9FDFDEDE4E5E5B0ED2AF7DE82A00ADAA7EB50000233255F9480E80C47200400F9607001809D76000249603007AB03C00C048B8060320B11C00D083E5010046C235180089E500801E2C0F003012AEC100482C0700F46079008091700D0640623900A007CB03008C846B300012CB01003D581E0060245C830190580E00E8C1F2000023E11A0C80C47200400F9607001809D76000249603007AB03C00C048B8060320B11C00D083E5010046C235180089E500801E2C0F003012AEC100482C0700F46079008091700D0640623900A007CB03008C846B300012CB01003D581E0060245C830190580E00E8C1F2000023E11A0C80C47200400F9607001809D76000249603007AB03C00C048B8060320B11C00D083E5010046C235180089E500801E2C0F003012AEC100482C0700F46079008091700D0640623900A007CB03008C846B300012CB01003D581E0060245C830190580E00E8C1F2000023E11A0C80C47200400F9607001809D76000249603007AB03C00C048B8060320B11C00D083E5010046C235180089E500801E2C0F003012AEC100482C0700F46079008091700D0640623900A007CB03008C846B300012CB01003D581E0060245C830190580E00E8C1F2000023E11A0C80C47200400F9607001809D76000249603007AB03C00C048B8060320B11C00D083E5010046C2351855309543F6CDC30E158AA2CE01E8CAF2000023E11A8CB193275F6B2BECBE75DEB9FDD0F91D8C29850D40579607001809D7604C867D3ECDADEB069DDFF4786182296F00BAB23C00C048B8066332E489E4329EF2D6EBE6ADDFF76061B2A97000BAB23C00C048B80663020CF724B85E1B0CF1C2589800AA1A80AE2C0F003012AEC118777902B2FD6F0013CFA30080AE2C0F003012AEC1186B6D2F3BEDFBFAD35E4F76EBFAB6719E1F47A5A86D00BAB23C00C048B806637C750DD4BA9674AFE82D3B92CBFEA13061D436005D591E0060245C8331A63262B88C7C6DA048CEB3E4A814B50D40579607001889E9E9E97ABD5EF451C060F267706D7FF52C39E8456D03D095E5010046A256AB6D6F6F177D1430803CF15946F4E6BDE4A02BB50D40579607001889F9F9F9F3E7CF177D14B02F7DA384413798CAFCD408C90593676767677676B6E8A300A08CF43D0030120B0B0B9B9B9B451F05ECCBA823B9CECDA4724C98EDEDED5AAD56F4510050469A1E001889959595D5D5D5A28F02F6653F915CE7CB51DBBECEF94257186B1B1B1B8B8B8B451F050065A4E9018091585D5D5D595929FA280028D2C93D451F0500652492038091D8DADA9A9B9B2BFA280028D2E2E2E2C6C646D14701401989E40060547CC2034095EDECECD46AB57ABD5EF4810050462239001895D3A74F1F3F7EBCE8A300A0185601003288E4006054EAF57AAD56DBD9D929FA400088660900209B480E0046687373736161A1E8A300209ACFDD06209B480E0046EBE4C9935EB8045029A74F9F3E76EC58D1470140A989E40060E44E9C38B1B8B8B8BBBB5BF48100305AF57A7D6565451E07405F22390088B0B1B151ABD54E9E3CE97D850026D2EEEEEEE9D3A7D35FF55EAF0A401E22390008925EAD9D3C7932BD5A5B5C5C4CBFD8DCDC2CFA8800D8AFF497F9A953A7969696D25FEFC78F1FF7FF2E00E42492038050F57A7D6363E3E4C9930B0B0B53008CB9F497F9891327D6D7D7BD3B01000311C9010000004028911C000000008412C9010000004028911C000000008412C9010000004028911C000000008412C9010000004028911C000000008412C9010000004028911C000000008412C9010000004028911C000000008412C9010000004028911C000000008412C9010000004028911C000000008412C9010000004028911C000000008412C9010000004028911C000000008412C9010000004028911C000000008412C9010000004028911C000000008412C9010000004028911C000000008412C9010000004028911C000000008412C9010000004028911C000000008412C9010000004028911C000000008412C9010000004028911C000000008412C9010000004028911C000000008412C9010000004028911C000000008412C9010000004028911C000000008412C9010000004028911C000000008412C9010000004028911C000000008412C9010000004028911C000000008412C9010000004028911C000000008412C9010000004028911C000000008412C9010000004028911C000000008412C9010000004028911C000000008412C9010000004028911C000000008412C9010000004028911C000000008412C9010000004028911C000000008412C9010000004028911C000000008412C9010000004028911C000000008412C9010000004028911C000000008412C9010000004028911C000000008412C9010000004028911C000000008412C9010000004028911C000000008412C9010000004028911C000000008412C9010000004028911C000000008412C9010000004028911C000000008412C9010000004028911C000000008412C9010000004028911C000000008412C9010000004028911C000000008412C9010000004028911C000000008412C9010000004028911C000000008412C9010000004028911C000000008412C9010000004028911C000000008412C9010000004028911C000000008412C9010000004028911C000000008412C9010000004028911C000000008412C9010000004028911C000000008412C9010000004028911C000000008412C9010000004028911C000000008412C9010000004028911C000000008412C9010000004028911C000000008412C9010000004028911C000000008412C9010000004028911C000000008412C9010000004028911C000000008412C9010000004028911C000000008412C9010000004028911C000000008412C9010000004028911C000000008412C9010000004028911C000000008412C9010000004028911C000000008412C9010000004028911C000000008412C9010000004028911C000000008412C9010000004028911C000000008412C9010000004028911C000000008412C9010000004028911C000000008412C9010000004028911C000000008412C9010000004028911C000000008412C9010000004028911C000000008412C9010000004028911C000000008412C9010000004028911C000000008412C9010000004028911C000000008412C9010000004028911C000000008412C9010000004028911C000000008412C9010000004028911C000000008412C9010000004028911C000000008412C9010000004028911C000000008412C9010000004028911C000000008412C9010000004028911C000000008412C9010000004028911C000000008412C9010000004028911C000000008412C9010000004028911C000000008412C9010000004028911C000000008412C9010000004028911C000000008412C9010000004028911C000000008412C9010000004028911C000000008412C9010000004028911C000000008412C9010000004028911C000000008412C9010000004028911C000000008412C9010000004028911C000000008412C9010000004028911C000000008412C9010000004028911C000000008412C9010000004028911C000000008412C9010000004028911C000000008412C9010000004028911C000000008412C9010000004028911C000000008412C9010000004028911C000000008412C9010000004028911C000000008412C9010000004028911C000000008412C9010000004028911C000000008412C9010000004028911C000000008412C9010000004028911C000000008412C9010000004028911C000000008412C9010000004028911C000000008412C9010000004028911C000000008412C9010000004028911C000000008412C9010000004028911C000000008412C9010000004028911C000000008412C9010000004028911C000000008412C9010000004028911C000000008412C9010000004028911C000000008412C9010000004028911C000000008412C9010000004028911C000000008412C9010000004028911C000000008412C9010000004028911C000000008412C9010000004028911C000000008412C9010000004028911C000000008412C9010000004028911C000000008412C9010000004028911C000000008412C9010000004028911C000000008412C9010000004028911C000000008412C9010000004028911C000000008412C9010000004028911C000000008412C9010000004028911C000000008412C9010000004028911C000000008412C9010000004028911C000000008412C9010000004028911C000000008412C9010000004028911C000000008412C9010000004028911C000000008412C9010000004028911C000000008412C9010000004028911C000000008412C9010000004028911C000000008412C9010000004028911C000000008412C9010000004028911C000000008412C9010000004028911C000000008412C9010000004028911C000000008412C9010000004028911C000000008412C9010000004028911C000000008412C9010000004028911C000000008412C9010000004028911C000000008412C9010000004028911C000000008412C9010000004028911C000000008412C9010000004028911C000000008412C9010000004028911C000000008412C9010000004028911C000000008412C9010000004028911C000000008412C9010000004028911C000000008412C9010000004028911C000000008412C9010000004028911C000000008412C9010000004028911C000000008412C9010000004028911C000000008412C9010000004028911C000000008412C9010000004028911C000000008412C9010000004028911C000000008412C9010000004028911C000000008412C9010000004028911C000000008412C9010000004028911C000000008412C9010000004028911C000000008412C9010000004028911C000000008412C9010000004028911C000000008412C9010000004028911C000000008412C9010000004028911C000000008412C9010000004028911C000000008412C9010000004028911C000000008412C9010000004028911C000000008412C9010000004028911C000000008412C9010000004028911C000000008412C9010000004028911C000000008412C9010000004028911C000000008412C9010000004028911C000000008412C9010000004028911C000000008412C9010000004028911C000000008412C9010000004028911C000000008412C9010000004028911C000000008412C9010000004028911C000000008412C9010000004028911C000000008412C9010000004028911C000000008412C9010000004028911C000000008412C9010000004028911C000000008412C9010000004028911C000000008412C9010000004028911C000000008412C9010000004028911C000000008412C9010000004028911C000000008412C9010000004028911C000000008412C9010000004028911C000000008412C9010000004028911C000000008412C9010000004028911C000000008412C9010000004028911C000000008412C9010000004028911C000000008412C9010000004028911C000000008412C9010000004028911C000000008412C9010000004028911C000000008412C9010000004028911C000000008412C9010000004028911C000000008412C9010000004028911C000000008412C9010000004028911C000000008412C9010000004028911C000000008412C9010000004028911C000000008412C9010000004028911C000000008412C9010000004028911C000000008412C9010000004028911C000000008412C9010000004028911C000000008412C9010000004028911C000000008412C9010000004028911C000000008412C9010000004028911C000000008412C9010000004028911C000000008412C9010000004028911C000000008412C9010000004028911C000000008412C9010000004028911C000000008412C9010000004028911C000000008412C9010000004028911CFFBF1D3B160000000018E46F3D8B5D8511000000002B2507000000002B2507000000002B2507000000002B2507000000002B2507000000002B2507000000002B2507000000002B2507000000002B2507000000002B2507000000002B2507000000002B2507000000002B2507000000002B2507000000002B2507000000002B2507000000002B2507000000002B2507000000002B2507000000002B2507000000002B2507000000002B2507000000002B2507000000002B2507000000002B2507000000002B2507000000002B2507000000002B2507000000002B2507000000002B2507000000002B2507000000002B2507000000002B2507000000002B2507000000002B2507000000002B2507000000002B2507000000002B2507000000002B2507000000002B2507000000002B2507000000002B2507000000002B2507000000002B2507000000002B2507000000002B2507000000002B2507000000002B2507000000002B2507000000002B2507000000002B2507000000002B2507000000002B2507000000002B2507000000002B2507000000002B2507000000002B2507000000002B2507000000002B2507000000002B2507000000002B2507000000002B2507000000002B2507000000002B2507000000002B2507000000002B2507000000002B2507000000002B2507000000002B2507000000002B2507000000002B2507000000002B2507000000002B2507000000002B2507000000002B2507000000002B2507000000002B2507000000002B2507000000002B2507000000002B2507000000002B2507000000002B2507000000002B2507000000002B2507000000002B2507000000002B2507000000002B2507000000002B2507000000002B2507000000002B2507000000002B2507000000002B2507000000002B2507000000002B2507000000002B2507000000002B2507000000002B2507000000002B2507000000002B2507000000002B2507000000002B2507000000002B2507000000002B2507000000002B2507000000002B2507000000002B2507000000002B2507000000002B2507000000002B2507000000002B2507000000002B2507000000002B2507000000002B2507000000002B2507000000002B2507000000002B2507000000002B2507000000002B2507000000002B2507000000002B2507000000002B2507000000002B2507000000002B2507000000002B2507000000002B2507000000002B2507000000002B2507000000002B2507000000002B2507000000002B2507000000002B2507000000002B2507000000002B2507000000002B2507000000002B2507000000002B2507000000002B2507000000002B2507000000002B2507000000002B2507000000002B2507000000002B2507000000002B2507000000002B2507000000002B2507000000002B2507000000002B2507000000002B2507000000002B2507000000002B2507000000002B2507000000002B2507000000002B2507000000002B2507000000002B2507000000002B2507000000002B2507000000002B2507000000002B2507000000002B2507000000002B2507000000002B2507000000002B2507000000002B2507000000002B2507000000002B2507000000002B2507000000002B2507000000002B2507000000002B2507000000002B2507000000002B2507000000002B2507000000002B2507000000002B2507000000002B2507000000002B2507000000002B2507000000002B2507000000002B2507000000002B2507000000002B2507000000002B2507000000002B2507000000002B2507000000002B2507000000002B2507000000002B2507000000002B250700000000AB0070F74B22D22E9D7D0000000049454E44AE426082, 0);
INSERT INTO `act_ge_bytearray` VALUES ('160008', 1, 'leave.bpmn', '160006', 0x3C3F786D6C2076657273696F6E3D22312E302220656E636F64696E673D225554462D38223F3E0A3C646566696E6974696F6E7320786D6C6E733D22687474703A2F2F7777772E6F6D672E6F72672F737065632F42504D4E2F32303130303532342F4D4F44454C2220786D6C6E733A7873693D22687474703A2F2F7777772E77332E6F72672F323030312F584D4C536368656D612D696E7374616E63652220786D6C6E733A61637469766974693D22687474703A2F2F61637469766974692E6F72672F62706D6E2220786D6C6E733A62706D6E64693D22687474703A2F2F7777772E6F6D672E6F72672F737065632F42504D4E2F32303130303532342F44492220786D6C6E733A6F6D6764633D22687474703A2F2F7777772E6F6D672E6F72672F737065632F44442F32303130303532342F44432220786D6C6E733A6F6D6764693D22687474703A2F2F7777772E6F6D672E6F72672F737065632F44442F32303130303532342F44492220747970654C616E67756167653D22687474703A2F2F7777772E77332E6F72672F323030312F584D4C536368656D61222065787072657373696F6E4C616E67756167653D22687474703A2F2F7777772E77332E6F72672F313939392F585061746822207461726765744E616D6573706163653D22687474703A2F2F7777772E61637469766974692E6F72672F74657374223E0A20203C70726F636573732069643D226C6561766522206E616D653D22E8AFB7E58187E6B581E7A88B2220697345786563757461626C653D2274727565223E0A202020203C73746172744576656E742069643D2273746172746576656E743122206E616D653D22E5BC80E5A78B223E3C2F73746172744576656E743E0A202020203C757365725461736B2069643D22757365727461736B3122206E616D653D22E5A1ABE58699E8AFB7E58187E58D95223E3C2F757365725461736B3E0A202020203C73657175656E6365466C6F772069643D22666C6F77312220736F757263655265663D2273746172746576656E743122207461726765745265663D22757365727461736B31223E3C2F73657175656E6365466C6F773E0A202020203C757365725461736B2069643D22757365727461736B3222206E616D653D22E7A791E5AEA4E9A286E5AFBCE5AEA1E689B9222061637469766974693A666F726D4B65793D226C656176655F6B736C6473702E68746D6C223E0A2020202020203C657874656E73696F6E456C656D656E74733E0A20202020202020203C61637469766974693A7461736B4C697374656E6572206576656E743D22616C6C2220636C6173733D22636F6D2E7A7A68622E7A7A6F612E6C697374656E65722E61637469766974692E417469766974695461736B4C697374656E6572223E3C2F61637469766974693A7461736B4C697374656E65723E0A2020202020203C2F657874656E73696F6E456C656D656E74733E0A202020203C2F757365725461736B3E0A202020203C73657175656E6365466C6F772069643D22666C6F77322220736F757263655265663D22757365727461736B3122207461726765745265663D22757365727461736B32223E3C2F73657175656E6365466C6F773E0A202020203C757365725461736B2069643D22757365727461736B3322206E616D653D22E58886E7AEA1E9A286E5AFBCE5AEA1E689B9223E3C2F757365725461736B3E0A202020203C757365725461736B2069643D22757365727461736B3422206E616D653D22E4B8BBE7AEA1E9A286E5AFBCE5AEA1E689B9223E3C2F757365725461736B3E0A202020203C656E644576656E742069643D22656E646576656E743122206E616D653D22E7BB93E69D9F223E3C2F656E644576656E743E0A202020203C6578636C7573697665476174657761792069643D226578636C7573697665676174657761793122206E616D653D224578636C75736976652047617465776179223E0A2020202020203C646F63756D656E746174696F6E3EE7A791E5AEA4E9A286E5AFBCE5AEA1E689B93C2F646F63756D656E746174696F6E3E0A202020203C2F6578636C7573697665476174657761793E0A202020203C73657175656E6365466C6F772069643D22666C6F77362220736F757263655265663D22757365727461736B3222207461726765745265663D226578636C75736976656761746577617931223E3C2F73657175656E6365466C6F773E0A202020203C73657175656E6365466C6F772069643D22666C6F773722206E616D653D22E5908CE6848F2220736F757263655265663D226578636C7573697665676174657761793122207461726765745265663D22757365727461736B33223E0A2020202020203C636F6E646974696F6E45787072657373696F6E207873693A747970653D2274466F726D616C45787072657373696F6E223E3C215B43444154415B247B6167726565203D3D20747275657D5D5D3E3C2F636F6E646974696F6E45787072657373696F6E3E0A202020203C2F73657175656E6365466C6F773E0A202020203C6578636C7573697665476174657761792069643D226578636C7573697665676174657761793222206E616D653D224578636C75736976652047617465776179223E0A2020202020203C646F63756D656E746174696F6E3EE58886E7AEA1E9A286E5AFBCE5AEA1E689B93C2F646F63756D656E746174696F6E3E0A202020203C2F6578636C7573697665476174657761793E0A202020203C73657175656E6365466C6F772069643D22666C6F77313122206E616D653D22E5908CE6848F2220736F757263655265663D226578636C7573697665676174657761793222207461726765745265663D22757365727461736B34223E0A2020202020203C636F6E646974696F6E45787072657373696F6E207873693A747970653D2274466F726D616C45787072657373696F6E223E3C215B43444154415B247B6167726565203D3D20747275657D5D5D3E3C2F636F6E646974696F6E45787072657373696F6E3E0A202020203C2F73657175656E6365466C6F773E0A202020203C73657175656E6365466C6F772069643D22666C6F7731322220736F757263655265663D22757365727461736B3422207461726765745265663D22656E646576656E7431223E3C2F73657175656E6365466C6F773E0A202020203C73657175656E6365466C6F772069643D22666C6F77313322206E616D653D22E4B88DE5908CE6848F2220736F757263655265663D226578636C7573697665676174657761793122207461726765745265663D22656E646576656E7431223E0A2020202020203C636F6E646974696F6E45787072657373696F6E207873693A747970653D2274466F726D616C45787072657373696F6E223E3C215B43444154415B247B6167726565203D3D2066616C73657D5D5D3E3C2F636F6E646974696F6E45787072657373696F6E3E0A202020203C2F73657175656E6365466C6F773E0A202020203C73657175656E6365466C6F772069643D22666C6F77313422206E616D653D22E4B88DE5908CE6848F2220736F757263655265663D226578636C7573697665676174657761793222207461726765745265663D22656E646576656E7431223E0A2020202020203C636F6E646974696F6E45787072657373696F6E207873693A747970653D2274466F726D616C45787072657373696F6E223E3C215B43444154415B247B6167726565203D3D2066616C73657D5D5D3E3C2F636F6E646974696F6E45787072657373696F6E3E0A202020203C2F73657175656E6365466C6F773E0A202020203C73657175656E6365466C6F772069643D22666C6F7731352220736F757263655265663D22757365727461736B3322207461726765745265663D226578636C75736976656761746577617932223E3C2F73657175656E6365466C6F773E0A20203C2F70726F636573733E0A20203C62706D6E64693A42504D4E4469616772616D2069643D2242504D4E4469616772616D5F6C65617665223E0A202020203C62706D6E64693A42504D4E506C616E652062706D6E456C656D656E743D226C65617665222069643D2242504D4E506C616E655F6C65617665223E0A2020202020203C62706D6E64693A42504D4E53686170652062706D6E456C656D656E743D2273746172746576656E7431222069643D2242504D4E53686170655F73746172746576656E7431223E0A20202020202020203C6F6D6764633A426F756E6473206865696768743D2233352E30222077696474683D2233352E302220783D223233302E302220793D223131362E30223E3C2F6F6D6764633A426F756E64733E0A2020202020203C2F62706D6E64693A42504D4E53686170653E0A2020202020203C62706D6E64693A42504D4E53686170652062706D6E456C656D656E743D22757365727461736B31222069643D2242504D4E53686170655F757365727461736B31223E0A20202020202020203C6F6D6764633A426F756E6473206865696768743D2235352E30222077696474683D223130352E302220783D223331302E302220793D223130362E30223E3C2F6F6D6764633A426F756E64733E0A2020202020203C2F62706D6E64693A42504D4E53686170653E0A2020202020203C62706D6E64693A42504D4E53686170652062706D6E456C656D656E743D22757365727461736B32222069643D2242504D4E53686170655F757365727461736B32223E0A20202020202020203C6F6D6764633A426F756E6473206865696768743D2235352E30222077696474683D223130352E302220783D223436302E302220793D223130362E30223E3C2F6F6D6764633A426F756E64733E0A2020202020203C2F62706D6E64693A42504D4E53686170653E0A2020202020203C62706D6E64693A42504D4E53686170652062706D6E456C656D656E743D22757365727461736B33222069643D2242504D4E53686170655F757365727461736B33223E0A20202020202020203C6F6D6764633A426F756E6473206865696768743D2235352E30222077696474683D223130352E302220783D223731302E302220793D223130362E30223E3C2F6F6D6764633A426F756E64733E0A2020202020203C2F62706D6E64693A42504D4E53686170653E0A2020202020203C62706D6E64693A42504D4E53686170652062706D6E456C656D656E743D22757365727461736B34222069643D2242504D4E53686170655F757365727461736B34223E0A20202020202020203C6F6D6764633A426F756E6473206865696768743D2235352E30222077696474683D223130352E302220783D223936302E302220793D223130362E30223E3C2F6F6D6764633A426F756E64733E0A2020202020203C2F62706D6E64693A42504D4E53686170653E0A2020202020203C62706D6E64693A42504D4E53686170652062706D6E456C656D656E743D22656E646576656E7431222069643D2242504D4E53686170655F656E646576656E7431223E0A20202020202020203C6F6D6764633A426F756E6473206865696768743D2233352E30222077696474683D2233352E302220783D22313133302E302220793D223131362E30223E3C2F6F6D6764633A426F756E64733E0A2020202020203C2F62706D6E64693A42504D4E53686170653E0A2020202020203C62706D6E64693A42504D4E53686170652062706D6E456C656D656E743D226578636C75736976656761746577617931222069643D2242504D4E53686170655F6578636C75736976656761746577617931223E0A20202020202020203C6F6D6764633A426F756E6473206865696768743D2234302E30222077696474683D2234302E302220783D223631302E302220793D223131342E30223E3C2F6F6D6764633A426F756E64733E0A2020202020203C2F62706D6E64693A42504D4E53686170653E0A2020202020203C62706D6E64693A42504D4E53686170652062706D6E456C656D656E743D226578636C75736976656761746577617932222069643D2242504D4E53686170655F6578636C75736976656761746577617932223E0A20202020202020203C6F6D6764633A426F756E6473206865696768743D2234302E30222077696474683D2234302E302220783D223836302E302220793D223131342E30223E3C2F6F6D6764633A426F756E64733E0A2020202020203C2F62706D6E64693A42504D4E53686170653E0A2020202020203C62706D6E64693A42504D4E456467652062706D6E456C656D656E743D22666C6F7731222069643D2242504D4E456467655F666C6F7731223E0A20202020202020203C6F6D6764693A776179706F696E7420783D223236352E302220793D223133332E30223E3C2F6F6D6764693A776179706F696E743E0A20202020202020203C6F6D6764693A776179706F696E7420783D223331302E302220793D223133332E30223E3C2F6F6D6764693A776179706F696E743E0A2020202020203C2F62706D6E64693A42504D4E456467653E0A2020202020203C62706D6E64693A42504D4E456467652062706D6E456C656D656E743D22666C6F7732222069643D2242504D4E456467655F666C6F7732223E0A20202020202020203C6F6D6764693A776179706F696E7420783D223431352E302220793D223133332E30223E3C2F6F6D6764693A776179706F696E743E0A20202020202020203C6F6D6764693A776179706F696E7420783D223436302E302220793D223133332E30223E3C2F6F6D6764693A776179706F696E743E0A2020202020203C2F62706D6E64693A42504D4E456467653E0A2020202020203C62706D6E64693A42504D4E456467652062706D6E456C656D656E743D22666C6F7736222069643D2242504D4E456467655F666C6F7736223E0A20202020202020203C6F6D6764693A776179706F696E7420783D223536352E302220793D223133332E30223E3C2F6F6D6764693A776179706F696E743E0A20202020202020203C6F6D6764693A776179706F696E7420783D223631302E302220793D223133342E30223E3C2F6F6D6764693A776179706F696E743E0A2020202020203C2F62706D6E64693A42504D4E456467653E0A2020202020203C62706D6E64693A42504D4E456467652062706D6E456C656D656E743D22666C6F7737222069643D2242504D4E456467655F666C6F7737223E0A20202020202020203C6F6D6764693A776179706F696E7420783D223635302E302220793D223133342E30223E3C2F6F6D6764693A776179706F696E743E0A20202020202020203C6F6D6764693A776179706F696E7420783D223731302E302220793D223133332E30223E3C2F6F6D6764693A776179706F696E743E0A20202020202020203C62706D6E64693A42504D4E4C6162656C3E0A202020202020202020203C6F6D6764633A426F756E6473206865696768743D2231362E30222077696474683D2233322E302220783D223635392E302220793D223130362E30223E3C2F6F6D6764633A426F756E64733E0A20202020202020203C2F62706D6E64693A42504D4E4C6162656C3E0A2020202020203C2F62706D6E64693A42504D4E456467653E0A2020202020203C62706D6E64693A42504D4E456467652062706D6E456C656D656E743D22666C6F773131222069643D2242504D4E456467655F666C6F773131223E0A20202020202020203C6F6D6764693A776179706F696E7420783D223930302E302220793D223133342E30223E3C2F6F6D6764693A776179706F696E743E0A20202020202020203C6F6D6764693A776179706F696E7420783D223936302E302220793D223133332E30223E3C2F6F6D6764693A776179706F696E743E0A20202020202020203C62706D6E64693A42504D4E4C6162656C3E0A202020202020202020203C6F6D6764633A426F756E6473206865696768743D2231362E30222077696474683D2233322E302220783D223930382E302220793D223130362E30223E3C2F6F6D6764633A426F756E64733E0A20202020202020203C2F62706D6E64693A42504D4E4C6162656C3E0A2020202020203C2F62706D6E64693A42504D4E456467653E0A2020202020203C62706D6E64693A42504D4E456467652062706D6E456C656D656E743D22666C6F773132222069643D2242504D4E456467655F666C6F773132223E0A20202020202020203C6F6D6764693A776179706F696E7420783D22313036352E302220793D223133332E30223E3C2F6F6D6764693A776179706F696E743E0A20202020202020203C6F6D6764693A776179706F696E7420783D22313133302E302220793D223133332E30223E3C2F6F6D6764693A776179706F696E743E0A2020202020203C2F62706D6E64693A42504D4E456467653E0A2020202020203C62706D6E64693A42504D4E456467652062706D6E456C656D656E743D22666C6F773133222069643D2242504D4E456467655F666C6F773133223E0A20202020202020203C6F6D6764693A776179706F696E7420783D223633302E302220793D223135342E30223E3C2F6F6D6764693A776179706F696E743E0A20202020202020203C6F6D6764693A776179706F696E7420783D223633302E302220793D223232302E30223E3C2F6F6D6764693A776179706F696E743E0A20202020202020203C6F6D6764693A776179706F696E7420783D223834332E302220793D223232302E30223E3C2F6F6D6764693A776179706F696E743E0A20202020202020203C6F6D6764693A776179706F696E7420783D22313134372E302220793D223232302E30223E3C2F6F6D6764693A776179706F696E743E0A20202020202020203C6F6D6764693A776179706F696E7420783D22313134372E302220793D223135312E30223E3C2F6F6D6764693A776179706F696E743E0A20202020202020203C62706D6E64693A42504D4E4C6162656C3E0A202020202020202020203C6F6D6764633A426F756E6473206865696768743D2231362E30222077696474683D2234382E302220783D223836302E302220793D223139352E30223E3C2F6F6D6764633A426F756E64733E0A20202020202020203C2F62706D6E64693A42504D4E4C6162656C3E0A2020202020203C2F62706D6E64693A42504D4E456467653E0A2020202020203C62706D6E64693A42504D4E456467652062706D6E456C656D656E743D22666C6F773134222069643D2242504D4E456467655F666C6F773134223E0A20202020202020203C6F6D6764693A776179706F696E7420783D223838302E302220793D223131342E30223E3C2F6F6D6764693A776179706F696E743E0A20202020202020203C6F6D6764693A776179706F696E7420783D223837392E302220793D2236332E30223E3C2F6F6D6764693A776179706F696E743E0A20202020202020203C6F6D6764693A776179706F696E7420783D22313134372E302220793D2236332E30223E3C2F6F6D6764693A776179706F696E743E0A20202020202020203C6F6D6764693A776179706F696E7420783D22313134372E302220793D223131362E30223E3C2F6F6D6764693A776179706F696E743E0A20202020202020203C62706D6E64693A42504D4E4C6162656C3E0A202020202020202020203C6F6D6764633A426F756E6473206865696768743D2231362E30222077696474683D2234382E302220783D223937312E302220793D2233372E30223E3C2F6F6D6764633A426F756E64733E0A20202020202020203C2F62706D6E64693A42504D4E4C6162656C3E0A2020202020203C2F62706D6E64693A42504D4E456467653E0A2020202020203C62706D6E64693A42504D4E456467652062706D6E456C656D656E743D22666C6F773135222069643D2242504D4E456467655F666C6F773135223E0A20202020202020203C6F6D6764693A776179706F696E7420783D223831352E302220793D223133332E30223E3C2F6F6D6764693A776179706F696E743E0A20202020202020203C6F6D6764693A776179706F696E7420783D223836302E302220793D223133342E30223E3C2F6F6D6764693A776179706F696E743E0A2020202020203C2F62706D6E64693A42504D4E456467653E0A202020203C2F62706D6E64693A42504D4E506C616E653E0A20203C2F62706D6E64693A42504D4E4469616772616D3E0A3C2F646566696E6974696F6E733E, 0);
INSERT INTO `act_ge_bytearray` VALUES ('160009', 1, 'leave_ksldsp.html', '160006', 0x3C666F726D20636C6173733D226C617975692D666F726D22207374796C653D226D61782D77696474683A38303070783B6D617267696E3A31307078206175746F20303B706F736974696F6E3A206162736F6C7574653B746F703A203530253B6D617267696E2D746F703A202D33303070783B6C6566743A203530253B6D617267696E2D6C6566743A202D34303070783B223E0D0A20202020202020203C64697620636C6173733D226C617975692D666F726D2D6974656D223E0D0A2020202020202020202020203C6C6162656C20636C6173733D226C617975692D666F726D2D6C6162656C223E3C7370616E207374796C653D22636F6C6F723A7265643B223E2A3C2F7370616E3EE794B3E8AFB7E4BABA3C2F6C6162656C3E0D0A2020202020202020202020203C64697620636C6173733D226C617975692D696E7075742D696E6C696E65223E0D0A202020202020202020202020202020203C696E70757420747970653D227465787422206E616D653D2273717222207265717569726564206C61792D7665726966793D2272657175697265642220706C616365686F6C6465723D22E794B3E8AFB7E4BABA22206175746F636F6D706C6574653D226F66662220636C6173733D226C617975692D696E707574223E0D0A2020202020202020202020203C2F6469763E0D0A2020202020202020202020203C6C6162656C20636C6173733D226C617975692D666F726D2D6C6162656C223E3C7370616E207374796C653D22636F6C6F723A7265643B223E2A3C2F7370616E3EE68980E59CA8E983A8E997A83C2F6C6162656C3E0D0A2020202020202020202020203C64697620636C6173733D226C617975692D696E7075742D696E6C696E65223E0D0A202020202020202020202020202020203C696E70757420747970653D227465787422206E616D653D226465706172746D656E7422207265717569726564206C61792D7665726966793D2272657175697265642220706C616365686F6C6465723D22E983A8E997A8E5908DE7A7B022206175746F636F6D706C6574653D226F66662220636C6173733D226C617975692D696E707574223E0D0A2020202020202020202020203C2F6469763E0D0A20202020202020203C2F6469763E0D0A20202020202020203C64697620636C6173733D226C617975692D666F726D2D6974656D223E0D0A2020202020202020202020203C6C6162656C20636C6173733D226C617975692D666F726D2D6C6162656C223E3C7370616E207374796C653D22636F6C6F723A7265643B223E2A3C2F7370616E3EE794B3E8AFB7E697A5E69C9F3C2F6C6162656C3E0D0A2020202020202020202020203C64697620636C6173733D226C617975692D696E7075742D696E6C696E65223E0D0A202020202020202020202020202020203C696E70757420747970653D227465787422206E616D653D227371727122207265717569726564206C61792D7665726966793D22726571756972656422206175746F636F6D706C6574653D226F66662220636C6173733D226C617975692D696E707574223E0D0A2020202020202020202020203C2F6469763E0D0A2020202020202020202020203C6C6162656C20636C6173733D226C617975692D666F726D2D6C6162656C223E3C7370616E207374796C653D22636F6C6F723A7265643B223E2A3C2F7370616E3EE8AFB7E58187E7B1BBE588AB3C2F6C6162656C3E0D0A2020202020202020202020203C64697620636C6173733D226C617975692D696E7075742D696E6C696E65223E0D0A202020202020202020202020202020203C73656C656374206E616D653D22716A6C7822206C61792D7665726966793D227265717569726564223E0D0A20202020202020202020202020202020202020203C6F7074696F6E2076616C75653D22223EE8AFB7E58187E7B1BBE59E8B3C2F6F7074696F6E3E0D0A202020202020202020202020202020203C2F73656C6563743E0D0A2020202020202020202020203C2F6469763E0D0A20202020202020203C2F6469763E0D0A20202020202020203C64697620636C6173733D226C617975692D666F726D2D6974656D223E0D0A2020202020202020202020203C6C6162656C20636C6173733D226C617975692D666F726D2D6C6162656C223E3C7370616E207374796C653D22636F6C6F723A7265643B223E2A3C2F7370616E3EE5BC80E5A78BE697A5E69C9F3C2F6C6162656C3E0D0A2020202020202020202020203C64697620636C6173733D226C617975692D696E7075742D696E6C696E65223E0D0A202020202020202020202020202020203C696E70757420747970653D227465787422206E616D653D226B73727122207265717569726564206C61792D7665726966793D2272657175697265642220706C616365686F6C6465723D22E8AFB7E8BE93E585A5E5AF86E7A08122206175746F636F6D706C6574653D226F6666220D0A2020202020202020202020202020202020202020636C6173733D226C617975692D696E707574223E0D0A2020202020202020202020203C2F6469763E0D0A2020202020202020202020203C6C6162656C20636C6173733D226C617975692D666F726D2D6C6162656C223E3C7370616E207374796C653D22636F6C6F723A7265643B223E2A3C2F7370616E3EE7BB93E69D9FE697A5E69C9F3C2F6C6162656C3E0D0A2020202020202020202020203C64697620636C6173733D226C617975692D696E7075742D696E6C696E65223E0D0A202020202020202020202020202020203C696E70757420747970653D227465787422206E616D653D226A73727122207265717569726564206C61792D7665726966793D2272657175697265642220706C616365686F6C6465723D22E8AFB7E8BE93E585A5E5AF86E7A08122206175746F636F6D706C6574653D226F6666220D0A2020202020202020202020202020202020202020636C6173733D226C617975692D696E707574223E0D0A2020202020202020202020203C2F6469763E0D0A20202020202020203C2F6469763E0D0A20202020202020203C64697620636C6173733D226C617975692D666F726D2D6974656D223E0D0A202020202020202020202020202020203C6C6162656C20636C6173733D226C617975692D666F726D2D6C6162656C223EE8AFB7E58187E5A4A9E695B03C2F6C6162656C3E0D0A202020202020202020202020202020203C64697620636C6173733D226C617975692D696E7075742D696E6C696E65223E0D0A20202020202020202020202020202020202020203C696E70757420747970653D227465787422206E616D653D22716A747322207265717569726564206C61792D7665726966793D2272657175697265642220706C616365686F6C6465723D2222206175746F636F6D706C6574653D226F6666220D0A202020202020202020202020202020202020202020202020636C6173733D226C617975692D696E707574223E0D0A202020202020202020202020202020203C2F6469763E0D0A20202020202020203C2F6469763E0D0A20202020202020203C64697620636C6173733D226C617975692D666F726D2D6974656D206C617975692D666F726D2D74657874223E0D0A2020202020202020202020203C6C6162656C20636C6173733D226C617975692D666F726D2D6C6162656C223EE8AFB7E58187E79086E794B13C2F6C6162656C3E0D0A2020202020202020202020203C64697620636C6173733D226C617975692D696E7075742D626C6F636B223E0D0A202020202020202020202020202020203C7465787461726561206E616D653D222220706C616365686F6C6465723D22E8AFB7E8BE93E585A5E58685E5AEB92220636C6173733D226C617975692D746578746172656122207374796C653D2277696474683A35303070783B223E3C2F74657874617265613E0D0A2020202020202020202020203C2F6469763E0D0A20202020202020203C2F6469763E0D0A20202020202020203C64697620636C6173733D226C617975692D666F726D2D6974656D206C617975692D666F726D2D74657874223E0D0A202020202020202020202020202020203C6C6162656C20636C6173733D226C617975692D666F726D2D6C6162656C223EE99984E4BBB63C2F6C6162656C3E0D0A202020202020202020202020202020203C64697620636C6173733D226C617975692D696E7075742D626C6F636B223E0D0A2020202020202020202020202020202020202020202020203C64697620636C6173733D226C617975692D75706C6F61642D64726167222069643D22746573743130223E0D0A20202020202020202020202020202020202020202020202020203C6920636C6173733D226C617975692D69636F6E223EEE99BC3C2F693E0D0A20202020202020202020202020202020202020202020202020203C703EE782B9E587BBE4B88AE4BCA0EFBC8CE68896E5B086E69687E4BBB6E68B96E68BBDE588B0E6ADA4E5A4843C2F703E0D0A2020202020202020202020202020202020202020202020203C2F6469763E0D0A202020202020202020202020202020203C2F6469763E0D0A20202020202020203C2F6469763E0D0A20202020202020203C64697620636C6173733D226C617975692D666F726D2D6974656D223E0D0A2020202020202020202020203C64697620636C6173733D226C617975692D696E7075742D626C6F636B223E0D0A202020202020202020202020202020203C627574746F6E20636C6173733D226C617975692D62746E206C617975692D62746E2D7072696D61727922206C61792D7375626D6974206C61792D66696C7465723D22666F726D44656D6F223EE794B3E8AFB73C2F627574746F6E3E0D0A202020202020202020202020202020203C627574746F6E20747970653D2272657365742220636C6173733D226C617975692D62746E206C617975692D62746E2D7072696D617279223EE58F96E6B6883C2F627574746F6E3E0D0A2020202020202020202020203C2F6469763E0D0A20202020202020203C2F6469763E0D0A202020203C2F666F726D3E, 0);

-- ----------------------------
-- Table structure for act_ge_property
-- ----------------------------
DROP TABLE IF EXISTS `act_ge_property`;
CREATE TABLE `act_ge_property`  (
  `NAME_` varchar(64) CHARACTER SET utf8 COLLATE utf8_bin NOT NULL,
  `VALUE_` varchar(300) CHARACTER SET utf8 COLLATE utf8_bin NULL DEFAULT NULL,
  `REV_` int(11) NULL DEFAULT NULL,
  PRIMARY KEY (`NAME_`) USING BTREE
) ENGINE = InnoDB CHARACTER SET = utf8 COLLATE = utf8_bin ROW_FORMAT = Dynamic;

-- ----------------------------
-- Records of act_ge_property
-- ----------------------------
INSERT INTO `act_ge_property` VALUES ('cfg.execution-related-entities-count', 'false', 1);
INSERT INTO `act_ge_property` VALUES ('next.dbid', '195001', 79);
INSERT INTO `act_ge_property` VALUES ('schema.history', 'create(6.0.0.4)', 1);
INSERT INTO `act_ge_property` VALUES ('schema.version', '6.0.0.4', 1);

-- ----------------------------
-- Table structure for act_hi_actinst
-- ----------------------------
DROP TABLE IF EXISTS `act_hi_actinst`;
CREATE TABLE `act_hi_actinst`  (
  `ID_` varchar(64) CHARACTER SET utf8 COLLATE utf8_bin NOT NULL,
  `PROC_DEF_ID_` varchar(64) CHARACTER SET utf8 COLLATE utf8_bin NOT NULL,
  `PROC_INST_ID_` varchar(64) CHARACTER SET utf8 COLLATE utf8_bin NOT NULL,
  `EXECUTION_ID_` varchar(64) CHARACTER SET utf8 COLLATE utf8_bin NOT NULL,
  `ACT_ID_` varchar(255) CHARACTER SET utf8 COLLATE utf8_bin NOT NULL,
  `TASK_ID_` varchar(64) CHARACTER SET utf8 COLLATE utf8_bin NULL DEFAULT NULL,
  `CALL_PROC_INST_ID_` varchar(64) CHARACTER SET utf8 COLLATE utf8_bin NULL DEFAULT NULL,
  `ACT_NAME_` varchar(255) CHARACTER SET utf8 COLLATE utf8_bin NULL DEFAULT NULL,
  `ACT_TYPE_` varchar(255) CHARACTER SET utf8 COLLATE utf8_bin NOT NULL,
  `ASSIGNEE_` varchar(255) CHARACTER SET utf8 COLLATE utf8_bin NULL DEFAULT NULL,
  `START_TIME_` datetime(3) NULL,
  `END_TIME_` datetime(3) NULL DEFAULT NULL,
  `DURATION_` bigint(20) NULL DEFAULT NULL,
  `DELETE_REASON_` varchar(4000) CHARACTER SET utf8 COLLATE utf8_bin NULL DEFAULT NULL,
  `TENANT_ID_` varchar(255) CHARACTER SET utf8 COLLATE utf8_bin NULL DEFAULT '',
  PRIMARY KEY (`ID_`) USING BTREE,
  INDEX `ACT_IDX_HI_ACT_INST_START`(`START_TIME_`) USING BTREE,
  INDEX `ACT_IDX_HI_ACT_INST_END`(`END_TIME_`) USING BTREE,
  INDEX `ACT_IDX_HI_ACT_INST_PROCINST`(`PROC_INST_ID_`, `ACT_ID_`) USING BTREE,
  INDEX `ACT_IDX_HI_ACT_INST_EXEC`(`EXECUTION_ID_`, `ACT_ID_`) USING BTREE
) ENGINE = InnoDB CHARACTER SET = utf8 COLLATE = utf8_bin ROW_FORMAT = Dynamic;

-- ----------------------------
-- Records of act_hi_actinst
-- ----------------------------
INSERT INTO `act_hi_actinst` VALUES ('160013', 'leave:1:160010', '160011', '160012', 'startevent1', NULL, NULL, '开始', 'startEvent', NULL, '2019-01-16 09:24:35.835', '2019-01-16 09:24:35.837', 2, NULL, '');
INSERT INTO `act_hi_actinst` VALUES ('160014', 'leave:1:160010', '160011', '160012', 'usertask1', '160015', NULL, '填写请假单', 'userTask', NULL, '2019-01-16 09:24:35.842', '2019-01-16 09:24:36.058', 216, NULL, '');
INSERT INTO `act_hi_actinst` VALUES ('160020', 'leave:1:160010', '160011', '160012', 'usertask2', '160021', NULL, '科室领导审批', 'userTask', NULL, '2019-01-16 09:24:36.060', NULL, NULL, NULL, '');
INSERT INTO `act_hi_actinst` VALUES ('167503', 'leave:1:160010', '167501', '167502', 'startevent1', NULL, NULL, '开始', 'startEvent', NULL, '2019-01-16 09:59:54.738', '2019-01-16 09:59:54.740', 2, NULL, '');
INSERT INTO `act_hi_actinst` VALUES ('167504', 'leave:1:160010', '167501', '167502', 'usertask1', '167505', NULL, '填写请假单', 'userTask', NULL, '2019-01-16 09:59:54.743', '2019-01-16 09:59:54.862', 119, NULL, '');
INSERT INTO `act_hi_actinst` VALUES ('167510', 'leave:1:160010', '167501', '167502', 'usertask2', '167511', NULL, '科室领导审批', 'userTask', NULL, '2019-01-16 09:59:54.864', NULL, NULL, NULL, '');
INSERT INTO `act_hi_actinst` VALUES ('167536', 'leave:1:160010', '167534', '167535', 'startevent1', NULL, NULL, '开始', 'startEvent', NULL, '2019-01-16 10:13:58.707', '2019-01-16 10:13:58.709', 2, NULL, '');
INSERT INTO `act_hi_actinst` VALUES ('167537', 'leave:1:160010', '167534', '167535', 'usertask1', '167538', NULL, '填写请假单', 'userTask', NULL, '2019-01-16 10:13:58.710', '2019-01-16 10:13:58.804', 94, NULL, '');
INSERT INTO `act_hi_actinst` VALUES ('167543', 'leave:1:160010', '167534', '167535', 'usertask2', '167544', NULL, '科室领导审批', 'userTask', NULL, '2019-01-16 10:13:58.805', NULL, NULL, NULL, '');
INSERT INTO `act_hi_actinst` VALUES ('170003', 'leave:1:160010', '170001', '170002', 'startevent1', NULL, NULL, '开始', 'startEvent', NULL, '2019-01-16 10:14:49.157', '2019-01-16 10:14:49.158', 1, NULL, '');
INSERT INTO `act_hi_actinst` VALUES ('170004', 'leave:1:160010', '170001', '170002', 'usertask1', '170005', NULL, '填写请假单', 'userTask', NULL, '2019-01-16 10:14:49.159', '2019-01-16 10:14:49.274', 115, NULL, '');
INSERT INTO `act_hi_actinst` VALUES ('170010', 'leave:1:160010', '170001', '170002', 'usertask2', '170011', NULL, '科室领导审批', 'userTask', NULL, '2019-01-16 10:14:49.275', NULL, NULL, NULL, '');
INSERT INTO `act_hi_actinst` VALUES ('172503', 'leave:1:160010', '172501', '172502', 'startevent1', NULL, NULL, '开始', 'startEvent', NULL, '2019-01-16 10:15:39.285', '2019-01-16 10:15:39.285', 0, NULL, '');
INSERT INTO `act_hi_actinst` VALUES ('172504', 'leave:1:160010', '172501', '172502', 'usertask1', '172505', NULL, '填写请假单', 'userTask', NULL, '2019-01-16 10:15:39.287', '2019-01-16 10:15:39.383', 96, NULL, '');
INSERT INTO `act_hi_actinst` VALUES ('172510', 'leave:1:160010', '172501', '172502', 'usertask2', '172511', NULL, '科室领导审批', 'userTask', NULL, '2019-01-16 10:15:39.385', NULL, NULL, NULL, '');
INSERT INTO `act_hi_actinst` VALUES ('172514', 'leave:1:160010', '172512', '172513', 'startevent1', NULL, NULL, '开始', 'startEvent', NULL, '2019-01-16 10:18:15.364', '2019-01-16 10:18:15.364', 0, NULL, '');
INSERT INTO `act_hi_actinst` VALUES ('172515', 'leave:1:160010', '172512', '172513', 'usertask1', '172516', NULL, '填写请假单', 'userTask', NULL, '2019-01-16 10:18:15.366', '2019-01-16 10:18:15.461', 95, NULL, '');
INSERT INTO `act_hi_actinst` VALUES ('172521', 'leave:1:160010', '172512', '172513', 'usertask2', '172522', NULL, '科室领导审批', 'userTask', NULL, '2019-01-16 10:18:15.462', NULL, NULL, NULL, '');
INSERT INTO `act_hi_actinst` VALUES ('172525', 'leave:1:160010', '172523', '172524', 'startevent1', NULL, NULL, '开始', 'startEvent', NULL, '2019-01-16 10:22:42.878', '2019-01-16 10:22:42.879', 1, NULL, '');
INSERT INTO `act_hi_actinst` VALUES ('172526', 'leave:1:160010', '172523', '172524', 'usertask1', '172527', NULL, '填写请假单', 'userTask', NULL, '2019-01-16 10:22:42.880', '2019-01-16 10:22:42.977', 97, NULL, '');
INSERT INTO `act_hi_actinst` VALUES ('172532', 'leave:1:160010', '172523', '172524', 'usertask2', '172533', NULL, '科室领导审批', 'userTask', NULL, '2019-01-16 10:22:42.978', NULL, NULL, NULL, '');
INSERT INTO `act_hi_actinst` VALUES ('172536', 'leave:1:160010', '172534', '172535', 'startevent1', NULL, NULL, '开始', 'startEvent', NULL, '2019-01-16 10:25:21.315', '2019-01-16 10:25:21.316', 1, NULL, '');
INSERT INTO `act_hi_actinst` VALUES ('172537', 'leave:1:160010', '172534', '172535', 'usertask1', '172538', NULL, '填写请假单', 'userTask', NULL, '2019-01-16 10:25:21.318', '2019-01-16 10:25:21.414', 96, NULL, '');
INSERT INTO `act_hi_actinst` VALUES ('172543', 'leave:1:160010', '172534', '172535', 'usertask2', '172544', NULL, '科室领导审批', 'userTask', NULL, '2019-01-16 10:25:21.415', NULL, NULL, NULL, '');
INSERT INTO `act_hi_actinst` VALUES ('172547', 'leave:1:160010', '172545', '172546', 'startevent1', NULL, NULL, '开始', 'startEvent', NULL, '2019-01-16 10:25:57.549', '2019-01-16 10:25:57.550', 1, NULL, '');
INSERT INTO `act_hi_actinst` VALUES ('172548', 'leave:1:160010', '172545', '172546', 'usertask1', '172549', NULL, '填写请假单', 'userTask', NULL, '2019-01-16 10:25:57.551', '2019-01-16 10:25:57.656', 105, NULL, '');
INSERT INTO `act_hi_actinst` VALUES ('172554', 'leave:1:160010', '172545', '172546', 'usertask2', '172555', NULL, '科室领导审批', 'userTask', NULL, '2019-01-16 10:25:57.659', NULL, NULL, NULL, '');
INSERT INTO `act_hi_actinst` VALUES ('172558', 'leave:1:160010', '172556', '172557', 'startevent1', NULL, NULL, '开始', 'startEvent', NULL, '2019-01-16 10:31:06.141', '2019-01-16 10:31:06.142', 1, NULL, '');
INSERT INTO `act_hi_actinst` VALUES ('172559', 'leave:1:160010', '172556', '172557', 'usertask1', '172560', NULL, '填写请假单', 'userTask', NULL, '2019-01-16 10:31:06.143', '2019-01-16 10:31:06.230', 87, NULL, '');
INSERT INTO `act_hi_actinst` VALUES ('172565', 'leave:1:160010', '172556', '172557', 'usertask2', '172566', NULL, '科室领导审批', 'userTask', NULL, '2019-01-16 10:31:06.233', NULL, NULL, NULL, '');
INSERT INTO `act_hi_actinst` VALUES ('172569', 'leave:1:160010', '172567', '172568', 'startevent1', NULL, NULL, '开始', 'startEvent', NULL, '2019-01-16 10:34:21.594', '2019-01-16 10:34:21.596', 2, NULL, '');
INSERT INTO `act_hi_actinst` VALUES ('172570', 'leave:1:160010', '172567', '172568', 'usertask1', '172571', NULL, '填写请假单', 'userTask', NULL, '2019-01-16 10:34:21.598', '2019-01-16 10:34:21.677', 79, NULL, '');
INSERT INTO `act_hi_actinst` VALUES ('172576', 'leave:1:160010', '172567', '172568', 'usertask2', '172577', NULL, '科室领导审批', 'userTask', NULL, '2019-01-16 10:34:21.680', NULL, NULL, NULL, '');
INSERT INTO `act_hi_actinst` VALUES ('172580', 'leave:1:160010', '172578', '172579', 'startevent1', NULL, NULL, '开始', 'startEvent', NULL, '2019-01-16 10:34:53.547', '2019-01-16 10:34:53.548', 1, NULL, '');
INSERT INTO `act_hi_actinst` VALUES ('172581', 'leave:1:160010', '172578', '172579', 'usertask1', '172582', NULL, '填写请假单', 'userTask', NULL, '2019-01-16 10:34:53.549', '2019-01-16 10:34:53.623', 74, NULL, '');
INSERT INTO `act_hi_actinst` VALUES ('172587', 'leave:1:160010', '172578', '172579', 'usertask2', '172588', NULL, '科室领导审批', 'userTask', NULL, '2019-01-16 10:34:53.624', NULL, NULL, NULL, '');
INSERT INTO `act_hi_actinst` VALUES ('172591', 'leave:1:160010', '172589', '172590', 'startevent1', NULL, NULL, '开始', 'startEvent', NULL, '2019-01-16 10:40:15.703', '2019-01-16 10:40:15.703', 0, NULL, '');
INSERT INTO `act_hi_actinst` VALUES ('172592', 'leave:1:160010', '172589', '172590', 'usertask1', '172593', NULL, '填写请假单', 'userTask', NULL, '2019-01-16 10:40:15.705', '2019-01-16 10:40:15.787', 82, NULL, '');
INSERT INTO `act_hi_actinst` VALUES ('172598', 'leave:1:160010', '172589', '172590', 'usertask2', '172599', NULL, '科室领导审批', 'userTask', NULL, '2019-01-16 10:40:15.788', NULL, NULL, NULL, '');
INSERT INTO `act_hi_actinst` VALUES ('172602', 'leave:1:160010', '172600', '172601', 'startevent1', NULL, NULL, '开始', 'startEvent', NULL, '2019-01-16 10:42:52.996', '2019-01-16 10:42:52.997', 1, NULL, '');
INSERT INTO `act_hi_actinst` VALUES ('172603', 'leave:1:160010', '172600', '172601', 'usertask1', '172604', NULL, '填写请假单', 'userTask', NULL, '2019-01-16 10:42:52.998', '2019-01-16 10:42:53.103', 105, NULL, '');
INSERT INTO `act_hi_actinst` VALUES ('172609', 'leave:1:160010', '172600', '172601', 'usertask2', '172610', NULL, '科室领导审批', 'userTask', NULL, '2019-01-16 10:42:53.105', NULL, NULL, NULL, '');
INSERT INTO `act_hi_actinst` VALUES ('175003', 'leave:1:160010', '175001', '175002', 'startevent1', NULL, NULL, '开始', 'startEvent', NULL, '2019-01-16 11:11:24.224', '2019-01-16 11:11:24.229', 5, NULL, '');
INSERT INTO `act_hi_actinst` VALUES ('175004', 'leave:1:160010', '175001', '175002', 'usertask1', '175005', NULL, '填写请假单', 'userTask', NULL, '2019-01-16 11:11:24.235', '2019-01-16 11:11:24.440', 205, NULL, '');
INSERT INTO `act_hi_actinst` VALUES ('175010', 'leave:1:160010', '175001', '175002', 'usertask2', '175011', NULL, '科室领导审批', 'userTask', NULL, '2019-01-16 11:11:24.442', NULL, NULL, NULL, '');
INSERT INTO `act_hi_actinst` VALUES ('177503', 'leave:1:160010', '177501', '177502', 'startevent1', NULL, NULL, '开始', 'startEvent', NULL, '2019-01-16 11:23:50.733', '2019-01-16 11:23:50.739', 6, NULL, '');
INSERT INTO `act_hi_actinst` VALUES ('177504', 'leave:1:160010', '177501', '177502', 'usertask1', '177505', NULL, '填写请假单', 'userTask', NULL, '2019-01-16 11:23:50.743', '2019-01-16 11:23:50.946', 203, NULL, '');
INSERT INTO `act_hi_actinst` VALUES ('177510', 'leave:1:160010', '177501', '177502', 'usertask2', '177511', NULL, '科室领导审批', 'userTask', NULL, '2019-01-16 11:23:50.947', NULL, NULL, NULL, '');
INSERT INTO `act_hi_actinst` VALUES ('180004', 'leave:1:160010', '180001', '180003', 'startevent1', NULL, NULL, '开始', 'startEvent', NULL, '2019-01-16 12:46:51.305', '2019-01-16 12:46:51.308', 3, NULL, '');
INSERT INTO `act_hi_actinst` VALUES ('180005', 'leave:1:160010', '180001', '180003', 'usertask1', '180006', NULL, '填写请假单', 'userTask', NULL, '2019-01-16 12:46:51.311', '2019-01-16 12:46:51.505', 194, NULL, '');
INSERT INTO `act_hi_actinst` VALUES ('180010', 'leave:1:160010', '180001', '180003', 'usertask2', '180011', NULL, '科室领导审批', 'userTask', NULL, '2019-01-16 12:46:51.506', NULL, NULL, NULL, '');
INSERT INTO `act_hi_actinst` VALUES ('182504', 'leave:1:160010', '182501', '182503', 'startevent1', NULL, NULL, '开始', 'startEvent', NULL, '2019-01-16 14:07:17.183', '2019-01-16 14:07:17.189', 6, NULL, '');
INSERT INTO `act_hi_actinst` VALUES ('182505', 'leave:1:160010', '182501', '182503', 'usertask1', '182506', NULL, '填写请假单', 'userTask', NULL, '2019-01-16 14:07:17.194', '2019-01-16 14:07:17.401', 207, NULL, '');
INSERT INTO `act_hi_actinst` VALUES ('182510', 'leave:1:160010', '182501', '182503', 'usertask2', '182511', NULL, '科室领导审批', 'userTask', NULL, '2019-01-16 14:07:17.403', NULL, NULL, NULL, '');
INSERT INTO `act_hi_actinst` VALUES ('185004', 'leave:1:160010', '185001', '185003', 'startevent1', NULL, NULL, '开始', 'startEvent', NULL, '2019-01-16 15:02:23.445', '2019-01-16 15:02:23.448', 3, NULL, '');
INSERT INTO `act_hi_actinst` VALUES ('185005', 'leave:1:160010', '185001', '185003', 'usertask1', '185006', NULL, '填写请假单', 'userTask', NULL, '2019-01-16 15:02:23.452', '2019-01-16 15:02:23.635', 183, NULL, '');
INSERT INTO `act_hi_actinst` VALUES ('185010', 'leave:1:160010', '185001', '185003', 'usertask2', '185011', NULL, '科室领导审批', 'userTask', NULL, '2019-01-16 15:02:23.636', NULL, NULL, NULL, '');
INSERT INTO `act_hi_actinst` VALUES ('185015', 'leave:1:160010', '185012', '185014', 'startevent1', NULL, NULL, '开始', 'startEvent', NULL, '2019-01-16 15:04:36.739', '2019-01-16 15:04:36.740', 1, NULL, '');
INSERT INTO `act_hi_actinst` VALUES ('185016', 'leave:1:160010', '185012', '185014', 'usertask1', '185017', NULL, '填写请假单', 'userTask', NULL, '2019-01-16 15:04:36.742', '2019-01-16 15:04:55.477', 18735, NULL, '');
INSERT INTO `act_hi_actinst` VALUES ('185021', 'leave:1:160010', '185012', '185014', 'usertask2', '185022', NULL, '科室领导审批', 'userTask', NULL, '2019-01-16 15:04:55.480', NULL, NULL, NULL, '');
INSERT INTO `act_hi_actinst` VALUES ('185026', 'leave:1:160010', '185023', '185025', 'startevent1', NULL, NULL, '开始', 'startEvent', NULL, '2019-01-16 15:05:54.631', '2019-01-16 15:05:54.631', 0, NULL, '');
INSERT INTO `act_hi_actinst` VALUES ('185027', 'leave:1:160010', '185023', '185025', 'usertask1', '185028', NULL, '填写请假单', 'userTask', NULL, '2019-01-16 15:05:54.632', '2019-01-16 15:05:54.736', 104, NULL, '');
INSERT INTO `act_hi_actinst` VALUES ('185032', 'leave:1:160010', '185023', '185025', 'usertask2', '185033', NULL, '科室领导审批', 'userTask', NULL, '2019-01-16 15:05:54.737', NULL, NULL, NULL, '');
INSERT INTO `act_hi_actinst` VALUES ('185037', 'leave:1:160010', '185034', '185036', 'startevent1', NULL, NULL, '开始', 'startEvent', NULL, '2019-01-16 15:06:15.232', '2019-01-16 15:06:15.233', 1, NULL, '');
INSERT INTO `act_hi_actinst` VALUES ('185038', 'leave:1:160010', '185034', '185036', 'usertask1', '185039', NULL, '填写请假单', 'userTask', NULL, '2019-01-16 15:06:15.234', '2019-01-16 15:06:15.352', 118, NULL, '');
INSERT INTO `act_hi_actinst` VALUES ('185043', 'leave:1:160010', '185034', '185036', 'usertask2', '185044', NULL, '科室领导审批', 'userTask', NULL, '2019-01-16 15:06:15.354', NULL, NULL, NULL, '');
INSERT INTO `act_hi_actinst` VALUES ('187504', 'leave:1:160010', '187501', '187503', 'startevent1', NULL, NULL, '开始', 'startEvent', NULL, '2019-01-16 15:32:48.247', '2019-01-16 15:32:48.248', 1, NULL, '');
INSERT INTO `act_hi_actinst` VALUES ('187505', 'leave:1:160010', '187501', '187503', 'usertask1', '187506', NULL, '填写请假单', 'userTask', NULL, '2019-01-16 15:32:48.249', '2019-01-16 15:32:48.361', 112, NULL, '');
INSERT INTO `act_hi_actinst` VALUES ('187510', 'leave:1:160010', '187501', '187503', 'usertask2', '187511', NULL, '科室领导审批', 'userTask', NULL, '2019-01-16 15:32:48.363', NULL, NULL, NULL, '');
INSERT INTO `act_hi_actinst` VALUES ('187515', 'leave:1:160010', '187512', '187514', 'startevent1', NULL, NULL, '开始', 'startEvent', NULL, '2019-01-16 15:33:12.554', '2019-01-16 15:33:12.558', 4, NULL, '');
INSERT INTO `act_hi_actinst` VALUES ('187516', 'leave:1:160010', '187512', '187514', 'usertask1', '187517', NULL, '填写请假单', 'userTask', NULL, '2019-01-16 15:33:12.562', '2019-01-16 15:33:12.689', 127, NULL, '');
INSERT INTO `act_hi_actinst` VALUES ('187521', 'leave:1:160010', '187512', '187514', 'usertask2', '187522', NULL, '科室领导审批', 'userTask', NULL, '2019-01-16 15:33:12.691', NULL, NULL, NULL, '');
INSERT INTO `act_hi_actinst` VALUES ('187526', 'leave:1:160010', '187523', '187525', 'startevent1', NULL, NULL, '开始', 'startEvent', NULL, '2019-01-16 15:35:14.787', '2019-01-16 15:35:14.788', 1, NULL, '');
INSERT INTO `act_hi_actinst` VALUES ('187527', 'leave:1:160010', '187523', '187525', 'usertask1', '187528', NULL, '填写请假单', 'userTask', NULL, '2019-01-16 15:35:14.789', '2019-01-16 15:35:14.871', 82, NULL, '');
INSERT INTO `act_hi_actinst` VALUES ('187532', 'leave:1:160010', '187523', '187525', 'usertask2', '187533', NULL, '科室领导审批', 'userTask', NULL, '2019-01-16 15:35:14.872', NULL, NULL, NULL, '');
INSERT INTO `act_hi_actinst` VALUES ('190004', 'leave:1:160010', '190001', '190003', 'startevent1', NULL, NULL, '开始', 'startEvent', NULL, '2019-01-17 15:15:22.255', '2019-01-17 15:15:22.316', 61, NULL, '');
INSERT INTO `act_hi_actinst` VALUES ('190005', 'leave:1:160010', '190001', '190003', 'usertask1', '190006', NULL, '填写请假单', 'userTask', NULL, '2019-01-17 15:15:22.398', '2019-01-17 15:15:33.817', 11419, NULL, '');
INSERT INTO `act_hi_actinst` VALUES ('190010', 'leave:1:160010', '190001', '190003', 'usertask2', '190011', NULL, '科室领导审批', 'userTask', NULL, '2019-01-17 15:15:33.841', NULL, NULL, NULL, '');
INSERT INTO `act_hi_actinst` VALUES ('192504', 'leave:1:160010', '192501', '192503', 'startevent1', NULL, NULL, '开始', 'startEvent', NULL, '2019-01-17 15:28:50.083', '2019-01-17 15:28:50.137', 54, NULL, '');
INSERT INTO `act_hi_actinst` VALUES ('192505', 'leave:1:160010', '192501', '192503', 'usertask1', '192506', NULL, '填写请假单', 'userTask', NULL, '2019-01-17 15:28:50.213', '2019-01-17 15:28:59.952', 9739, NULL, '');
INSERT INTO `act_hi_actinst` VALUES ('192510', 'leave:1:160010', '192501', '192503', 'usertask2', '192511', NULL, '科室领导审批', 'userTask', '1', '2019-01-17 15:28:59.954', NULL, NULL, NULL, '');

-- ----------------------------
-- Table structure for act_hi_attachment
-- ----------------------------
DROP TABLE IF EXISTS `act_hi_attachment`;
CREATE TABLE `act_hi_attachment`  (
  `ID_` varchar(64) CHARACTER SET utf8 COLLATE utf8_bin NOT NULL,
  `REV_` int(11) NULL DEFAULT NULL,
  `USER_ID_` varchar(255) CHARACTER SET utf8 COLLATE utf8_bin NULL DEFAULT NULL,
  `NAME_` varchar(255) CHARACTER SET utf8 COLLATE utf8_bin NULL DEFAULT NULL,
  `DESCRIPTION_` varchar(4000) CHARACTER SET utf8 COLLATE utf8_bin NULL DEFAULT NULL,
  `TYPE_` varchar(255) CHARACTER SET utf8 COLLATE utf8_bin NULL DEFAULT NULL,
  `TASK_ID_` varchar(64) CHARACTER SET utf8 COLLATE utf8_bin NULL DEFAULT NULL,
  `PROC_INST_ID_` varchar(64) CHARACTER SET utf8 COLLATE utf8_bin NULL DEFAULT NULL,
  `URL_` varchar(4000) CHARACTER SET utf8 COLLATE utf8_bin NULL DEFAULT NULL,
  `CONTENT_ID_` varchar(64) CHARACTER SET utf8 COLLATE utf8_bin NULL DEFAULT NULL,
  `TIME_` datetime(3) NULL DEFAULT NULL,
  PRIMARY KEY (`ID_`) USING BTREE
) ENGINE = InnoDB CHARACTER SET = utf8 COLLATE = utf8_bin ROW_FORMAT = Dynamic;

-- ----------------------------
-- Table structure for act_hi_comment
-- ----------------------------
DROP TABLE IF EXISTS `act_hi_comment`;
CREATE TABLE `act_hi_comment`  (
  `ID_` varchar(64) CHARACTER SET utf8 COLLATE utf8_bin NOT NULL,
  `TYPE_` varchar(255) CHARACTER SET utf8 COLLATE utf8_bin NULL DEFAULT NULL,
  `TIME_` datetime(3) NULL,
  `USER_ID_` varchar(255) CHARACTER SET utf8 COLLATE utf8_bin NULL DEFAULT NULL,
  `TASK_ID_` varchar(64) CHARACTER SET utf8 COLLATE utf8_bin NULL DEFAULT NULL,
  `PROC_INST_ID_` varchar(64) CHARACTER SET utf8 COLLATE utf8_bin NULL DEFAULT NULL,
  `ACTION_` varchar(255) CHARACTER SET utf8 COLLATE utf8_bin NULL DEFAULT NULL,
  `MESSAGE_` varchar(4000) CHARACTER SET utf8 COLLATE utf8_bin NULL DEFAULT NULL,
  `FULL_MSG_` longblob NULL,
  PRIMARY KEY (`ID_`) USING BTREE
) ENGINE = InnoDB CHARACTER SET = utf8 COLLATE = utf8_bin ROW_FORMAT = Dynamic;

-- ----------------------------
-- Records of act_hi_comment
-- ----------------------------
INSERT INTO `act_hi_comment` VALUES ('160017', 'event', '2019-01-16 09:24:35.997', NULL, '160015', NULL, 'AddUserLink', 'dev_|_owner', NULL);
INSERT INTO `act_hi_comment` VALUES ('167507', 'event', '2019-01-16 09:59:54.799', NULL, '167505', NULL, 'AddUserLink', 'dev_|_owner', NULL);
INSERT INTO `act_hi_comment` VALUES ('167540', 'event', '2019-01-16 10:13:58.756', NULL, '167538', NULL, 'AddUserLink', 'dev_|_owner', NULL);
INSERT INTO `act_hi_comment` VALUES ('170007', 'event', '2019-01-16 10:14:49.222', NULL, '170005', NULL, 'AddUserLink', 'dev_|_owner', NULL);
INSERT INTO `act_hi_comment` VALUES ('172507', 'event', '2019-01-16 10:15:39.334', NULL, '172505', NULL, 'AddUserLink', 'dev_|_owner', NULL);
INSERT INTO `act_hi_comment` VALUES ('172518', 'event', '2019-01-16 10:18:15.411', NULL, '172516', NULL, 'AddUserLink', 'dev_|_owner', NULL);
INSERT INTO `act_hi_comment` VALUES ('172529', 'event', '2019-01-16 10:22:42.926', NULL, '172527', NULL, 'AddUserLink', 'dev_|_owner', NULL);
INSERT INTO `act_hi_comment` VALUES ('172540', 'event', '2019-01-16 10:25:21.363', NULL, '172538', NULL, 'AddUserLink', 'dev_|_owner', NULL);
INSERT INTO `act_hi_comment` VALUES ('172551', 'event', '2019-01-16 10:25:57.594', NULL, '172549', NULL, 'AddUserLink', 'dev_|_owner', NULL);
INSERT INTO `act_hi_comment` VALUES ('172562', 'event', '2019-01-16 10:31:06.185', NULL, '172560', NULL, 'AddUserLink', 'dev_|_owner', NULL);
INSERT INTO `act_hi_comment` VALUES ('172573', 'event', '2019-01-16 10:34:21.637', NULL, '172571', NULL, 'AddUserLink', 'dev_|_owner', NULL);
INSERT INTO `act_hi_comment` VALUES ('172584', 'event', '2019-01-16 10:34:53.586', NULL, '172582', NULL, 'AddUserLink', 'dev_|_owner', NULL);
INSERT INTO `act_hi_comment` VALUES ('172595', 'event', '2019-01-16 10:40:15.741', NULL, '172593', NULL, 'AddUserLink', 'dev_|_owner', NULL);
INSERT INTO `act_hi_comment` VALUES ('172606', 'event', '2019-01-16 10:42:53.048', NULL, '172604', NULL, 'AddUserLink', 'dev_|_owner', NULL);
INSERT INTO `act_hi_comment` VALUES ('175007', 'event', '2019-01-16 11:11:24.371', NULL, '175005', NULL, 'AddUserLink', '2_|_owner', NULL);
INSERT INTO `act_hi_comment` VALUES ('177507', 'event', '2019-01-16 11:23:50.877', NULL, '177505', NULL, 'AddUserLink', '2_|_owner', NULL);
INSERT INTO `act_hi_comment` VALUES ('180007', 'event', '2019-01-16 12:46:51.458', '2', '180006', NULL, 'AddUserLink', '2_|_owner', NULL);
INSERT INTO `act_hi_comment` VALUES ('182507', 'event', '2019-01-16 14:07:17.354', '2', '182506', NULL, 'AddUserLink', '2_|_owner', NULL);
INSERT INTO `act_hi_comment` VALUES ('185007', 'event', '2019-01-16 15:02:23.580', '2', '185006', NULL, 'AddUserLink', '2_|_owner', NULL);
INSERT INTO `act_hi_comment` VALUES ('185018', 'event', '2019-01-16 15:04:36.797', '2', '185017', NULL, 'AddUserLink', '2_|_owner', NULL);
INSERT INTO `act_hi_comment` VALUES ('185029', 'event', '2019-01-16 15:05:54.686', '2', '185028', NULL, 'AddUserLink', '2_|_owner', NULL);
INSERT INTO `act_hi_comment` VALUES ('185040', 'event', '2019-01-16 15:06:15.300', '2', '185039', NULL, 'AddUserLink', '2_|_owner', NULL);
INSERT INTO `act_hi_comment` VALUES ('187507', 'event', '2019-01-16 15:32:48.309', '2', '187506', NULL, 'AddUserLink', '2_|_owner', NULL);
INSERT INTO `act_hi_comment` VALUES ('187518', 'event', '2019-01-16 15:33:12.635', '2', '187517', NULL, 'AddUserLink', '2_|_owner', NULL);
INSERT INTO `act_hi_comment` VALUES ('187529', 'event', '2019-01-16 15:35:14.830', '2', '187528', NULL, 'AddUserLink', '2_|_owner', NULL);
INSERT INTO `act_hi_comment` VALUES ('190007', 'event', '2019-01-17 15:15:30.014', '2', '190006', NULL, 'AddUserLink', '2_|_owner', NULL);
INSERT INTO `act_hi_comment` VALUES ('192507', 'event', '2019-01-17 15:28:56.321', '2', '192506', NULL, 'AddUserLink', '2_|_owner', NULL);

-- ----------------------------
-- Table structure for act_hi_detail
-- ----------------------------
DROP TABLE IF EXISTS `act_hi_detail`;
CREATE TABLE `act_hi_detail`  (
  `ID_` varchar(64) CHARACTER SET utf8 COLLATE utf8_bin NOT NULL,
  `TYPE_` varchar(255) CHARACTER SET utf8 COLLATE utf8_bin NOT NULL,
  `PROC_INST_ID_` varchar(64) CHARACTER SET utf8 COLLATE utf8_bin NULL DEFAULT NULL,
  `EXECUTION_ID_` varchar(64) CHARACTER SET utf8 COLLATE utf8_bin NULL DEFAULT NULL,
  `TASK_ID_` varchar(64) CHARACTER SET utf8 COLLATE utf8_bin NULL DEFAULT NULL,
  `ACT_INST_ID_` varchar(64) CHARACTER SET utf8 COLLATE utf8_bin NULL DEFAULT NULL,
  `NAME_` varchar(255) CHARACTER SET utf8 COLLATE utf8_bin NOT NULL,
  `VAR_TYPE_` varchar(255) CHARACTER SET utf8 COLLATE utf8_bin NULL DEFAULT NULL,
  `REV_` int(11) NULL DEFAULT NULL,
  `TIME_` datetime(3) NULL,
  `BYTEARRAY_ID_` varchar(64) CHARACTER SET utf8 COLLATE utf8_bin NULL DEFAULT NULL,
  `DOUBLE_` double NULL DEFAULT NULL,
  `LONG_` bigint(20) NULL DEFAULT NULL,
  `TEXT_` varchar(4000) CHARACTER SET utf8 COLLATE utf8_bin NULL DEFAULT NULL,
  `TEXT2_` varchar(4000) CHARACTER SET utf8 COLLATE utf8_bin NULL DEFAULT NULL,
  PRIMARY KEY (`ID_`) USING BTREE,
  INDEX `ACT_IDX_HI_DETAIL_PROC_INST`(`PROC_INST_ID_`) USING BTREE,
  INDEX `ACT_IDX_HI_DETAIL_ACT_INST`(`ACT_INST_ID_`) USING BTREE,
  INDEX `ACT_IDX_HI_DETAIL_TIME`(`TIME_`) USING BTREE,
  INDEX `ACT_IDX_HI_DETAIL_NAME`(`NAME_`) USING BTREE,
  INDEX `ACT_IDX_HI_DETAIL_TASK_ID`(`TASK_ID_`) USING BTREE
) ENGINE = InnoDB CHARACTER SET = utf8 COLLATE = utf8_bin ROW_FORMAT = Dynamic;

-- ----------------------------
-- Records of act_hi_detail
-- ----------------------------
INSERT INTO `act_hi_detail` VALUES ('160019', 'VariableUpdate', '160011', '160011', NULL, '160014', 'spr', 'string', 0, '2019-01-16 09:24:36.043', NULL, NULL, NULL, 'test', NULL);
INSERT INTO `act_hi_detail` VALUES ('167509', 'VariableUpdate', '167501', '167501', NULL, '167504', 'spr', 'string', 0, '2019-01-16 09:59:54.841', NULL, NULL, NULL, 'test', NULL);
INSERT INTO `act_hi_detail` VALUES ('167542', 'VariableUpdate', '167534', '167534', NULL, '167537', 'spr', 'string', 0, '2019-01-16 10:13:58.788', NULL, NULL, NULL, 'test', NULL);
INSERT INTO `act_hi_detail` VALUES ('170009', 'VariableUpdate', '170001', '170001', NULL, '170004', 'spr', 'string', 0, '2019-01-16 10:14:49.256', NULL, NULL, NULL, 'test', NULL);
INSERT INTO `act_hi_detail` VALUES ('172509', 'VariableUpdate', '172501', '172501', NULL, '172504', 'spr', 'string', 0, '2019-01-16 10:15:39.367', NULL, NULL, NULL, 'test', NULL);
INSERT INTO `act_hi_detail` VALUES ('172520', 'VariableUpdate', '172512', '172512', NULL, '172515', 'spr', 'string', 0, '2019-01-16 10:18:15.443', NULL, NULL, NULL, 'test', NULL);
INSERT INTO `act_hi_detail` VALUES ('172531', 'VariableUpdate', '172523', '172523', NULL, '172526', 'spr', 'string', 0, '2019-01-16 10:22:42.958', NULL, NULL, NULL, 'test', NULL);
INSERT INTO `act_hi_detail` VALUES ('172542', 'VariableUpdate', '172534', '172534', NULL, '172537', 'spr', 'string', 0, '2019-01-16 10:25:21.395', NULL, NULL, NULL, 'test', NULL);
INSERT INTO `act_hi_detail` VALUES ('172553', 'VariableUpdate', '172545', '172545', NULL, '172548', 'spr', 'string', 0, '2019-01-16 10:25:57.630', NULL, NULL, NULL, 'test', NULL);
INSERT INTO `act_hi_detail` VALUES ('172564', 'VariableUpdate', '172556', '172556', NULL, '172559', 'spr', 'string', 0, '2019-01-16 10:31:06.211', NULL, NULL, NULL, 'test', NULL);
INSERT INTO `act_hi_detail` VALUES ('172575', 'VariableUpdate', '172567', '172567', NULL, '172570', 'spr', 'string', 0, '2019-01-16 10:34:21.666', NULL, NULL, NULL, 'test', NULL);
INSERT INTO `act_hi_detail` VALUES ('172586', 'VariableUpdate', '172578', '172578', NULL, '172581', 'spr', 'string', 0, '2019-01-16 10:34:53.610', NULL, NULL, NULL, 'test', NULL);
INSERT INTO `act_hi_detail` VALUES ('172597', 'VariableUpdate', '172589', '172589', NULL, '172592', 'spr', 'string', 0, '2019-01-16 10:40:15.772', NULL, NULL, NULL, 'test', NULL);
INSERT INTO `act_hi_detail` VALUES ('172608', 'VariableUpdate', '172600', '172600', NULL, '172603', 'spr', 'string', 0, '2019-01-16 10:42:53.086', NULL, NULL, NULL, 'test', NULL);
INSERT INTO `act_hi_detail` VALUES ('175009', 'VariableUpdate', '175001', '175001', NULL, '175004', 'spr', 'string', 0, '2019-01-16 11:11:24.415', NULL, NULL, NULL, 'test', NULL);
INSERT INTO `act_hi_detail` VALUES ('177509', 'VariableUpdate', '177501', '177501', NULL, '177504', 'spr', 'string', 0, '2019-01-16 11:23:50.925', NULL, NULL, NULL, 'test', NULL);
INSERT INTO `act_hi_detail` VALUES ('180009', 'VariableUpdate', '180001', '180001', NULL, '180005', 'spr', 'string', 0, '2019-01-16 12:46:51.485', NULL, NULL, NULL, 'test', NULL);
INSERT INTO `act_hi_detail` VALUES ('182509', 'VariableUpdate', '182501', '182501', NULL, '182505', 'spr', 'string', 0, '2019-01-16 14:07:17.380', NULL, NULL, NULL, 'test', NULL);
INSERT INTO `act_hi_detail` VALUES ('185009', 'VariableUpdate', '185001', '185001', NULL, '185005', 'spr', 'string', 0, '2019-01-16 15:02:23.612', NULL, NULL, NULL, 'test', NULL);
INSERT INTO `act_hi_detail` VALUES ('185020', 'VariableUpdate', '185012', '185012', NULL, '185016', 'spr', 'string', 0, '2019-01-16 15:04:55.450', NULL, NULL, NULL, 'test', NULL);
INSERT INTO `act_hi_detail` VALUES ('185031', 'VariableUpdate', '185023', '185023', NULL, '185027', 'spr', 'string', 0, '2019-01-16 15:05:54.715', NULL, NULL, NULL, 'test', NULL);
INSERT INTO `act_hi_detail` VALUES ('185042', 'VariableUpdate', '185034', '185034', NULL, '185038', 'spr', 'string', 0, '2019-01-16 15:06:15.332', NULL, NULL, NULL, 'test', NULL);
INSERT INTO `act_hi_detail` VALUES ('187509', 'VariableUpdate', '187501', '187501', NULL, '187505', 'spr', 'string', 0, '2019-01-16 15:32:48.337', NULL, NULL, NULL, 'test', NULL);
INSERT INTO `act_hi_detail` VALUES ('187520', 'VariableUpdate', '187512', '187512', NULL, '187516', 'spr', 'string', 0, '2019-01-16 15:33:12.668', NULL, NULL, NULL, 'test', NULL);
INSERT INTO `act_hi_detail` VALUES ('187531', 'VariableUpdate', '187523', '187523', NULL, '187527', 'spr', 'string', 0, '2019-01-16 15:35:14.853', NULL, NULL, NULL, 'test', NULL);
INSERT INTO `act_hi_detail` VALUES ('190009', 'VariableUpdate', '190001', '190001', NULL, '190005', 'spr', 'string', 0, '2019-01-17 15:15:33.103', NULL, NULL, NULL, 'test', NULL);
INSERT INTO `act_hi_detail` VALUES ('192509', 'VariableUpdate', '192501', '192501', NULL, '192505', 'spr', 'string', 0, '2019-01-17 15:28:59.920', NULL, NULL, NULL, '1,2', NULL);

-- ----------------------------
-- Table structure for act_hi_identitylink
-- ----------------------------
DROP TABLE IF EXISTS `act_hi_identitylink`;
CREATE TABLE `act_hi_identitylink`  (
  `ID_` varchar(64) CHARACTER SET utf8 COLLATE utf8_bin NOT NULL,
  `GROUP_ID_` varchar(255) CHARACTER SET utf8 COLLATE utf8_bin NULL DEFAULT NULL,
  `TYPE_` varchar(255) CHARACTER SET utf8 COLLATE utf8_bin NULL DEFAULT NULL,
  `USER_ID_` varchar(255) CHARACTER SET utf8 COLLATE utf8_bin NULL DEFAULT NULL,
  `TASK_ID_` varchar(64) CHARACTER SET utf8 COLLATE utf8_bin NULL DEFAULT NULL,
  `PROC_INST_ID_` varchar(64) CHARACTER SET utf8 COLLATE utf8_bin NULL DEFAULT NULL,
  PRIMARY KEY (`ID_`) USING BTREE,
  INDEX `ACT_IDX_HI_IDENT_LNK_USER`(`USER_ID_`) USING BTREE,
  INDEX `ACT_IDX_HI_IDENT_LNK_TASK`(`TASK_ID_`) USING BTREE,
  INDEX `ACT_IDX_HI_IDENT_LNK_PROCINST`(`PROC_INST_ID_`) USING BTREE
) ENGINE = InnoDB CHARACTER SET = utf8 COLLATE = utf8_bin ROW_FORMAT = Dynamic;

-- ----------------------------
-- Records of act_hi_identitylink
-- ----------------------------
INSERT INTO `act_hi_identitylink` VALUES ('160016', NULL, 'participant', 'dev', NULL, '160011');
INSERT INTO `act_hi_identitylink` VALUES ('167506', NULL, 'participant', 'dev', NULL, '167501');
INSERT INTO `act_hi_identitylink` VALUES ('167539', NULL, 'participant', 'dev', NULL, '167534');
INSERT INTO `act_hi_identitylink` VALUES ('170006', NULL, 'participant', 'dev', NULL, '170001');
INSERT INTO `act_hi_identitylink` VALUES ('172506', NULL, 'participant', 'dev', NULL, '172501');
INSERT INTO `act_hi_identitylink` VALUES ('172517', NULL, 'participant', 'dev', NULL, '172512');
INSERT INTO `act_hi_identitylink` VALUES ('172528', NULL, 'participant', 'dev', NULL, '172523');
INSERT INTO `act_hi_identitylink` VALUES ('172539', NULL, 'participant', 'dev', NULL, '172534');
INSERT INTO `act_hi_identitylink` VALUES ('172550', NULL, 'participant', 'dev', NULL, '172545');
INSERT INTO `act_hi_identitylink` VALUES ('172561', NULL, 'participant', 'dev', NULL, '172556');
INSERT INTO `act_hi_identitylink` VALUES ('172572', NULL, 'participant', 'dev', NULL, '172567');
INSERT INTO `act_hi_identitylink` VALUES ('172583', NULL, 'participant', 'dev', NULL, '172578');
INSERT INTO `act_hi_identitylink` VALUES ('172594', NULL, 'participant', 'dev', NULL, '172589');
INSERT INTO `act_hi_identitylink` VALUES ('172605', NULL, 'participant', 'dev', NULL, '172600');
INSERT INTO `act_hi_identitylink` VALUES ('175006', NULL, 'participant', '2', NULL, '175001');
INSERT INTO `act_hi_identitylink` VALUES ('177506', NULL, 'participant', '2', NULL, '177501');
INSERT INTO `act_hi_identitylink` VALUES ('180002', NULL, 'starter', '2', NULL, '180001');
INSERT INTO `act_hi_identitylink` VALUES ('182502', NULL, 'starter', '2', NULL, '182501');
INSERT INTO `act_hi_identitylink` VALUES ('185002', NULL, 'starter', '2', NULL, '185001');
INSERT INTO `act_hi_identitylink` VALUES ('185013', NULL, 'starter', '2', NULL, '185012');
INSERT INTO `act_hi_identitylink` VALUES ('185024', NULL, 'starter', '2', NULL, '185023');
INSERT INTO `act_hi_identitylink` VALUES ('185035', NULL, 'starter', '2', NULL, '185034');
INSERT INTO `act_hi_identitylink` VALUES ('187502', NULL, 'starter', '2', NULL, '187501');
INSERT INTO `act_hi_identitylink` VALUES ('187513', NULL, 'starter', '2', NULL, '187512');
INSERT INTO `act_hi_identitylink` VALUES ('187524', NULL, 'starter', '2', NULL, '187523');
INSERT INTO `act_hi_identitylink` VALUES ('190002', NULL, 'starter', '2', NULL, '190001');
INSERT INTO `act_hi_identitylink` VALUES ('192502', NULL, 'starter', '2', NULL, '192501');
INSERT INTO `act_hi_identitylink` VALUES ('192512', NULL, 'candidate', '1', '192511', NULL);
INSERT INTO `act_hi_identitylink` VALUES ('192513', NULL, 'participant', '1', NULL, '192501');
INSERT INTO `act_hi_identitylink` VALUES ('192514', NULL, 'candidate', '2', '192511', NULL);

-- ----------------------------
-- Table structure for act_hi_procinst
-- ----------------------------
DROP TABLE IF EXISTS `act_hi_procinst`;
CREATE TABLE `act_hi_procinst`  (
  `ID_` varchar(64) CHARACTER SET utf8 COLLATE utf8_bin NOT NULL,
  `PROC_INST_ID_` varchar(64) CHARACTER SET utf8 COLLATE utf8_bin NOT NULL,
  `BUSINESS_KEY_` varchar(255) CHARACTER SET utf8 COLLATE utf8_bin NULL DEFAULT NULL,
  `PROC_DEF_ID_` varchar(64) CHARACTER SET utf8 COLLATE utf8_bin NOT NULL,
  `START_TIME_` datetime(3) NULL,
  `END_TIME_` datetime(3) NULL DEFAULT NULL,
  `DURATION_` bigint(20) NULL DEFAULT NULL,
  `START_USER_ID_` varchar(255) CHARACTER SET utf8 COLLATE utf8_bin NULL DEFAULT NULL,
  `START_ACT_ID_` varchar(255) CHARACTER SET utf8 COLLATE utf8_bin NULL DEFAULT NULL,
  `END_ACT_ID_` varchar(255) CHARACTER SET utf8 COLLATE utf8_bin NULL DEFAULT NULL,
  `SUPER_PROCESS_INSTANCE_ID_` varchar(64) CHARACTER SET utf8 COLLATE utf8_bin NULL DEFAULT NULL,
  `DELETE_REASON_` varchar(4000) CHARACTER SET utf8 COLLATE utf8_bin NULL DEFAULT NULL,
  `TENANT_ID_` varchar(255) CHARACTER SET utf8 COLLATE utf8_bin NULL DEFAULT '',
  `NAME_` varchar(255) CHARACTER SET utf8 COLLATE utf8_bin NULL DEFAULT NULL,
  PRIMARY KEY (`ID_`) USING BTREE,
  UNIQUE INDEX `PROC_INST_ID_`(`PROC_INST_ID_`) USING BTREE,
  INDEX `ACT_IDX_HI_PRO_INST_END`(`END_TIME_`) USING BTREE,
  INDEX `ACT_IDX_HI_PRO_I_BUSKEY`(`BUSINESS_KEY_`) USING BTREE
) ENGINE = InnoDB CHARACTER SET = utf8 COLLATE = utf8_bin ROW_FORMAT = Dynamic;

-- ----------------------------
-- Records of act_hi_procinst
-- ----------------------------
INSERT INTO `act_hi_procinst` VALUES ('160011', '160011', '201901160919262', 'leave:1:160010', '2019-01-16 09:24:35.823', NULL, NULL, NULL, 'startevent1', NULL, NULL, NULL, '', NULL);
INSERT INTO `act_hi_procinst` VALUES ('167501', '167501', '201901160959442', 'leave:1:160010', '2019-01-16 09:59:54.722', NULL, NULL, NULL, 'startevent1', NULL, NULL, NULL, '', NULL);
INSERT INTO `act_hi_procinst` VALUES ('167534', '167534', '201901161013472', 'leave:1:160010', '2019-01-16 10:13:58.703', NULL, NULL, NULL, 'startevent1', NULL, NULL, NULL, '', NULL);
INSERT INTO `act_hi_procinst` VALUES ('170001', '170001', '201901161014402', 'leave:1:160010', '2019-01-16 10:14:49.140', NULL, NULL, NULL, 'startevent1', NULL, NULL, NULL, '', NULL);
INSERT INTO `act_hi_procinst` VALUES ('172501', '172501', '201901161015282', 'leave:1:160010', '2019-01-16 10:15:39.269', NULL, NULL, NULL, 'startevent1', NULL, NULL, NULL, '', NULL);
INSERT INTO `act_hi_procinst` VALUES ('172512', '172512', '201901161018082', 'leave:1:160010', '2019-01-16 10:18:15.360', NULL, NULL, NULL, 'startevent1', NULL, NULL, NULL, '', NULL);
INSERT INTO `act_hi_procinst` VALUES ('172523', '172523', '201901161022342', 'leave:1:160010', '2019-01-16 10:22:42.872', NULL, NULL, NULL, 'startevent1', NULL, NULL, NULL, '', NULL);
INSERT INTO `act_hi_procinst` VALUES ('172534', '172534', '201901161025152', 'leave:1:160010', '2019-01-16 10:25:21.307', NULL, NULL, NULL, 'startevent1', NULL, NULL, NULL, '', NULL);
INSERT INTO `act_hi_procinst` VALUES ('172545', '172545', '201901161025502', 'leave:1:160010', '2019-01-16 10:25:57.545', NULL, NULL, NULL, 'startevent1', NULL, NULL, NULL, '', NULL);
INSERT INTO `act_hi_procinst` VALUES ('172556', '172556', '201901161030582', 'leave:1:160010', '2019-01-16 10:31:06.138', NULL, NULL, NULL, 'startevent1', NULL, NULL, NULL, '', NULL);
INSERT INTO `act_hi_procinst` VALUES ('172567', '172567', '201901161033492', 'leave:1:160010', '2019-01-16 10:34:21.590', NULL, NULL, NULL, 'startevent1', NULL, NULL, NULL, '', NULL);
INSERT INTO `act_hi_procinst` VALUES ('172578', '172578', '201901161034452', 'leave:1:160010', '2019-01-16 10:34:53.542', NULL, NULL, NULL, 'startevent1', NULL, NULL, NULL, '', NULL);
INSERT INTO `act_hi_procinst` VALUES ('172589', '172589', '201901161040082', 'leave:1:160010', '2019-01-16 10:40:15.699', NULL, NULL, NULL, 'startevent1', NULL, NULL, NULL, '', NULL);
INSERT INTO `act_hi_procinst` VALUES ('172600', '172600', '201901161042422', 'leave:1:160010', '2019-01-16 10:42:52.992', NULL, NULL, NULL, 'startevent1', NULL, NULL, NULL, '', NULL);
INSERT INTO `act_hi_procinst` VALUES ('175001', '175001', '201901161111132', 'leave:1:160010', '2019-01-16 11:11:24.188', NULL, NULL, NULL, 'startevent1', NULL, NULL, NULL, '', NULL);
INSERT INTO `act_hi_procinst` VALUES ('177501', '177501', '201901161123402', 'leave:1:160010', '2019-01-16 11:23:50.687', NULL, NULL, NULL, 'startevent1', NULL, NULL, NULL, '', NULL);
INSERT INTO `act_hi_procinst` VALUES ('180001', '180001', '201901161246332', 'leave:1:160010', '2019-01-16 12:46:51.263', NULL, NULL, '2', 'startevent1', NULL, NULL, NULL, '', NULL);
INSERT INTO `act_hi_procinst` VALUES ('182501', '182501', '201901161407102', 'leave:1:160010', '2019-01-16 14:07:17.145', NULL, NULL, '2', 'startevent1', NULL, NULL, NULL, '', NULL);
INSERT INTO `act_hi_procinst` VALUES ('185001', '185001', '201901161501032', 'leave:1:160010', '2019-01-16 15:02:23.410', NULL, NULL, '2', 'startevent1', NULL, NULL, NULL, '', NULL);
INSERT INTO `act_hi_procinst` VALUES ('185012', '185012', '201901161502282', 'leave:1:160010', '2019-01-16 15:04:36.733', NULL, NULL, '2', 'startevent1', NULL, NULL, NULL, '', NULL);
INSERT INTO `act_hi_procinst` VALUES ('185023', '185023', '201901161505412', 'leave:1:160010', '2019-01-16 15:05:54.626', NULL, NULL, '2', 'startevent1', NULL, NULL, NULL, '', NULL);
INSERT INTO `act_hi_procinst` VALUES ('185034', '185034', '201901161506022', 'leave:1:160010', '2019-01-16 15:06:15.225', NULL, NULL, '2', 'startevent1', NULL, NULL, NULL, '', NULL);
INSERT INTO `act_hi_procinst` VALUES ('187501', '187501', '201901161532382', 'leave:1:160010', '2019-01-16 15:32:48.218', NULL, NULL, '2', 'startevent1', NULL, NULL, NULL, '', NULL);
INSERT INTO `act_hi_procinst` VALUES ('187512', '187512', '201901161532532', 'leave:1:160010', '2019-01-16 15:33:12.546', NULL, NULL, '2', 'startevent1', NULL, NULL, NULL, '', NULL);
INSERT INTO `act_hi_procinst` VALUES ('187523', '187523', '201901161535052', 'leave:1:160010', '2019-01-16 15:35:14.784', NULL, NULL, '2', 'startevent1', NULL, NULL, NULL, '', NULL);
INSERT INTO `act_hi_procinst` VALUES ('190001', '190001', '201901171513552', 'leave:1:160010', '2019-01-17 15:15:21.747', NULL, NULL, '2', 'startevent1', NULL, NULL, NULL, '', NULL);
INSERT INTO `act_hi_procinst` VALUES ('192501', '192501', '201901171528162', 'leave:1:160010', '2019-01-17 15:28:49.660', NULL, NULL, '2', 'startevent1', NULL, NULL, NULL, '', NULL);

-- ----------------------------
-- Table structure for act_hi_taskinst
-- ----------------------------
DROP TABLE IF EXISTS `act_hi_taskinst`;
CREATE TABLE `act_hi_taskinst`  (
  `ID_` varchar(64) CHARACTER SET utf8 COLLATE utf8_bin NOT NULL,
  `PROC_DEF_ID_` varchar(64) CHARACTER SET utf8 COLLATE utf8_bin NULL DEFAULT NULL,
  `TASK_DEF_KEY_` varchar(255) CHARACTER SET utf8 COLLATE utf8_bin NULL DEFAULT NULL,
  `PROC_INST_ID_` varchar(64) CHARACTER SET utf8 COLLATE utf8_bin NULL DEFAULT NULL,
  `EXECUTION_ID_` varchar(64) CHARACTER SET utf8 COLLATE utf8_bin NULL DEFAULT NULL,
  `NAME_` varchar(255) CHARACTER SET utf8 COLLATE utf8_bin NULL DEFAULT NULL,
  `PARENT_TASK_ID_` varchar(64) CHARACTER SET utf8 COLLATE utf8_bin NULL DEFAULT NULL,
  `DESCRIPTION_` varchar(4000) CHARACTER SET utf8 COLLATE utf8_bin NULL DEFAULT NULL,
  `OWNER_` varchar(255) CHARACTER SET utf8 COLLATE utf8_bin NULL DEFAULT NULL,
  `ASSIGNEE_` varchar(255) CHARACTER SET utf8 COLLATE utf8_bin NULL DEFAULT NULL,
  `START_TIME_` datetime(3) NULL,
  `CLAIM_TIME_` datetime(3) NULL DEFAULT NULL,
  `END_TIME_` datetime(3) NULL DEFAULT NULL,
  `DURATION_` bigint(20) NULL DEFAULT NULL,
  `DELETE_REASON_` varchar(4000) CHARACTER SET utf8 COLLATE utf8_bin NULL DEFAULT NULL,
  `PRIORITY_` int(11) NULL DEFAULT NULL,
  `DUE_DATE_` datetime(3) NULL DEFAULT NULL,
  `FORM_KEY_` varchar(255) CHARACTER SET utf8 COLLATE utf8_bin NULL DEFAULT NULL,
  `CATEGORY_` varchar(255) CHARACTER SET utf8 COLLATE utf8_bin NULL DEFAULT NULL,
  `TENANT_ID_` varchar(255) CHARACTER SET utf8 COLLATE utf8_bin NULL DEFAULT '',
  PRIMARY KEY (`ID_`) USING BTREE,
  INDEX `ACT_IDX_HI_TASK_INST_PROCINST`(`PROC_INST_ID_`) USING BTREE
) ENGINE = InnoDB CHARACTER SET = utf8 COLLATE = utf8_bin ROW_FORMAT = Dynamic;

-- ----------------------------
-- Records of act_hi_taskinst
-- ----------------------------
INSERT INTO `act_hi_taskinst` VALUES ('160015', 'leave:1:160010', 'usertask1', '160011', '160012', '填写请假单', NULL, NULL, 'dev', NULL, '2019-01-16 09:24:35.863', NULL, '2019-01-16 09:24:36.054', 191, NULL, 50, NULL, NULL, NULL, '');
INSERT INTO `act_hi_taskinst` VALUES ('160021', 'leave:1:160010', 'usertask2', '160011', '160012', '科室领导审批', NULL, NULL, NULL, NULL, '2019-01-16 09:24:36.060', NULL, NULL, NULL, NULL, 50, NULL, 'leave_ksldsp.html', NULL, '');
INSERT INTO `act_hi_taskinst` VALUES ('167505', 'leave:1:160010', 'usertask1', '167501', '167502', '填写请假单', NULL, NULL, 'dev', NULL, '2019-01-16 09:59:54.744', NULL, '2019-01-16 09:59:54.856', 112, NULL, 50, NULL, NULL, NULL, '');
INSERT INTO `act_hi_taskinst` VALUES ('167511', 'leave:1:160010', 'usertask2', '167501', '167502', '科室领导审批', NULL, NULL, NULL, NULL, '2019-01-16 09:59:54.864', NULL, NULL, NULL, NULL, 50, NULL, 'leave_ksldsp.html', NULL, '');
INSERT INTO `act_hi_taskinst` VALUES ('167538', 'leave:1:160010', 'usertask1', '167534', '167535', '填写请假单', NULL, NULL, 'dev', NULL, '2019-01-16 10:13:58.711', NULL, '2019-01-16 10:13:58.801', 90, NULL, 50, NULL, NULL, NULL, '');
INSERT INTO `act_hi_taskinst` VALUES ('167544', 'leave:1:160010', 'usertask2', '167534', '167535', '科室领导审批', NULL, NULL, NULL, NULL, '2019-01-16 10:13:58.806', NULL, NULL, NULL, NULL, 50, NULL, 'leave_ksldsp.html', NULL, '');
INSERT INTO `act_hi_taskinst` VALUES ('170005', 'leave:1:160010', 'usertask1', '170001', '170002', '填写请假单', NULL, NULL, 'dev', NULL, '2019-01-16 10:14:49.160', NULL, '2019-01-16 10:14:49.270', 110, NULL, 50, NULL, NULL, NULL, '');
INSERT INTO `act_hi_taskinst` VALUES ('170011', 'leave:1:160010', 'usertask2', '170001', '170002', '科室领导审批', NULL, NULL, NULL, NULL, '2019-01-16 10:14:49.276', NULL, NULL, NULL, NULL, 50, NULL, 'leave_ksldsp.html', NULL, '');
INSERT INTO `act_hi_taskinst` VALUES ('172505', 'leave:1:160010', 'usertask1', '172501', '172502', '填写请假单', NULL, NULL, 'dev', NULL, '2019-01-16 10:15:39.287', NULL, '2019-01-16 10:15:39.377', 90, NULL, 50, NULL, NULL, NULL, '');
INSERT INTO `act_hi_taskinst` VALUES ('172511', 'leave:1:160010', 'usertask2', '172501', '172502', '科室领导审批', NULL, NULL, NULL, NULL, '2019-01-16 10:15:39.385', NULL, NULL, NULL, NULL, 50, NULL, 'leave_ksldsp.html', NULL, '');
INSERT INTO `act_hi_taskinst` VALUES ('172516', 'leave:1:160010', 'usertask1', '172512', '172513', '填写请假单', NULL, NULL, 'dev', NULL, '2019-01-16 10:18:15.366', NULL, '2019-01-16 10:18:15.456', 90, NULL, 50, NULL, NULL, NULL, '');
INSERT INTO `act_hi_taskinst` VALUES ('172522', 'leave:1:160010', 'usertask2', '172512', '172513', '科室领导审批', NULL, NULL, NULL, NULL, '2019-01-16 10:18:15.463', NULL, NULL, NULL, NULL, 50, NULL, 'leave_ksldsp.html', NULL, '');
INSERT INTO `act_hi_taskinst` VALUES ('172527', 'leave:1:160010', 'usertask1', '172523', '172524', '填写请假单', NULL, NULL, 'dev', NULL, '2019-01-16 10:22:42.880', NULL, '2019-01-16 10:22:42.969', 89, NULL, 50, NULL, NULL, NULL, '');
INSERT INTO `act_hi_taskinst` VALUES ('172533', 'leave:1:160010', 'usertask2', '172523', '172524', '科室领导审批', NULL, NULL, NULL, NULL, '2019-01-16 10:22:42.979', NULL, NULL, NULL, NULL, 50, NULL, 'leave_ksldsp.html', NULL, '');
INSERT INTO `act_hi_taskinst` VALUES ('172538', 'leave:1:160010', 'usertask1', '172534', '172535', '填写请假单', NULL, NULL, 'dev', NULL, '2019-01-16 10:25:21.319', NULL, '2019-01-16 10:25:21.407', 88, NULL, 50, NULL, NULL, NULL, '');
INSERT INTO `act_hi_taskinst` VALUES ('172544', 'leave:1:160010', 'usertask2', '172534', '172535', '科室领导审批', NULL, NULL, NULL, NULL, '2019-01-16 10:25:21.416', NULL, NULL, NULL, NULL, 50, NULL, 'leave_ksldsp.html', NULL, '');
INSERT INTO `act_hi_taskinst` VALUES ('172549', 'leave:1:160010', 'usertask1', '172545', '172546', '填写请假单', NULL, NULL, 'dev', NULL, '2019-01-16 10:25:57.551', NULL, '2019-01-16 10:25:57.642', 91, NULL, 50, NULL, NULL, NULL, '');
INSERT INTO `act_hi_taskinst` VALUES ('172555', 'leave:1:160010', 'usertask2', '172545', '172546', '科室领导审批', NULL, NULL, NULL, NULL, '2019-01-16 10:25:57.659', NULL, NULL, NULL, NULL, 50, NULL, 'leave_ksldsp.html', NULL, '');
INSERT INTO `act_hi_taskinst` VALUES ('172560', 'leave:1:160010', 'usertask1', '172556', '172557', '填写请假单', NULL, NULL, 'dev', NULL, '2019-01-16 10:31:06.144', NULL, '2019-01-16 10:31:06.227', 83, NULL, 50, NULL, NULL, NULL, '');
INSERT INTO `act_hi_taskinst` VALUES ('172566', 'leave:1:160010', 'usertask2', '172556', '172557', '科室领导审批', NULL, NULL, NULL, NULL, '2019-01-16 10:31:06.234', NULL, NULL, NULL, NULL, 50, NULL, 'leave_ksldsp.html', NULL, '');
INSERT INTO `act_hi_taskinst` VALUES ('172571', 'leave:1:160010', 'usertask1', '172567', '172568', '填写请假单', NULL, NULL, 'dev', NULL, '2019-01-16 10:34:21.600', NULL, '2019-01-16 10:34:21.674', 74, NULL, 50, NULL, NULL, NULL, '');
INSERT INTO `act_hi_taskinst` VALUES ('172577', 'leave:1:160010', 'usertask2', '172567', '172568', '科室领导审批', NULL, NULL, NULL, NULL, '2019-01-16 10:34:21.681', NULL, NULL, NULL, NULL, 50, NULL, 'leave_ksldsp.html', NULL, '');
INSERT INTO `act_hi_taskinst` VALUES ('172582', 'leave:1:160010', 'usertask1', '172578', '172579', '填写请假单', NULL, NULL, 'dev', NULL, '2019-01-16 10:34:53.550', NULL, '2019-01-16 10:34:53.620', 70, NULL, 50, NULL, NULL, NULL, '');
INSERT INTO `act_hi_taskinst` VALUES ('172588', 'leave:1:160010', 'usertask2', '172578', '172579', '科室领导审批', NULL, NULL, NULL, NULL, '2019-01-16 10:34:53.625', NULL, NULL, NULL, NULL, 50, NULL, 'leave_ksldsp.html', NULL, '');
INSERT INTO `act_hi_taskinst` VALUES ('172593', 'leave:1:160010', 'usertask1', '172589', '172590', '填写请假单', NULL, NULL, 'dev', NULL, '2019-01-16 10:40:15.705', NULL, '2019-01-16 10:40:15.784', 79, NULL, 50, NULL, NULL, NULL, '');
INSERT INTO `act_hi_taskinst` VALUES ('172599', 'leave:1:160010', 'usertask2', '172589', '172590', '科室领导审批', NULL, NULL, NULL, NULL, '2019-01-16 10:40:15.789', NULL, NULL, NULL, NULL, 50, NULL, 'leave_ksldsp.html', NULL, '');
INSERT INTO `act_hi_taskinst` VALUES ('172604', 'leave:1:160010', 'usertask1', '172600', '172601', '填写请假单', NULL, NULL, 'dev', NULL, '2019-01-16 10:42:52.999', NULL, '2019-01-16 10:42:53.097', 98, NULL, 50, NULL, NULL, NULL, '');
INSERT INTO `act_hi_taskinst` VALUES ('172610', 'leave:1:160010', 'usertask2', '172600', '172601', '科室领导审批', NULL, NULL, NULL, NULL, '2019-01-16 10:42:53.106', NULL, NULL, NULL, NULL, 50, NULL, 'leave_ksldsp.html', NULL, '');
INSERT INTO `act_hi_taskinst` VALUES ('175005', 'leave:1:160010', 'usertask1', '175001', '175002', '填写请假单', NULL, NULL, '2', NULL, '2019-01-16 11:11:24.255', NULL, '2019-01-16 11:11:24.434', 179, NULL, 50, NULL, NULL, NULL, '');
INSERT INTO `act_hi_taskinst` VALUES ('175011', 'leave:1:160010', 'usertask2', '175001', '175002', '科室领导审批', NULL, NULL, NULL, NULL, '2019-01-16 11:11:24.443', NULL, NULL, NULL, NULL, 50, NULL, 'leave_ksldsp.html', NULL, '');
INSERT INTO `act_hi_taskinst` VALUES ('177505', 'leave:1:160010', 'usertask1', '177501', '177502', '填写请假单', NULL, NULL, '2', NULL, '2019-01-16 11:23:50.763', NULL, '2019-01-16 11:23:50.941', 178, NULL, 50, NULL, NULL, NULL, '');
INSERT INTO `act_hi_taskinst` VALUES ('177511', 'leave:1:160010', 'usertask2', '177501', '177502', '科室领导审批', NULL, NULL, NULL, NULL, '2019-01-16 11:23:50.948', NULL, NULL, NULL, NULL, 50, NULL, 'leave_ksldsp.html', NULL, '');
INSERT INTO `act_hi_taskinst` VALUES ('180006', 'leave:1:160010', 'usertask1', '180001', '180003', '填写请假单', NULL, NULL, '2', NULL, '2019-01-16 12:46:51.330', NULL, '2019-01-16 12:46:51.501', 171, NULL, 50, NULL, NULL, NULL, '');
INSERT INTO `act_hi_taskinst` VALUES ('180011', 'leave:1:160010', 'usertask2', '180001', '180003', '科室领导审批', NULL, NULL, NULL, NULL, '2019-01-16 12:46:51.507', NULL, NULL, NULL, NULL, 50, NULL, 'leave_ksldsp.html', NULL, '');
INSERT INTO `act_hi_taskinst` VALUES ('182506', 'leave:1:160010', 'usertask1', '182501', '182503', '填写请假单', NULL, NULL, '2', NULL, '2019-01-16 14:07:17.214', NULL, '2019-01-16 14:07:17.397', 183, NULL, 50, NULL, NULL, NULL, '');
INSERT INTO `act_hi_taskinst` VALUES ('182511', 'leave:1:160010', 'usertask2', '182501', '182503', '科室领导审批', NULL, NULL, NULL, NULL, '2019-01-16 14:07:17.404', NULL, NULL, NULL, NULL, 50, NULL, 'leave_ksldsp.html', NULL, '');
INSERT INTO `act_hi_taskinst` VALUES ('185006', 'leave:1:160010', 'usertask1', '185001', '185003', '填写请假单', NULL, NULL, '2', NULL, '2019-01-16 15:02:23.470', NULL, '2019-01-16 15:02:23.630', 160, NULL, 50, NULL, NULL, NULL, '');
INSERT INTO `act_hi_taskinst` VALUES ('185011', 'leave:1:160010', 'usertask2', '185001', '185003', '科室领导审批', NULL, NULL, NULL, NULL, '2019-01-16 15:02:23.637', NULL, NULL, NULL, NULL, 50, NULL, 'leave_ksldsp.html', NULL, '');
INSERT INTO `act_hi_taskinst` VALUES ('185017', 'leave:1:160010', 'usertask1', '185012', '185014', '填写请假单', NULL, NULL, '2', NULL, '2019-01-16 15:04:36.743', NULL, '2019-01-16 15:04:55.472', 18729, NULL, 50, NULL, NULL, NULL, '');
INSERT INTO `act_hi_taskinst` VALUES ('185022', 'leave:1:160010', 'usertask2', '185012', '185014', '科室领导审批', NULL, NULL, NULL, NULL, '2019-01-16 15:04:55.481', NULL, NULL, NULL, NULL, 50, NULL, 'leave_ksldsp.html', NULL, '');
INSERT INTO `act_hi_taskinst` VALUES ('185028', 'leave:1:160010', 'usertask1', '185023', '185025', '填写请假单', NULL, NULL, '2', NULL, '2019-01-16 15:05:54.633', NULL, '2019-01-16 15:05:54.732', 99, NULL, 50, NULL, NULL, NULL, '');
INSERT INTO `act_hi_taskinst` VALUES ('185033', 'leave:1:160010', 'usertask2', '185023', '185025', '科室领导审批', NULL, NULL, NULL, NULL, '2019-01-16 15:05:54.738', NULL, NULL, NULL, NULL, 50, NULL, 'leave_ksldsp.html', NULL, '');
INSERT INTO `act_hi_taskinst` VALUES ('185039', 'leave:1:160010', 'usertask1', '185034', '185036', '填写请假单', NULL, NULL, '2', NULL, '2019-01-16 15:06:15.235', NULL, '2019-01-16 15:06:15.349', 114, NULL, 50, NULL, NULL, NULL, '');
INSERT INTO `act_hi_taskinst` VALUES ('185044', 'leave:1:160010', 'usertask2', '185034', '185036', '科室领导审批', NULL, NULL, NULL, NULL, '2019-01-16 15:06:15.354', NULL, NULL, NULL, NULL, 50, NULL, 'leave_ksldsp.html', NULL, '');
INSERT INTO `act_hi_taskinst` VALUES ('187506', 'leave:1:160010', 'usertask1', '187501', '187503', '填写请假单', NULL, NULL, '2', NULL, '2019-01-16 15:32:48.250', NULL, '2019-01-16 15:32:48.354', 104, NULL, 50, NULL, NULL, NULL, '');
INSERT INTO `act_hi_taskinst` VALUES ('187511', 'leave:1:160010', 'usertask2', '187501', '187503', '科室领导审批', NULL, NULL, NULL, NULL, '2019-01-16 15:32:48.364', NULL, NULL, NULL, NULL, 50, NULL, 'leave_ksldsp.html', NULL, '');
INSERT INTO `act_hi_taskinst` VALUES ('187517', 'leave:1:160010', 'usertask1', '187512', '187514', '填写请假单', NULL, NULL, '2', NULL, '2019-01-16 15:33:12.563', NULL, '2019-01-16 15:33:12.685', 122, NULL, 50, NULL, NULL, NULL, '');
INSERT INTO `act_hi_taskinst` VALUES ('187522', 'leave:1:160010', 'usertask2', '187512', '187514', '科室领导审批', NULL, NULL, NULL, NULL, '2019-01-16 15:33:12.692', NULL, NULL, NULL, NULL, 50, NULL, 'leave_ksldsp.html', NULL, '');
INSERT INTO `act_hi_taskinst` VALUES ('187528', 'leave:1:160010', 'usertask1', '187523', '187525', '填写请假单', NULL, NULL, '2', NULL, '2019-01-16 15:35:14.790', NULL, '2019-01-16 15:35:14.867', 77, NULL, 50, NULL, NULL, NULL, '');
INSERT INTO `act_hi_taskinst` VALUES ('187533', 'leave:1:160010', 'usertask2', '187523', '187525', '科室领导审批', NULL, NULL, NULL, NULL, '2019-01-16 15:35:14.873', NULL, NULL, NULL, NULL, 50, NULL, 'leave_ksldsp.html', NULL, '');
INSERT INTO `act_hi_taskinst` VALUES ('190006', 'leave:1:160010', 'usertask1', '190001', '190003', '填写请假单', NULL, NULL, '2', NULL, '2019-01-17 15:15:22.810', NULL, '2019-01-17 15:15:33.646', 10836, NULL, 50, NULL, NULL, NULL, '');
INSERT INTO `act_hi_taskinst` VALUES ('190011', 'leave:1:160010', 'usertask2', '190001', '190003', '科室领导审批', NULL, NULL, NULL, NULL, '2019-01-17 15:15:33.858', NULL, NULL, NULL, NULL, 50, NULL, 'leave_ksldsp.html', NULL, '');
INSERT INTO `act_hi_taskinst` VALUES ('192506', 'leave:1:160010', 'usertask1', '192501', '192503', '填写请假单', NULL, NULL, '2', NULL, '2019-01-17 15:28:50.556', NULL, '2019-01-17 15:28:59.945', 9389, NULL, 50, NULL, NULL, NULL, '');
INSERT INTO `act_hi_taskinst` VALUES ('192511', 'leave:1:160010', 'usertask2', '192501', '192503', '科室领导审批', NULL, NULL, NULL, '1', '2019-01-17 15:28:59.955', '2019-01-17 15:34:43.627', NULL, NULL, NULL, 50, NULL, 'leave_ksldsp.html', NULL, '');

-- ----------------------------
-- Table structure for act_hi_varinst
-- ----------------------------
DROP TABLE IF EXISTS `act_hi_varinst`;
CREATE TABLE `act_hi_varinst`  (
  `ID_` varchar(64) CHARACTER SET utf8 COLLATE utf8_bin NOT NULL,
  `PROC_INST_ID_` varchar(64) CHARACTER SET utf8 COLLATE utf8_bin NULL DEFAULT NULL,
  `EXECUTION_ID_` varchar(64) CHARACTER SET utf8 COLLATE utf8_bin NULL DEFAULT NULL,
  `TASK_ID_` varchar(64) CHARACTER SET utf8 COLLATE utf8_bin NULL DEFAULT NULL,
  `NAME_` varchar(255) CHARACTER SET utf8 COLLATE utf8_bin NOT NULL,
  `VAR_TYPE_` varchar(100) CHARACTER SET utf8 COLLATE utf8_bin NULL DEFAULT NULL,
  `REV_` int(11) NULL DEFAULT NULL,
  `BYTEARRAY_ID_` varchar(64) CHARACTER SET utf8 COLLATE utf8_bin NULL DEFAULT NULL,
  `DOUBLE_` double NULL DEFAULT NULL,
  `LONG_` bigint(20) NULL DEFAULT NULL,
  `TEXT_` varchar(4000) CHARACTER SET utf8 COLLATE utf8_bin NULL DEFAULT NULL,
  `TEXT2_` varchar(4000) CHARACTER SET utf8 COLLATE utf8_bin NULL DEFAULT NULL,
  `CREATE_TIME_` datetime(3) NULL DEFAULT NULL,
  `LAST_UPDATED_TIME_` datetime(3) NULL DEFAULT NULL,
  PRIMARY KEY (`ID_`) USING BTREE,
  INDEX `ACT_IDX_HI_PROCVAR_PROC_INST`(`PROC_INST_ID_`) USING BTREE,
  INDEX `ACT_IDX_HI_PROCVAR_NAME_TYPE`(`NAME_`, `VAR_TYPE_`) USING BTREE,
  INDEX `ACT_IDX_HI_PROCVAR_TASK_ID`(`TASK_ID_`) USING BTREE
) ENGINE = InnoDB CHARACTER SET = utf8 COLLATE = utf8_bin ROW_FORMAT = Dynamic;

-- ----------------------------
-- Records of act_hi_varinst
-- ----------------------------
INSERT INTO `act_hi_varinst` VALUES ('160018', '160011', '160011', NULL, 'spr', 'string', 0, NULL, NULL, NULL, 'test', NULL, '2019-01-16 09:24:36.042', '2019-01-16 09:24:36.042');
INSERT INTO `act_hi_varinst` VALUES ('167508', '167501', '167501', NULL, 'spr', 'string', 0, NULL, NULL, NULL, 'test', NULL, '2019-01-16 09:59:54.840', '2019-01-16 09:59:54.840');
INSERT INTO `act_hi_varinst` VALUES ('167541', '167534', '167534', NULL, 'spr', 'string', 0, NULL, NULL, NULL, 'test', NULL, '2019-01-16 10:13:58.788', '2019-01-16 10:13:58.788');
INSERT INTO `act_hi_varinst` VALUES ('170008', '170001', '170001', NULL, 'spr', 'string', 0, NULL, NULL, NULL, 'test', NULL, '2019-01-16 10:14:49.256', '2019-01-16 10:14:49.256');
INSERT INTO `act_hi_varinst` VALUES ('172508', '172501', '172501', NULL, 'spr', 'string', 0, NULL, NULL, NULL, 'test', NULL, '2019-01-16 10:15:39.367', '2019-01-16 10:15:39.367');
INSERT INTO `act_hi_varinst` VALUES ('172519', '172512', '172512', NULL, 'spr', 'string', 0, NULL, NULL, NULL, 'test', NULL, '2019-01-16 10:18:15.442', '2019-01-16 10:18:15.442');
INSERT INTO `act_hi_varinst` VALUES ('172530', '172523', '172523', NULL, 'spr', 'string', 0, NULL, NULL, NULL, 'test', NULL, '2019-01-16 10:22:42.957', '2019-01-16 10:22:42.957');
INSERT INTO `act_hi_varinst` VALUES ('172541', '172534', '172534', NULL, 'spr', 'string', 0, NULL, NULL, NULL, 'test', NULL, '2019-01-16 10:25:21.394', '2019-01-16 10:25:21.394');
INSERT INTO `act_hi_varinst` VALUES ('172552', '172545', '172545', NULL, 'spr', 'string', 0, NULL, NULL, NULL, 'test', NULL, '2019-01-16 10:25:57.630', '2019-01-16 10:25:57.630');
INSERT INTO `act_hi_varinst` VALUES ('172563', '172556', '172556', NULL, 'spr', 'string', 0, NULL, NULL, NULL, 'test', NULL, '2019-01-16 10:31:06.211', '2019-01-16 10:31:06.211');
INSERT INTO `act_hi_varinst` VALUES ('172574', '172567', '172567', NULL, 'spr', 'string', 0, NULL, NULL, NULL, 'test', NULL, '2019-01-16 10:34:21.666', '2019-01-16 10:34:21.666');
INSERT INTO `act_hi_varinst` VALUES ('172585', '172578', '172578', NULL, 'spr', 'string', 0, NULL, NULL, NULL, 'test', NULL, '2019-01-16 10:34:53.610', '2019-01-16 10:34:53.610');
INSERT INTO `act_hi_varinst` VALUES ('172596', '172589', '172589', NULL, 'spr', 'string', 0, NULL, NULL, NULL, 'test', NULL, '2019-01-16 10:40:15.772', '2019-01-16 10:40:15.772');
INSERT INTO `act_hi_varinst` VALUES ('172607', '172600', '172600', NULL, 'spr', 'string', 0, NULL, NULL, NULL, 'test', NULL, '2019-01-16 10:42:53.086', '2019-01-16 10:42:53.086');
INSERT INTO `act_hi_varinst` VALUES ('175008', '175001', '175001', NULL, 'spr', 'string', 0, NULL, NULL, NULL, 'test', NULL, '2019-01-16 11:11:24.415', '2019-01-16 11:11:24.415');
INSERT INTO `act_hi_varinst` VALUES ('177508', '177501', '177501', NULL, 'spr', 'string', 0, NULL, NULL, NULL, 'test', NULL, '2019-01-16 11:23:50.925', '2019-01-16 11:23:50.925');
INSERT INTO `act_hi_varinst` VALUES ('180008', '180001', '180001', NULL, 'spr', 'string', 0, NULL, NULL, NULL, 'test', NULL, '2019-01-16 12:46:51.485', '2019-01-16 12:46:51.485');
INSERT INTO `act_hi_varinst` VALUES ('182508', '182501', '182501', NULL, 'spr', 'string', 0, NULL, NULL, NULL, 'test', NULL, '2019-01-16 14:07:17.380', '2019-01-16 14:07:17.380');
INSERT INTO `act_hi_varinst` VALUES ('185008', '185001', '185001', NULL, 'spr', 'string', 0, NULL, NULL, NULL, 'test', NULL, '2019-01-16 15:02:23.612', '2019-01-16 15:02:23.612');
INSERT INTO `act_hi_varinst` VALUES ('185019', '185012', '185012', NULL, 'spr', 'string', 0, NULL, NULL, NULL, 'test', NULL, '2019-01-16 15:04:55.450', '2019-01-16 15:04:55.450');
INSERT INTO `act_hi_varinst` VALUES ('185030', '185023', '185023', NULL, 'spr', 'string', 0, NULL, NULL, NULL, 'test', NULL, '2019-01-16 15:05:54.715', '2019-01-16 15:05:54.715');
INSERT INTO `act_hi_varinst` VALUES ('185041', '185034', '185034', NULL, 'spr', 'string', 0, NULL, NULL, NULL, 'test', NULL, '2019-01-16 15:06:15.331', '2019-01-16 15:06:15.331');
INSERT INTO `act_hi_varinst` VALUES ('187508', '187501', '187501', NULL, 'spr', 'string', 0, NULL, NULL, NULL, 'test', NULL, '2019-01-16 15:32:48.337', '2019-01-16 15:32:48.337');
INSERT INTO `act_hi_varinst` VALUES ('187519', '187512', '187512', NULL, 'spr', 'string', 0, NULL, NULL, NULL, 'test', NULL, '2019-01-16 15:33:12.668', '2019-01-16 15:33:12.668');
INSERT INTO `act_hi_varinst` VALUES ('187530', '187523', '187523', NULL, 'spr', 'string', 0, NULL, NULL, NULL, 'test', NULL, '2019-01-16 15:35:14.853', '2019-01-16 15:35:14.853');
INSERT INTO `act_hi_varinst` VALUES ('190008', '190001', '190001', NULL, 'spr', 'string', 0, NULL, NULL, NULL, 'test', NULL, '2019-01-17 15:15:33.097', '2019-01-17 15:15:33.097');
INSERT INTO `act_hi_varinst` VALUES ('192508', '192501', '192501', NULL, 'spr', 'string', 0, NULL, NULL, NULL, '1,2', NULL, '2019-01-17 15:28:59.919', '2019-01-17 15:28:59.919');

-- ----------------------------
-- Table structure for act_id_group
-- ----------------------------
DROP TABLE IF EXISTS `act_id_group`;
CREATE TABLE `act_id_group`  (
  `ID_` varchar(64) CHARACTER SET utf8 COLLATE utf8_bin NOT NULL,
  `REV_` int(11) NULL DEFAULT NULL,
  `NAME_` varchar(255) CHARACTER SET utf8 COLLATE utf8_bin NULL DEFAULT NULL,
  `TYPE_` varchar(255) CHARACTER SET utf8 COLLATE utf8_bin NULL DEFAULT NULL,
  PRIMARY KEY (`ID_`) USING BTREE
) ENGINE = InnoDB CHARACTER SET = utf8 COLLATE = utf8_bin ROW_FORMAT = Dynamic;

-- ----------------------------
-- Table structure for act_id_info
-- ----------------------------
DROP TABLE IF EXISTS `act_id_info`;
CREATE TABLE `act_id_info`  (
  `ID_` varchar(64) CHARACTER SET utf8 COLLATE utf8_bin NOT NULL,
  `REV_` int(11) NULL DEFAULT NULL,
  `USER_ID_` varchar(64) CHARACTER SET utf8 COLLATE utf8_bin NULL DEFAULT NULL,
  `TYPE_` varchar(64) CHARACTER SET utf8 COLLATE utf8_bin NULL DEFAULT NULL,
  `KEY_` varchar(255) CHARACTER SET utf8 COLLATE utf8_bin NULL DEFAULT NULL,
  `VALUE_` varchar(255) CHARACTER SET utf8 COLLATE utf8_bin NULL DEFAULT NULL,
  `PASSWORD_` longblob NULL,
  `PARENT_ID_` varchar(255) CHARACTER SET utf8 COLLATE utf8_bin NULL DEFAULT NULL,
  PRIMARY KEY (`ID_`) USING BTREE
) ENGINE = InnoDB CHARACTER SET = utf8 COLLATE = utf8_bin ROW_FORMAT = Dynamic;

-- ----------------------------
-- Table structure for act_id_membership
-- ----------------------------
DROP TABLE IF EXISTS `act_id_membership`;
CREATE TABLE `act_id_membership`  (
  `USER_ID_` varchar(64) CHARACTER SET utf8 COLLATE utf8_bin NOT NULL,
  `GROUP_ID_` varchar(64) CHARACTER SET utf8 COLLATE utf8_bin NOT NULL,
  PRIMARY KEY (`USER_ID_`, `GROUP_ID_`) USING BTREE,
  INDEX `ACT_FK_MEMB_GROUP`(`GROUP_ID_`) USING BTREE,
  CONSTRAINT `ACT_FK_MEMB_GROUP` FOREIGN KEY (`GROUP_ID_`) REFERENCES `act_id_group` (`ID_`) ON DELETE RESTRICT ON UPDATE RESTRICT,
  CONSTRAINT `ACT_FK_MEMB_USER` FOREIGN KEY (`USER_ID_`) REFERENCES `act_id_user` (`ID_`) ON DELETE RESTRICT ON UPDATE RESTRICT
) ENGINE = InnoDB CHARACTER SET = utf8 COLLATE = utf8_bin ROW_FORMAT = Dynamic;

-- ----------------------------
-- Table structure for act_id_user
-- ----------------------------
DROP TABLE IF EXISTS `act_id_user`;
CREATE TABLE `act_id_user`  (
  `ID_` varchar(64) CHARACTER SET utf8 COLLATE utf8_bin NOT NULL,
  `REV_` int(11) NULL DEFAULT NULL,
  `FIRST_` varchar(255) CHARACTER SET utf8 COLLATE utf8_bin NULL DEFAULT NULL,
  `LAST_` varchar(255) CHARACTER SET utf8 COLLATE utf8_bin NULL DEFAULT NULL,
  `EMAIL_` varchar(255) CHARACTER SET utf8 COLLATE utf8_bin NULL DEFAULT NULL,
  `PWD_` varchar(255) CHARACTER SET utf8 COLLATE utf8_bin NULL DEFAULT NULL,
  `PICTURE_ID_` varchar(64) CHARACTER SET utf8 COLLATE utf8_bin NULL DEFAULT NULL,
  PRIMARY KEY (`ID_`) USING BTREE
) ENGINE = InnoDB CHARACTER SET = utf8 COLLATE = utf8_bin ROW_FORMAT = Dynamic;

-- ----------------------------
-- Table structure for act_procdef_info
-- ----------------------------
DROP TABLE IF EXISTS `act_procdef_info`;
CREATE TABLE `act_procdef_info`  (
  `ID_` varchar(64) CHARACTER SET utf8 COLLATE utf8_bin NOT NULL,
  `PROC_DEF_ID_` varchar(64) CHARACTER SET utf8 COLLATE utf8_bin NOT NULL,
  `REV_` int(11) NULL DEFAULT NULL,
  `INFO_JSON_ID_` varchar(64) CHARACTER SET utf8 COLLATE utf8_bin NULL DEFAULT NULL,
  PRIMARY KEY (`ID_`) USING BTREE,
  UNIQUE INDEX `ACT_UNIQ_INFO_PROCDEF`(`PROC_DEF_ID_`) USING BTREE,
  INDEX `ACT_IDX_INFO_PROCDEF`(`PROC_DEF_ID_`) USING BTREE,
  INDEX `ACT_FK_INFO_JSON_BA`(`INFO_JSON_ID_`) USING BTREE,
  CONSTRAINT `ACT_FK_INFO_JSON_BA` FOREIGN KEY (`INFO_JSON_ID_`) REFERENCES `act_ge_bytearray` (`ID_`) ON DELETE RESTRICT ON UPDATE RESTRICT,
  CONSTRAINT `ACT_FK_INFO_PROCDEF` FOREIGN KEY (`PROC_DEF_ID_`) REFERENCES `act_re_procdef` (`ID_`) ON DELETE RESTRICT ON UPDATE RESTRICT
) ENGINE = InnoDB CHARACTER SET = utf8 COLLATE = utf8_bin ROW_FORMAT = Dynamic;

-- ----------------------------
-- Table structure for act_re_deployment
-- ----------------------------
DROP TABLE IF EXISTS `act_re_deployment`;
CREATE TABLE `act_re_deployment`  (
  `ID_` varchar(64) CHARACTER SET utf8 COLLATE utf8_bin NOT NULL,
  `NAME_` varchar(255) CHARACTER SET utf8 COLLATE utf8_bin NULL DEFAULT NULL,
  `CATEGORY_` varchar(255) CHARACTER SET utf8 COLLATE utf8_bin NULL DEFAULT NULL,
  `KEY_` varchar(255) CHARACTER SET utf8 COLLATE utf8_bin NULL DEFAULT NULL,
  `TENANT_ID_` varchar(255) CHARACTER SET utf8 COLLATE utf8_bin NULL DEFAULT '',
  `DEPLOY_TIME_` timestamp(3) NULL DEFAULT NULL,
  `ENGINE_VERSION_` varchar(255) CHARACTER SET utf8 COLLATE utf8_bin NULL DEFAULT NULL,
  PRIMARY KEY (`ID_`) USING BTREE
) ENGINE = InnoDB CHARACTER SET = utf8 COLLATE = utf8_bin ROW_FORMAT = Dynamic;

-- ----------------------------
-- Records of act_re_deployment
-- ----------------------------
INSERT INTO `act_re_deployment` VALUES ('160006', 'leave.zip', NULL, NULL, '', '2019-01-16 09:17:46.505', NULL);

-- ----------------------------
-- Table structure for act_re_model
-- ----------------------------
DROP TABLE IF EXISTS `act_re_model`;
CREATE TABLE `act_re_model`  (
  `ID_` varchar(64) CHARACTER SET utf8 COLLATE utf8_bin NOT NULL,
  `REV_` int(11) NULL DEFAULT NULL,
  `NAME_` varchar(255) CHARACTER SET utf8 COLLATE utf8_bin NULL DEFAULT NULL,
  `KEY_` varchar(255) CHARACTER SET utf8 COLLATE utf8_bin NULL DEFAULT NULL,
  `CATEGORY_` varchar(255) CHARACTER SET utf8 COLLATE utf8_bin NULL DEFAULT NULL,
  `CREATE_TIME_` timestamp(3) NULL DEFAULT NULL,
  `LAST_UPDATE_TIME_` timestamp(3) NULL DEFAULT NULL,
  `VERSION_` int(11) NULL DEFAULT NULL,
  `META_INFO_` varchar(4000) CHARACTER SET utf8 COLLATE utf8_bin NULL DEFAULT NULL,
  `DEPLOYMENT_ID_` varchar(64) CHARACTER SET utf8 COLLATE utf8_bin NULL DEFAULT NULL,
  `EDITOR_SOURCE_VALUE_ID_` varchar(64) CHARACTER SET utf8 COLLATE utf8_bin NULL DEFAULT NULL,
  `EDITOR_SOURCE_EXTRA_VALUE_ID_` varchar(64) CHARACTER SET utf8 COLLATE utf8_bin NULL DEFAULT NULL,
  `TENANT_ID_` varchar(255) CHARACTER SET utf8 COLLATE utf8_bin NULL DEFAULT '',
  PRIMARY KEY (`ID_`) USING BTREE,
  INDEX `ACT_FK_MODEL_SOURCE`(`EDITOR_SOURCE_VALUE_ID_`) USING BTREE,
  INDEX `ACT_FK_MODEL_SOURCE_EXTRA`(`EDITOR_SOURCE_EXTRA_VALUE_ID_`) USING BTREE,
  INDEX `ACT_FK_MODEL_DEPLOYMENT`(`DEPLOYMENT_ID_`) USING BTREE,
  CONSTRAINT `ACT_FK_MODEL_DEPLOYMENT` FOREIGN KEY (`DEPLOYMENT_ID_`) REFERENCES `act_re_deployment` (`ID_`) ON DELETE RESTRICT ON UPDATE RESTRICT,
  CONSTRAINT `ACT_FK_MODEL_SOURCE` FOREIGN KEY (`EDITOR_SOURCE_VALUE_ID_`) REFERENCES `act_ge_bytearray` (`ID_`) ON DELETE RESTRICT ON UPDATE RESTRICT,
  CONSTRAINT `ACT_FK_MODEL_SOURCE_EXTRA` FOREIGN KEY (`EDITOR_SOURCE_EXTRA_VALUE_ID_`) REFERENCES `act_ge_bytearray` (`ID_`) ON DELETE RESTRICT ON UPDATE RESTRICT
) ENGINE = InnoDB CHARACTER SET = utf8 COLLATE = utf8_bin ROW_FORMAT = Dynamic;

-- ----------------------------
-- Table structure for act_re_procdef
-- ----------------------------
DROP TABLE IF EXISTS `act_re_procdef`;
CREATE TABLE `act_re_procdef`  (
  `ID_` varchar(64) CHARACTER SET utf8 COLLATE utf8_bin NOT NULL,
  `REV_` int(11) NULL DEFAULT NULL,
  `CATEGORY_` varchar(255) CHARACTER SET utf8 COLLATE utf8_bin NULL DEFAULT NULL,
  `NAME_` varchar(255) CHARACTER SET utf8 COLLATE utf8_bin NULL DEFAULT NULL,
  `KEY_` varchar(255) CHARACTER SET utf8 COLLATE utf8_bin NOT NULL,
  `VERSION_` int(11) NOT NULL,
  `DEPLOYMENT_ID_` varchar(64) CHARACTER SET utf8 COLLATE utf8_bin NULL DEFAULT NULL,
  `RESOURCE_NAME_` varchar(4000) CHARACTER SET utf8 COLLATE utf8_bin NULL DEFAULT NULL,
  `DGRM_RESOURCE_NAME_` varchar(4000) CHARACTER SET utf8 COLLATE utf8_bin NULL DEFAULT NULL,
  `DESCRIPTION_` varchar(4000) CHARACTER SET utf8 COLLATE utf8_bin NULL DEFAULT NULL,
  `HAS_START_FORM_KEY_` tinyint(4) NULL DEFAULT NULL,
  `HAS_GRAPHICAL_NOTATION_` tinyint(4) NULL DEFAULT NULL,
  `SUSPENSION_STATE_` int(11) NULL DEFAULT NULL,
  `TENANT_ID_` varchar(255) CHARACTER SET utf8 COLLATE utf8_bin NULL DEFAULT '',
  `ENGINE_VERSION_` varchar(255) CHARACTER SET utf8 COLLATE utf8_bin NULL DEFAULT NULL,
  PRIMARY KEY (`ID_`) USING BTREE,
  UNIQUE INDEX `ACT_UNIQ_PROCDEF`(`KEY_`, `VERSION_`, `TENANT_ID_`) USING BTREE
) ENGINE = InnoDB CHARACTER SET = utf8 COLLATE = utf8_bin ROW_FORMAT = Dynamic;

-- ----------------------------
-- Records of act_re_procdef
-- ----------------------------
INSERT INTO `act_re_procdef` VALUES ('leave:1:160010', 1, 'http://www.activiti.org/test', '请假流程', 'leave', 1, '160006', 'leave.bpmn', 'leave.png', NULL, 0, 1, 1, '', NULL);

-- ----------------------------
-- Table structure for act_ru_deadletter_job
-- ----------------------------
DROP TABLE IF EXISTS `act_ru_deadletter_job`;
CREATE TABLE `act_ru_deadletter_job`  (
  `ID_` varchar(64) CHARACTER SET utf8 COLLATE utf8_bin NOT NULL,
  `REV_` int(11) NULL DEFAULT NULL,
  `TYPE_` varchar(255) CHARACTER SET utf8 COLLATE utf8_bin NOT NULL,
  `EXCLUSIVE_` tinyint(1) NULL DEFAULT NULL,
  `EXECUTION_ID_` varchar(64) CHARACTER SET utf8 COLLATE utf8_bin NULL DEFAULT NULL,
  `PROCESS_INSTANCE_ID_` varchar(64) CHARACTER SET utf8 COLLATE utf8_bin NULL DEFAULT NULL,
  `PROC_DEF_ID_` varchar(64) CHARACTER SET utf8 COLLATE utf8_bin NULL DEFAULT NULL,
  `EXCEPTION_STACK_ID_` varchar(64) CHARACTER SET utf8 COLLATE utf8_bin NULL DEFAULT NULL,
  `EXCEPTION_MSG_` varchar(4000) CHARACTER SET utf8 COLLATE utf8_bin NULL DEFAULT NULL,
  `DUEDATE_` timestamp(3) NULL DEFAULT NULL,
  `REPEAT_` varchar(255) CHARACTER SET utf8 COLLATE utf8_bin NULL DEFAULT NULL,
  `HANDLER_TYPE_` varchar(255) CHARACTER SET utf8 COLLATE utf8_bin NULL DEFAULT NULL,
  `HANDLER_CFG_` varchar(4000) CHARACTER SET utf8 COLLATE utf8_bin NULL DEFAULT NULL,
  `TENANT_ID_` varchar(255) CHARACTER SET utf8 COLLATE utf8_bin NULL DEFAULT '',
  PRIMARY KEY (`ID_`) USING BTREE,
  INDEX `ACT_FK_DEADLETTER_JOB_EXECUTION`(`EXECUTION_ID_`) USING BTREE,
  INDEX `ACT_FK_DEADLETTER_JOB_PROCESS_INSTANCE`(`PROCESS_INSTANCE_ID_`) USING BTREE,
  INDEX `ACT_FK_DEADLETTER_JOB_PROC_DEF`(`PROC_DEF_ID_`) USING BTREE,
  INDEX `ACT_FK_DEADLETTER_JOB_EXCEPTION`(`EXCEPTION_STACK_ID_`) USING BTREE,
  CONSTRAINT `ACT_FK_DEADLETTER_JOB_EXCEPTION` FOREIGN KEY (`EXCEPTION_STACK_ID_`) REFERENCES `act_ge_bytearray` (`ID_`) ON DELETE RESTRICT ON UPDATE RESTRICT,
  CONSTRAINT `ACT_FK_DEADLETTER_JOB_EXECUTION` FOREIGN KEY (`EXECUTION_ID_`) REFERENCES `act_ru_execution` (`ID_`) ON DELETE RESTRICT ON UPDATE RESTRICT,
  CONSTRAINT `ACT_FK_DEADLETTER_JOB_PROCESS_INSTANCE` FOREIGN KEY (`PROCESS_INSTANCE_ID_`) REFERENCES `act_ru_execution` (`ID_`) ON DELETE RESTRICT ON UPDATE RESTRICT,
  CONSTRAINT `ACT_FK_DEADLETTER_JOB_PROC_DEF` FOREIGN KEY (`PROC_DEF_ID_`) REFERENCES `act_re_procdef` (`ID_`) ON DELETE RESTRICT ON UPDATE RESTRICT
) ENGINE = InnoDB CHARACTER SET = utf8 COLLATE = utf8_bin ROW_FORMAT = Dynamic;

-- ----------------------------
-- Table structure for act_ru_event_subscr
-- ----------------------------
DROP TABLE IF EXISTS `act_ru_event_subscr`;
CREATE TABLE `act_ru_event_subscr`  (
  `ID_` varchar(64) CHARACTER SET utf8 COLLATE utf8_bin NOT NULL,
  `REV_` int(11) NULL DEFAULT NULL,
  `EVENT_TYPE_` varchar(255) CHARACTER SET utf8 COLLATE utf8_bin NOT NULL,
  `EVENT_NAME_` varchar(255) CHARACTER SET utf8 COLLATE utf8_bin NULL DEFAULT NULL,
  `EXECUTION_ID_` varchar(64) CHARACTER SET utf8 COLLATE utf8_bin NULL DEFAULT NULL,
  `PROC_INST_ID_` varchar(64) CHARACTER SET utf8 COLLATE utf8_bin NULL DEFAULT NULL,
  `ACTIVITY_ID_` varchar(64) CHARACTER SET utf8 COLLATE utf8_bin NULL DEFAULT NULL,
  `CONFIGURATION_` varchar(255) CHARACTER SET utf8 COLLATE utf8_bin NULL DEFAULT NULL,
  `CREATED_` timestamp(3) NOT NULL DEFAULT CURRENT_TIMESTAMP(3),
  `PROC_DEF_ID_` varchar(64) CHARACTER SET utf8 COLLATE utf8_bin NULL DEFAULT NULL,
  `TENANT_ID_` varchar(255) CHARACTER SET utf8 COLLATE utf8_bin NULL DEFAULT '',
  PRIMARY KEY (`ID_`) USING BTREE,
  INDEX `ACT_IDX_EVENT_SUBSCR_CONFIG_`(`CONFIGURATION_`) USING BTREE,
  INDEX `ACT_FK_EVENT_EXEC`(`EXECUTION_ID_`) USING BTREE,
  CONSTRAINT `ACT_FK_EVENT_EXEC` FOREIGN KEY (`EXECUTION_ID_`) REFERENCES `act_ru_execution` (`ID_`) ON DELETE RESTRICT ON UPDATE RESTRICT
) ENGINE = InnoDB CHARACTER SET = utf8 COLLATE = utf8_bin ROW_FORMAT = Dynamic;

-- ----------------------------
-- Table structure for act_ru_execution
-- ----------------------------
DROP TABLE IF EXISTS `act_ru_execution`;
CREATE TABLE `act_ru_execution`  (
  `ID_` varchar(64) CHARACTER SET utf8 COLLATE utf8_bin NOT NULL,
  `REV_` int(11) NULL DEFAULT NULL,
  `PROC_INST_ID_` varchar(64) CHARACTER SET utf8 COLLATE utf8_bin NULL DEFAULT NULL,
  `BUSINESS_KEY_` varchar(255) CHARACTER SET utf8 COLLATE utf8_bin NULL DEFAULT NULL,
  `PARENT_ID_` varchar(64) CHARACTER SET utf8 COLLATE utf8_bin NULL DEFAULT NULL,
  `PROC_DEF_ID_` varchar(64) CHARACTER SET utf8 COLLATE utf8_bin NULL DEFAULT NULL,
  `SUPER_EXEC_` varchar(64) CHARACTER SET utf8 COLLATE utf8_bin NULL DEFAULT NULL,
  `ROOT_PROC_INST_ID_` varchar(64) CHARACTER SET utf8 COLLATE utf8_bin NULL DEFAULT NULL,
  `ACT_ID_` varchar(255) CHARACTER SET utf8 COLLATE utf8_bin NULL DEFAULT NULL,
  `IS_ACTIVE_` tinyint(4) NULL DEFAULT NULL,
  `IS_CONCURRENT_` tinyint(4) NULL DEFAULT NULL,
  `IS_SCOPE_` tinyint(4) NULL DEFAULT NULL,
  `IS_EVENT_SCOPE_` tinyint(4) NULL DEFAULT NULL,
  `IS_MI_ROOT_` tinyint(4) NULL DEFAULT NULL,
  `SUSPENSION_STATE_` int(11) NULL DEFAULT NULL,
  `CACHED_ENT_STATE_` int(11) NULL DEFAULT NULL,
  `TENANT_ID_` varchar(255) CHARACTER SET utf8 COLLATE utf8_bin NULL DEFAULT '',
  `NAME_` varchar(255) CHARACTER SET utf8 COLLATE utf8_bin NULL DEFAULT NULL,
  `START_TIME_` datetime(3) NULL DEFAULT NULL,
  `START_USER_ID_` varchar(255) CHARACTER SET utf8 COLLATE utf8_bin NULL DEFAULT NULL,
  `LOCK_TIME_` timestamp(3) NULL DEFAULT NULL,
  `IS_COUNT_ENABLED_` tinyint(4) NULL DEFAULT NULL,
  `EVT_SUBSCR_COUNT_` int(11) NULL DEFAULT NULL,
  `TASK_COUNT_` int(11) NULL DEFAULT NULL,
  `JOB_COUNT_` int(11) NULL DEFAULT NULL,
  `TIMER_JOB_COUNT_` int(11) NULL DEFAULT NULL,
  `SUSP_JOB_COUNT_` int(11) NULL DEFAULT NULL,
  `DEADLETTER_JOB_COUNT_` int(11) NULL DEFAULT NULL,
  `VAR_COUNT_` int(11) NULL DEFAULT NULL,
  `ID_LINK_COUNT_` int(11) NULL DEFAULT NULL,
  PRIMARY KEY (`ID_`) USING BTREE,
  INDEX `ACT_IDX_EXEC_BUSKEY`(`BUSINESS_KEY_`) USING BTREE,
  INDEX `ACT_IDC_EXEC_ROOT`(`ROOT_PROC_INST_ID_`) USING BTREE,
  INDEX `ACT_FK_EXE_PROCINST`(`PROC_INST_ID_`) USING BTREE,
  INDEX `ACT_FK_EXE_PARENT`(`PARENT_ID_`) USING BTREE,
  INDEX `ACT_FK_EXE_SUPER`(`SUPER_EXEC_`) USING BTREE,
  INDEX `ACT_FK_EXE_PROCDEF`(`PROC_DEF_ID_`) USING BTREE,
  CONSTRAINT `ACT_FK_EXE_PARENT` FOREIGN KEY (`PARENT_ID_`) REFERENCES `act_ru_execution` (`ID_`) ON DELETE CASCADE ON UPDATE RESTRICT,
  CONSTRAINT `ACT_FK_EXE_PROCDEF` FOREIGN KEY (`PROC_DEF_ID_`) REFERENCES `act_re_procdef` (`ID_`) ON DELETE RESTRICT ON UPDATE RESTRICT,
  CONSTRAINT `ACT_FK_EXE_PROCINST` FOREIGN KEY (`PROC_INST_ID_`) REFERENCES `act_ru_execution` (`ID_`) ON DELETE CASCADE ON UPDATE CASCADE,
  CONSTRAINT `ACT_FK_EXE_SUPER` FOREIGN KEY (`SUPER_EXEC_`) REFERENCES `act_ru_execution` (`ID_`) ON DELETE CASCADE ON UPDATE RESTRICT
) ENGINE = InnoDB CHARACTER SET = utf8 COLLATE = utf8_bin ROW_FORMAT = Dynamic;

-- ----------------------------
-- Records of act_ru_execution
-- ----------------------------
INSERT INTO `act_ru_execution` VALUES ('160011', 1, '160011', '201901160919262', NULL, 'leave:1:160010', NULL, '160011', NULL, 1, 0, 1, 0, 0, 1, NULL, '', NULL, '2019-01-16 09:24:35.823', NULL, NULL, 0, 0, 0, 0, 0, 0, 0, 0, 0);
INSERT INTO `act_ru_execution` VALUES ('160012', 2, '160011', NULL, '160011', 'leave:1:160010', NULL, '160011', 'usertask2', 1, 0, 0, 0, 0, 1, NULL, '', NULL, '2019-01-16 09:24:35.824', NULL, NULL, 0, 0, 0, 0, 0, 0, 0, 0, 0);
INSERT INTO `act_ru_execution` VALUES ('167501', 1, '167501', '201901160959442', NULL, 'leave:1:160010', NULL, '167501', NULL, 1, 0, 1, 0, 0, 1, NULL, '', NULL, '2019-01-16 09:59:54.722', NULL, NULL, 0, 0, 0, 0, 0, 0, 0, 0, 0);
INSERT INTO `act_ru_execution` VALUES ('167502', 2, '167501', NULL, '167501', 'leave:1:160010', NULL, '167501', 'usertask2', 1, 0, 0, 0, 0, 1, NULL, '', NULL, '2019-01-16 09:59:54.737', NULL, NULL, 0, 0, 0, 0, 0, 0, 0, 0, 0);
INSERT INTO `act_ru_execution` VALUES ('167534', 1, '167534', '201901161013472', NULL, 'leave:1:160010', NULL, '167534', NULL, 1, 0, 1, 0, 0, 1, NULL, '', NULL, '2019-01-16 10:13:58.703', NULL, NULL, 0, 0, 0, 0, 0, 0, 0, 0, 0);
INSERT INTO `act_ru_execution` VALUES ('167535', 2, '167534', NULL, '167534', 'leave:1:160010', NULL, '167534', 'usertask2', 1, 0, 0, 0, 0, 1, NULL, '', NULL, '2019-01-16 10:13:58.703', NULL, NULL, 0, 0, 0, 0, 0, 0, 0, 0, 0);
INSERT INTO `act_ru_execution` VALUES ('170001', 1, '170001', '201901161014402', NULL, 'leave:1:160010', NULL, '170001', NULL, 1, 0, 1, 0, 0, 1, NULL, '', NULL, '2019-01-16 10:14:49.140', NULL, NULL, 0, 0, 0, 0, 0, 0, 0, 0, 0);
INSERT INTO `act_ru_execution` VALUES ('170002', 2, '170001', NULL, '170001', 'leave:1:160010', NULL, '170001', 'usertask2', 1, 0, 0, 0, 0, 1, NULL, '', NULL, '2019-01-16 10:14:49.156', NULL, NULL, 0, 0, 0, 0, 0, 0, 0, 0, 0);
INSERT INTO `act_ru_execution` VALUES ('172501', 1, '172501', '201901161015282', NULL, 'leave:1:160010', NULL, '172501', NULL, 1, 0, 1, 0, 0, 1, NULL, '', NULL, '2019-01-16 10:15:39.269', NULL, NULL, 0, 0, 0, 0, 0, 0, 0, 0, 0);
INSERT INTO `act_ru_execution` VALUES ('172502', 2, '172501', NULL, '172501', 'leave:1:160010', NULL, '172501', 'usertask2', 1, 0, 0, 0, 0, 1, NULL, '', NULL, '2019-01-16 10:15:39.284', NULL, NULL, 0, 0, 0, 0, 0, 0, 0, 0, 0);
INSERT INTO `act_ru_execution` VALUES ('172512', 1, '172512', '201901161018082', NULL, 'leave:1:160010', NULL, '172512', NULL, 1, 0, 1, 0, 0, 1, NULL, '', NULL, '2019-01-16 10:18:15.360', NULL, NULL, 0, 0, 0, 0, 0, 0, 0, 0, 0);
INSERT INTO `act_ru_execution` VALUES ('172513', 2, '172512', NULL, '172512', 'leave:1:160010', NULL, '172512', 'usertask2', 1, 0, 0, 0, 0, 1, NULL, '', NULL, '2019-01-16 10:18:15.361', NULL, NULL, 0, 0, 0, 0, 0, 0, 0, 0, 0);
INSERT INTO `act_ru_execution` VALUES ('172523', 1, '172523', '201901161022342', NULL, 'leave:1:160010', NULL, '172523', NULL, 1, 0, 1, 0, 0, 1, NULL, '', NULL, '2019-01-16 10:22:42.872', NULL, NULL, 0, 0, 0, 0, 0, 0, 0, 0, 0);
INSERT INTO `act_ru_execution` VALUES ('172524', 2, '172523', NULL, '172523', 'leave:1:160010', NULL, '172523', 'usertask2', 1, 0, 0, 0, 0, 1, NULL, '', NULL, '2019-01-16 10:22:42.873', NULL, NULL, 0, 0, 0, 0, 0, 0, 0, 0, 0);
INSERT INTO `act_ru_execution` VALUES ('172534', 1, '172534', '201901161025152', NULL, 'leave:1:160010', NULL, '172534', NULL, 1, 0, 1, 0, 0, 1, NULL, '', NULL, '2019-01-16 10:25:21.307', NULL, NULL, 0, 0, 0, 0, 0, 0, 0, 0, 0);
INSERT INTO `act_ru_execution` VALUES ('172535', 2, '172534', NULL, '172534', 'leave:1:160010', NULL, '172534', 'usertask2', 1, 0, 0, 0, 0, 1, NULL, '', NULL, '2019-01-16 10:25:21.308', NULL, NULL, 0, 0, 0, 0, 0, 0, 0, 0, 0);
INSERT INTO `act_ru_execution` VALUES ('172545', 1, '172545', '201901161025502', NULL, 'leave:1:160010', NULL, '172545', NULL, 1, 0, 1, 0, 0, 1, NULL, '', NULL, '2019-01-16 10:25:57.545', NULL, NULL, 0, 0, 0, 0, 0, 0, 0, 0, 0);
INSERT INTO `act_ru_execution` VALUES ('172546', 2, '172545', NULL, '172545', 'leave:1:160010', NULL, '172545', 'usertask2', 1, 0, 0, 0, 0, 1, NULL, '', NULL, '2019-01-16 10:25:57.546', NULL, NULL, 0, 0, 0, 0, 0, 0, 0, 0, 0);
INSERT INTO `act_ru_execution` VALUES ('172556', 1, '172556', '201901161030582', NULL, 'leave:1:160010', NULL, '172556', NULL, 1, 0, 1, 0, 0, 1, NULL, '', NULL, '2019-01-16 10:31:06.138', NULL, NULL, 0, 0, 0, 0, 0, 0, 0, 0, 0);
INSERT INTO `act_ru_execution` VALUES ('172557', 2, '172556', NULL, '172556', 'leave:1:160010', NULL, '172556', 'usertask2', 1, 0, 0, 0, 0, 1, NULL, '', NULL, '2019-01-16 10:31:06.138', NULL, NULL, 0, 0, 0, 0, 0, 0, 0, 0, 0);
INSERT INTO `act_ru_execution` VALUES ('172567', 1, '172567', '201901161033492', NULL, 'leave:1:160010', NULL, '172567', NULL, 1, 0, 1, 0, 0, 1, NULL, '', NULL, '2019-01-16 10:34:21.590', NULL, NULL, 0, 0, 0, 0, 0, 0, 0, 0, 0);
INSERT INTO `act_ru_execution` VALUES ('172568', 2, '172567', NULL, '172567', 'leave:1:160010', NULL, '172567', 'usertask2', 1, 0, 0, 0, 0, 1, NULL, '', NULL, '2019-01-16 10:34:21.590', NULL, NULL, 0, 0, 0, 0, 0, 0, 0, 0, 0);
INSERT INTO `act_ru_execution` VALUES ('172578', 1, '172578', '201901161034452', NULL, 'leave:1:160010', NULL, '172578', NULL, 1, 0, 1, 0, 0, 1, NULL, '', NULL, '2019-01-16 10:34:53.542', NULL, NULL, 0, 0, 0, 0, 0, 0, 0, 0, 0);
INSERT INTO `act_ru_execution` VALUES ('172579', 2, '172578', NULL, '172578', 'leave:1:160010', NULL, '172578', 'usertask2', 1, 0, 0, 0, 0, 1, NULL, '', NULL, '2019-01-16 10:34:53.543', NULL, NULL, 0, 0, 0, 0, 0, 0, 0, 0, 0);
INSERT INTO `act_ru_execution` VALUES ('172589', 1, '172589', '201901161040082', NULL, 'leave:1:160010', NULL, '172589', NULL, 1, 0, 1, 0, 0, 1, NULL, '', NULL, '2019-01-16 10:40:15.699', NULL, NULL, 0, 0, 0, 0, 0, 0, 0, 0, 0);
INSERT INTO `act_ru_execution` VALUES ('172590', 2, '172589', NULL, '172589', 'leave:1:160010', NULL, '172589', 'usertask2', 1, 0, 0, 0, 0, 1, NULL, '', NULL, '2019-01-16 10:40:15.700', NULL, NULL, 0, 0, 0, 0, 0, 0, 0, 0, 0);
INSERT INTO `act_ru_execution` VALUES ('172600', 1, '172600', '201901161042422', NULL, 'leave:1:160010', NULL, '172600', NULL, 1, 0, 1, 0, 0, 1, NULL, '', NULL, '2019-01-16 10:42:52.992', NULL, NULL, 0, 0, 0, 0, 0, 0, 0, 0, 0);
INSERT INTO `act_ru_execution` VALUES ('172601', 2, '172600', NULL, '172600', 'leave:1:160010', NULL, '172600', 'usertask2', 1, 0, 0, 0, 0, 1, NULL, '', NULL, '2019-01-16 10:42:52.992', NULL, NULL, 0, 0, 0, 0, 0, 0, 0, 0, 0);
INSERT INTO `act_ru_execution` VALUES ('175001', 1, '175001', '201901161111132', NULL, 'leave:1:160010', NULL, '175001', NULL, 1, 0, 1, 0, 0, 1, NULL, '', NULL, '2019-01-16 11:11:24.188', NULL, NULL, 0, 0, 0, 0, 0, 0, 0, 0, 0);
INSERT INTO `act_ru_execution` VALUES ('175002', 2, '175001', NULL, '175001', 'leave:1:160010', NULL, '175001', 'usertask2', 1, 0, 0, 0, 0, 1, NULL, '', NULL, '2019-01-16 11:11:24.211', NULL, NULL, 0, 0, 0, 0, 0, 0, 0, 0, 0);
INSERT INTO `act_ru_execution` VALUES ('177501', 1, '177501', '201901161123402', NULL, 'leave:1:160010', NULL, '177501', NULL, 1, 0, 1, 0, 0, 1, NULL, '', NULL, '2019-01-16 11:23:50.687', NULL, NULL, 0, 0, 0, 0, 0, 0, 0, 0, 0);
INSERT INTO `act_ru_execution` VALUES ('177502', 2, '177501', NULL, '177501', 'leave:1:160010', NULL, '177501', 'usertask2', 1, 0, 0, 0, 0, 1, NULL, '', NULL, '2019-01-16 11:23:50.725', NULL, NULL, 0, 0, 0, 0, 0, 0, 0, 0, 0);
INSERT INTO `act_ru_execution` VALUES ('180001', 1, '180001', '201901161246332', NULL, 'leave:1:160010', NULL, '180001', NULL, 1, 0, 1, 0, 0, 1, NULL, '', NULL, '2019-01-16 12:46:51.263', '2', NULL, 0, 0, 0, 0, 0, 0, 0, 0, 0);
INSERT INTO `act_ru_execution` VALUES ('180003', 2, '180001', NULL, '180001', 'leave:1:160010', NULL, '180001', 'usertask2', 1, 0, 0, 0, 0, 1, NULL, '', NULL, '2019-01-16 12:46:51.294', NULL, NULL, 0, 0, 0, 0, 0, 0, 0, 0, 0);
INSERT INTO `act_ru_execution` VALUES ('182501', 1, '182501', '201901161407102', NULL, 'leave:1:160010', NULL, '182501', NULL, 1, 0, 1, 0, 0, 1, NULL, '', NULL, '2019-01-16 14:07:17.145', '2', NULL, 0, 0, 0, 0, 0, 0, 0, 0, 0);
INSERT INTO `act_ru_execution` VALUES ('182503', 2, '182501', NULL, '182501', 'leave:1:160010', NULL, '182501', 'usertask2', 1, 0, 0, 0, 0, 1, NULL, '', NULL, '2019-01-16 14:07:17.176', NULL, NULL, 0, 0, 0, 0, 0, 0, 0, 0, 0);
INSERT INTO `act_ru_execution` VALUES ('185001', 1, '185001', '201901161501032', NULL, 'leave:1:160010', NULL, '185001', NULL, 1, 0, 1, 0, 0, 1, NULL, '', NULL, '2019-01-16 15:02:23.410', '2', NULL, 0, 0, 0, 0, 0, 0, 0, 0, 0);
INSERT INTO `act_ru_execution` VALUES ('185003', 2, '185001', NULL, '185001', 'leave:1:160010', NULL, '185001', 'usertask2', 1, 0, 0, 0, 0, 1, NULL, '', NULL, '2019-01-16 15:02:23.440', NULL, NULL, 0, 0, 0, 0, 0, 0, 0, 0, 0);
INSERT INTO `act_ru_execution` VALUES ('185012', 1, '185012', '201901161502282', NULL, 'leave:1:160010', NULL, '185012', NULL, 1, 0, 1, 0, 0, 1, NULL, '', NULL, '2019-01-16 15:04:36.733', '2', NULL, 0, 0, 0, 0, 0, 0, 0, 0, 0);
INSERT INTO `act_ru_execution` VALUES ('185014', 2, '185012', NULL, '185012', 'leave:1:160010', NULL, '185012', 'usertask2', 1, 0, 0, 0, 0, 1, NULL, '', NULL, '2019-01-16 15:04:36.734', NULL, NULL, 0, 0, 0, 0, 0, 0, 0, 0, 0);
INSERT INTO `act_ru_execution` VALUES ('185023', 1, '185023', '201901161505412', NULL, 'leave:1:160010', NULL, '185023', NULL, 1, 0, 1, 0, 0, 1, NULL, '', NULL, '2019-01-16 15:05:54.626', '2', NULL, 0, 0, 0, 0, 0, 0, 0, 0, 0);
INSERT INTO `act_ru_execution` VALUES ('185025', 2, '185023', NULL, '185023', 'leave:1:160010', NULL, '185023', 'usertask2', 1, 0, 0, 0, 0, 1, NULL, '', NULL, '2019-01-16 15:05:54.627', NULL, NULL, 0, 0, 0, 0, 0, 0, 0, 0, 0);
INSERT INTO `act_ru_execution` VALUES ('185034', 1, '185034', '201901161506022', NULL, 'leave:1:160010', NULL, '185034', NULL, 1, 0, 1, 0, 0, 1, NULL, '', NULL, '2019-01-16 15:06:15.225', '2', NULL, 0, 0, 0, 0, 0, 0, 0, 0, 0);
INSERT INTO `act_ru_execution` VALUES ('185036', 2, '185034', NULL, '185034', 'leave:1:160010', NULL, '185034', 'usertask2', 1, 0, 0, 0, 0, 1, NULL, '', NULL, '2019-01-16 15:06:15.225', NULL, NULL, 0, 0, 0, 0, 0, 0, 0, 0, 0);
INSERT INTO `act_ru_execution` VALUES ('187501', 1, '187501', '201901161532382', NULL, 'leave:1:160010', NULL, '187501', NULL, 1, 0, 1, 0, 0, 1, NULL, '', NULL, '2019-01-16 15:32:48.218', '2', NULL, 0, 0, 0, 0, 0, 0, 0, 0, 0);
INSERT INTO `act_ru_execution` VALUES ('187503', 2, '187501', NULL, '187501', 'leave:1:160010', NULL, '187501', 'usertask2', 1, 0, 0, 0, 0, 1, NULL, '', NULL, '2019-01-16 15:32:48.246', NULL, NULL, 0, 0, 0, 0, 0, 0, 0, 0, 0);
INSERT INTO `act_ru_execution` VALUES ('187512', 1, '187512', '201901161532532', NULL, 'leave:1:160010', NULL, '187512', NULL, 1, 0, 1, 0, 0, 1, NULL, '', NULL, '2019-01-16 15:33:12.546', '2', NULL, 0, 0, 0, 0, 0, 0, 0, 0, 0);
INSERT INTO `act_ru_execution` VALUES ('187514', 2, '187512', NULL, '187512', 'leave:1:160010', NULL, '187512', 'usertask2', 1, 0, 0, 0, 0, 1, NULL, '', NULL, '2019-01-16 15:33:12.549', NULL, NULL, 0, 0, 0, 0, 0, 0, 0, 0, 0);
INSERT INTO `act_ru_execution` VALUES ('187523', 1, '187523', '201901161535052', NULL, 'leave:1:160010', NULL, '187523', NULL, 1, 0, 1, 0, 0, 1, NULL, '', NULL, '2019-01-16 15:35:14.784', '2', NULL, 0, 0, 0, 0, 0, 0, 0, 0, 0);
INSERT INTO `act_ru_execution` VALUES ('187525', 2, '187523', NULL, '187523', 'leave:1:160010', NULL, '187523', 'usertask2', 1, 0, 0, 0, 0, 1, NULL, '', NULL, '2019-01-16 15:35:14.785', NULL, NULL, 0, 0, 0, 0, 0, 0, 0, 0, 0);
INSERT INTO `act_ru_execution` VALUES ('190001', 1, '190001', '201901171513552', NULL, 'leave:1:160010', NULL, '190001', NULL, 1, 0, 1, 0, 0, 1, NULL, '', NULL, '2019-01-17 15:15:21.747', '2', NULL, 0, 0, 0, 0, 0, 0, 0, 0, 0);
INSERT INTO `act_ru_execution` VALUES ('190003', 2, '190001', NULL, '190001', 'leave:1:160010', NULL, '190001', 'usertask2', 1, 0, 0, 0, 0, 1, NULL, '', NULL, '2019-01-17 15:15:22.100', NULL, NULL, 0, 0, 0, 0, 0, 0, 0, 0, 0);
INSERT INTO `act_ru_execution` VALUES ('192501', 1, '192501', '201901171528162', NULL, 'leave:1:160010', NULL, '192501', NULL, 1, 0, 1, 0, 0, 1, NULL, '', NULL, '2019-01-17 15:28:49.660', '2', NULL, 0, 0, 0, 0, 0, 0, 0, 0, 0);
INSERT INTO `act_ru_execution` VALUES ('192503', 2, '192501', NULL, '192501', 'leave:1:160010', NULL, '192501', 'usertask2', 1, 0, 0, 0, 0, 1, NULL, '', NULL, '2019-01-17 15:28:49.958', NULL, NULL, 0, 0, 0, 0, 0, 0, 0, 0, 0);

-- ----------------------------
-- Table structure for act_ru_identitylink
-- ----------------------------
DROP TABLE IF EXISTS `act_ru_identitylink`;
CREATE TABLE `act_ru_identitylink`  (
  `ID_` varchar(64) CHARACTER SET utf8 COLLATE utf8_bin NOT NULL,
  `REV_` int(11) NULL DEFAULT NULL,
  `GROUP_ID_` varchar(255) CHARACTER SET utf8 COLLATE utf8_bin NULL DEFAULT NULL,
  `TYPE_` varchar(255) CHARACTER SET utf8 COLLATE utf8_bin NULL DEFAULT NULL,
  `USER_ID_` varchar(255) CHARACTER SET utf8 COLLATE utf8_bin NULL DEFAULT NULL,
  `TASK_ID_` varchar(64) CHARACTER SET utf8 COLLATE utf8_bin NULL DEFAULT NULL,
  `PROC_INST_ID_` varchar(64) CHARACTER SET utf8 COLLATE utf8_bin NULL DEFAULT NULL,
  `PROC_DEF_ID_` varchar(64) CHARACTER SET utf8 COLLATE utf8_bin NULL DEFAULT NULL,
  PRIMARY KEY (`ID_`) USING BTREE,
  INDEX `ACT_IDX_IDENT_LNK_USER`(`USER_ID_`) USING BTREE,
  INDEX `ACT_IDX_IDENT_LNK_GROUP`(`GROUP_ID_`) USING BTREE,
  INDEX `ACT_IDX_ATHRZ_PROCEDEF`(`PROC_DEF_ID_`) USING BTREE,
  INDEX `ACT_FK_TSKASS_TASK`(`TASK_ID_`) USING BTREE,
  INDEX `ACT_FK_IDL_PROCINST`(`PROC_INST_ID_`) USING BTREE,
  CONSTRAINT `ACT_FK_ATHRZ_PROCEDEF` FOREIGN KEY (`PROC_DEF_ID_`) REFERENCES `act_re_procdef` (`ID_`) ON DELETE RESTRICT ON UPDATE RESTRICT,
  CONSTRAINT `ACT_FK_IDL_PROCINST` FOREIGN KEY (`PROC_INST_ID_`) REFERENCES `act_ru_execution` (`ID_`) ON DELETE RESTRICT ON UPDATE RESTRICT,
  CONSTRAINT `ACT_FK_TSKASS_TASK` FOREIGN KEY (`TASK_ID_`) REFERENCES `act_ru_task` (`ID_`) ON DELETE RESTRICT ON UPDATE RESTRICT
) ENGINE = InnoDB CHARACTER SET = utf8 COLLATE = utf8_bin ROW_FORMAT = Dynamic;

-- ----------------------------
-- Records of act_ru_identitylink
-- ----------------------------
INSERT INTO `act_ru_identitylink` VALUES ('160016', 1, NULL, 'participant', 'dev', NULL, '160011', NULL);
INSERT INTO `act_ru_identitylink` VALUES ('167506', 1, NULL, 'participant', 'dev', NULL, '167501', NULL);
INSERT INTO `act_ru_identitylink` VALUES ('167539', 1, NULL, 'participant', 'dev', NULL, '167534', NULL);
INSERT INTO `act_ru_identitylink` VALUES ('170006', 1, NULL, 'participant', 'dev', NULL, '170001', NULL);
INSERT INTO `act_ru_identitylink` VALUES ('172506', 1, NULL, 'participant', 'dev', NULL, '172501', NULL);
INSERT INTO `act_ru_identitylink` VALUES ('172517', 1, NULL, 'participant', 'dev', NULL, '172512', NULL);
INSERT INTO `act_ru_identitylink` VALUES ('172528', 1, NULL, 'participant', 'dev', NULL, '172523', NULL);
INSERT INTO `act_ru_identitylink` VALUES ('172539', 1, NULL, 'participant', 'dev', NULL, '172534', NULL);
INSERT INTO `act_ru_identitylink` VALUES ('172550', 1, NULL, 'participant', 'dev', NULL, '172545', NULL);
INSERT INTO `act_ru_identitylink` VALUES ('172561', 1, NULL, 'participant', 'dev', NULL, '172556', NULL);
INSERT INTO `act_ru_identitylink` VALUES ('172572', 1, NULL, 'participant', 'dev', NULL, '172567', NULL);
INSERT INTO `act_ru_identitylink` VALUES ('172583', 1, NULL, 'participant', 'dev', NULL, '172578', NULL);
INSERT INTO `act_ru_identitylink` VALUES ('172594', 1, NULL, 'participant', 'dev', NULL, '172589', NULL);
INSERT INTO `act_ru_identitylink` VALUES ('172605', 1, NULL, 'participant', 'dev', NULL, '172600', NULL);
INSERT INTO `act_ru_identitylink` VALUES ('175006', 1, NULL, 'participant', '2', NULL, '175001', NULL);
INSERT INTO `act_ru_identitylink` VALUES ('177506', 1, NULL, 'participant', '2', NULL, '177501', NULL);
INSERT INTO `act_ru_identitylink` VALUES ('180002', 1, NULL, 'starter', '2', NULL, '180001', NULL);
INSERT INTO `act_ru_identitylink` VALUES ('182502', 1, NULL, 'starter', '2', NULL, '182501', NULL);
INSERT INTO `act_ru_identitylink` VALUES ('185002', 1, NULL, 'starter', '2', NULL, '185001', NULL);
INSERT INTO `act_ru_identitylink` VALUES ('185013', 1, NULL, 'starter', '2', NULL, '185012', NULL);
INSERT INTO `act_ru_identitylink` VALUES ('185024', 1, NULL, 'starter', '2', NULL, '185023', NULL);
INSERT INTO `act_ru_identitylink` VALUES ('185035', 1, NULL, 'starter', '2', NULL, '185034', NULL);
INSERT INTO `act_ru_identitylink` VALUES ('187502', 1, NULL, 'starter', '2', NULL, '187501', NULL);
INSERT INTO `act_ru_identitylink` VALUES ('187513', 1, NULL, 'starter', '2', NULL, '187512', NULL);
INSERT INTO `act_ru_identitylink` VALUES ('187524', 1, NULL, 'starter', '2', NULL, '187523', NULL);
INSERT INTO `act_ru_identitylink` VALUES ('190002', 1, NULL, 'starter', '2', NULL, '190001', NULL);
INSERT INTO `act_ru_identitylink` VALUES ('192502', 1, NULL, 'starter', '2', NULL, '192501', NULL);
INSERT INTO `act_ru_identitylink` VALUES ('192512', 1, NULL, 'candidate', '1', '192511', NULL, NULL);
INSERT INTO `act_ru_identitylink` VALUES ('192513', 1, NULL, 'participant', '1', NULL, '192501', NULL);
INSERT INTO `act_ru_identitylink` VALUES ('192514', 1, NULL, 'candidate', '2', '192511', NULL, NULL);

-- ----------------------------
-- Table structure for act_ru_job
-- ----------------------------
DROP TABLE IF EXISTS `act_ru_job`;
CREATE TABLE `act_ru_job`  (
  `ID_` varchar(64) CHARACTER SET utf8 COLLATE utf8_bin NOT NULL,
  `REV_` int(11) NULL DEFAULT NULL,
  `TYPE_` varchar(255) CHARACTER SET utf8 COLLATE utf8_bin NOT NULL,
  `LOCK_EXP_TIME_` timestamp(3) NULL DEFAULT NULL,
  `LOCK_OWNER_` varchar(255) CHARACTER SET utf8 COLLATE utf8_bin NULL DEFAULT NULL,
  `EXCLUSIVE_` tinyint(1) NULL DEFAULT NULL,
  `EXECUTION_ID_` varchar(64) CHARACTER SET utf8 COLLATE utf8_bin NULL DEFAULT NULL,
  `PROCESS_INSTANCE_ID_` varchar(64) CHARACTER SET utf8 COLLATE utf8_bin NULL DEFAULT NULL,
  `PROC_DEF_ID_` varchar(64) CHARACTER SET utf8 COLLATE utf8_bin NULL DEFAULT NULL,
  `RETRIES_` int(11) NULL DEFAULT NULL,
  `EXCEPTION_STACK_ID_` varchar(64) CHARACTER SET utf8 COLLATE utf8_bin NULL DEFAULT NULL,
  `EXCEPTION_MSG_` varchar(4000) CHARACTER SET utf8 COLLATE utf8_bin NULL DEFAULT NULL,
  `DUEDATE_` timestamp(3) NULL DEFAULT NULL,
  `REPEAT_` varchar(255) CHARACTER SET utf8 COLLATE utf8_bin NULL DEFAULT NULL,
  `HANDLER_TYPE_` varchar(255) CHARACTER SET utf8 COLLATE utf8_bin NULL DEFAULT NULL,
  `HANDLER_CFG_` varchar(4000) CHARACTER SET utf8 COLLATE utf8_bin NULL DEFAULT NULL,
  `TENANT_ID_` varchar(255) CHARACTER SET utf8 COLLATE utf8_bin NULL DEFAULT '',
  PRIMARY KEY (`ID_`) USING BTREE,
  INDEX `ACT_FK_JOB_EXECUTION`(`EXECUTION_ID_`) USING BTREE,
  INDEX `ACT_FK_JOB_PROCESS_INSTANCE`(`PROCESS_INSTANCE_ID_`) USING BTREE,
  INDEX `ACT_FK_JOB_PROC_DEF`(`PROC_DEF_ID_`) USING BTREE,
  INDEX `ACT_FK_JOB_EXCEPTION`(`EXCEPTION_STACK_ID_`) USING BTREE,
  CONSTRAINT `ACT_FK_JOB_EXCEPTION` FOREIGN KEY (`EXCEPTION_STACK_ID_`) REFERENCES `act_ge_bytearray` (`ID_`) ON DELETE RESTRICT ON UPDATE RESTRICT,
  CONSTRAINT `ACT_FK_JOB_EXECUTION` FOREIGN KEY (`EXECUTION_ID_`) REFERENCES `act_ru_execution` (`ID_`) ON DELETE RESTRICT ON UPDATE RESTRICT,
  CONSTRAINT `ACT_FK_JOB_PROCESS_INSTANCE` FOREIGN KEY (`PROCESS_INSTANCE_ID_`) REFERENCES `act_ru_execution` (`ID_`) ON DELETE RESTRICT ON UPDATE RESTRICT,
  CONSTRAINT `ACT_FK_JOB_PROC_DEF` FOREIGN KEY (`PROC_DEF_ID_`) REFERENCES `act_re_procdef` (`ID_`) ON DELETE RESTRICT ON UPDATE RESTRICT
) ENGINE = InnoDB CHARACTER SET = utf8 COLLATE = utf8_bin ROW_FORMAT = Dynamic;

-- ----------------------------
-- Table structure for act_ru_suspended_job
-- ----------------------------
DROP TABLE IF EXISTS `act_ru_suspended_job`;
CREATE TABLE `act_ru_suspended_job`  (
  `ID_` varchar(64) CHARACTER SET utf8 COLLATE utf8_bin NOT NULL,
  `REV_` int(11) NULL DEFAULT NULL,
  `TYPE_` varchar(255) CHARACTER SET utf8 COLLATE utf8_bin NOT NULL,
  `EXCLUSIVE_` tinyint(1) NULL DEFAULT NULL,
  `EXECUTION_ID_` varchar(64) CHARACTER SET utf8 COLLATE utf8_bin NULL DEFAULT NULL,
  `PROCESS_INSTANCE_ID_` varchar(64) CHARACTER SET utf8 COLLATE utf8_bin NULL DEFAULT NULL,
  `PROC_DEF_ID_` varchar(64) CHARACTER SET utf8 COLLATE utf8_bin NULL DEFAULT NULL,
  `RETRIES_` int(11) NULL DEFAULT NULL,
  `EXCEPTION_STACK_ID_` varchar(64) CHARACTER SET utf8 COLLATE utf8_bin NULL DEFAULT NULL,
  `EXCEPTION_MSG_` varchar(4000) CHARACTER SET utf8 COLLATE utf8_bin NULL DEFAULT NULL,
  `DUEDATE_` timestamp(3) NULL DEFAULT NULL,
  `REPEAT_` varchar(255) CHARACTER SET utf8 COLLATE utf8_bin NULL DEFAULT NULL,
  `HANDLER_TYPE_` varchar(255) CHARACTER SET utf8 COLLATE utf8_bin NULL DEFAULT NULL,
  `HANDLER_CFG_` varchar(4000) CHARACTER SET utf8 COLLATE utf8_bin NULL DEFAULT NULL,
  `TENANT_ID_` varchar(255) CHARACTER SET utf8 COLLATE utf8_bin NULL DEFAULT '',
  PRIMARY KEY (`ID_`) USING BTREE,
  INDEX `ACT_FK_SUSPENDED_JOB_EXECUTION`(`EXECUTION_ID_`) USING BTREE,
  INDEX `ACT_FK_SUSPENDED_JOB_PROCESS_INSTANCE`(`PROCESS_INSTANCE_ID_`) USING BTREE,
  INDEX `ACT_FK_SUSPENDED_JOB_PROC_DEF`(`PROC_DEF_ID_`) USING BTREE,
  INDEX `ACT_FK_SUSPENDED_JOB_EXCEPTION`(`EXCEPTION_STACK_ID_`) USING BTREE,
  CONSTRAINT `ACT_FK_SUSPENDED_JOB_EXCEPTION` FOREIGN KEY (`EXCEPTION_STACK_ID_`) REFERENCES `act_ge_bytearray` (`ID_`) ON DELETE RESTRICT ON UPDATE RESTRICT,
  CONSTRAINT `ACT_FK_SUSPENDED_JOB_EXECUTION` FOREIGN KEY (`EXECUTION_ID_`) REFERENCES `act_ru_execution` (`ID_`) ON DELETE RESTRICT ON UPDATE RESTRICT,
  CONSTRAINT `ACT_FK_SUSPENDED_JOB_PROCESS_INSTANCE` FOREIGN KEY (`PROCESS_INSTANCE_ID_`) REFERENCES `act_ru_execution` (`ID_`) ON DELETE RESTRICT ON UPDATE RESTRICT,
  CONSTRAINT `ACT_FK_SUSPENDED_JOB_PROC_DEF` FOREIGN KEY (`PROC_DEF_ID_`) REFERENCES `act_re_procdef` (`ID_`) ON DELETE RESTRICT ON UPDATE RESTRICT
) ENGINE = InnoDB CHARACTER SET = utf8 COLLATE = utf8_bin ROW_FORMAT = Dynamic;

-- ----------------------------
-- Table structure for act_ru_task
-- ----------------------------
DROP TABLE IF EXISTS `act_ru_task`;
CREATE TABLE `act_ru_task`  (
  `ID_` varchar(64) CHARACTER SET utf8 COLLATE utf8_bin NOT NULL,
  `REV_` int(11) NULL DEFAULT NULL,
  `EXECUTION_ID_` varchar(64) CHARACTER SET utf8 COLLATE utf8_bin NULL DEFAULT NULL,
  `PROC_INST_ID_` varchar(64) CHARACTER SET utf8 COLLATE utf8_bin NULL DEFAULT NULL,
  `PROC_DEF_ID_` varchar(64) CHARACTER SET utf8 COLLATE utf8_bin NULL DEFAULT NULL,
  `NAME_` varchar(255) CHARACTER SET utf8 COLLATE utf8_bin NULL DEFAULT NULL,
  `PARENT_TASK_ID_` varchar(64) CHARACTER SET utf8 COLLATE utf8_bin NULL DEFAULT NULL,
  `DESCRIPTION_` varchar(4000) CHARACTER SET utf8 COLLATE utf8_bin NULL DEFAULT NULL,
  `TASK_DEF_KEY_` varchar(255) CHARACTER SET utf8 COLLATE utf8_bin NULL DEFAULT NULL,
  `OWNER_` varchar(255) CHARACTER SET utf8 COLLATE utf8_bin NULL DEFAULT NULL,
  `ASSIGNEE_` varchar(255) CHARACTER SET utf8 COLLATE utf8_bin NULL DEFAULT NULL,
  `DELEGATION_` varchar(64) CHARACTER SET utf8 COLLATE utf8_bin NULL DEFAULT NULL,
  `PRIORITY_` int(11) NULL DEFAULT NULL,
  `CREATE_TIME_` timestamp(3) NULL DEFAULT NULL,
  `DUE_DATE_` datetime(3) NULL DEFAULT NULL,
  `CATEGORY_` varchar(255) CHARACTER SET utf8 COLLATE utf8_bin NULL DEFAULT NULL,
  `SUSPENSION_STATE_` int(11) NULL DEFAULT NULL,
  `TENANT_ID_` varchar(255) CHARACTER SET utf8 COLLATE utf8_bin NULL DEFAULT '',
  `FORM_KEY_` varchar(255) CHARACTER SET utf8 COLLATE utf8_bin NULL DEFAULT NULL,
  `CLAIM_TIME_` datetime(3) NULL DEFAULT NULL,
  PRIMARY KEY (`ID_`) USING BTREE,
  INDEX `ACT_IDX_TASK_CREATE`(`CREATE_TIME_`) USING BTREE,
  INDEX `ACT_FK_TASK_EXE`(`EXECUTION_ID_`) USING BTREE,
  INDEX `ACT_FK_TASK_PROCINST`(`PROC_INST_ID_`) USING BTREE,
  INDEX `ACT_FK_TASK_PROCDEF`(`PROC_DEF_ID_`) USING BTREE,
  CONSTRAINT `ACT_FK_TASK_EXE` FOREIGN KEY (`EXECUTION_ID_`) REFERENCES `act_ru_execution` (`ID_`) ON DELETE RESTRICT ON UPDATE RESTRICT,
  CONSTRAINT `ACT_FK_TASK_PROCDEF` FOREIGN KEY (`PROC_DEF_ID_`) REFERENCES `act_re_procdef` (`ID_`) ON DELETE RESTRICT ON UPDATE RESTRICT,
  CONSTRAINT `ACT_FK_TASK_PROCINST` FOREIGN KEY (`PROC_INST_ID_`) REFERENCES `act_ru_execution` (`ID_`) ON DELETE RESTRICT ON UPDATE RESTRICT
) ENGINE = InnoDB CHARACTER SET = utf8 COLLATE = utf8_bin ROW_FORMAT = Dynamic;

-- ----------------------------
-- Records of act_ru_task
-- ----------------------------
INSERT INTO `act_ru_task` VALUES ('160021', 1, '160012', '160011', 'leave:1:160010', '科室领导审批', NULL, NULL, 'usertask2', NULL, 'test', NULL, 50, '2019-01-16 09:24:36.060', NULL, NULL, 1, '', 'leave_ksldsp.html', NULL);
INSERT INTO `act_ru_task` VALUES ('167511', 1, '167502', '167501', 'leave:1:160010', '科室领导审批', NULL, NULL, 'usertask2', NULL, 'test', NULL, 50, '2019-01-16 09:59:54.864', NULL, NULL, 1, '', 'leave_ksldsp.html', NULL);
INSERT INTO `act_ru_task` VALUES ('167544', 1, '167535', '167534', 'leave:1:160010', '科室领导审批', NULL, NULL, 'usertask2', NULL, 'test', NULL, 50, '2019-01-16 10:13:58.805', NULL, NULL, 1, '', 'leave_ksldsp.html', NULL);
INSERT INTO `act_ru_task` VALUES ('170011', 1, '170002', '170001', 'leave:1:160010', '科室领导审批', NULL, NULL, 'usertask2', NULL, 'test', NULL, 50, '2019-01-16 10:14:49.276', NULL, NULL, 1, '', 'leave_ksldsp.html', NULL);
INSERT INTO `act_ru_task` VALUES ('172511', 1, '172502', '172501', 'leave:1:160010', '科室领导审批', NULL, NULL, 'usertask2', NULL, 'test', NULL, 50, '2019-01-16 10:15:39.385', NULL, NULL, 1, '', 'leave_ksldsp.html', NULL);
INSERT INTO `act_ru_task` VALUES ('172522', 1, '172513', '172512', 'leave:1:160010', '科室领导审批', NULL, NULL, 'usertask2', NULL, 'test', NULL, 50, '2019-01-16 10:18:15.463', NULL, NULL, 1, '', 'leave_ksldsp.html', NULL);
INSERT INTO `act_ru_task` VALUES ('172533', 1, '172524', '172523', 'leave:1:160010', '科室领导审批', NULL, NULL, 'usertask2', NULL, 'test', NULL, 50, '2019-01-16 10:22:42.978', NULL, NULL, 1, '', 'leave_ksldsp.html', NULL);
INSERT INTO `act_ru_task` VALUES ('172544', 1, '172535', '172534', 'leave:1:160010', '科室领导审批', NULL, NULL, 'usertask2', NULL, 'test', NULL, 50, '2019-01-16 10:25:21.415', NULL, NULL, 1, '', 'leave_ksldsp.html', NULL);
INSERT INTO `act_ru_task` VALUES ('172555', 1, '172546', '172545', 'leave:1:160010', '科室领导审批', NULL, NULL, 'usertask2', NULL, 'test', NULL, 50, '2019-01-16 10:25:57.659', NULL, NULL, 1, '', 'leave_ksldsp.html', NULL);
INSERT INTO `act_ru_task` VALUES ('172566', 1, '172557', '172556', 'leave:1:160010', '科室领导审批', NULL, NULL, 'usertask2', NULL, 'test', NULL, 50, '2019-01-16 10:31:06.233', NULL, NULL, 1, '', 'leave_ksldsp.html', NULL);
INSERT INTO `act_ru_task` VALUES ('172577', 1, '172568', '172567', 'leave:1:160010', '科室领导审批', NULL, NULL, 'usertask2', NULL, 'test', NULL, 50, '2019-01-16 10:34:21.680', NULL, NULL, 1, '', 'leave_ksldsp.html', NULL);
INSERT INTO `act_ru_task` VALUES ('172588', 1, '172579', '172578', 'leave:1:160010', '科室领导审批', NULL, NULL, 'usertask2', NULL, 'test', NULL, 50, '2019-01-16 10:34:53.624', NULL, NULL, 1, '', 'leave_ksldsp.html', NULL);
INSERT INTO `act_ru_task` VALUES ('172599', 1, '172590', '172589', 'leave:1:160010', '科室领导审批', NULL, NULL, 'usertask2', NULL, 'test', NULL, 50, '2019-01-16 10:40:15.789', NULL, NULL, 1, '', 'leave_ksldsp.html', NULL);
INSERT INTO `act_ru_task` VALUES ('172610', 1, '172601', '172600', 'leave:1:160010', '科室领导审批', NULL, NULL, 'usertask2', NULL, 'test', NULL, 50, '2019-01-16 10:42:53.106', NULL, NULL, 1, '', 'leave_ksldsp.html', NULL);
INSERT INTO `act_ru_task` VALUES ('175011', 1, '175002', '175001', 'leave:1:160010', '科室领导审批', NULL, NULL, 'usertask2', NULL, 'test', NULL, 50, '2019-01-16 11:11:24.442', NULL, NULL, 1, '', 'leave_ksldsp.html', NULL);
INSERT INTO `act_ru_task` VALUES ('177511', 1, '177502', '177501', 'leave:1:160010', '科室领导审批', NULL, NULL, 'usertask2', NULL, 'test', NULL, 50, '2019-01-16 11:23:50.947', NULL, NULL, 1, '', 'leave_ksldsp.html', NULL);
INSERT INTO `act_ru_task` VALUES ('180011', 1, '180003', '180001', 'leave:1:160010', '科室领导审批', NULL, NULL, 'usertask2', NULL, 'test', NULL, 50, '2019-01-16 12:46:51.507', NULL, NULL, 1, '', 'leave_ksldsp.html', NULL);
INSERT INTO `act_ru_task` VALUES ('182511', 1, '182503', '182501', 'leave:1:160010', '科室领导审批', NULL, NULL, 'usertask2', NULL, 'test', NULL, 50, '2019-01-16 14:07:17.403', NULL, NULL, 1, '', 'leave_ksldsp.html', NULL);
INSERT INTO `act_ru_task` VALUES ('185011', 1, '185003', '185001', 'leave:1:160010', '科室领导审批', NULL, NULL, 'usertask2', NULL, 'test', NULL, 50, '2019-01-16 15:02:23.637', NULL, NULL, 1, '', 'leave_ksldsp.html', NULL);
INSERT INTO `act_ru_task` VALUES ('185022', 1, '185014', '185012', 'leave:1:160010', '科室领导审批', NULL, NULL, 'usertask2', NULL, 'test', NULL, 50, '2019-01-16 15:04:55.480', NULL, NULL, 1, '', 'leave_ksldsp.html', NULL);
INSERT INTO `act_ru_task` VALUES ('185033', 1, '185025', '185023', 'leave:1:160010', '科室领导审批', NULL, NULL, 'usertask2', NULL, 'test', NULL, 50, '2019-01-16 15:05:54.737', NULL, NULL, 1, '', 'leave_ksldsp.html', NULL);
INSERT INTO `act_ru_task` VALUES ('185044', 1, '185036', '185034', 'leave:1:160010', '科室领导审批', NULL, NULL, 'usertask2', NULL, 'test', NULL, 50, '2019-01-16 15:06:15.354', NULL, NULL, 1, '', 'leave_ksldsp.html', NULL);
INSERT INTO `act_ru_task` VALUES ('187511', 1, '187503', '187501', 'leave:1:160010', '科室领导审批', NULL, NULL, 'usertask2', NULL, 'test', NULL, 50, '2019-01-16 15:32:48.363', NULL, NULL, 1, '', 'leave_ksldsp.html', NULL);
INSERT INTO `act_ru_task` VALUES ('187522', 1, '187514', '187512', 'leave:1:160010', '科室领导审批', NULL, NULL, 'usertask2', NULL, 'test', NULL, 50, '2019-01-16 15:33:12.691', NULL, NULL, 1, '', 'leave_ksldsp.html', NULL);
INSERT INTO `act_ru_task` VALUES ('187533', 1, '187525', '187523', 'leave:1:160010', '科室领导审批', NULL, NULL, 'usertask2', NULL, 'test', NULL, 50, '2019-01-16 15:35:14.873', NULL, NULL, 1, '', 'leave_ksldsp.html', NULL);
INSERT INTO `act_ru_task` VALUES ('190011', 1, '190003', '190001', 'leave:1:160010', '科室领导审批', NULL, NULL, 'usertask2', NULL, 'test', NULL, 50, '2019-01-17 15:15:33.846', NULL, NULL, 1, '', 'leave_ksldsp.html', NULL);
INSERT INTO `act_ru_task` VALUES ('192511', 2, '192503', '192501', 'leave:1:160010', '科室领导审批', NULL, NULL, 'usertask2', NULL, '1', NULL, 50, '2019-01-17 15:28:59.954', NULL, NULL, 1, '', 'leave_ksldsp.html', '2019-01-17 15:34:43.627');

-- ----------------------------
-- Table structure for act_ru_timer_job
-- ----------------------------
DROP TABLE IF EXISTS `act_ru_timer_job`;
CREATE TABLE `act_ru_timer_job`  (
  `ID_` varchar(64) CHARACTER SET utf8 COLLATE utf8_bin NOT NULL,
  `REV_` int(11) NULL DEFAULT NULL,
  `TYPE_` varchar(255) CHARACTER SET utf8 COLLATE utf8_bin NOT NULL,
  `LOCK_EXP_TIME_` timestamp(3) NULL DEFAULT NULL,
  `LOCK_OWNER_` varchar(255) CHARACTER SET utf8 COLLATE utf8_bin NULL DEFAULT NULL,
  `EXCLUSIVE_` tinyint(1) NULL DEFAULT NULL,
  `EXECUTION_ID_` varchar(64) CHARACTER SET utf8 COLLATE utf8_bin NULL DEFAULT NULL,
  `PROCESS_INSTANCE_ID_` varchar(64) CHARACTER SET utf8 COLLATE utf8_bin NULL DEFAULT NULL,
  `PROC_DEF_ID_` varchar(64) CHARACTER SET utf8 COLLATE utf8_bin NULL DEFAULT NULL,
  `RETRIES_` int(11) NULL DEFAULT NULL,
  `EXCEPTION_STACK_ID_` varchar(64) CHARACTER SET utf8 COLLATE utf8_bin NULL DEFAULT NULL,
  `EXCEPTION_MSG_` varchar(4000) CHARACTER SET utf8 COLLATE utf8_bin NULL DEFAULT NULL,
  `DUEDATE_` timestamp(3) NULL DEFAULT NULL,
  `REPEAT_` varchar(255) CHARACTER SET utf8 COLLATE utf8_bin NULL DEFAULT NULL,
  `HANDLER_TYPE_` varchar(255) CHARACTER SET utf8 COLLATE utf8_bin NULL DEFAULT NULL,
  `HANDLER_CFG_` varchar(4000) CHARACTER SET utf8 COLLATE utf8_bin NULL DEFAULT NULL,
  `TENANT_ID_` varchar(255) CHARACTER SET utf8 COLLATE utf8_bin NULL DEFAULT '',
  PRIMARY KEY (`ID_`) USING BTREE,
  INDEX `ACT_FK_TIMER_JOB_EXECUTION`(`EXECUTION_ID_`) USING BTREE,
  INDEX `ACT_FK_TIMER_JOB_PROCESS_INSTANCE`(`PROCESS_INSTANCE_ID_`) USING BTREE,
  INDEX `ACT_FK_TIMER_JOB_PROC_DEF`(`PROC_DEF_ID_`) USING BTREE,
  INDEX `ACT_FK_TIMER_JOB_EXCEPTION`(`EXCEPTION_STACK_ID_`) USING BTREE,
  CONSTRAINT `ACT_FK_TIMER_JOB_EXCEPTION` FOREIGN KEY (`EXCEPTION_STACK_ID_`) REFERENCES `act_ge_bytearray` (`ID_`) ON DELETE RESTRICT ON UPDATE RESTRICT,
  CONSTRAINT `ACT_FK_TIMER_JOB_EXECUTION` FOREIGN KEY (`EXECUTION_ID_`) REFERENCES `act_ru_execution` (`ID_`) ON DELETE RESTRICT ON UPDATE RESTRICT,
  CONSTRAINT `ACT_FK_TIMER_JOB_PROCESS_INSTANCE` FOREIGN KEY (`PROCESS_INSTANCE_ID_`) REFERENCES `act_ru_execution` (`ID_`) ON DELETE RESTRICT ON UPDATE RESTRICT,
  CONSTRAINT `ACT_FK_TIMER_JOB_PROC_DEF` FOREIGN KEY (`PROC_DEF_ID_`) REFERENCES `act_re_procdef` (`ID_`) ON DELETE RESTRICT ON UPDATE RESTRICT
) ENGINE = InnoDB CHARACTER SET = utf8 COLLATE = utf8_bin ROW_FORMAT = Dynamic;

-- ----------------------------
-- Table structure for act_ru_variable
-- ----------------------------
DROP TABLE IF EXISTS `act_ru_variable`;
CREATE TABLE `act_ru_variable`  (
  `ID_` varchar(64) CHARACTER SET utf8 COLLATE utf8_bin NOT NULL,
  `REV_` int(11) NULL DEFAULT NULL,
  `TYPE_` varchar(255) CHARACTER SET utf8 COLLATE utf8_bin NOT NULL,
  `NAME_` varchar(255) CHARACTER SET utf8 COLLATE utf8_bin NOT NULL,
  `EXECUTION_ID_` varchar(64) CHARACTER SET utf8 COLLATE utf8_bin NULL DEFAULT NULL,
  `PROC_INST_ID_` varchar(64) CHARACTER SET utf8 COLLATE utf8_bin NULL DEFAULT NULL,
  `TASK_ID_` varchar(64) CHARACTER SET utf8 COLLATE utf8_bin NULL DEFAULT NULL,
  `BYTEARRAY_ID_` varchar(64) CHARACTER SET utf8 COLLATE utf8_bin NULL DEFAULT NULL,
  `DOUBLE_` double NULL DEFAULT NULL,
  `LONG_` bigint(20) NULL DEFAULT NULL,
  `TEXT_` varchar(4000) CHARACTER SET utf8 COLLATE utf8_bin NULL DEFAULT NULL,
  `TEXT2_` varchar(4000) CHARACTER SET utf8 COLLATE utf8_bin NULL DEFAULT NULL,
  PRIMARY KEY (`ID_`) USING BTREE,
  INDEX `ACT_IDX_VARIABLE_TASK_ID`(`TASK_ID_`) USING BTREE,
  INDEX `ACT_FK_VAR_EXE`(`EXECUTION_ID_`) USING BTREE,
  INDEX `ACT_FK_VAR_PROCINST`(`PROC_INST_ID_`) USING BTREE,
  INDEX `ACT_FK_VAR_BYTEARRAY`(`BYTEARRAY_ID_`) USING BTREE,
  CONSTRAINT `ACT_FK_VAR_BYTEARRAY` FOREIGN KEY (`BYTEARRAY_ID_`) REFERENCES `act_ge_bytearray` (`ID_`) ON DELETE RESTRICT ON UPDATE RESTRICT,
  CONSTRAINT `ACT_FK_VAR_EXE` FOREIGN KEY (`EXECUTION_ID_`) REFERENCES `act_ru_execution` (`ID_`) ON DELETE RESTRICT ON UPDATE RESTRICT,
  CONSTRAINT `ACT_FK_VAR_PROCINST` FOREIGN KEY (`PROC_INST_ID_`) REFERENCES `act_ru_execution` (`ID_`) ON DELETE RESTRICT ON UPDATE RESTRICT
) ENGINE = InnoDB CHARACTER SET = utf8 COLLATE = utf8_bin ROW_FORMAT = Dynamic;

-- ----------------------------
-- Records of act_ru_variable
-- ----------------------------
INSERT INTO `act_ru_variable` VALUES ('160018', 1, 'string', 'spr', '160011', '160011', NULL, NULL, NULL, NULL, 'test', NULL);
INSERT INTO `act_ru_variable` VALUES ('167508', 1, 'string', 'spr', '167501', '167501', NULL, NULL, NULL, NULL, 'test', NULL);
INSERT INTO `act_ru_variable` VALUES ('167541', 1, 'string', 'spr', '167534', '167534', NULL, NULL, NULL, NULL, 'test', NULL);
INSERT INTO `act_ru_variable` VALUES ('170008', 1, 'string', 'spr', '170001', '170001', NULL, NULL, NULL, NULL, 'test', NULL);
INSERT INTO `act_ru_variable` VALUES ('172508', 1, 'string', 'spr', '172501', '172501', NULL, NULL, NULL, NULL, 'test', NULL);
INSERT INTO `act_ru_variable` VALUES ('172519', 1, 'string', 'spr', '172512', '172512', NULL, NULL, NULL, NULL, 'test', NULL);
INSERT INTO `act_ru_variable` VALUES ('172530', 1, 'string', 'spr', '172523', '172523', NULL, NULL, NULL, NULL, 'test', NULL);
INSERT INTO `act_ru_variable` VALUES ('172541', 1, 'string', 'spr', '172534', '172534', NULL, NULL, NULL, NULL, 'test', NULL);
INSERT INTO `act_ru_variable` VALUES ('172552', 1, 'string', 'spr', '172545', '172545', NULL, NULL, NULL, NULL, 'test', NULL);
INSERT INTO `act_ru_variable` VALUES ('172563', 1, 'string', 'spr', '172556', '172556', NULL, NULL, NULL, NULL, 'test', NULL);
INSERT INTO `act_ru_variable` VALUES ('172574', 1, 'string', 'spr', '172567', '172567', NULL, NULL, NULL, NULL, 'test', NULL);
INSERT INTO `act_ru_variable` VALUES ('172585', 1, 'string', 'spr', '172578', '172578', NULL, NULL, NULL, NULL, 'test', NULL);
INSERT INTO `act_ru_variable` VALUES ('172596', 1, 'string', 'spr', '172589', '172589', NULL, NULL, NULL, NULL, 'test', NULL);
INSERT INTO `act_ru_variable` VALUES ('172607', 1, 'string', 'spr', '172600', '172600', NULL, NULL, NULL, NULL, 'test', NULL);
INSERT INTO `act_ru_variable` VALUES ('175008', 1, 'string', 'spr', '175001', '175001', NULL, NULL, NULL, NULL, 'test', NULL);
INSERT INTO `act_ru_variable` VALUES ('177508', 1, 'string', 'spr', '177501', '177501', NULL, NULL, NULL, NULL, 'test', NULL);
INSERT INTO `act_ru_variable` VALUES ('180008', 1, 'string', 'spr', '180001', '180001', NULL, NULL, NULL, NULL, 'test', NULL);
INSERT INTO `act_ru_variable` VALUES ('182508', 1, 'string', 'spr', '182501', '182501', NULL, NULL, NULL, NULL, 'test', NULL);
INSERT INTO `act_ru_variable` VALUES ('185008', 1, 'string', 'spr', '185001', '185001', NULL, NULL, NULL, NULL, 'test', NULL);
INSERT INTO `act_ru_variable` VALUES ('185019', 1, 'string', 'spr', '185012', '185012', NULL, NULL, NULL, NULL, 'test', NULL);
INSERT INTO `act_ru_variable` VALUES ('185030', 1, 'string', 'spr', '185023', '185023', NULL, NULL, NULL, NULL, 'test', NULL);
INSERT INTO `act_ru_variable` VALUES ('185041', 1, 'string', 'spr', '185034', '185034', NULL, NULL, NULL, NULL, 'test', NULL);
INSERT INTO `act_ru_variable` VALUES ('187508', 1, 'string', 'spr', '187501', '187501', NULL, NULL, NULL, NULL, 'test', NULL);
INSERT INTO `act_ru_variable` VALUES ('187519', 1, 'string', 'spr', '187512', '187512', NULL, NULL, NULL, NULL, 'test', NULL);
INSERT INTO `act_ru_variable` VALUES ('187530', 1, 'string', 'spr', '187523', '187523', NULL, NULL, NULL, NULL, 'test', NULL);
INSERT INTO `act_ru_variable` VALUES ('190008', 1, 'string', 'spr', '190001', '190001', NULL, NULL, NULL, NULL, 'test', NULL);
INSERT INTO `act_ru_variable` VALUES ('192508', 1, 'string', 'spr', '192501', '192501', NULL, NULL, NULL, NULL, '1,2', NULL);

-- ----------------------------
-- Table structure for aff_car_info
-- ----------------------------
DROP TABLE IF EXISTS `aff_car_info`;
CREATE TABLE `aff_car_info`  (
  `c_id` int(11) NOT NULL AUTO_INCREMENT COMMENT '表主键',
  `car_model` varchar(255) CHARACTER SET utf8mb4 COLLATE utf8mb4_general_ci NULL DEFAULT NULL COMMENT '车型号',
  `car_card` varchar(255) CHARACTER SET utf8mb4 COLLATE utf8mb4_general_ci NULL DEFAULT NULL COMMENT '车牌号',
  `car_type` varchar(255) CHARACTER SET utf8mb4 COLLATE utf8mb4_general_ci NULL DEFAULT NULL COMMENT '车种类',
  `car_limit` int(255) NULL DEFAULT NULL COMMENT '限乘人数',
  `buy_time` varchar(255) CHARACTER SET utf8mb4 COLLATE utf8mb4_general_ci NULL DEFAULT NULL COMMENT '购买时间',
  `kilometres` int(255) NULL DEFAULT NULL COMMENT '行驶里程',
  `next_inspection_time` varchar(255) CHARACTER SET utf8mb4 COLLATE utf8mb4_general_ci NULL DEFAULT NULL COMMENT '下次年检时间',
  `car_status` int(255) NULL DEFAULT NULL COMMENT '车辆状态0使用中1可使用2维修中',
  PRIMARY KEY (`c_id`) USING BTREE
) ENGINE = InnoDB AUTO_INCREMENT = 4 CHARACTER SET = utf8mb4 COLLATE = utf8mb4_general_ci ROW_FORMAT = Dynamic;

-- ----------------------------
-- Records of aff_car_info
-- ----------------------------
INSERT INTO `aff_car_info` VALUES (2, '1212', '3213213', '1', 5, '2019-01-22 00:00:00', 3, '2019-01-02 00:00:00', 1);
INSERT INTO `aff_car_info` VALUES (3, '1231213', '13123', '2', 4, '2019-01-28 00:00:00', 0, '2019-01-08 00:00:00', 2);

-- ----------------------------
-- Table structure for aff_car_info_status
-- ----------------------------
DROP TABLE IF EXISTS `aff_car_info_status`;
CREATE TABLE `aff_car_info_status`  (
  `s_id` int(11) NOT NULL COMMENT '主键',
  `status_info` varchar(255) CHARACTER SET utf8mb4 COLLATE utf8mb4_general_ci NULL DEFAULT NULL COMMENT '状态信息0使用中1可用2维修中',
  PRIMARY KEY (`s_id`) USING BTREE
) ENGINE = InnoDB CHARACTER SET = utf8mb4 COLLATE = utf8mb4_general_ci ROW_FORMAT = Dynamic;

-- ----------------------------
-- Records of aff_car_info_status
-- ----------------------------
INSERT INTO `aff_car_info_status` VALUES (0, '使用中');
INSERT INTO `aff_car_info_status` VALUES (1, '可用');
INSERT INTO `aff_car_info_status` VALUES (2, '维修中');

-- ----------------------------
-- Table structure for aff_car_info_type
-- ----------------------------
DROP TABLE IF EXISTS `aff_car_info_type`;
CREATE TABLE `aff_car_info_type`  (
  `t_id` int(11) NOT NULL AUTO_INCREMENT COMMENT '主键',
  `type_info` varchar(255) CHARACTER SET utf8mb4 COLLATE utf8mb4_general_ci NULL DEFAULT NULL COMMENT '车类型',
  PRIMARY KEY (`t_id`) USING BTREE
) ENGINE = InnoDB AUTO_INCREMENT = 5 CHARACTER SET = utf8mb4 COLLATE = utf8mb4_general_ci ROW_FORMAT = Dynamic;

-- ----------------------------
-- Records of aff_car_info_type
-- ----------------------------
INSERT INTO `aff_car_info_type` VALUES (1, '乘用车');
INSERT INTO `aff_car_info_type` VALUES (2, '客车');
INSERT INTO `aff_car_info_type` VALUES (3, '货车');
INSERT INTO `aff_car_info_type` VALUES (4, '牵引汽车');

-- ----------------------------
-- Table structure for aff_t_journal
-- ----------------------------
DROP TABLE IF EXISTS `aff_t_journal`;
CREATE TABLE `aff_t_journal`  (
  `j_id` int(11) NOT NULL AUTO_INCREMENT COMMENT '主键',
  `work_content` varchar(255) CHARACTER SET utf8mb4 COLLATE utf8mb4_general_ci NULL DEFAULT NULL COMMENT '工作内容',
  `attachment_id` int(11) NULL DEFAULT NULL COMMENT '附件id，和附件表关联',
  `submitter` int(255) NULL DEFAULT NULL COMMENT '提交人',
  `submit_time` varchar(255) CHARACTER SET utf8mb4 COLLATE utf8mb4_general_ci NULL DEFAULT NULL COMMENT '提交时间',
  `principal` varchar(255) CHARACTER SET utf8mb4 COLLATE utf8mb4_general_ci NULL DEFAULT NULL COMMENT '主要负责人',
  PRIMARY KEY (`j_id`) USING BTREE
) ENGINE = InnoDB AUTO_INCREMENT = 3 CHARACTER SET = utf8mb4 COLLATE = utf8mb4_general_ci ROW_FORMAT = Dynamic;

-- ----------------------------
-- Records of aff_t_journal
-- ----------------------------
INSERT INTO `aff_t_journal` VALUES (1, '12323', 11, 2, '3123123', '313123');
INSERT INTO `aff_t_journal` VALUES (2, 'asdasdsa', 12, 1, 'adas', 'sadasdas');

-- ----------------------------
-- Table structure for aff_vehicle_usage_statistics
-- ----------------------------
DROP TABLE IF EXISTS `aff_vehicle_usage_statistics`;
CREATE TABLE `aff_vehicle_usage_statistics`  (
  `v_id` int(11) NOT NULL AUTO_INCREMENT COMMENT '车辆使用统计表主键',
  `c_id` int(255) NULL DEFAULT NULL COMMENT '车辆表主键',
  `apply_date` varchar(255) CHARACTER SET utf8mb4 COLLATE utf8mb4_general_ci NULL DEFAULT NULL COMMENT '使用日期',
  `u_id` int(11) NULL DEFAULT NULL COMMENT '申请人id',
  `dispatching_department` varchar(255) CHARACTER SET utf8mb4 COLLATE utf8mb4_general_ci NULL DEFAULT NULL COMMENT '派车部门',
  `driver_id` int(11) NULL DEFAULT NULL COMMENT '司机主键',
  `out_time` varchar(255) CHARACTER SET utf8mb4 COLLATE utf8mb4_general_ci NULL DEFAULT NULL COMMENT '出去时间',
  `back_time` varchar(255) CHARACTER SET utf8mb4 COLLATE utf8mb4_general_ci NULL DEFAULT NULL COMMENT '回来时间',
  `out_mileage` varchar(255) CHARACTER SET utf8mb4 COLLATE utf8mb4_general_ci NULL DEFAULT NULL COMMENT '出去时的表里程数',
  `back_mileage` varchar(255) CHARACTER SET utf8mb4 COLLATE utf8mb4_general_ci NULL DEFAULT NULL COMMENT '返回时表的里程数',
  `route` varchar(255) CHARACTER SET utf8mb4 COLLATE utf8mb4_general_ci NULL DEFAULT NULL COMMENT '行驶路线',
  `dispatch_reason` varchar(255) CHARACTER SET utf8mb4 COLLATE utf8mb4_general_ci NULL DEFAULT NULL COMMENT '出车理由',
  `driver` varchar(255) CHARACTER SET utf8mb4 COLLATE utf8mb4_general_ci NULL DEFAULT NULL COMMENT '司机名字',
  PRIMARY KEY (`v_id`) USING BTREE
) ENGINE = InnoDB AUTO_INCREMENT = 2 CHARACTER SET = utf8mb4 COLLATE = utf8mb4_general_ci ROW_FORMAT = Dynamic;

-- ----------------------------
-- Records of aff_vehicle_usage_statistics
-- ----------------------------
INSERT INTO `aff_vehicle_usage_statistics` VALUES (1, 2, '312', 2, '3', 2, '13123', '312312', '111', '113', '3123', '132', '123');

-- ----------------------------
-- Table structure for ext_act_proctype
-- ----------------------------
DROP TABLE IF EXISTS `ext_act_proctype`;
CREATE TABLE `ext_act_proctype`  (
  `type` varchar(60) CHARACTER SET utf8mb4 COLLATE utf8mb4_general_ci NOT NULL COMMENT '流程主键',
  `name` varchar(30) CHARACTER SET utf8mb4 COLLATE utf8mb4_general_ci NOT NULL COMMENT '流程名称',
  PRIMARY KEY (`type`) USING BTREE
) ENGINE = InnoDB CHARACTER SET = utf8mb4 COLLATE = utf8mb4_general_ci ROW_FORMAT = Dynamic;

-- ----------------------------
-- Records of ext_act_proctype
-- ----------------------------
INSERT INTO `ext_act_proctype` VALUES ('1', '研发测试');
INSERT INTO `ext_act_proctype` VALUES ('2', '日常办公');
INSERT INTO `ext_act_proctype` VALUES ('7b31f641-cb8f-4b4b-99a5-e14aebae0e82', 'OA1');
INSERT INTO `ext_act_proctype` VALUES ('9b280467-81e0-4c1e-8389-0f4a9f41a458', '测试01');
INSERT INTO `ext_act_proctype` VALUES ('e2e90d7f-1e92-4058-a9c4-040811da8db3', 'oa');

-- ----------------------------
-- Table structure for ext_act_re_procdef
-- ----------------------------
DROP TABLE IF EXISTS `ext_act_re_procdef`;
CREATE TABLE `ext_act_re_procdef`  (
  `id` varchar(64) CHARACTER SET utf8 COLLATE utf8_bin NOT NULL COMMENT '流程定义ID',
  `name` varchar(255) CHARACTER SET utf8 COLLATE utf8_bin NULL DEFAULT NULL COMMENT '流程定义名称',
  `key` varchar(255) CHARACTER SET utf8 COLLATE utf8_bin NULL DEFAULT NULL COMMENT '流程KEY',
  `version` int(11) NOT NULL COMMENT '流程版本',
  `deployment_id` varchar(64) CHARACTER SET utf8 COLLATE utf8_bin NULL DEFAULT NULL COMMENT '部署ID',
  `resource_name` varchar(4000) CHARACTER SET utf8 COLLATE utf8_bin NULL DEFAULT NULL COMMENT 'bpmn名称',
  `dgrm_resource_name` varchar(4000) CHARACTER SET utf8 COLLATE utf8_bin NULL DEFAULT NULL COMMENT '流程图名称',
  `description` varchar(4000) CHARACTER SET utf8 COLLATE utf8_bin NULL DEFAULT NULL COMMENT '备注',
  `createtime` varchar(19) CHARACTER SET utf8 COLLATE utf8_bin NULL DEFAULT NULL COMMENT '创建时间',
  `updatetime` varchar(19) CHARACTER SET utf8 COLLATE utf8_bin NULL DEFAULT NULL COMMENT '更新时间',
  `createuser` varchar(50) CHARACTER SET utf8 COLLATE utf8_bin NULL DEFAULT NULL COMMENT '创建人',
  `updateuser` varchar(50) CHARACTER SET utf8 COLLATE utf8_bin NULL DEFAULT NULL COMMENT '修改人',
  `protype` varchar(60) CHARACTER SET utf8 COLLATE utf8_bin NULL DEFAULT NULL COMMENT '流程分类',
  PRIMARY KEY (`id`) USING BTREE
) ENGINE = InnoDB CHARACTER SET = utf8 COLLATE = utf8_bin ROW_FORMAT = Dynamic;

-- ----------------------------
-- Records of ext_act_re_procdef
-- ----------------------------
INSERT INTO `ext_act_re_procdef` VALUES ('leave:1:160010', '请假流程', 'leave', 1, '160006', 'leave.bpmn', 'leave.png', '', '2019-01-16 09:17:46', NULL, '开发者', NULL, '1');

-- ----------------------------
-- Table structure for oa_t_leave
-- ----------------------------
DROP TABLE IF EXISTS `oa_t_leave`;
CREATE TABLE `oa_t_leave`  (
  `bk` varchar(50) CHARACTER SET utf8mb4 COLLATE utf8mb4_general_ci NOT NULL COMMENT '流程实例业务主键',
  `sqr` varchar(50) CHARACTER SET utf8mb4 COLLATE utf8mb4_general_ci NULL DEFAULT NULL COMMENT '申请人',
  `bmmc` varchar(50) CHARACTER SET utf8mb4 COLLATE utf8mb4_general_ci NULL DEFAULT NULL COMMENT '部门名称',
  `sqrq` varchar(50) CHARACTER SET utf8mb4 COLLATE utf8mb4_general_ci NULL DEFAULT NULL COMMENT '申请日期',
  `qjlx` varchar(5) CHARACTER SET utf8mb4 COLLATE utf8mb4_general_ci NULL DEFAULT NULL COMMENT '请假类型',
  `ksrq` varchar(50) CHARACTER SET utf8mb4 COLLATE utf8mb4_general_ci NULL DEFAULT NULL COMMENT '开始日期',
  `jsrq` varchar(50) CHARACTER SET utf8mb4 COLLATE utf8mb4_general_ci NULL DEFAULT NULL COMMENT '结束日期',
  `qjts` varchar(5) CHARACTER SET utf8mb4 COLLATE utf8mb4_general_ci NULL DEFAULT NULL COMMENT '请假天数',
  `qjly` varchar(500) CHARACTER SET utf8mb4 COLLATE utf8mb4_general_ci NULL DEFAULT NULL COMMENT '请假理由',
  `gzsc` varchar(3) CHARACTER SET utf8mb4 COLLATE utf8mb4_general_ci NULL DEFAULT NULL COMMENT '工作时长',
  `sftg` char(1) CHARACTER SET utf8mb4 COLLATE utf8mb4_general_ci NULL DEFAULT NULL COMMENT '是否通过',
  `spyj` varchar(500) CHARACTER SET utf8mb4 COLLATE utf8mb4_general_ci NULL DEFAULT NULL COMMENT '审批意见',
  `spr` varchar(50) CHARACTER SET utf8mb4 COLLATE utf8mb4_general_ci NULL DEFAULT NULL COMMENT '审批人',
  `spsj` varchar(50) CHARACTER SET utf8mb4 COLLATE utf8mb4_general_ci NULL DEFAULT NULL COMMENT '审批时间',
  PRIMARY KEY (`bk`) USING BTREE
) ENGINE = InnoDB CHARACTER SET = utf8mb4 COLLATE = utf8mb4_general_ci ROW_FORMAT = Dynamic;

-- ----------------------------
-- Records of oa_t_leave
-- ----------------------------
INSERT INTO `oa_t_leave` VALUES ('201901160959442', '开发者', '市场部', '2019-01-16 09:59:44', '2', '2019-01-16 00:00:00', '2019-01-25 00:00:00', '12', '请假理由', '8', NULL, NULL, NULL, NULL);
INSERT INTO `oa_t_leave` VALUES ('201901161013472', '开发者', '市场部', '2019-01-16 10:13:47', '2', '2019-01-16 00:00:00', '2019-01-30 00:00:00', '1', '111', '8', NULL, NULL, NULL, NULL);
INSERT INTO `oa_t_leave` VALUES ('201901161014402', '开发者', '市场部', '2019-01-16 10:14:40', '2', '2019-01-16 00:00:00', '2019-01-17 00:00:00', '2', '2', '8', NULL, NULL, NULL, NULL);
INSERT INTO `oa_t_leave` VALUES ('201901161015282', '开发者', '市场部', '2019-01-16 10:15:28', '2', '2019-01-16 00:00:00', '2019-01-17 00:00:00', '2', '1111', '8', NULL, NULL, NULL, NULL);
INSERT INTO `oa_t_leave` VALUES ('201901161018082', '开发者', '市场部', '2019-01-16 10:18:08', '2', '2019-01-16 00:00:00', '2019-01-16 00:00:00', '1', '1', '8', NULL, NULL, NULL, NULL);
INSERT INTO `oa_t_leave` VALUES ('201901161022342', '开发者', '市场部', '2019-01-16 10:22:34', '2', '2019-01-16 00:00:00', '2019-01-16 00:00:00', '1', '11', '8', NULL, NULL, NULL, NULL);
INSERT INTO `oa_t_leave` VALUES ('201901161025152', '开发者', '市场部', '2019-01-16 10:25:15', '2', '2019-01-16 00:00:00', '2019-01-16 00:00:00', '11', '11', '8', NULL, NULL, NULL, NULL);
INSERT INTO `oa_t_leave` VALUES ('201901161025502', '开发者', '市场部', '2019-01-16 10:25:50', '2', '2019-01-16 00:00:00', '2019-01-16 00:00:00', '1', '111', '8', NULL, NULL, NULL, NULL);
INSERT INTO `oa_t_leave` VALUES ('201901161030582', '开发者', '市场部', '2019-01-16 10:30:58', '2', '2019-01-16 00:00:00', '2019-01-17 00:00:00', '1', '1', '8', NULL, NULL, NULL, NULL);
INSERT INTO `oa_t_leave` VALUES ('201901161033492', '开发者', '市场部', '2019-01-16 10:33:49', '2', '2019-01-16 00:00:00', '2019-01-16 00:00:00', '1', '1111', '8', NULL, NULL, NULL, NULL);
INSERT INTO `oa_t_leave` VALUES ('201901161034452', '开发者', '市场部', '2019-01-16 10:34:45', '2', '2019-01-16 00:00:00', '2019-01-16 00:00:00', '1', '1', '8', NULL, NULL, NULL, NULL);
INSERT INTO `oa_t_leave` VALUES ('201901161040082', '开发者', '市场部', '2019-01-16 10:40:08', '2', '2019-01-16 00:00:00', '2019-01-16 00:00:00', '11', '11', '8', NULL, NULL, NULL, NULL);
INSERT INTO `oa_t_leave` VALUES ('201901161042422', '开发者', '市场部', '2019-01-16 10:42:42', '2', '2019-01-15 00:00:00', '2019-01-16 00:00:00', '1', '11', '8', NULL, NULL, NULL, NULL);
INSERT INTO `oa_t_leave` VALUES ('201901161111132', '开发者', '市场部', '2019-01-16 11:11:13', '2', '2019-01-10 00:00:00', '2019-01-16 00:00:00', '11', '111', '8', NULL, NULL, NULL, NULL);
INSERT INTO `oa_t_leave` VALUES ('201901161123402', '开发者', '市场部', '2019-01-16 11:23:40', '2', '2019-01-17 00:00:00', '2019-01-18 00:00:00', '2', '22', '8', NULL, NULL, NULL, NULL);
INSERT INTO `oa_t_leave` VALUES ('201901161246332', '开发者', '市场部', '2019-01-16 12:46:33', '2', '2019-01-16 00:00:00', '2019-01-25 00:00:00', '4', '222', '8', NULL, NULL, NULL, NULL);
INSERT INTO `oa_t_leave` VALUES ('201901161407102', '开发者', '市场部', '2019-01-16 14:07:10', '2', '2019-01-16 00:00:00', '2019-01-17 00:00:00', '1', '1', '8', NULL, NULL, NULL, NULL);
INSERT INTO `oa_t_leave` VALUES ('201901161501032', '开发者', '市场部', '2019-01-16 15:01:03', '2', '2019-01-16 00:00:00', '2019-01-16 00:00:00', '1', '', '8', NULL, NULL, NULL, NULL);
INSERT INTO `oa_t_leave` VALUES ('201901161502282', '开发者', '市场部', '2019-01-16 15:02:28', '2', '2019-01-16 00:00:00', '2019-01-16 00:00:00', '1', '1111', '8', NULL, NULL, NULL, NULL);
INSERT INTO `oa_t_leave` VALUES ('201901161505412', '开发者', '市场部', '2019-01-16 15:05:41', '2', '2019-01-16 00:00:00', '2019-01-16 00:00:00', '1', '111', '8', NULL, NULL, NULL, NULL);
INSERT INTO `oa_t_leave` VALUES ('201901161506022', '开发者', '市场部', '2019-01-16 15:06:02', '2', '2019-01-16 00:00:00', '2019-01-16 00:00:00', '11', '1111', '8', NULL, NULL, NULL, NULL);
INSERT INTO `oa_t_leave` VALUES ('201901161532382', '开发者', '市场部', '2019-01-16 15:32:38', '2', '2019-01-16 00:00:00', '2019-01-16 00:00:00', '1', '11', '8', NULL, NULL, NULL, NULL);
INSERT INTO `oa_t_leave` VALUES ('201901161532532', '开发者', '市场部', '2019-01-16 15:32:53', '2', '2019-01-16 00:00:00', '2019-01-17 00:00:00', '1', '', '8', NULL, NULL, NULL, NULL);
INSERT INTO `oa_t_leave` VALUES ('201901161535052', '开发者', '市场部', '2019-01-16 15:35:05', '2', '2019-01-16 00:00:00', '2019-01-17 00:00:00', '2', '222', '8', NULL, NULL, NULL, NULL);
INSERT INTO `oa_t_leave` VALUES ('201901171513552', '开发者', '市场部', '2019-01-17 15:13:55', '2', '2019-01-17 00:00:00', '2019-01-24 00:00:00', '8', '结婚了\n', '8', NULL, NULL, NULL, NULL);
INSERT INTO `oa_t_leave` VALUES ('201901171528162', '开发者', '市场部', '2019-01-17 15:28:16', '2', '2019-01-17 00:00:00', '2019-01-18 00:00:00', '1', '11', '8', NULL, NULL, NULL, NULL);

-- ----------------------------
-- Table structure for sys_t_dict
-- ----------------------------
DROP TABLE IF EXISTS `sys_t_dict`;
CREATE TABLE `sys_t_dict`  (
  `d_id` int(11) NOT NULL AUTO_INCREMENT COMMENT '字典编号',
  `name` varchar(50) CHARACTER SET utf8 COLLATE utf8_general_ci NULL DEFAULT NULL COMMENT '字典名称',
  `value` varchar(50) CHARACTER SET utf8 COLLATE utf8_general_ci NULL DEFAULT NULL COMMENT '字典值',
  `remark` varchar(100) CHARACTER SET utf8 COLLATE utf8_general_ci NULL DEFAULT NULL COMMENT '字典描述',
  `gtype` varchar(50) CHARACTER SET utf8 COLLATE utf8_general_ci NULL DEFAULT NULL COMMENT '字典分组',
  `g_id` int(11) NULL DEFAULT NULL COMMENT '字典组ID',
  `sort` int(11) NULL DEFAULT NULL COMMENT '排序',
  `status` char(1) CHARACTER SET utf8 COLLATE utf8_general_ci NULL DEFAULT NULL COMMENT '状态:1、正常 0、作废',
  `createtime` varchar(19) CHARACTER SET utf8mb4 COLLATE utf8mb4_general_ci NOT NULL COMMENT '创建时间',
  `updatetime` varchar(19) CHARACTER SET utf8mb4 COLLATE utf8mb4_general_ci NULL DEFAULT NULL COMMENT '更新时间',
  PRIMARY KEY (`d_id`) USING BTREE,
  UNIQUE INDEX `gtype`(`gtype`) USING BTREE
) ENGINE = InnoDB AUTO_INCREMENT = 43 CHARACTER SET = utf8mb4 COLLATE = utf8mb4_general_ci ROW_FORMAT = Dynamic;

-- ----------------------------
-- Records of sys_t_dict
-- ----------------------------
INSERT INTO `sys_t_dict` VALUES (1, '区域类型', NULL, '111111', 'sys_area_type', NULL, NULL, '1', '2018-12-25 11:46:06', '2018-12-25 16:14:45');
INSERT INTO `sys_t_dict` VALUES (2, '国家', '0', '国家', NULL, 1, 100, NULL, '2018-12-25 11:46:06', '2018-12-25 15:58:55');
INSERT INTO `sys_t_dict` VALUES (3, '省份直辖市', '1', '省份直辖市', NULL, 1, 200, NULL, '2018-12-25 11:46:06', '2018-12-25 15:44:22');
INSERT INTO `sys_t_dict` VALUES (4, '地市', '2', '地市', NULL, 1, 300, NULL, '2018-12-25 11:46:06', '2018-12-25 15:44:25');
INSERT INTO `sys_t_dict` VALUES (5, '区县', '4', '区县', NULL, 1, 400, NULL, '2018-12-25 11:46:06', '2018-12-25 15:55:42');
INSERT INTO `sys_t_dict` VALUES (34, '请假类型', NULL, '请假类型', 'qjlx_type', NULL, NULL, '1', '2019-01-14 16:04:03', NULL);
INSERT INTO `sys_t_dict` VALUES (35, '年假', '5', '年假', NULL, 34, 5, NULL, '2019-01-14 16:04:43', '2019-01-14 16:21:06');
INSERT INTO `sys_t_dict` VALUES (36, '事假', '2', '事假', NULL, 34, 2, NULL, '2019-01-14 16:04:59', NULL);
INSERT INTO `sys_t_dict` VALUES (37, '病假', '3', '病假', NULL, 34, 3, NULL, '2019-01-14 16:05:11', NULL);
INSERT INTO `sys_t_dict` VALUES (38, '调休', '4', '调休', NULL, 34, 4, NULL, '2019-01-14 16:05:28', NULL);
INSERT INTO `sys_t_dict` VALUES (39, '工作时长', NULL, '工作时长', 'gzsc_type', NULL, NULL, '1', '2019-01-14 16:27:05', NULL);
INSERT INTO `sys_t_dict` VALUES (40, '8小时', '8', '8小时', NULL, 39, 1, NULL, '2019-01-14 16:27:32', NULL);
INSERT INTO `sys_t_dict` VALUES (41, '7.5小时', '7.5', '7.5小时', NULL, 39, 2, NULL, '2019-01-14 16:28:04', NULL);
INSERT INTO `sys_t_dict` VALUES (42, '6.5小时', '6.5', '6.5小时', NULL, 39, 4, NULL, '2019-01-14 16:29:47', '2019-01-14 16:30:09');

-- ----------------------------
-- Table structure for sys_t_icon
-- ----------------------------
DROP TABLE IF EXISTS `sys_t_icon`;
CREATE TABLE `sys_t_icon`  (
  `i_id` int(9) UNSIGNED NOT NULL AUTO_INCREMENT COMMENT '图标主键',
  `i_type` char(1) CHARACTER SET utf8mb4 COLLATE utf8mb4_general_ci NOT NULL COMMENT '图标类型 0 用于一二级菜单 1 用于三级菜单',
  `i_name` varchar(30) CHARACTER SET utf8mb4 COLLATE utf8mb4_general_ci NOT NULL COMMENT '图标名称',
  `i_icon` varchar(30) CHARACTER SET utf8mb4 COLLATE utf8mb4_general_ci NULL DEFAULT NULL COMMENT '图标类',
  `i_sort` int(11) NULL DEFAULT NULL COMMENT '排序',
  PRIMARY KEY (`i_id`) USING BTREE,
  UNIQUE INDEX `m_url`(`i_icon`) USING BTREE
) ENGINE = InnoDB AUTO_INCREMENT = 68 CHARACTER SET = utf8mb4 COLLATE = utf8mb4_general_ci ROW_FORMAT = Dynamic;

-- ----------------------------
-- Records of sys_t_icon
-- ----------------------------
INSERT INTO `sys_t_icon` VALUES (1, '0', 'fa-cog', 'fa-cog', 1);
INSERT INTO `sys_t_icon` VALUES (2, '0', 'fa-cogs', 'fa-cogs', 2);
INSERT INTO `sys_t_icon` VALUES (3, '0', 'fa-camera-retro', 'fa-camera-retro', 3);
INSERT INTO `sys_t_icon` VALUES (4, '0', 'fa-home', 'fa-home', 4);
INSERT INTO `sys_t_icon` VALUES (5, '0', 'fa-book', 'fa-book', 5);
INSERT INTO `sys_t_icon` VALUES (6, '0', 'fa-pencil', 'fa-pencil', 6);
INSERT INTO `sys_t_icon` VALUES (7, '0', 'fa-check-square', 'fa-check-square', 7);
INSERT INTO `sys_t_icon` VALUES (9, '1', 'layui-icon-rate-solid', 'layui-icon-rate-solid', 9);
INSERT INTO `sys_t_icon` VALUES (49, '1', 'layui-icon-cellphone', 'layui-icon-cellphone', 10);
INSERT INTO `sys_t_icon` VALUES (50, '1', 'layui-icon-vercode', 'layui-icon-vercode', 11);
INSERT INTO `sys_t_icon` VALUES (51, '1', 'layui-icon-login-wechat', 'layui-icon-login-wechat', 12);
INSERT INTO `sys_t_icon` VALUES (53, '1', 'layui-icon-username', 'layui-icon-username', 14);
INSERT INTO `sys_t_icon` VALUES (54, '0', '望远镜', 'fa-binoculars', 18);
INSERT INTO `sys_t_icon` VALUES (55, '1', 'layui-icon-console', 'layui-icon-console', 15);
INSERT INTO `sys_t_icon` VALUES (56, '1', 'layui-icon-template-1', 'layui-icon-template-1', 16);
INSERT INTO `sys_t_icon` VALUES (57, '1', 'layui-icon-theme', 'layui-icon-theme', 17);
INSERT INTO `sys_t_icon` VALUES (58, '1', 'layui-icon-template', 'layui-icon-template', 18);
INSERT INTO `sys_t_icon` VALUES (59, '1', 'layui-icon-tabs', 'layui-icon-tabs', 19);
INSERT INTO `sys_t_icon` VALUES (60, '1', 'layui-icon-friends', 'layui-icon-friends', 20);
INSERT INTO `sys_t_icon` VALUES (61, '1', 'layui-icon-group', 'layui-icon-group', 21);
INSERT INTO `sys_t_icon` VALUES (62, '1', 'layui-icon-chart-screen', 'layui-icon-chart-screen', 22);
INSERT INTO `sys_t_icon` VALUES (63, '0', '蓝牙', 'fa-bluetooth', 1);
INSERT INTO `sys_t_icon` VALUES (64, '0', '书签', 'fa-bookmark', 1001);
INSERT INTO `sys_t_icon` VALUES (65, '1', '刷新', 'layui-icon-refresh-3', 111);
INSERT INTO `sys_t_icon` VALUES (66, '0', 'file-text-o', 'fa-file-text-o', 22);
INSERT INTO `sys_t_icon` VALUES (67, '1', 'layui-icon-file-b', 'layui-icon-file-b', 100);

-- ----------------------------
-- Table structure for sys_t_job
-- ----------------------------
DROP TABLE IF EXISTS `sys_t_job`;
CREATE TABLE `sys_t_job`  (
  `j_id` int(11) UNSIGNED NOT NULL AUTO_INCREMENT COMMENT '职位ID',
  `j_name` varchar(20) CHARACTER SET utf8mb4 COLLATE utf8mb4_general_ci NOT NULL COMMENT '职位名称',
  `createtime` varchar(19) CHARACTER SET utf8mb4 COLLATE utf8mb4_general_ci NOT NULL COMMENT '创建时间',
  `updatetime` varchar(19) CHARACTER SET utf8mb4 COLLATE utf8mb4_general_ci NULL DEFAULT NULL COMMENT '更新时间',
  PRIMARY KEY (`j_id`, `j_name`) USING BTREE
) ENGINE = InnoDB AUTO_INCREMENT = 6 CHARACTER SET = utf8mb4 COLLATE = utf8mb4_general_ci ROW_FORMAT = Dynamic;

-- ----------------------------
-- Records of sys_t_job
-- ----------------------------
INSERT INTO `sys_t_job` VALUES (1, '总经理', '2018-12-19 08:40:40', '2019-01-17 09:05:57');
INSERT INTO `sys_t_job` VALUES (3, '员工', '2019-01-16 12:12:12', NULL);

-- ----------------------------
-- Table structure for sys_t_menu
-- ----------------------------
DROP TABLE IF EXISTS `sys_t_menu`;
CREATE TABLE `sys_t_menu`  (
  `m_id` int(9) UNSIGNED NOT NULL AUTO_INCREMENT COMMENT '菜单主键',
  `m_name` varchar(20) CHARACTER SET utf8mb4 COLLATE utf8mb4_general_ci NOT NULL COMMENT '菜单名称',
  `m_icon` varchar(30) CHARACTER SET utf8mb4 COLLATE utf8mb4_general_ci NOT NULL COMMENT '菜单icon',
  `m_url` varchar(20) CHARACTER SET utf8mb4 COLLATE utf8mb4_general_ci NULL DEFAULT NULL COMMENT '菜单地址',
  `m_level` char(1) CHARACTER SET utf8mb4 COLLATE utf8mb4_general_ci NOT NULL COMMENT '菜单级别 1 一级菜单 2 二级菜单 3三级菜单',
  `m_status` char(1) CHARACTER SET utf8mb4 COLLATE utf8mb4_general_ci NOT NULL DEFAULT '1' COMMENT '菜单状态 1显示 0隐藏',
  `m_parentid` int(9) NOT NULL COMMENT '菜单上一级ID',
  `m_sort` int(5) NULL DEFAULT NULL COMMENT '菜单排序',
  PRIMARY KEY (`m_id`) USING BTREE
) ENGINE = InnoDB AUTO_INCREMENT = 133 CHARACTER SET = utf8mb4 COLLATE = utf8mb4_general_ci ROW_FORMAT = Dynamic;

-- ----------------------------
-- Records of sys_t_menu
-- ----------------------------
INSERT INTO `sys_t_menu` VALUES (1, '系统管理', 'fa-cog', NULL, '1', '1', 0, 300);
INSERT INTO `sys_t_menu` VALUES (12, '系统设置', 'fa-cogs', NULL, '2', '1', 1, 100);
INSERT INTO `sys_t_menu` VALUES (13, '菜单管理', 'layui-icon-tabs', 'xtgl/xtsz/cdgl', '3', '1', 12, 100);
INSERT INTO `sys_t_menu` VALUES (14, '参数设置', '  layui-icon-template', 'xtgl/xtsz/cssz', '3', '1', 12, 200);
INSERT INTO `sys_t_menu` VALUES (15, '字典管理', '  layui-icon-template-1', 'xtgl/xtsz/zdgl', '3', '1', 12, 300);
INSERT INTO `sys_t_menu` VALUES (16, '组织管理', 'fa-cogs', NULL, '2', '1', 1, 200);
INSERT INTO `sys_t_menu` VALUES (17, '权限管理', 'fa-cogs', NULL, '2', '1', 1, 300);
INSERT INTO `sys_t_menu` VALUES (18, '用户管理', '  layui-icon-friends', 'xtgl/zzgl/yhgl', '3', '1', 16, 100);
INSERT INTO `sys_t_menu` VALUES (19, '角色管理', '  layui-icon-group', 'xtgl/qxgl/jsgl', '3', '1', 17, 100);
INSERT INTO `sys_t_menu` VALUES (78, '系统监控', '  fa-binoculars', '', '2', '1', 1, 400);
INSERT INTO `sys_t_menu` VALUES (79, '数据监控', '  layui-icon-console', 'druid', '3', '1', 78, 100);
INSERT INTO `sys_t_menu` VALUES (80, '流程管理', '  fa-book', NULL, '1', '1', 0, 200);
INSERT INTO `sys_t_menu` VALUES (81, '流程定义', '  fa-cog', 'lcgl/lcdy', '2', '1', 80, 100);
INSERT INTO `sys_t_menu` VALUES (82, '组织架构', '  layui-icon-template-1', 'xtgl/zzgl/zzjg', '3', '1', 16, 200);
INSERT INTO `sys_t_menu` VALUES (83, '流程授权', '  fa-cog', '', '2', '1', 80, 200);
INSERT INTO `sys_t_menu` VALUES (84, '发起授权', '  layui-icon-tabs', 'lcgl/lcsq/fqsq', '3', '1', 83, 100);
INSERT INTO `sys_t_menu` VALUES (85, '图标管理', '  layui-icon-theme', 'xtgl/xtsz/tbgl', '3', '1', 12, 400);
INSERT INTO `sys_t_menu` VALUES (86, '个人工作台', '  fa-home', NULL, '1', '1', 0, 100);
INSERT INTO `sys_t_menu` VALUES (87, '发起流程', '  fa-pencil', 'grgzt/fqlc/fqlc', '2', '1', 86, 100);
INSERT INTO `sys_t_menu` VALUES (88, '待办事项', '  fa-bookmark', '#', '2', '1', 86, 200);
INSERT INTO `sys_t_menu` VALUES (89, '我发起的', '  fa-check-square', 'grgzt/wfqd/wfqd', '2', '1', 86, 300);
INSERT INTO `sys_t_menu` VALUES (90, '事务管理', 'fa-cog', NULL, '1', '1', 0, 150);
INSERT INTO `sys_t_menu` VALUES (91, '车辆管理', 'fa-cog', '', '2', '1', 90, 1);
INSERT INTO `sys_t_menu` VALUES (92, '工作日志', 'fa-cog', '', '2', '1', 90, 2);
INSERT INTO `sys_t_menu` VALUES (93, '车辆管理', 'layui-icon-rate-soli', 'swgl/clgl/clgl', '3', '1', 91, 1);
INSERT INTO `sys_t_menu` VALUES (94, '发起用车申请', 'layui-icon-rate-soli', 'swgl/clgl/fqycsq', '3', '1', 91, 2);
INSERT INTO `sys_t_menu` VALUES (95, '车辆使用统计', 'layui-icon-rate-soli', 'swgl/clgl/clsytj', '3', '1', 91, 3);
INSERT INTO `sys_t_menu` VALUES (96, '职位管理', '  layui-icon-file-b', 'xtgl/zzgl/zwgl', '3', '1', 16, 300);
INSERT INTO `sys_t_menu` VALUES (97, '重点工作', 'fa-cog', '', '2', '1', 90, 3);
INSERT INTO `sys_t_menu` VALUES (98, '年度重点工作登记', 'layui-icon-rate-soli', 'swgl/zdgz/ndzdgzdj', '3', '1', 97, 1);
INSERT INTO `sys_t_menu` VALUES (99, '年度重点工作审核', 'layui-icon-rate-soli', 'swgl/zdgz/ndzdgzsh', '3', '1', 97, 2);
INSERT INTO `sys_t_menu` VALUES (100, '年度重点工作进展填写', 'layui-icon-rate-soli', 'swgl/zdgz/ndzdgzjztx', '3', '1', 97, 3);
INSERT INTO `sys_t_menu` VALUES (101, '我的日志', 'layui-icon-rate-soli', 'swgl/gzrz/wdrz', '3', '1', 92, 1);
INSERT INTO `sys_t_menu` VALUES (102, '全局日志', 'layui-icon-rate-soli', 'swgl/gzrz/qjrz', '3', '1', 92, 2);
INSERT INTO `sys_t_menu` VALUES (103, '日志月报', 'layui-icon-rate-soli', 'swgl/gzrz/rzyb', '3', '1', 92, 3);
INSERT INTO `sys_t_menu` VALUES (104, '用章管理', 'fa-cog', '', '2', '1', 90, 4);
INSERT INTO `sys_t_menu` VALUES (105, '发起用章申请', 'layui-icon-rate-soli', 'swgl/yzgl/fqyzsq', '3', '1', 104, 1);
INSERT INTO `sys_t_menu` VALUES (106, '公章管理', 'layui-icon-rate-soli', 'swgl/yzgl/gzgl', '3', '1', 104, 2);
INSERT INTO `sys_t_menu` VALUES (107, '用章使用统计', 'layui-icon-rate-soli', 'swgl/yzgl/yzsytj', '3', '1', 104, 3);
INSERT INTO `sys_t_menu` VALUES (108, '资产管理', 'fa-cog', '', '2', '1', 90, 5);
INSERT INTO `sys_t_menu` VALUES (109, '目录管理', 'layui-icon-rate-soli', 'swgl/zcgl/mlgl', '3', '1', 108, 1);
INSERT INTO `sys_t_menu` VALUES (110, '资产管理', 'layui-icon-rate-soli', 'swgl/zcgl/zcgl', '3', '1', 108, 2);
INSERT INTO `sys_t_menu` VALUES (111, '发起资产报废申请', 'layui-icon-rate-soli', 'swgl/zcgl/fqzcbfsq', '3', '1', 108, 3);
INSERT INTO `sys_t_menu` VALUES (112, '发起资产报损申请', 'layui-icon-rate-soli', 'swgl/zcgl/fqzcbssq', '3', '1', 108, 4);
INSERT INTO `sys_t_menu` VALUES (113, '发起资产领用申请', 'layui-icon-rate-soli', 'swgl/zcgl/fqzclysq', '3', '1', 108, 5);
INSERT INTO `sys_t_menu` VALUES (114, '内部邮件', 'fa-cog', '', '2', '1', 90, 6);
INSERT INTO `sys_t_menu` VALUES (115, '写信', 'layui-icon-rate-soli', 'swgl/nbyj/xx', '3', '1', 114, 1);
INSERT INTO `sys_t_menu` VALUES (116, '收件箱', 'layui-icon-rate-soli', 'swgl/nbyj/sjx', '3', '1', 114, 2);
INSERT INTO `sys_t_menu` VALUES (117, '已发送', 'layui-icon-rate-soli', 'swgl/nbyj/yfs', '3', '1', 114, 3);
INSERT INTO `sys_t_menu` VALUES (118, '垃圾箱', 'layui-icon-rate-soli', 'swgl/nbyj/ljx', '3', '1', 114, 4);
INSERT INTO `sys_t_menu` VALUES (119, '已删除', 'layui-icon-rate-soli', 'swgl/nbyj/ysc', '3', '1', 114, 5);
INSERT INTO `sys_t_menu` VALUES (120, '督察通报', 'fa-cog', '', '2', '1', 90, 7);
INSERT INTO `sys_t_menu` VALUES (121, '查岗统计', 'layui-icon-rate-soli', 'swgl/dctb/cgtj', '3', '1', 120, 1);
INSERT INTO `sys_t_menu` VALUES (122, '日报统计', 'layui-icon-rate-soli', 'swgl/dctb/rbtj', '3', '1', 120, 2);
INSERT INTO `sys_t_menu` VALUES (123, '点名统计', 'layui-icon-rate-soli', 'swgl/dctb/dmtj', '3', '1', 120, 3);
INSERT INTO `sys_t_menu` VALUES (124, '日程管理', 'fa-cog', '', '2', '1', 90, 8);
INSERT INTO `sys_t_menu` VALUES (125, '领导日程', 'layui-icon-rate-soli', 'swgl/rcgl/ldrc', '3', '1', 124, 1);
INSERT INTO `sys_t_menu` VALUES (126, '我的日程', 'layui-icon-rate-soli', 'swgl/rcgl/wdrc', '3', '1', 124, 2);
INSERT INTO `sys_t_menu` VALUES (127, '全局日程', 'layui-icon-rate-soli', 'swgl/rcgl/qjrc', '3', '1', 124, 3);
INSERT INTO `sys_t_menu` VALUES (128, '请假管理', 'fa-cog', '', '2', '1', 90, 9);
INSERT INTO `sys_t_menu` VALUES (129, '发起请假申请', 'layui-icon-rate-soli', 'swgl/qjgl/fqqjsq', '3', '1', 128, 1);
INSERT INTO `sys_t_menu` VALUES (130, '我的请假统计', 'layui-icon-rate-soli', 'swgl/qjgl/wdqjtj', '3', '1', 128, 2);
INSERT INTO `sys_t_menu` VALUES (131, '全局请假统计', 'layui-icon-rate-soli', 'swgl/qjgl/qjqjtj', '3', '1', 128, 3);
INSERT INTO `sys_t_menu` VALUES (132, '通知公告', 'fa-cog', 'swgl/tzgg', '2', '1', 90, 10);

-- ----------------------------
-- Table structure for sys_t_menu_action
-- ----------------------------
DROP TABLE IF EXISTS `sys_t_menu_action`;
CREATE TABLE `sys_t_menu_action`  (
  `ac_id` int(9) UNSIGNED NOT NULL AUTO_INCREMENT COMMENT '菜单功能ID',
  `ac_name` varchar(20) CHARACTER SET utf8mb4 COLLATE utf8mb4_general_ci NOT NULL COMMENT '功能名称',
  `ac_code` varchar(20) CHARACTER SET utf8mb4 COLLATE utf8mb4_general_ci NOT NULL COMMENT '功能编码',
  PRIMARY KEY (`ac_id`) USING BTREE
) ENGINE = InnoDB AUTO_INCREMENT = 1 CHARACTER SET = utf8mb4 COLLATE = utf8mb4_general_ci ROW_FORMAT = Dynamic;

-- ----------------------------
-- Table structure for sys_t_org
-- ----------------------------
DROP TABLE IF EXISTS `sys_t_org`;
CREATE TABLE `sys_t_org`  (
  `o_id` int(11) UNSIGNED NOT NULL AUTO_INCREMENT COMMENT '组织ID',
  `o_name` varchar(20) CHARACTER SET utf8mb4 COLLATE utf8mb4_general_ci NOT NULL COMMENT '组织名称',
  `createtime` varchar(19) CHARACTER SET utf8mb4 COLLATE utf8mb4_general_ci NOT NULL COMMENT '创建时间',
  `updatetime` varchar(19) CHARACTER SET utf8mb4 COLLATE utf8mb4_general_ci NULL DEFAULT NULL COMMENT '更新时间',
  PRIMARY KEY (`o_id`, `o_name`) USING BTREE
) ENGINE = InnoDB AUTO_INCREMENT = 6 CHARACTER SET = utf8mb4 COLLATE = utf8mb4_general_ci ROW_FORMAT = Dynamic;

-- ----------------------------
-- Records of sys_t_org
-- ----------------------------
INSERT INTO `sys_t_org` VALUES (1, '市场部', '2018-12-19 08:40:40', '2019-01-15 11:56:53');
INSERT INTO `sys_t_org` VALUES (5, '研发部', '2019-01-17 08:18:27', NULL);

-- ----------------------------
-- Table structure for sys_t_params
-- ----------------------------
DROP TABLE IF EXISTS `sys_t_params`;
CREATE TABLE `sys_t_params`  (
  `p_id` int(11) UNSIGNED NOT NULL AUTO_INCREMENT COMMENT '参数 ID',
  `name` varchar(50) CHARACTER SET utf8mb4 COLLATE utf8mb4_general_ci NOT NULL COMMENT '参数名称',
  `key` varchar(50) CHARACTER SET utf8mb4 COLLATE utf8mb4_general_ci NOT NULL COMMENT '参数KEY',
  `value` varchar(200) CHARACTER SET utf8mb4 COLLATE utf8mb4_general_ci NOT NULL COMMENT '参数值',
  `createtime` varchar(19) CHARACTER SET utf8mb4 COLLATE utf8mb4_general_ci NOT NULL COMMENT '创建时间',
  `updatetime` varchar(19) CHARACTER SET utf8mb4 COLLATE utf8mb4_general_ci NULL DEFAULT NULL COMMENT '更新时间',
  `remark` varchar(300) CHARACTER SET utf8mb4 COLLATE utf8mb4_general_ci NULL DEFAULT NULL COMMENT '备注',
  PRIMARY KEY (`p_id`, `key`) USING BTREE,
  UNIQUE INDEX `key`(`key`) USING BTREE
) ENGINE = InnoDB AUTO_INCREMENT = 46 CHARACTER SET = utf8mb4 COLLATE = utf8mb4_general_ci ROW_FORMAT = Dynamic;

-- ----------------------------
-- Records of sys_t_params
-- ----------------------------
INSERT INTO `sys_t_params` VALUES (38, '系统名称', 'sysname', 'ZZOA办公系统', '2018-12-25 16:06:42', '2018-12-25 17:06:07', '            \n        ');
INSERT INTO `sys_t_params` VALUES (43, '所属公司', 'copyright', '卓正环保', '2018-12-25 17:09:16', NULL, '');
INSERT INTO `sys_t_params` VALUES (44, '公司地址', 'companyurl', 'https://www.baidu.com', '2018-12-25 17:14:43', NULL, '');
INSERT INTO `sys_t_params` VALUES (45, '菜单类型', 'menu', '1', '2018-12-29 14:57:21', '2018-12-29 14:57:34', '1三级菜单 0二级菜单');

-- ----------------------------
-- Table structure for sys_t_permission
-- ----------------------------
DROP TABLE IF EXISTS `sys_t_permission`;
CREATE TABLE `sys_t_permission`  (
  `url` varchar(200) CHARACTER SET utf8mb4 COLLATE utf8mb4_general_ci NOT NULL COMMENT '地址',
  `qxlj` varchar(10) CHARACTER SET utf8mb4 COLLATE utf8mb4_general_ci NOT NULL COMMENT '权限类型',
  `sort` int(5) NOT NULL COMMENT '排序',
  `remark` varchar(500) CHARACTER SET utf8mb4 COLLATE utf8mb4_general_ci NULL DEFAULT NULL COMMENT '备注',
  `sfsx` char(1) CHARACTER SET utf8mb4 COLLATE utf8mb4_general_ci NOT NULL DEFAULT '1' COMMENT '是否生效'
) ENGINE = InnoDB CHARACTER SET = utf8mb4 COLLATE = utf8mb4_general_ci ROW_FORMAT = Dynamic;

-- ----------------------------
-- Records of sys_t_permission
-- ----------------------------
INSERT INTO `sys_t_permission` VALUES ('/static/**', 'anon', 1, '', '1');
INSERT INTO `sys_t_permission` VALUES ('/**', 'authc', 1000, '需认证后访问', '1');
INSERT INTO `sys_t_permission` VALUES ('/css/**', 'anon', 2, '', '1');
INSERT INTO `sys_t_permission` VALUES ('/js/**', 'anon', 3, '', '1');
INSERT INTO `sys_t_permission` VALUES ('/img/**', 'anon', 4, '', '1');
INSERT INTO `sys_t_permission` VALUES ('/favicon.ico', 'anon', 0, '', '1');
INSERT INTO `sys_t_permission` VALUES ('/druid/**', 'anon', 5, 'druid监控', '1');
INSERT INTO `sys_t_permission` VALUES ('/plugins/**', 'anon', 6, '', '1');
INSERT INTO `sys_t_permission` VALUES ('/captcha', 'anon', 7, '验证码', '1');
INSERT INTO `sys_t_permission` VALUES ('/logout', 'logout', 8, '登出', '1');
INSERT INTO `sys_t_permission` VALUES ('/loginIn', 'anon', 9, '登陆', '1');
INSERT INTO `sys_t_permission` VALUES ('/menus/**', 'anon', 10, '开发', '1');
INSERT INTO `sys_t_permission` VALUES ('/dict/**', 'anon', 11, '开发', '1');
INSERT INTO `sys_t_permission` VALUES ('/orgUser/**', 'anon', 12, '开发', '1');

-- ----------------------------
-- Table structure for sys_t_role
-- ----------------------------
DROP TABLE IF EXISTS `sys_t_role`;
CREATE TABLE `sys_t_role`  (
  `r_id` int(11) UNSIGNED NOT NULL AUTO_INCREMENT COMMENT '角色ID',
  `rolename` varchar(20) CHARACTER SET utf8mb4 COLLATE utf8mb4_general_ci NOT NULL COMMENT '角色名称',
  `createtime` varchar(19) CHARACTER SET utf8mb4 COLLATE utf8mb4_general_ci NOT NULL COMMENT '创建时间',
  `updatetime` varchar(19) CHARACTER SET utf8mb4 COLLATE utf8mb4_general_ci NULL DEFAULT NULL COMMENT '更新时间',
  `remark` varchar(300) CHARACTER SET utf8mb4 COLLATE utf8mb4_general_ci NULL DEFAULT NULL COMMENT '备注',
  `status` char(1) CHARACTER SET utf8mb4 COLLATE utf8mb4_general_ci NULL DEFAULT '1' COMMENT '角色状态 0 禁用 1 正常',
  `rolecode` varchar(30) CHARACTER SET utf8mb4 COLLATE utf8mb4_general_ci NULL DEFAULT NULL COMMENT '角色编号',
  PRIMARY KEY (`r_id`, `rolename`) USING BTREE
) ENGINE = InnoDB AUTO_INCREMENT = 5 CHARACTER SET = utf8mb4 COLLATE = utf8mb4_general_ci ROW_FORMAT = Dynamic;

-- ----------------------------
-- Records of sys_t_role
-- ----------------------------
INSERT INTO `sys_t_role` VALUES (1, 'developer', '2018-12-19 08:40:40', '2019-01-17 08:22:24', '开发者角色', '1', 'dep');
INSERT INTO `sys_t_role` VALUES (2, 'test', '2018-12-19 08:40:20', '2019-01-17 10:07:33', '测试者角色', '1', 'test');

-- ----------------------------
-- Table structure for sys_t_role_menu
-- ----------------------------
DROP TABLE IF EXISTS `sys_t_role_menu`;
CREATE TABLE `sys_t_role_menu`  (
  `r_id` int(11) NOT NULL COMMENT '角色ID',
  `m_id` int(9) NOT NULL COMMENT '菜单ID',
  `ac_id` varchar(100) CHARACTER SET utf8mb4 COLLATE utf8mb4_general_ci NULL DEFAULT NULL COMMENT '动作权限ID',
  UNIQUE INDEX `r_id`(`r_id`, `m_id`) USING BTREE
) ENGINE = InnoDB CHARACTER SET = utf8mb4 COLLATE = utf8mb4_general_ci ROW_FORMAT = Dynamic;

-- ----------------------------
-- Records of sys_t_role_menu
-- ----------------------------
INSERT INTO `sys_t_role_menu` VALUES (1, 1, NULL);
INSERT INTO `sys_t_role_menu` VALUES (1, 12, NULL);
INSERT INTO `sys_t_role_menu` VALUES (1, 13, NULL);
INSERT INTO `sys_t_role_menu` VALUES (1, 14, NULL);
INSERT INTO `sys_t_role_menu` VALUES (1, 15, NULL);
INSERT INTO `sys_t_role_menu` VALUES (1, 16, NULL);
INSERT INTO `sys_t_role_menu` VALUES (1, 17, NULL);
INSERT INTO `sys_t_role_menu` VALUES (1, 18, NULL);
INSERT INTO `sys_t_role_menu` VALUES (1, 19, NULL);
INSERT INTO `sys_t_role_menu` VALUES (1, 78, NULL);
INSERT INTO `sys_t_role_menu` VALUES (1, 79, NULL);
INSERT INTO `sys_t_role_menu` VALUES (1, 80, NULL);
INSERT INTO `sys_t_role_menu` VALUES (1, 81, NULL);
INSERT INTO `sys_t_role_menu` VALUES (1, 82, NULL);
INSERT INTO `sys_t_role_menu` VALUES (1, 83, NULL);
INSERT INTO `sys_t_role_menu` VALUES (1, 84, NULL);
INSERT INTO `sys_t_role_menu` VALUES (1, 85, NULL);
INSERT INTO `sys_t_role_menu` VALUES (1, 86, NULL);
INSERT INTO `sys_t_role_menu` VALUES (1, 87, NULL);
INSERT INTO `sys_t_role_menu` VALUES (1, 88, NULL);
INSERT INTO `sys_t_role_menu` VALUES (1, 89, NULL);
INSERT INTO `sys_t_role_menu` VALUES (1, 96, NULL);
INSERT INTO `sys_t_role_menu` VALUES (2, 1, NULL);
INSERT INTO `sys_t_role_menu` VALUES (2, 12, NULL);
INSERT INTO `sys_t_role_menu` VALUES (2, 13, NULL);
INSERT INTO `sys_t_role_menu` VALUES (2, 14, NULL);
INSERT INTO `sys_t_role_menu` VALUES (2, 15, NULL);
INSERT INTO `sys_t_role_menu` VALUES (2, 16, NULL);
INSERT INTO `sys_t_role_menu` VALUES (2, 17, NULL);
INSERT INTO `sys_t_role_menu` VALUES (2, 18, NULL);
INSERT INTO `sys_t_role_menu` VALUES (2, 19, NULL);
INSERT INTO `sys_t_role_menu` VALUES (2, 78, NULL);
INSERT INTO `sys_t_role_menu` VALUES (2, 79, NULL);
INSERT INTO `sys_t_role_menu` VALUES (2, 82, NULL);
INSERT INTO `sys_t_role_menu` VALUES (2, 85, NULL);
INSERT INTO `sys_t_role_menu` VALUES (2, 86, NULL);
INSERT INTO `sys_t_role_menu` VALUES (2, 87, NULL);
INSERT INTO `sys_t_role_menu` VALUES (2, 88, NULL);
INSERT INTO `sys_t_role_menu` VALUES (2, 89, NULL);

-- ----------------------------
-- Table structure for sys_t_user
-- ----------------------------
DROP TABLE IF EXISTS `sys_t_user`;
CREATE TABLE `sys_t_user`  (
  `u_id` int(11) UNSIGNED NOT NULL AUTO_INCREMENT COMMENT '用户表ID',
  `username` varchar(20) CHARACTER SET utf8mb4 COLLATE utf8mb4_general_ci NOT NULL,
  `password` varchar(200) CHARACTER SET utf8mb4 COLLATE utf8mb4_general_ci NOT NULL,
  `nickname` varchar(20) CHARACTER SET utf8mb4 COLLATE utf8mb4_general_ci NOT NULL,
  `createtime` varchar(19) CHARACTER SET utf8mb4 COLLATE utf8mb4_general_ci NOT NULL COMMENT '创建时间',
  `updatetime` varchar(19) CHARACTER SET utf8mb4 COLLATE utf8mb4_general_ci NULL DEFAULT NULL COMMENT '更新时间',
  `remark` varchar(300) CHARACTER SET utf8mb4 COLLATE utf8mb4_general_ci NULL DEFAULT NULL COMMENT '备注',
  `email` varchar(100) CHARACTER SET utf8mb4 COLLATE utf8mb4_general_ci NULL DEFAULT NULL COMMENT '邮件',
  `phone` varchar(15) CHARACTER SET utf8mb4 COLLATE utf8mb4_general_ci NULL DEFAULT NULL COMMENT '手机号码',
  `status` char(1) CHARACTER SET utf8mb4 COLLATE utf8mb4_general_ci NOT NULL DEFAULT '3' COMMENT '账户状态 0正常 1 锁定  2 禁用',
  `recentlogin` varchar(19) CHARACTER SET utf8mb4 COLLATE utf8mb4_general_ci NULL DEFAULT NULL COMMENT '最近登录时间',
  PRIMARY KEY (`u_id`, `username`) USING BTREE,
  UNIQUE INDEX `username`(`username`) USING BTREE
) ENGINE = InnoDB AUTO_INCREMENT = 9 CHARACTER SET = utf8mb4 COLLATE = utf8mb4_general_ci ROW_FORMAT = Dynamic;

-- ----------------------------
-- Records of sys_t_user
-- ----------------------------
INSERT INTO `sys_t_user` VALUES (1, 'superadmin', '5430e8684ff7dc444a47d9da3acc8397', '超级管理员', '2018-12-19 08:40:40', '2019-01-03 16:28:43', '', '897546244@qq.com', '19913140983', '0', '2019-01-18 08:47:55');
INSERT INTO `sys_t_user` VALUES (2, 'dev', 'c43812121e594f158520698ba706118f', '开发者', '2018-12-19 08:40:40', '2019-01-15 15:35:43', '', 'lpf1@qq.com', '15262889804', '0', '2019-01-18 08:25:43');
INSERT INTO `sys_t_user` VALUES (3, 'test', '05a671c66aefea124cc08b76ea6d30bb', '测试', '2018-12-19 08:40:40', '2019-01-15 15:44:19', '', 'lpf1@qq.com', '15262889804', '0', '2019-01-17 10:07:14');
INSERT INTO `sys_t_user` VALUES (8, 'chj', 'a7455f1c5c47dc14259489b924e39a4a', 'chj', '2019-01-15 15:29:49', '2019-01-15 15:55:47', 'chj', '9@qq.com1', '19913140984', '0', '2019-01-15 16:24:07');

-- ----------------------------
-- Table structure for sys_t_user_job
-- ----------------------------
DROP TABLE IF EXISTS `sys_t_user_job`;
CREATE TABLE `sys_t_user_job`  (
  `u_id` int(11) NOT NULL COMMENT '用户ID',
  `j_id` int(11) NULL DEFAULT NULL COMMENT '职位ID',
  PRIMARY KEY (`u_id`) USING BTREE,
  UNIQUE INDEX `u_id`(`u_id`) USING BTREE
) ENGINE = InnoDB CHARACTER SET = utf8mb4 COLLATE = utf8mb4_general_ci ROW_FORMAT = Dynamic;

-- ----------------------------
-- Records of sys_t_user_job
-- ----------------------------
INSERT INTO `sys_t_user_job` VALUES (2, 1);
INSERT INTO `sys_t_user_job` VALUES (3, 1);
INSERT INTO `sys_t_user_job` VALUES (8, 3);

-- ----------------------------
-- Table structure for sys_t_user_org
-- ----------------------------
DROP TABLE IF EXISTS `sys_t_user_org`;
CREATE TABLE `sys_t_user_org`  (
  `u_id` int(11) NOT NULL COMMENT '用户ID',
  `o_id` int(11) NULL DEFAULT NULL COMMENT '组织ID',
  PRIMARY KEY (`u_id`) USING BTREE,
  UNIQUE INDEX `u_id`(`u_id`) USING BTREE
) ENGINE = InnoDB CHARACTER SET = utf8mb4 COLLATE = utf8mb4_general_ci ROW_FORMAT = Dynamic;

-- ----------------------------
-- Records of sys_t_user_org
-- ----------------------------
INSERT INTO `sys_t_user_org` VALUES (2, 1);
INSERT INTO `sys_t_user_org` VALUES (3, 5);
INSERT INTO `sys_t_user_org` VALUES (8, 5);

-- ----------------------------
-- Table structure for sys_t_user_procdef
-- ----------------------------
DROP TABLE IF EXISTS `sys_t_user_procdef`;
CREATE TABLE `sys_t_user_procdef`  (
  `u_id` int(11) NULL DEFAULT NULL COMMENT '用户ID',
  `p_id` varchar(64) CHARACTER SET utf8mb4 COLLATE utf8mb4_general_ci NULL DEFAULT NULL COMMENT '流程定义ID',
  UNIQUE INDEX `u_id`(`u_id`) USING BTREE
) ENGINE = InnoDB CHARACTER SET = utf8mb4 COLLATE = utf8mb4_general_ci ROW_FORMAT = Dynamic;

-- ----------------------------
-- Records of sys_t_user_procdef
-- ----------------------------
INSERT INTO `sys_t_user_procdef` VALUES (2, 'leave:1:160010');
INSERT INTO `sys_t_user_procdef` VALUES (3, 'leave:1:160010');
INSERT INTO `sys_t_user_procdef` VALUES (8, 'leave:1:160010');

-- ----------------------------
-- Table structure for sys_t_user_role
-- ----------------------------
DROP TABLE IF EXISTS `sys_t_user_role`;
CREATE TABLE `sys_t_user_role`  (
  `u_id` int(11) NOT NULL COMMENT '用户ID',
  `r_id` int(11) NULL DEFAULT NULL COMMENT '角色ID',
  PRIMARY KEY (`u_id`) USING BTREE,
  UNIQUE INDEX `u_id`(`u_id`, `r_id`) USING BTREE
) ENGINE = InnoDB CHARACTER SET = utf8mb4 COLLATE = utf8mb4_general_ci ROW_FORMAT = Dynamic;

-- ----------------------------
-- Records of sys_t_user_role
-- ----------------------------
INSERT INTO `sys_t_user_role` VALUES (2, 1);
INSERT INTO `sys_t_user_role` VALUES (3, 2);
INSERT INTO `sys_t_user_role` VALUES (8, 1);

SET FOREIGN_KEY_CHECKS = 1;
