/*
 Navicat Premium Data Transfer

 Source Server         : dev
 Source Server Type    : MySQL
 Source Server Version : 50724
 Source Host           : 192.168.1.104:3306
 Source Schema         : zzoa

 Target Server Type    : MySQL
 Target Server Version : 50724
 File Encoding         : 65001

 Date: 26/02/2019 13:16:20
*/

SET NAMES utf8mb4;
SET FOREIGN_KEY_CHECKS = 0;

-- ----------------------------
-- Table structure for act_evt_log
-- ----------------------------
DROP TABLE IF EXISTS `act_evt_log`;
CREATE TABLE `act_evt_log`  (
  `LOG_NR_` bigint(20) NOT NULL AUTO_INCREMENT,
  `TYPE_` varchar(64) CHARACTER SET utf8 COLLATE utf8_bin NULL DEFAULT NULL,
  `PROC_DEF_ID_` varchar(64) CHARACTER SET utf8 COLLATE utf8_bin NULL DEFAULT NULL,
  `PROC_INST_ID_` varchar(64) CHARACTER SET utf8 COLLATE utf8_bin NULL DEFAULT NULL,
  `EXECUTION_ID_` varchar(64) CHARACTER SET utf8 COLLATE utf8_bin NULL DEFAULT NULL,
  `TASK_ID_` varchar(64) CHARACTER SET utf8 COLLATE utf8_bin NULL DEFAULT NULL,
  `TIME_STAMP_` timestamp(3) NOT NULL DEFAULT CURRENT_TIMESTAMP(3) ON UPDATE CURRENT_TIMESTAMP(3),
  `USER_ID_` varchar(255) CHARACTER SET utf8 COLLATE utf8_bin NULL DEFAULT NULL,
  `DATA_` longblob NULL,
  `LOCK_OWNER_` varchar(255) CHARACTER SET utf8 COLLATE utf8_bin NULL DEFAULT NULL,
  `LOCK_TIME_` timestamp(3) NULL DEFAULT NULL,
  `IS_PROCESSED_` tinyint(4) NULL DEFAULT 0,
  PRIMARY KEY (`LOG_NR_`) USING BTREE
) ENGINE = InnoDB AUTO_INCREMENT = 1 CHARACTER SET = utf8 COLLATE = utf8_bin ROW_FORMAT = Dynamic;

-- ----------------------------
-- Table structure for act_ge_bytearray
-- ----------------------------
DROP TABLE IF EXISTS `act_ge_bytearray`;
CREATE TABLE `act_ge_bytearray`  (
  `ID_` varchar(64) CHARACTER SET utf8 COLLATE utf8_bin NOT NULL,
  `REV_` int(11) NULL DEFAULT NULL,
  `NAME_` varchar(255) CHARACTER SET utf8 COLLATE utf8_bin NULL DEFAULT NULL,
  `DEPLOYMENT_ID_` varchar(64) CHARACTER SET utf8 COLLATE utf8_bin NULL DEFAULT NULL,
  `BYTES_` longblob NULL,
  `GENERATED_` tinyint(4) NULL DEFAULT NULL,
  PRIMARY KEY (`ID_`) USING BTREE,
  INDEX `ACT_FK_BYTEARR_DEPL`(`DEPLOYMENT_ID_`) USING BTREE,
  CONSTRAINT `ACT_FK_BYTEARR_DEPL` FOREIGN KEY (`DEPLOYMENT_ID_`) REFERENCES `act_re_deployment` (`ID_`) ON DELETE RESTRICT ON UPDATE RESTRICT
) ENGINE = InnoDB CHARACTER SET = utf8 COLLATE = utf8_bin ROW_FORMAT = Dynamic;

-- ----------------------------
-- Records of act_ge_bytearray
-- ----------------------------
INSERT INTO `act_ge_bytearray` VALUES ('2', 1, 'leave.png', '1', 0x89504E470D0A1A0A0000000D4948445200000920000003AE08020000009207BC1300003D9449444154789CECDD6F8C24679D1FF03160D3201013E5024384EC3EE5854710D85640DA7D81B26DA4B01329C12305E1495E2C232160D111B38A226E48644F94F3DE2A0ACE70016B2FC17BA344BE4C745A18E96C6772D8BE39B07D1BE33F03786130DEA339DBDC806D68E25DBB6DEF7A3BED69DC69BAA7ABEAE97FD5DDF5F9E8D16AA6BBBAA76AEAF74C957EDFADEAA92A00000000000090D854DA2B00000000000000E344C00600000000000001046C0000000000001040C00600000000000001046C0000000000001040C00600000000000001046C0000000000001040C00600000000000001046C0000000000001040C00600000000000001046C0000000000001040C00600000000000001046C0000000000001040C00600000000000001046C0000000000001040C0060043359540F4CB87B6AA00000000C09E34E900A07B49D2B296482C36216B5FBEEB340E0000000018045D3900E8B31E2F41DB7381F607456B000000009016BD3900E8B324015BC4E5689D5EDEFCB8740D0000000052A43D0700FDD4DD056A9D16E8E2169400000000C0A069C90140DF2489BB7A5F00000000004897161E00F447CB0D1E63EFF4D8E942B43D3F6ECDB56B00000000303A34E600A00FF68CC7F60CC03A0569D1015BF40F05000000008649630E007A1511AA45A46541019B2BD800000000607468CC01404F92276A2DDFBA820D00000000C694C61C00742F49181611A4F90C360000000018471A7300D04FB1A157E802F56F63AF7B03000000008646570E00FA69D0015BFB6232360000000018322D3900E8A75E02B6F61B3FB67C9DF0969200000000C04069C90100000000004000011B0000000000000410B00100000000004000011B0000000000000410B00100000000004000011B0000000000000410B00100000000004000011B0000000000000410B00100000000004000011B0000000000000410B00100000000004000011B0000000000000410B00100000000004000011B007D50A9543637379797978BAFC9E7F35330FE6A95DCA8EA5A856F6C6C94CBE5B4271C000000002913B001D093CDCDCDF9F9F95C2E578F1F365F532A95D25E35E8835A2537AABA56E1737373D3D3D3B56A5F5F5F4F7BD500000000488D800D802EEDECECD42FEB91349035F55CB950286C6F6FA7BD2E00000000A440C0064037363636666767373737D35E1148CDD6D656A150585B5B4B7B45000000001836011B00C1D6D7D78BC5A24FA2824AA5B2B0B0B0BABA9AF68A000000003054023600C2944AA542A1205D83BA4AA5522C164F9F3E9DF68A00000000303C023600C21C3870409600CD4AA5D2ECEC6CA552497B45000000001812011B0001D6D7D7E7E7E7D35E0B1839478F1E5D5959497B2D000000001812011B0001E6E6E6363636D25E0B1839DBDBDBB3B3B369AF05000000004322600320A99D9D9D999999B4D7024694BBA7020000006487800D80A4DC1F1222B84B24000000407608D800484A7E001124D000000000D921600320A962B1B8B9B999F65AC088F2316C00000000D921600320291F3105114AA5523E9F4F7B2D000000001806011B0049E5F3F952A994F65AC0E89A9A7266050000009009DA400024353D3D5D2E97D35E0B185D0236000000808CD006022029E1014433470000000032421B0880A4840710CD1C01000000C8086D200092121E403473040000002023B48100484A7800D1CC11000000808CD006022029E1014433470000000032421B0880A4840710CD1C01000000C8086D200092121E403473040000002023B48100484A7800D1CC11000000808CD006022029E1014433470000000032421B0880A4840710CD1C01000000C8086D200092121E403473040000002023B48100484A7800D1CC11000000808CD006022029E1014433470000000032421B0880A4840710CD1C01000000C8086D200092121E403473040000002023B48100484A7800D1CC11000000808CD006022029E1014433470000000032421B0880A4840710CD1C01000000C8086D200092121E403473040000002023B48100484A7800D1CC11000000808CD006022029E1014433470000000032421B0880A4840710CD1C01000000C8086D200092121E403473040000002023B48100484A7800D1CC11000000808CD006022029E1014433470000000032421B0880A4840710CD1C01000000C8086D2048DF5402D12F1FDAAA9271832E36738171A7080100000032421BA87B954A656D6D6D6161A1582CE6F3F9247DE18954DBF6DA6F607E7E7E7575B55C2EA7BD5BC6D2545C43B66581D89D32C895DD9BE95037F1D3616AF0015BD002B17B64102BA9DAEB26BEDABB33256003000000C8066DA02E6D6C6CE4F3F9858585DB6EBBEDAEBBEF7EFCECD9972F5CC8E6A86D7BED3770EAD4A9C3870FD77E27ABABAB69EF9CF113DB90DD7381F607D36AEC9A0ED9990E83AEB1D19F0BAA3D3BD59EDCDADA5AADE472B95CA150A87D31333353FBF7CD6F7EF3F6F676DAAB06000000C0A008D88295CBE5C5C5C543870E3DF1E4132F5F78D9681E4F3FF3F4E1C3876BBF9C9D9D9DB477D438A987019D2E13A9764E0B9A1F4F255D331DB2361D8613B08DE65C50ED59ABF6E4BEFEF5AFB797EB35D75CB3BEBE9EF6AA01000000302802B630E572B95028DC7AF2AB2F5F78C9E8346EBFE3F6FDFBF7974AA5B477D7D808BA6A27E1DDDB06BCCAAF321D32381D46EA0AB661CE05D59EC16A4FAE52A9BCF18D6F6CAEBAF7BDEF7D333333EE9C0900000030C1046C61161717771BAC2F1AD1E3AEBBBF71F0E03F4C7B778D8DA0506174980E199C0E2315B00D936ACF60B507F9C217BEF08637BCA111B07DE6339F595A5A4A7BA50000000018A051ECDA8FAC8D8D8D43873E7CE162C548323EFFBBFFFAD8B1DF4B7BA78D874666D0E9E29BF65021DD6BD7AAA64356A7C3D002B6919A0BAA3D9BD51EEA1DEF7847BDF0AEBBEEBA7C3E5FA954D25E23000000000648C09654A552C9E7F34F3E55BA70F10523C93877FE97FBF6BD6F7B7B3BED5D37063A8507D1A142F45B0D94E990D9E930CC802DC9E311ABD4AF5555ED99ADF650DFFCE6372FBFFCF25AE1CDCDCDF9F435000000808927604B6A7575757171F1C2C5E71BE39AB97F1271E544B3E657656A1C3BF6EFDD232B89EE428514AF60331D323B1D4633601BE85C50ED99ADF62E7CE8431F9ADA0DD8D25E1100000000064EC096D4FCFCFCA9AFFDCFFFDF60FDF0A1BFA9567FF24AF54717AADF7FA9FA9D97AA0F9EBBB8F2B57BFEECA95F3DF072F5FF54AA0F54AAF73E5FFDC68BD53FB8F77B9F3AF2E9D4DB9DA98C871E3E5D2814D2DE75BD2A97CB8B8B8BB57F07F723BA0B15A2DF6AA04C87CC4E87D10CD8A2DFAA47AA3DB3D5DE859D9D9D5AE165F0EA3D000000800C12B025353B3B7BE6CC23172E9EAF8FA9A9A973D5EAF94BD55F5DACFEE2E5EAF3D5EABFFA37374EBDEE2D073E3CFFD485EA132F559F78B15AAA541FBF58FD93BFFCCEEE750CE73338CE9D7F3697CBA5BDEB7A522E970F1E3C78EBC993C5627170195B7378B0E72538C3BF6A279AE990CDE95073E595570E346F1EC1B9A0DA335BEDDD19CE1F610000000052D7B78FA8595F5F5F5E5E9E9F9F2FBE666E6EAEF6C8DADADA402FFD199AE9E9E9679E7DEAC2C573F5313535F5FC2BD5975E79F5A98B975EFDF74FEFFCDF7FF7EFFDFD7F7BD3172F56ABCF5DACFEEA42F51717AAB52DFFC6B7BFBBDB633D97CD31D6ADC67ABAF6E0430FBF7CE162EDDFC1656CB1BFA53DAFE689BDD667704C870C4E87EA50F2E6119C0BAA3D9BD59E5CC429D0EAEAEACECE4EDA2B08000000C040F4DAFF5A5F5F9F9B9BCBE572F3F3F3CBCBCBA74E7DEDAEBBEFA98FDBEFB8F3861B6E5C5858989E9E3E70E0C0EAEA6A3F563835BB7DD2E71AA3F6EDF98BD5675FA8BEFCCAAF172897CBFFE9CB7FF87BFFF1CB4FFCF4D56EDA854BD597777BAFF73FF49D96D7666A8C6F8FB5395DAB8FC1656C3D860AED8B0DFAD76E3A646D3A548795378FE05C50ED19ACF6846AA740B5939F886B28EB0A85C28913272A954ADAEB0B000000403F75DFFFDADADA2A168BF3F3F3B7DF71672381E834EEBDEFFEC3873F5E2814363737FBB7F243B5DB27FDBF8DF16A8FF595EAD3CF577F76AE7AA15A7DF9A59766AFBE7A6AEAF55353B98FFEF3C3CD2F7CF0E1475A5E9BA931A63DD6F6746DA0195BC46FA9FD66772D5FEF794FBCA1046CA64356A643758879F308CE05D59EB56A4FA2763273E0C081D868AD593E9F5F5F5F4F7BC501000000E89B2EFB5FC78F1F2F140A77DD7D4F6CB4D6124E1C3C78F0C89123E3F8FFB877FBA4BF6A8CA9DDBB843DFB42F5A7CF557FFE62F5C1337FF58E77BCE3F56FB8E24D6FFBAD857FF11B3DD66F3FF470CB6B3335C6B1C7DA295D1BF4756C63C474C8CE74A80E3D6F1E35AA3D53D51EAB7602B3B8B8D8129ED5CE883EFFF9DF6DBE88BF366EB8E1C643870EB52C393F3F3FF15306000000202382FB5F954A65616161696929285A6B1E5FB9E59662B138769F4AB2DB272D3746EDDB172E557F5179F52286A75FACDEFDEDEDF7EE7BFF6FFD9DB7BF6DFA6FFDE17FFB9317ABD5732F559F7FE9D517DE7BFADB2DAFCDD418BB1E6B74BA96A95C2182E99091E9509537ABF62C557BACDAA94BCB856BD75FFFB9C7CF9E8D385E3CFDCCB3B5D39E999999E64BD9B6B6B6D2DE14000000007A15D6FFAA542A070E1C585B5BEB3A5D6BDC31B2F63EA55269301B3510535353172FFEB231EAADC3172E557F75A1FACB97AB3F7DEEC2FDDF2BEDFB071FB8E61FFDE39FBF54FD59A5FAF34AF5D997AA2F55ABF73EF0ED96D7666A8C578F3549BA969D5C2182E99085E9509537EF52ED19A9F658B593967C3EDFC8C9E6E6E6A2A3B59698ED861B6E6CBC3697CB9D3E7D3AED0D02000000A02761FDAF858585DED3B5464FF6C081036374AFC8963E69F19A83DFFDC18F1EFCDEF6E9ADEDFB1EDEBEEF91C7EEFFEED93F7FE0FB7FF9BD1F7FF3E1C7BEF5F00FEF7BE487A7BFF3D8F77EF4D7B7FC97931FBBEE63A9F73AF55863254FD732922B44301D267E3A54E5CDAF51ED59A8F658F5FF60D448C86E3A76AC8B339FDB6EFBE35C2ED7B88E6DEC2EE507000000A05940FFEBF8F1E3BDDC19B27D9C3AF5B5F9F9F9C16D5B7FEDF6587FD13C7EE7773E3D95C03FFBE8475B5E98A9312E3DD6D0742D0BB94204D361B2A74355DEDC44B54F7CB527B1B0B0D0D8B3B5B3975EFE77D1F4F474FD7D6A5326EDCD02000000A07B49FB5F5B5B5B8542A18FE95A7D7CEA539F3E71E2C440B7B05F767BACCF1AA1632C7AACDDA56B139F2B44301D26783A54E5CDBF49B54F76B527B1BEBEDE48D7BABB76AD79DC7EC79D8D775B5959497BE300000000E852D2FE57A150E82E7E881E4F3CF9D45557E5C7E24691AFF6585F79C6081DA3DF636DCF126EBFE3CEABAF9EEDF4E13A4F3FF3ECBE7DFB6E3D7972E2738508A6C3A44E87AABCB98D6A9FE06A4FA8760A54CFC3E6E6E6FA72F2D3F83CB6999999B1380502000000A05DA2FED7FAFAFAFCFC7CDFD3B5FAB8FEFACF8DC5FFE0DEEDB13E6D848E11EFB1EE99AED53F23E7AAABF2ED195B3D5DAB3746B39CB1990E13391DAAF2E6BDA8F649ADF684D6D6D6EA7FF36B8786279E7CAA2F673ECF9D3B3F3333537FDBA3478FA6BD8900000000742351FFAB582CDE75F73D030AD89E78F2A9999999416F67EF767BAC3F3742C728F75823D2B5BA968CAD395DCB78C6663A4CDE74A8CA9B3B50ED1359EDC9D58AB95EE4D75FFFB93E9EFCD4A64CFD6DA7A7A7D3DE4400000000BA11DFFF2A97CBD3D3D3034AD7EA63FFFEFDA74F9F1EC2D6F662B7C7FA3323748C6C8FB53D4B68BEA4A03D636B4FD7DA2F6898B05C2182E93061D3A12A6FEE4CB54F5EB52757ABE14685F7EBF2B5C6A8CDA9FA3B6F6E6EA6BDA100000000048BEF7FADAEAE2E2E2E0E3460BBE9D8B1A5A5A5216C6DACB5B5B552A9B4E753BB3DD69D842376E1E4EF16B46484BEFC943D178B7EEDF07BAC113BB1A1D3A74CD51E999E9E6ECFD81E7EE4913DD3B5DBEFB8B3FD1D262657E86E3A343F155B1B039D38A64335D974A8CA9B7BF8E3DF75B5A8F6D111B1F76BA740F55F63AD98FB7EF2F3A94F7DBAFEE623720A040000004090F8FED79123474E9C3831D080EDAEBBEF29168B43D8DA688F3DF658BDD5F5D6B7BEF5D4A9532DCF46270AF5671BCB24695986B635633BA7D16BD897F5D9730347AAC71ABD13EB3AA56B1119DB15575CD19E25B4A76BE3982B74D2CB74485893EDC51C1B0C980E7DDC890DF2E6AEAB3D61B5A8F65116BDF76BA740F5676F3A766C10273FF5373F70E0402ADB0E000000402FE2FB5F7373739D82847E8DC7CF9EBDEAAAFC10B6365AA55279DDEB5E57EF765D7EF9E5EF79CF7B9AFF4BFB6E27F16F9A4753A3F3371E6CFCBBE7C2D1DA5FD5FE6EED8B453FDEF7F56979C3889F5B7F76747662352E5D8BC8159A45A46BE3952B44089D0E119516BD587B5145BFB9E9D0AF9D58276FAEF6F0C73F49A9A8F61117BDF76BA740F5A7067122543BF9A9BF793E9FFE291000000000A1E2FB5F8542213A8DE87D3C77EE7C2E971BC2D6C66AB925DA9BDEF4A64F7CE213954AA5BADB637DE5959FB68F96C7EBDFB62FDCE9E5D1CB341E69FF62CF9747E8717D5ADEAAE5A988F71C7E8F3562272649D76233B6D8746D8C728568BD4F878495165A90A6435F766255DEDCA48B6A0F2D72D53EB222F67EED14A8FEE0804E841A3F34EDDF0100000000C1E27B3A333333CD1FAB33A031B5FB0127D15DC2D4BDF2CA53EDA3F178F302110B277FF3FA83CDEF1FFD924E3F34E102B12F8FDED8884D1E9D3D7BF0E0C1BBEEBE27614DFEF9E65FBCFEF5AF6F7987CB2EBBECE4C93F4AF80EF57B9F8ECEE6F757F2126A7FBC8B1F31653AF4DBF0F3E60F7EF08343DEC67EE9B196427FC4946A1F198DECADFEE9837D1F8DF71FC2091F00000000FD15DFD3999D9D7DF4CC9921046C43D8DA586F7BDBDB1A6DB5F95DC562717B7BBBFAEB8B189E6C8CF6365CFDC1C6B3CD0BB78CE6673B2DB9E732D12F8CFEA1ED0BC4361623DEA165AB237EF4F0F76CC44EDCDADA3A78F0E0D3CF3C1B5B90B565DA3F65AAEEAAABF2493AADB577A8FDDCDA4F1CF2E6F751F2E91054F3496A35A2DA4D877EEDC454F2E6216F7E7241D5DE4BF1ABF61114B1F76BA740F5C707742294CBE5EAEF9FF6EF000000008060F13D9D62B198BC09DBDD1891CF602B97CBF53ED7ECECEC273FF9C9DABF6B6B6B8D6777DB884FB48FE6C71B5F775A78CFA72216DE73C9E67FDB17886B9B76FCB9D1DF466C60F4FA0FB96F18BD13ABC932B68874AD2E36639B80742D683A346A32A2EAF6ACFCD82A351D06B713E5CD0DDDFDF10FFA1BAEDA4756F4DE6F5C84378813A1DABCA8BFF9F4F4748ABF0100000000BA13DFFF5A5C5CBCF5E4C981066CF7DE77FFFEFDFB87B0B5D17EF2939FE472B9B9B9B97C3EBFB4B4D4F28941BB9DC4BF6E19AF352EF77EBCFDA9C8EE67C737692CD0FE6F92D169C996C7A3BF6DD9DEE667A3D764C83DD6E89D58179D2BEC99255C76D9652D8F44E40A239E2524D4C574485E48D135D66961D3A1BF3BB12A6F7E4DD77FFCF7A4DA53A9F6AE45EFFDDA29507DDBBF72CB2D7D3FF979F4CC99FA9B170A85B4361F00000080AEC5F7BF565656AEBFFE73030DD86E3D79F2F0E18F0F7E63E3ADAFAFAFAEAE964AA5F6A7A27BAC7BB64493B73E63971F508F355AA72D1DF11E6BC44E6CE8942BEC9925E472B93FF8CF5F6EFF0CAA3D7385D1CF12920B9D0EC99BF5D11598B0A44D871E77629DBCB9AEBB6A4FB2D355FBE88BD8FBC78F1FAF6F7EED2CA5EF273F371D3B567FF3858585A16F3400000000BD8AEF7F954AA57C3E3FD080EDD0A1431B1B1B43D8DA5EEC76127FD23CEA8F34FFDBF254F448B24CCB92D13F3189881548B2092D6B92644346B6C7DA9E2B744AD76EBFE3CEDAB30F3EF4706CC6362E5942EF22767AF2B9907C0A980E03256F8E165BA8492A59B58FA9EDEDEDFA2FB056F3CF9D3BDFDF939FDABCABBFF9EAEA6ADA1B0A00000040B044FDAFD9D9D947CF9C1950BAF6DCB9F3D3D3D3954A65D09BDAA3573B89974A8DD1F8B6E5F18807EB8F77EC7E7658BEFD67B53C18FBA3132E19FD6DC456777AFFC6B369EFBA8EDA7385C3873FDEBC531AE95A7DB4676C870E1D6AB45C27234B48A8F7F2331D468ABC3942F43E8DDDE9AA7DDCE5F3F9FA9E3A75EA6B7D3CF9A94D96460DEC79376300000000465CA2FED740EF12F9C59B6FAEBDF9A0B7B377BB9DC41FB78F3D1FEFB470E832ED8BD5BF8D7EED9E2FD973B16811EFDCBC1A2D0FB6BF24ED5D172522636B49D7DA33B6CCA66BD50ED321742E04CD29D361D0E4CD9DC4FEADEEE50FBE6A1F7D4B4B4BF55FCBBE7DFBFA7811DB47AEBDB6FEB6F3F3F3696F2200000000DD48D4FFAA542AF97CFE89279FEA7BBAF6DCB9F3575D95DFD9D919F476F66EB781F857ED63CFC73B2D1CBA4CCB92CD2F897879CB5309D73CC9AB9AD7A47DAD3ABD24ED5D1763CF5C61CF74AD395798D42C21A1F67D1D34419AABA8437FDF744881BC794FB17FAB13FEC157ED63AA5C2ECFCCCCD437FCA663C7FA72F273EF7DF7370A6062660A00000040D624ED7FADADAD7DECBAEBFA1EB08DCBE56BD55FF758CFB68F3D1F6F7F30A2BBFA9B9DD68E3FA2E5D94E0BEFF94363978C7DC396B76A5F994E3F682C7AACEDB9C2830F3D1C51B78F9E3933A959424249AA31B6F682E694E9301CF2E6769DF66FD01F73D53ED6565656EA9B599B0B77DD7D4F8F673E8F9F3DDB48EC8E1C3992F6C601000000D0A580FED747AEBDB6BF1F40F2E89933F51B2E0D6EF3FA68B781F8B8113AC6A5C7DA9E2B241993972524643A4CF0749037B750ED135CEDC91D3870A01E89CDCCCC347FD660E8A84D96C6A71BD6DE6A2CAEE007000000604F01FDAF72B9BC7FFFFE47CF9CE94BBAF6F433CFEEDBB7EFF1B36707B76DFDB5DB63FD91113AC6A8C71A9AB14D64969090E930D9D341DEDC4CB54F76B527542A951A37449D9999894E9D3B8D279E7CAA91AEE572B9CDCDCDB4370B00000080EE85F5BFB6B7B7F7EFDFDFCBFFDD6EF4613F72EDB5B7DF71E780B66A10F458B3D0634D9E2B4C6A969090E930F1D341DEDCA0DA27BEDA13DADCDC6CDC123397CB7DE5965B82CE7CEEBDEFFEC69D216B565656D2DE20000000007A12DCFFDADADADAB76FDFBDF7DDDF75BAF6E89933FBF7EF1FAF74ADBADB63BD74E93123748C5D8F3549AE30C1594242A64316A683BCB94EB567A1DA135A5F5F6F5CC756533B1DEAF4F1842D17AE7DECBAEB9A3FA24FBA060000003001BAE97F95CBE583070FDE70C38DA137107BEEDCF92FDE7C73FD3E937DDF9241DBEDB1FED0081DE3D8638DCE15263B4B48C874C8C874903757557B66AA3DA1EDEDEDD9D9D9E6B46CDFBE7DB533A2F61B683FF1E4535FB9E59643870E352F3C3D3DEDCE900000000093A1CBFE57A552B9E1861BAFBE7AF68B37DFFCDCB9F349D2B55B4F9EAC2D7FFDF59F7BFA9967FBBB0DC3B1DB63DD3642C798F6583BE50A139F2524643A64673AC89B557B76AA3DA172B9BCBCBC9CCBE5A6F6B27FFFFE4E4F2D2C2CECECECA4BDFA00000000F4474FFDAF9D9D9DA3478F4E4F4F7FE4DA6B6F3D79F2C1871E6EE9BDD61EB9EDB63FFED875D7D596397CF8E3A552A94FAB9D82DD1EEB0F8CD031BE3DD6F65C210B594242A643A6A643C6F366D59EA96A4FAE760AB4B8B8B86790D6AE36534E9F3E9DF62A03000000D04F7DE87F552A95F5F5F5C5C5C57DFBF6B574946A8F7CECBAEBD6D6D6CAE572EF3F285DB95CEE85171EB974E9FB46D018EB1E6B73AE90912C2121D3216BD321CB79B36ACF5AB507A99D02D54E726AA7408542A1E514289FCFCFCFCF9F3871C2556B00000000132913FDAFBEC8E7F33FFEF19F5DBA74C6081AE3DE63ADE70A8F9F3D9B912C2121D32183D321B379B36ACF60B5F762717131ED5500000000601832DAFFEAC2DCDCDCFFDA3871A9FAA8917CFC60FB4F676767D3DE75BDDADADACAE7F319C91212321DB2391DB29937ABF66C567B771E78E081A9A9A909B86A1F000000805802B6A48E1F3FBEB4F489D4BB96E335FE68F5A6C9F8BFFC93B1157D643A64763A64306F56ED99ADF62E5C79E5955353539FFDEC67D35E1100000000064EC09654A9549A9DFDED172A0F5EAA7ECF4838E6E73FB4BEBE9EF6AEEB83CCDEEBAC13D321CBD3216B54BB6A4FE84B5FFA52FDD3D7DEF9CE77662A8406000000C826B14180E5571DB954FDAE9164FC8FB5FFB0B03097F64EEB0F015B3BD321B3D3218354BB6A8F552E9773B95C3D60BBE28A2BDEFFFEF7A7BD46000000000C96D82040A55229163F70FAF47FAF56BF63448F9D9DBB67677FBB5CBE37ED9DD61F02B676A64366A74306A976D51E6B7E7E7EAAC995575EB9BABA9AF64A010000003040628330DBDBDB85C2D5DBDBEBD5EA96D169ECECDC5D2C7E6073F3AB69EFAEBE11B0EDC974C8E674C826D5AEDA2394CBE5A936EF7AD7BB2A954ADAAB06000000C0A0880D829D3E7DBA50B8FAF8F17F59AD3E62B48FF5F59B6767F39B9BFF35ED1DD54F02B64E4C870C4E87CC52EDAABD93AF7EF5ABF550EDBDEF7D6F23607BF7BBDFBDB9B999F6AA01000000302862836E542A95A5A5C562F1FDABABFF6E67E71BD5EAC346B9FC176B6BBFBFB070687EBE58FB3AED5DD46702B608A643D6A64396A976D5BEA76F7DEB5B6F79CB5BF2F9FCF4F474ED7831B3EBED6F7FBB800D0000006082890DBAB7B9B9B9B8F84F6766FE76FB8DA132687AFAAD0B0B1F5E5BFBFDB477CB404C09D8E2980ECD267B3AA0DA9BA9F6BAADADAD52A9547DED7851FBBAF648CAEB04000000C020890D20DE94800D80041C2F0000000032421B08E26998029084E30500000040466803413C0D53009270BC00000000C8086D2088A7610A40128E170000000019A10D04F1344C0148C2F1020000002023B481209E86290049385E0000000064843610C4D330052009C70B000000808CD00682781AA60024E178010000009011DA40104FC31480241C2F0000000032421B08E26998029084E30500000040466803413C0D53009270BC00000000C8086D2088A7610A40128E170000000019A10D04F1344C0148C2F1020000002023B481209E86290049385E0000000064843610C4D330052009C70B000000808CD00682781AA60024E178010000009011DA40104FC31480241C2F0000000032421B08E26998029084E30500000040466803413C0D53009270BC00000000C8086D2088A7610A40128E170000000019A10D04F1344C0148C2F1020000002023B481209E86290049385E0000000064843610C4D330052009C70B000000808CD00682781AA60024E178010000009011DA40104FC31480241C2F0000000032421B08E26998029084E30500000040466803413C0D53009270BC00000000C8086D2088A7610A40128E170000000019A10D04F1344C0148C2F1020000002023B481209E86290049385E0000000064843610C4D330052009C70B000000808CD00682781AA60024E178010000009011DA40104FC31480241C2F0000000032421B08E26998029084E30500000040466803413C0D53B2602A81E8970F6D55616499080000000019A10D04F1344C193B49D2B296C28EADF3F6E5BB4EE36052A97C000000808CD00682781AA64C861E2F41DB7381F607CD17B24CFD0300000064843610C4D33065322409D8222E47EBF4F2E6C74D1632CE1400000000C8086D2088A761CA04E8EE02B54E0B74710B4AC802650F0000009011DA40104FC394719724EEEA7D01C03401000000C8086D2088A761CA586BB9C163EC9D1E3B5D88B6E7C7ADB9760D9A297E000000808CD00682781AA68CAF3DE3B13D4BBA5390161DB045FF50C81AC50F0000009011DA40104FC394311511AA45A46541019B2BD8A099E207000000C8086D2088A761CA384A9EA8B57CEB0A36E89AE207000000C8086D208897CBE52A954ADA6B010192846111419ACF6083EE287E000000808CD0068278F97CBE542AA5BD16D093D8BE7FE802F56F63AF7B834C51F90000000019A10D04F10A85C2D6D656DA6B013D1974C0D6BE98A481ACD9D9D9999999497B2D000000001806DD4F88572C16373737D35E0BE8492F015BFB8D1F5BBE4E784B49986CA552299FCFA7BD16000000000C83EE27C45B5C5C5C5D5D4D7B2D0018691B1B1B73737369AF0500000000C320608378ABABAB8B8B8B69AF0500236D7957DA6B01000000C03008D820DEF6F6F6ECEC6CDA6B01C0489B9B9BDBD8D8487B2D000000001806011B24522814B6B6B6D25E0B0046D4CECE4E3E9FAF542A69AF0800000000C3206083445656568E1E3D9AF65A0030A21C26000000003245C00689542A957C3EBFB3B393F68A0030721C2300000000B246C006496D6E6E168BC5B4D7028091B3B8B8B8BABA9AF65A00000000303C023608B0BCBCEC0E6000345B59593972E448DA6B01000000C05009D820CCD2D2D2DCDC5CB95C4E7B45004859A552595C5C94AE010000006490800D826D6C6CE4F3F9E5E5651FB703904DE572796565A5762C706748000000806C12B04137CAE5F2F2F2723E9F9F9B9BAB7DB1B9B999F61A013070B5BFF6C78F1F9F9F9FAFFDFD3F7AF4A8FF660100000090590236E85EA552D9D8D8585E5E2E168B53004CBADA5FFBA5A5A5F5F575370A06000000C838011B0000000000000410B00100000000004000011B0000000000000410B00100000000004000011B0000000000000410B00100000000004000011B0000000000000410B00100000000004000011B0000000000000410B00100000000004000011B0000000000000410B00100000000004000011B0000000000000410B00100000000004000011B0000000000000410B00100000000004000011B0000000000000410B00100000000004000011B0000000000000410B00100000000004000011B0000000000000410B00100000000004000011B0000000000000410B00100000000004000011B0000000000000410B00100000000004000011B0000000000000410B00100000000004000011B0000000000000410B00100000000004000011B0000000000000410B00100000000004000011B0000000000000410B00100000000004000011B0000000000000410B00100000000004000011B0000000000000410B00100000000004000011B0000000000000410B00100000000004000011B0000000000000410B00100000000004000011B0000000000000410B00100000000004000011B0000000000000410B00100000000004000011B0000000000000410B00100000000004000011B0000000000000410B00100000000004000011B0000000000000410B00100000000004000011B0000000000000410B00100000000004000011B0000000000000410B00100000000004000011B0000000000000410B00100000000004000011B0000000000000410B00100000000004000011B0000000000000410B00100000000004000011B0000000000000410B00100000000004000011B0000000000000410B00100000000004000011B0000000000000410B00100000000004000011B0000000000000410B00100000000004000011B0000000000000410B00100000000004000011B0000000000000410B00100000000004000011B0000000000000410B00100000000004000011B0000000000000410B00100000000004000011B0000000000000410B00100000000004000011B0000000000000410B00100000000004000011B0000000000000410B00100000000004000011B0000000000000410B00100000000004000011B0000000000000410B00100000000004000011B0000000000000410B00100000000004000011B0000000000000410B00100000000004000011B0000000000000410B00100000000004000011B0000000000000410B00100000000004000011B0000000000000410B00100000000004000011B0000000000000410B00100000000004000011B0000000000000410B00100000000004000011B0000000000000410B00100000000004000011B0000000000000410B00100000000004000011B0000000000000410B00100000000004000011B0000000000000410B00100000000004000011B0000000000000410B00100000000004000011B0000000000000410B00100000000004000011B0000000000000410B00100000000004000011B0000000000000410B00100000000004000011B0000000000000410B00100000000004000011B0000000000000410B00100000000004000011B0000000000000410B00100000000004000011B0000000000000410B00100000000004000011B0000000000000410B00100000000004000011B0000000000000410B00100000000004000011B0000000000000410B00100000000004000011B0000000000000410B00100000000004000011B0000000000000410B00100000000004000011B0000000000000410B00100000000004000011B0000000000000410B00100000000004000011B0000000000000410B00100000000004000011B0000000000000410B00100000000004000011B0000000000000410B00100000000004000011B0000000000000410B00100000000004000011B0000000000000410B00100000000004000011B0000000000000410B00100000000004000011B0000000000000410B00100000000004000011B0000000000000410B00100000000004000011B0000000000000410B00100000000004000011B0000000000000410B00100000000004000011B0000000000000410B00100000000004000011B0000000000000410B00100000000004000011B0000000000000410B00100000000004000011B0000000000000410B00100000000004000011B0000000000000410B00100000000004000011B0000000000000410B00100000000004000011B0000000000000410B00100000000004000011B0000000000000410B00100000000004000011B0000000000000410B00100000000004000011B0000000000000410B00100000000004000011B0000000000000410B00100000000004000011B0000000000000410B00100000000004000011B0000000000000410B00100000000004000011B0000000000000410B00100000000004000011B0000000000000410B00100000000004000011B0000000000000410B00100000000004000011B0000000000000410B00100000000004000011B0000000000000410B00100000000004000011B0000000000000410B00100000000004000011B0000000000000410B00100000000004000011B0000000000000410B00100000000004000011B0000000000000410B00100000000004000011B0000000000000410B00100000000004000011B0000000000000410B00100000000004000011B0000000000000410B00100000000004000011B0000000000000410B00100000000004000011B0000000000000410B00100000000004000011B0000000000000410B00100000000004000011B0000000000000410B00100000000004000011B0000000000000410B00100000000004000011B0000000000000410B00100000000004000011B0000000000000410B00100000000004000011B0000000000000410B00100000000004000011B0000000000000410B00100000000004000011B0000000000000410B00100000000004000011B0000000000000410B00100000000004000011B0000000000000410B00100000000004000011B0000000000000410B00100000000004000011B0000000000000410B00100000000004000011B0000000000000410B00100000000004000011B0000000000000410B00100000000004000011B0000000000000410B00100000000004000011B0000000000000410B00100000000004000011B0000000000000410B00100000000004000011B0000000000000410B00100000000004000011B0000000000000410B00100000000004000011B0000000000000410B00100000000004000011B0000000000000410B00100000000004000011B0000000000000410B00100000000004000011B0000000000000410B001C0FF6BCF8E050000000006F95B8F617F69040000000030083600000000000018041B0000000000000C820D00000000000006C10600000000000083600300000000008041B0010000000000C020D800000000000060106C00000000000030083600000000000018041B0000000000000C820D00000000000006C10600000000000083600300000000008041B0010000000000C020D800000000000060106C00000000000030083600000000000018041B0000000000000C820D00000000000006C10600000000000083600300000000008041B0010000000000C020D800000000000060106C00000000000030083600000000000018041B0000000000000C820D00000000000006C10600000000000083600300000000008041B0010000000000C020D800000000000060106C00000000000030083600000000000018041B0000000000000C820D00000000000006C10600000000000083600300000000008041B0010000000000C020D800000000000060106C00000000000030083600000000000018041B0000000000000C820D00000000000006C10600000000000083600300000000008041B0010000000000C020D800000000000060106C00000000000030083600000000000018041B0000000000000C820D00000000000006C10600000000000083600300000000008041B0010000000000C020D800000000000060106C00000000000030083600000000000018041B0000000000000C820D00000000000006C10600000000000083600300000000008041B0010000000000C020D800000000000060106C00000000000030083600000000000018041B0000000000000C820D00000000000006C10600000000000083600300000000008041B0010000000000C020D800000000000060106C00000000000030083600000000000018041B0000000000000C820D00000000000006C10600000000000083600300000000008041B0010000000000C020D800000000000060106C00000000000030083600000000000018041B0000000000000C820D00000000000006C10600000000000083600300000000008041B0010000000000C020D800000000000060106C00000000000030083600000000000018041B0000000000000C820D00000000000006C10600000000000083600300000000008041B0010000000000C020D800000000000060106C00000000000030083600000000000018041B0000000000000C820D00000000000006C10600000000000083600300000000008041B0010000000000C020D800000000000060106C00000000000030083600000000000018041B0000000000000C820D00000000000006C10600000000000083600300000000008041B0010000000000C020D800000000000060106C00000000000030083600000000000018041B0000000000000C820D00000000000006C10600000000000083600300000000008041B0010000000000C020D800000000000060106C00000000000030083600000000000018041B0000000000000C820D00000000000006C10600000000000083600300000000008041B0010000000000C020D800000000000060106C00000000000030083600000000000018041B0000000000000C820D00000000000006C10600000000000083600300000000008041B0010000000000C020D800000000000060106C00000000000030083600000000000018041B0000000000000C820D00000000000006C10600000000000083600300000000008041B0010000000000C020D800000000000060106C00000000000030083600000000000018041B0000000000000C820D00000000000006C10600000000000083600300000000008041B0010000000000C020D800000000000060106C00000000000030083600000000000018041B0000000000000C820D00000000000006C10600000000000083600300000000008041B0010000000000C020D800000000000060106C00000000000030083600000000000018041B0000000000000C820D00000000000006C10600000000000083600300000000008041B0010000000000C020D800000000000060106C00000000000030083600000000000018041B0000000000000C820D00000000000006C10600000000000083600300000000008041B0010000000000C020D800000000000060106C00000000000030083600000000000018041B0000000000000C820D00000000000006C10600000000000083600300000000008041B0010000000000C020D800000000000060106C00000000000030083600000000000018041B0000000000000C820D00000000000006C10600000000000083600300000000008041B0010000000000C020D800000000000060106C00000000000030083600000000000018041B0000000000000C820D00000000000006C10600000000000083600300000000008041B0010000000000C020D800000000000060106C00000000000030083600000000000018041B0000000000000C820D00000000000006C10600000000000083600300000000008041B0010000000000C020D800000000000060106C00000000000030083600000000000018041B0000000000000C820D00000000000006C10600000000000083600300000000008041B0010000000000C020D800000000000060106C00000000000030083600000000000018041B0000000000000C820D00000000000006C10600000000000083600300000000008041B0010000000000C020D800000000000060106C00000000000030083600000000000018041B0000000000000C820D00000000000006C10600000000000083600300000000008041B0010000000000C020D800000000000060106C00000000000030083600000000000018041B0000000000000C820D00000000000006C10600000000000083600300000000008041B0010000000000C020D800000000000060106C00000000000030083600000000000018041B0000000000000C820D00000000000006C10600000000000083600300000000008041B0010000000000C020D800000000000060106C00000000000030083600000000000018041B0000000000000C820D00000000000006C10600000000000083600300000000008041B0010000000000C020D800000000000060106C00000000000030083600000000000018041B0000000000000C820D00000000000006C10600000000000083600300000000008041B0010000000000C020D800000000000060106C00000000000030083600000000000018041B0000000000000C820D00000000000006C10600000000000083600300000000008041B0010000000000C020D800000000000060106C00000000000030083600000000000018041B0000000000000C820D00000000000006C10600000000000083600300000000008041B0010000000000C020D800000000000060106C00000000000030083600000000000018041B0000000000000C820D00000000000006C10600000000000083600300000000008041B0010000000000C020D800000000000060106C00000000000030083600000000000018041B0000000000000C820D00000000000006C10600000000000083600300000000008041B0010000000000C020D800000000000060106C00000000000030083600000000000018041B0000000000000C820D00000000000006C10600000000000083600300000000008041B0010000000000C020D800000000000060106C00000000000030083600000000000018041B0000000000000C820D00000000000006C10600000000000083600300000000008041B0010000000000C020D800000000000060106C00000000000030083600000000000018041B0000000000000C820D00000000000006C10600000000000083600300000000008041B0010000000000C020D800000000000060106C00000000000030083600000000000018041B0000000000000C820D00000000000006C10600000000000083600300000000008041B0010000000000C020D800000000000060106C00000000000030083600000000000018041B0000000000000C820D00000000000006C10600000000000083600300000000008041B0010000000000C020D800000000000060106C00000000000030083600000000000018041B0000000000000C820D00000000000006C10600000000000083600300000000008041B0010000000000C020D800000000000060106C00000000000030083600000000000018041B0000000000000C820D00000000000006C10600000000000083600300000000008041B0010000000000C020D800000000000060106C00000000000030083600000000000018041B0000000000000C820D00000000000006C10600000000000083600300000000008041B0010000000000C020D800000000000060106C00000000000030083600000000000018041B0000000000000C820D00000000000006C10600000000000083600300000000008041B0010000000000C020D800000000000060106C00000000000030083600000000000018041B0000000000000C820D00000000000006C10600000000000083600300000000008041B0010000000000C020D800000000000060106C00000000000030083600000000000018041B0000000000000C820D00000000000006C10600000000000083600300000000008041B0010000000000C020D800000000000060106C00000000000030083600000000000018041B0000000000000C820D00000000000006C10600000000000083600300000000008041B0010000000000C020D800000000000060106C00000000000030083600000000000018041B0000000000000C820D00000000000006C10600000000000083600300000000008041B0010000000000C020D800000000000060106C00000000000030083600000000000018041B0000000000000C820D00000000000006C10600000000000083600300000000008041B0010000000000C020D800000000000060106C00000000000030083600000000000018041B0000000000000C820D00000000000006C10600000000000083600300000000008041B0010000000000C020D800000000000060106C00000000000030083600000000000018041B0000000000000C820D00000000000006C10600000000000083600300000000008041B0010000000000C020D800000000000060106C00000000000030083600000000000018041B0000000000000C820D00000000000006C10600000000000083600300000000008041B0010000000000C020D800000000000060106C00000000000030083600000000000018041B0000000000000C820D00000000000006C10600000000000083600300000000008041B0010000000000C020D800000000000060106C00000000000030083600000000000018041B0000000000000C820D00000000000006C10600000000000083600300000000008041B0010000000000C020D800000000000060106C00000000000030083600000000000018041B0000000000000C820D00000000000006C10600000000000083600300000000008041B0010000000000C020D800000000000060106C00000000000030083600000000000018041B0000000000000C820D00000000000006C10600000000000083600300000000008041B0010000000000C020D800000000000060106C00000000000030083600000000000018041B0000000000000C820D00000000000006C10600000000000083600300000000008041B0010000000000C020D800000000000060106C00000000000030083600000000000018041B0000000000000C820D00000000000006C10600000000000083600300000000008041B0010000000000C020D800000000000060106C0000000000003008360000000000001802C0C6F11AEE600B0C0000000049454E44AE426082, 0);
INSERT INTO `act_ge_bytearray` VALUES ('22541', 1, 'chapter.png', '22540', 0x89504E470D0A1A0A0000000D4948445200000920000003A20802000000E5C57C6800002F4849444154789CECDD7F6C9CF75DC071AB63E82A51F5108359FC939BF8A39606F8C426D97F911B128D91A03D89A931FC9159AAD6469A482B84360B9406B16611A225426B94C11A2C5087D194CAD2DA12D6A4184832D326A9FB239BD7C6ABBB249DD724DD9524CD357192878B6F1C87939CFD89CF7EECBBD74B1F59B1EFEEEBFBDE73CF3F79EB397724000000000000C08275A4FD04000000000000603511D80000000000002040600300000000008000810D0000000000000204360000000000000810D80000000000002040600300000000008000810D0000000000000204360000000000000810D80000000000002040600300000000008000810D0000000000000204360000000000000810D80000000000002040600300000000008000810D0000000000000204360000000000000810D80000000000002040600300000000008000810D0000000000000204360000000000000810D80000000000002040600300000000008000810D0000000000000204360000000000000810D80000000000002040600300000000008000810D0000000000000204360000000000000810D80000000000002040600300000000008000810D0000000000000204360000000000000810D80000000000002040600300000000008000810D0000000000000204360000000000000810D80000000000002040600300000000008000810D0000000000000204360000000000000810D80000000000002040600300000000008000810D0000000000000204360000000000000810D80000000000002040600300000000008000810D0000000000000204360000000000000810D80000000000002040600300000000008000810D0000000000000204360000000000000810D80000000000002040600300000000008000810D0000000000000204360000000000000810D80000000000002040600300000000008000810D0000000000000204360000000000000810D80000000000002040600300000000008000810D0000000000000204360000000000000810D80000000000002040600300000000008000810D0000000000000204360000000000000810D8DA57B95C1E1E1EEEEFEF2F140AB95CAEA35D55F65E79058AC5E2D0D050A9544AFBB00000000000002B9DC0D6A6F6ECD993CBE5FAFBFB9F7AEAA9BDFBF61D9B9CBC3433D39E53D97BE515D8BD7BF7860D1B2AAFC9D0D050DA0707000000000058D104B6B6532A95060606D6AD5B77FCC4F14B33974CFD9C3A7D6AC3860D9517677A7A3AED03050000000000AC50025B7B29954AF97CFEC95D5FBF3473D1DC6C9E79F6999E9E9EA9A9A9B40F170000000000B012096CED65606060B6AE7D681ACFDE7DCFAF5DFB9B691F2E0000000000602512D8DAC89E3D7BD6ADBB7BE672D92C64BEF8A53FD9BAF5CB691F34000000000060C511D8DA45B95CCEE572274E4ECD5CBE601632E7CEFFA4BBFBD7272626D23E740000000000C0CA22B0B58BA1A1A181818199CB1FD4E6337DBFDBB130F58F6AABD9BAF52F060707D33E740000000000C0CA22B0B58B62B1B8FBE97FFEBFBA76F7BA1F25C9DB5792376792EF5E4C5EB9981C3A7779FBD32F7CFBE4FB2F5E4AFEAB9CBC584EF67F903CFF61F237FB5F7B60E383A9B7AE54E6F091B17C3E9FF6A1030000000000561681AD5D7475751D3DFAF2CCE5F3D5E9E8E8389724E7AF26EF5F4EDEBB947C90247FFCA78F74DCF673BD77174FCE24C72F26C73F4CA6CAC9B1CBC937BFF3CAEC456CE7DB70CE9D3F93C964D23E740000000000C0CA22B05D532E97474646B66CD9522C160BFFABAFAFAFF293E1E1E152A994F6136C826C367BFACCC999CBE7AAD3D1D1F1C195E4E2956B375DBE7AEDEBB79EFBD75FFE955FFDB3471FBB9C24672F27EFCF24EFCD24959D3FFFD2ABB381ED5C7B4E65EFE91EB8E5D4E044181A1A9A9E9E4EFB090200000000C08AD046F1E086464646FAFAFA32994CB158DCB265CBEEDD4FEFDDF742759E79F6B9CD9B1FE9EFEFCF66B3BDBDBD434343693FD945998D64676B53F9F6FCE5E4CC85E4D2959FDEA1542AFDF557BFF6E5BFFAEAF177AE759499ABC9A5D9F076F0F02B731EDB56D32681AD7222544E8179FF1A5F3E9FDFB97367B95C4EFBF90200000000409ADA221EDCD0F8F878A15028168BCF3CFBDCA599CB8D67FF81831B367C2E9FCF8F8E8EA6FDC46FD16C24FBEFDA5C0B6C5792531F243F3E97CC24C9A58B17BBEEBAABA3E3231D1D99CFFEC186FA071E3AF2F29CC7B6D5B47C60ABBCA57B7B7BE74D6BF572B9DCC8C848DA4F1C000000000052D3E2F1E066B66DDB96CFE7F7EE7B61DEB4563F870E1F59BB76EDC68D1B57E3153CB391ECFDDA543F22F2CC85E49DB3C9BB1F26878EFEE0E31FFFF8477EE6676FBFF363FD7FF8FF02DB4B878FCC796C5B4D0B07B6CADB786060E0FA6BD4BEF8C52FD55FCA5999CD9B1F59B76EDD9C7B168BC5D6F8F4540000000000886AD9787033E572B9BFBF7F70703094D6EAE7891D3B0A85C2AAFB7B54B391AC549BCAB717AE26EF95AF5DC176EAC364DF4B13BFD6FDA98FFDE22FDD99FDF9AFFDC3373F4C927317930F2E5E7BE0FEB197E63CB6ADA655035BE50D3CE7C2B54D9B1E3A3639D9E09D7FEAF499CA9BBFB3B3B3FE52B6F1F1F1B4B7020000000000CBAD35E3C1CD94CBE5DEDEDEE1E1E15BAE6BB54F8CACAC33353595F686023A3A3A2E5FFE496DAADDE8C2D5E4FD99E427979277CECE1C7C6DAAFB373EFD99DFFE9D772F263F2E27EF96933317938B49B2FFC597E63CB6ADA625035BE5AD9BCBE56A9DACAFAFAF715A9B93D9366F7EA4F6D84C2633363696F68600000000006059B5603C68A0BFBF7FF175ADF67191BDBDBDABE8B322E744B2C267D6BEFABD370FBD3631363E71E0C8C48197DF38F8EAE4BFBDF8DDEFBCF6D67F1C79E33F8F7CFFC0CBDF1F7BE58DD7DEFCE18EBFDD75DFFAFB520F5D025BB3543373AD903DBA75EB2DBCFF9F7AEA1B994CA6761DDBAABBA013000000000016A3D5E24103DBB66D5BCC27435E3FBB773F5D2C16D3DED642CD06B6F7EAE70B5F78B063017EFFB39F9DF3C0B69AD60B6CFDFDFDB5835B790F2FA63167B3D9EA3A854221ED6D0100000000C0F269B5787033E3E3E3F97CBE8975AD3A0F3CF0E0CE9D3BD3DEDC82CC06B633263A2D16D84646461679ED5AFD3CF3EC73B5D5B66FDF9EF6E600000000006099B4543C68209FCF1F3A7CA4E981EDF889936BD6E456C507455E0B6C574E9BE8B45860AB9C08B5BFBBD69453A0F6F7D83A3B3B57C5890000000000008BD752F1E0664646468AC562D3EB5A75366D7A68555CBB331BD84E99E8B452601B1E1EAEC6B04C2673FCC4C9A6BCFFCF9E3BDFD9D9595DF6E1871F4E7B8B0000000000B01C5A271E34502814F6EE7B618902DBF113273B3B3BD3DEE2FC6603DBBB263AAD14D82A2742B5846DDAF450134F812777EDAA2E9BCD66D3DE2200000000002C87D6890737532A95B2D9EC12D5B5EAF4F4F48C8D8DA5BDD179CC06B61F9BE8B44C60AB9C08B5BF97D6ACCBD76AB3664DAEBAF2E8E868DA1B05000000008025D722F1A081A1A1A1818181250D6C8F6EDD3A383898F646AF191E1E9E9A9ABAE14DB3816D7AF1B3F0753A1A6ACA6FB9E1DD9AB5D3DA6ACB7B0C17A5C11BA07222545FF942A1D0F453E081071EAC2EBE424E0400000000005852AB291EDC9A8D1B37EEDCB9734903DBDE7D2F140A85B4379ABCF1C61BD5C871C71D77ECDEBD7BCEAD4D0F6CF366B306BF71214F26749FFA3BB76D606BFC06A89C08D55B1FDDBA75294E81EAE2BDBDBDA9EC1D000000000096D3AA8907B7ACAFAFEF99679F5BD2C0766C7272CD9A5CDA1B4DCAE5F26DB7DD56ED1C1FFDE8473FF9C94FD65FCC349B9D7EB4C8A92E3267A99BADDCE0375E7F53E3CBDDEA02DE8DD7A9BFA9293BAD5F2DBD431AD3F80D503911AA372DC5E9503905AA8BE772E99F080000000000B0D4564D3CB865F97CFED0E1234B1AD8CE9E3B9FC964D2DEE8359D9D9DF539EAF6DB6FBFFFFEFBCBE572321BD8AE5C796791535BE4FA7FDCF0CE0DDC6CE585FCF6398B5F7FD3C2D75CC82F4DFBA806347803544E84EA0F97E874A8FDD2B45F0300000000005872ADFFBFE19D9D9DC74F9C5CD2C056AD0B854261DE0BB0D275E5CAC9C54C7585DA3AF3AE3FEF6F6C7C87853CE1FA2773B3E7B9F85DAFFC23BB10B5F6766C7272294E81DAFA699FF10000000000B0E45AFF7FC3BBBABA5E3F7A7419025BDA1BBDE6CE3BEFAC0595E2AC42A130313191FCF40AB613B73CF50FAFFDFB863F6CF093C6779837113558A1FE3E37BBF32D6F3CEDA31AD0E00D503911AA3F5FA2D32193C9086C0000000000B489D6FFDFF042A1B077DF0B4B5AD756C8DF602B954AD5C2D1D5D5F5F9CF7FBEF2757878B876EB6C733ADEDCA9AE59FFF5FA3BCCD7CCE6AEB6C06FE7FCB0FED6E6EE741515A3C66F80DA75784B713A9C3A7DA6BA78369B4DF115000000000080E5B16AE2C12D1B18187872D7AE250D6CFB0F1CECE9E9497BA3C9DB6FBF9DC964FAFAFA72B9DCE0E060A954AABF75363BFD7031735D1BFBE1F55F17B8CE427EDEF8DBFAA734E7D6C5EF74CEAF48EB8046357E03544E84EACBF5C48E1D4D3F055E3F7AB4BA783E9F4F6BFB0000000000B06C564D3CB865DBB76FDFB4E9A1250D6C4FEEDAB561C3E7D2DEE835232323434343535353D7DFD4F4ECB414816DBECBDD6E70E7EBD76CDBC096347C036CDBB6ADFA8A55DEAB4D3F051EDDBAB5BA787F7FFFB26F1A000000000096DB6A8A07B7666A6A2A97CB2D69605BB76EDD9E3D7BD2DEE83C66B3D3DB4D99DA52D57FD47FADBFCF42DC70D9857C7BC367D2E09E8BD96CDA87AE39262626AAAF79369B3D7BEE7C734F81B56BD756171F1A1A4A7BA30000000000B0E45A241E34D6D5D5F5FAD1A34B54D7CE9E3B9FCD66CBE572DABB9CC7B5EC74756A91535DA4B654FDB7375BFFFA9F2FF09E8DBF9DF3C3FA5B9BB2D3FAD5D23E744D93CBE5AA196CF7EEA79B780A1C9B9CAC15D3399F4B0900000000002DA975E241034BFA29918F3DFE7865F1B4B738BFD9ECF4D6E267CE3AD56F1B2F7EC387DCF06EF35CEE76F395EB9FC69C1F2E7EBF691FBAA6191C1CACBE92DDDDDD4DBC88ED9E7BEFAD2E5B2C16D3DE2200000000002C87D689070D94CBE55C2E77FCC4C9A5B87C6DCD9ADCF4F474DA5B9CDF6C6DFA4153A6B654FD9A0DD69F73D3CDEED9F86E377C54FD33B9FE593565CBAD14D84AA552676767F5B57A74EBD6A69C02FB0F1CAC15D0F1F1F1B4B7080000000000CBA175E24163C3C3C3F7AD5FDFB697AF253F0D6C934D99EA5273165CC8FA75D7A22DF4B72C70A9EB9FCCC27FD1BC4F23ED43D74CDBB76FAFBE32994C66EFBE1716F9FE3F3639592B761B376E4C7B730000000000B04C5A2A1E3476CFBDF736F74F4FBD7EF468F5A3F6D2DED982CCD6A663263A2D16D82A7A7B7BAB49ACB3B3F3D8E4E4622EDFACBCFF6B4BAD8AEB380100000000A0295A2D1E34502A957A7A7A5E3F7AB42975EDD4E933DDDDDDC72627D3DED642CD06B6374D745A2FB04D4D4D65B3D95A183B74F8C82DBCFF8F9F3859AB6B994C66747434ED6D0100000000C0F269B578D0D8C4C4444F4FCF62AEDAA9D5B57BEEBDF799679F4B7B4301029BC056333A3A5AFB14CD4C26F3C48E1DA1F7FFFE03076B9F0C59B17DFBF6B437040000000000CBAA05E34163E3E3E3DDDDDDFB0F1C5CCC2743F6F4F4ACAEBA96CC06B6AB57DF30D169C9C05631323252BB8EADA2725254DED20BB970EDBEF5EB3BEAA86B0000000000B4A1D68C078D954AA5B56BD76EDEFCC8A9D367A27F74EAB1C71FAF7ECE64DA9B089B0D6CDF37D169D5C096CC5ED0D9D5D5555FCBBABBBB2BE7C5F51FA37AFCC4C92776EC58B76E5DFD9DB3D9AC4F860400000000A03DB56C3C68AC5C2E6FDEFCC85D77753DF6F8E367CF9D5F485D7B72D7AECAFD376D7AE8D4E933693FFD5B311BD8264C745A38B025B3B179CB962D994CA6E3467A7A7A6E76537F7FFFF4F474DA4F1F0000000000D2D1CAF1605ED3D3D30F3FFC70369BBDE7DE7B9FDCB5EBD0E12373A25AE5274F3DF58DFBD6AFAFDC67C386CF4D4D4DA5FD946FDD6C60FB9E894E6B07B6AACA8930303070C39076BD42A130363696F65306000000008034B57E3C9857B95C1E1919191818E8EEEE9ED3122A3FB96FFDFAE1E1E152A994F6D35CAC4C2673E1C2CB57AF7ED784A61D025B55E544A8BCD52B27423E9F9F7322E472B962B1B873E74E57AD01000000004022B0B58F5C2EF7D65BDFBE7AF5A8094DFB043600000000006081C48376D1D7D7F72F7B765E4D5E370B9FEF4D7CABABAB2BED43070000000000AC2C025BBBD8B66DDBE0E0FDA927ABD5357F3FF4E8C0C040DA870E0000000000585904B676313535D5D5F5890BE5435793D7CC02A758FCAD919191B40F1D0000000000B0B2086C6D64CB351BAF26AF9A85CC3F0DFF657F7F5FDA070D0000000000587104B636522E970B854F8F8DFD6392BC621ACFF4F4BEAEAE4F944AFBD33E680000000000C08A23B0B5978989897CFEAE898991241937379BE9E97D85C2A74747BF9EF6E1020000000000562281ADED8C8D8DE5F3776DDBF64749F2B2B97E46461EEFEACA8D8EFE5DDA070A000000000058A104B676542E970707070A854F0D0DFDF9F4F4F34972C4944AFF3E3CFC95FEFE75C562A1F2EFB40F110000000000B072096CED6B74747460E0F73A3B7FA1838E8E6CF68EFEFEBB8787BF92F661010000000000563A810D0000000000000204360000000000000810D80000000000002040600300000000008000810D0000000000000204360000000000000810D80000000000002040600300000000008000810D0000000000000204360000000000000810D80000000000002040600300000000008000810D0000000000000204360000000000000810D80000000000002040600300000000008000810D0000000000000204360000000000000810D80000000000002040600300000000008000810D0000000000000204360000000000000810D80000000000002040600300000000008000810D0000000000000204360000000000000810D80000000000002040600300000000008000810D0000000000000204360000000000000810D80000000000002040600300000000008000810D0000000000000204360000000000000810D80000000000002040600300000000008000810D0000000000000204360000000000000810D80000000000002040600300000000008000810D0000000000000204360000000000000810D80000000000002040600300000000008000810D0000000000000204360000000000000810D80000000000002040600300000000008000810D0000000000000204360000000000000810D80000000000002040600300000000008000810D0000000000000204360000000000000810D80000000000002040600300000000008000810D0000000000000204360000000000000810D80000000000002040600300000000008000810D0000000000000204360000000000000810D80000000000002040600300000000008000810D0000000000000204360000000000000810D80000000000002040600300000000008000810D0000000000000204360000000000000810D80000000000002040600300000000008000810D0000000000000204360000000000000810D80000000000002040600300000000008000810D0000000000000204360000000000000810D80000000000002040600300000000008000810D0000000000000204360000000000000810D80000000000002040600300000000008000810D0000000000000204360000000000000810D80000000000002040600300000000008000810D0000000000000204360000000000000810D80000000000002040600300000000008000810D0000000000000204360000000000000810D80000000000002040600300000000008000810D0000000000000204360000000000000810D80000000000002040600300000000008000810D0000000000000204360000000000000810D80000000000002040600300000000008000810D0000000000000204360000000000000810D80000000000002040600300000000008000810D0000000000000204360000000000000810D80000000000002040600300000000008000810D0000000000000204360000000000000810D80000000000002040600300000000008000810D0000000000000204360000000000000810D80000000000002040600300000000008000810D0000000000000204360000000000000810D80000000000002040600300000000008000810D0000000000000204360000000000000810D80000000000002040600300000000008000810D0000000000000204360000000000000810D80000000000002040600300000000008000810D0000000000000204360000000000000810D80000000000002040600300000000008000810D0000000000000204360000000000000810D80000000000002040600300000000008000810D0000000000000204360000000000000810D80000000000002040600300000000008000810D0000000000000204360000000000000810D80000000000002040600300000000008000810D0000000000000204360000000000000810D80000000000002040600300000000008000810D0000000000000204360000000000000810D80000000000002040600300000000008000810D0000000000000204360000000000000810D80000000000002040600300000000008000810D0000000000000204360000000000000810D80000000000002040600300000000008000810D0000000000000204360000000000000810D80000000000002040600300000000008000810D0000000000000204360000000000000810D80000000000002040600300000000008000810D0000000000000204360000000000000810D80000000000002040600300000000008000810D0000000000000204360000000000000810D80000000000002040600300000000008000810D0000000000000204360000000000000810D80000000000002040600300000000008000810D0000000000000204360000000000000810D80000000000002040600300000000008000810D0000000000000204360000000000000810D80000000000002040600300000000008000810D0000000000000204360000000000000810D80000000000002040600300000000008000810D0000000000000204360000000000000810D80000000000002040600300000000008000810D0000000000000204360000000000000810D80000000000002040600300000000008000810D0000000000000204360000000000000810D80000000000002040600300000000008000810D0000000000000204360000000000000810D80000000000002040600300000000008000810D0000000000000204360000000000000810D80000000000002040600300000000008000810D0000000000000204360000000000000810D80000000000002040600300000000008000810D0000000000000204360000000000000810D80000000000002040600300000000008000810D0000000000000204360000000000000810D80000000000002040600300000000008000810D0000000000000204360000000000000810D80000000000002040600300000000008000810D0000000000000204360000000000000810D80000000000002040600300000000008000810D0000000000000204360000000000000810D80000000000002040600300000000008000810D0000000000000204360000000000000810D80000000000002040600300000000008000810D0000000000000204360000000000000810D80000000000002040600300000000008000810D0000000000000204360000000000000810D80000000000002040600300000000008000810D0000000000000204360000000000000810D80000000000002040600300000000008000810D0000000000000204360000000000000810D80000000000002040600300000000008000810D0000000000000204360000000000000810D80000000000002040600300000000008000810D0000000000000204360000000000000810D80000000000002040600300000000008000810D0000000000000204360000000000000810D80000000000002040600300000000008000810D0000000000000204360000000000000810D80000000000002040600300000000008000810D0000000000000204360000000000000810D80000000000002040600300000000008000810D0000000000000204360000000000000810D80000000000002040600300000000008000810D0000000000000204360000000000000810D80000000000002040600300000000008000810D0000000000000204360000000000000810D80000000000002040600300000000008000810D0000000000000204360000000000000810D80000000000002040600300000000008000810D0000000000000204360000000000000810D80000000000002040600300000000008000810D0000000000000204360000000000000810D80000000000002040600300000000008000810D0000000000000204360000000000000810D80000000000002040600300000000008000810D0000000000000204360000000000000810D80000000000002040600300000000008000810D0000000000000204360000000000000810D80000000000002040600300000000008000810D0000000000000204360000000000000810D80000000000002040600300000000008000810D0000000000000204360000000000000810D80000000000002040600300000000008000810D0000000000000204360000000000000810D80000000000002040600300000000008000810D0000000000000204360000000000000810D80000000000002040600300000000008000810D0000000000000204360000000000000810D80000000000002040600300000000008000810D0000000000000204360000000000000810D80000000000002040600300000000008000810D0000000000000204360000000000000810D80000000000002040600300000000008000810D0000000000000204360000000000000810D80000000000002040600300000000008000810D0000000000000204360000000000000810D80000000000002040600300000000008000810D0000000000000204360000000000000810D80000000000002040600300000000008000810D0000000000000204360000000000000810D80000000000002040600300000000008000810D0000000000000204360000000000000810D80000000000002040600300000000008000810D0000000000000204360000000000000810D80000000000002040600300000000008000810D0000000000000204360000000000000810D80000000000002040600300000000008000810D0000000000000204360000000000000810D80000000000002040600300000000008000810D0000000000000204360000000000000810D80000000000002040600300000000008000810D000000000000020436000000FEA73D3B160000000018E46F3D86FDA51100000083600300000000008041B0010000000000C020D800000000000060106C00000000000030083600000000000018041B0000000000000C820D00000000000006C10600000000000083600300000000008041B0010000000000C020D800000000000060106C00000000000030083600000000000018041B0000000000000C820D00000000000006C10600000000000083600300000000008041B0010000000000C020D800000000000060106C00000000000030083600000000000018041B0000000000000C820D00000000000006C10600000000000083600300000000008041B0010000000000C020D800000000000060106C00000000000030083600000000000018041B0000000000000C820D00000000000006C10600000000000083600300000000008041B0010000000000C020D800000000000060106C00000000000030083600000000000018041B0000000000000C820D00000000000006C10600000000000083600300000000008041B0010000000000C020D800000000000060106C00000000000030083600000000000018041B0000000000000C820D00000000000006C10600000000000083600300000000008041B0010000000000C020D800000000000060106C00000000000030083600000000000018041B0000000000000C820D00000000000006C10600000000000083600300000000008041B0010000000000C020D800000000000060106C00000000000030083600000000000018041B0000000000000C820D00000000000006C10600000000000083600300000000008041B0010000000000C020D800000000000060106C00000000000030083600000000000018041B0000000000000C820D00000000000006C10600000000000083600300000000008041B0010000000000C020D800000000000060106C00000000000030083600000000000018041B0000000000000C820D00000000000006C10600000000000083600300000000008041B0010000000000C020D800000000000060106C00000000000030083600000000000018041B0000000000000C820D00000000000006C10600000000000083600300000000008041B0010000000000C020D800000000000060106C00000000000030083600000000000018041B0000000000000C820D00000000000006C10600000000000083600300000000008041B0010000000000C020D800000000000060106C00000000000030083600000000000018041B0000000000000C820D00000000000006C10600000000000083600300000000008041B0010000000000C020D800000000000060106C00000000000030083600000000000018041B0000000000000C820D00000000000006C10600000000000083600300000000008041B0010000000000C020D800000000000060106C00000000000030083600000000000018041B0000000000000C820D00000000000006C10600000000000083600300000000008041B0010000000000C020D800000000000060106C00000000000030083600000000000018041B0000000000000C820D00000000000006C10600000000000083600300000000008041B0010000000000C020D800000000000060106C00000000000030083600000000000018041B0000000000000C820D00000000000006C10600000000000083600300000000008041B0010000000000C020D800000000000060106C00000000000030083600000000000018041B0000000000000C820D00000000000006C10600000000000083600300000000008041B0010000000000C020D800000000000060106C00000000000030083600000000000018041B0000000000000C820D00000000000006C10600000000000083600300000000008041B0010000000000C020D800000000000060106C00000000000030083600000000000018041B0000000000000C820D00000000000006C10600000000000083600300000000008041B0010000000000C020D800000000000060106C00000000000030083600000000000018041B0000000000000C820D00000000000006C10600000000000083600300000000008041B0010000000000C020D800000000000060106C00000000000030083600000000000018041B0000000000000C820D00000000000006C10600000000000083600300000000008041B0010000000000C020D800000000000060106C00000000000030083600000000000018041B0000000000000C820D00000000000006C10600000000000083600300000000008041B0010000000000C020D800000000000060106C00000000000030083600000000000018041B0000000000000C820D00000000000006C10600000000000083600300000000008041B0010000000000C020D800000000000060106C00000000000030083600000000000018041B0000000000000C820D00000000000006C10600000000000083600300000000008041B0010000000000C020D800000000000060106C00000000000030083600000000000018041B0000000000000C820D00000000000006C10600000000000083600300000000008041B0010000000000C020D800000000000060106C00000000000030083600000000000018041B0000000000000C820D00000000000006C10600000000000083600300000000008041B0010000000000C020D800000000000060106C00000000000030083600000000000018041B0000000000000C820D00000000000006C10600000000000083600300000000008041B0010000000000C020D800000000000060106C00000000000030083600000000000018041B0000000000000C820D00000000000006C10600000000000083600300000000008041B0010000000000C020D800000000000060106C00000000000030083600000000000018041B0000000000000C820D00000000000006C10600000000000083600300000000008041B0010000000000C020D800000000000060106C00000000000030083600000000000018041B0000000000000C820D00000000000006C10600000000000083600300000000008041B0010000000000C020D800000000000060106C00000000000030083600000000000018041B0000000000000C820D00000000000006C10600000000000083600300000000008041B0010000000000C020D800000000000060106C00000000000030083600000000000018041B0000000000000C820D00000000000006C10600000000000083600300000000008041B0010000000000C020D800000000000060106C00000000000030083600000000000018041B0000000000000C820D00000000000006C10600000000000083600300000000008041B0010000000000C020D800000000000060106C00000000000030083600000000000018041B0000000000000C820D00000000000006C10600000000000083600300000000008041B0010000000000C020D800000000000060106C00000000000030083600000000000018041B0000000000000C820D00000000000006C10600000000000083600300000000008041B0010000000000C020D800000000000060106C00000000000030083600000000000018041B0000000000000C820D00000000000006C10600000000000083600300000000008041B0010000000000C020D800000000000060106C00000000000030083600000000000018041B0000000000000C820D00000000000006C10600000000000083600300000000008041B0010000000000C020D800000000000060106C00000000000030083600000000000018041B0000000000000C820D00000000000006C10600000000000083600300000000008041B0010000000000C020D800000000000060106C00000000000030083600000000000018041B0000000000000C820D00000000000006C10600000000000083600300000000008041B0010000000000C020D800000000000060106C00000000000030083600000000000018041B0000000000000C820D00000000000006C10600000000000083600300000000008041B0010000000000C020D800000000000060106C00000000000030083600000000000018041B0000000000000C820D00000000000006C10600000000000083600300000000008041B0010000000000C020D800000000000060106C00000000000030083600000000000018041B0000000000000C820D00000000000006C10600000000000083600300000000008041B0010000000000C020D800000000000060106C00000000000030083600000000000018041B0000000000000C820D00000000000006C10600000000000083600300000000008041B0010000000000C020D800000000000060106C00000000000030083600000000000018041B0000000000000C820D00000000000006C10600000000000083600300000000008041B0010000000000C020D800000000000060106C00000000000030083600000000000018041B0000000000000C820D00000000000006C10600000000000083600300000000008041B0010000000000C020D800000000000060106C00000000000030083600000000000018041B0000000000000C820D00000000000006C10600000000000083600300000000008041B0010000000000C020D800000000000060106C00000000000030083600000000000018041B0000000000000C820D00000000000006C10600000000000083600300000000008041B0010000000000C020D800000000000060106C00000000000030083600000000000018041B0000000000000C820D00000000000006C10600000000000083600300000000008041B0010000000000C020D800000000000060106C00000000000030083600000000000018041B0000000000000C820D00000000000006C10600000000000083600300000000008041B0010000000000C020D800000000000060106C00000000000030083600000000000018041B0000000000000C820D00000000000006C10600000000000083600300000000008041B0010000000000C020D800000000000060106C00000000000030083600000000000018041B0000000000000C820D00000000000006C10600000000000083600300000000008041B0010000000000C020D800000000000060106C00000000000030083600000000000018041B0000000000000C820D000000000000860071649439132BBC380000000049454E44AE426082, 0);
INSERT INTO `act_ge_bytearray` VALUES ('22542', 1, 'chapter_startevent1.html', '22540', 0x3C666F726D20636C6173733D226C617975692D666F726D206D61696E206C617975692D75706C6F616422206C61792D66696C7465723D2263686170746572223E0D0A202020202020203C64697620636C6173733D226C617975692D666F726D2D6974656D223E0D0A20202020202020202020203C6C6162656C20636C6173733D226C617975692D666F726D2D6C6162656C223E3C7370616E207374796C653D22636F6C6F723A7265643B223E2A3C2F7370616E3EE7BB8FE6898BE4BABA3C2F6C6162656C3E0D0A20202020202020202020203C64697620636C6173733D226C617975692D696E7075742D696E6C696E65223E0D0A2020202020202020202020202020203C696E70757420747970653D227465787422206E616D653D2273717222206C61792D7665726966793D2272657175697265642220726561646F6E6C793D22726561646F6E6C792220706C616365686F6C6465723D22E7BB8FE6898BE4BABA22206175746F636F6D706C6574653D226F66662220636C6173733D226C617975692D696E707574223E0D0A2020202020202020202020092020203C696E70757420747970653D2268696464656E22206E616D653D22755F6964223E0D0A20202020202020202020203C2F6469763E0D0A20202020202020202020203C6C6162656C20636C6173733D226C617975692D666F726D2D6C6162656C223E3C7370616E207374796C653D22636F6C6F723A7265643B223E2A3C2F7370616E3EE983A8E997A8E5908DE7A7B03C2F6C6162656C3E0D0A20202020202020202020203C64697620636C6173733D226C617975692D696E7075742D696E6C696E65223E0D0A092020202020202020202020203C73656C65637420636C6173733D226C617975692D696E70757422206E616D653D22626D6D63222069643D22626D6D6322206C61792D7665726966793D22726571756972656422206C61792D7365617263683E3C2F73656C6563743E0D0A2020202020202020093C2F6469763E0D0A202020202020203C2F6469763E0D0A202020202020203C64697620636C6173733D226C617975692D666F726D2D6974656D223E0D0A20202020202020202020203C6C6162656C20636C6173733D226C617975692D666F726D2D6C6162656C223E3C7370616E207374796C653D22636F6C6F723A7265643B223E2A3C2F7370616E3EE794B3E8AFB7E697A5E69C9F3C2F6C6162656C3E0D0A20202020202020202020203C64697620636C6173733D226C617975692D696E7075742D696E6C696E65223E0D0A2020202020202020202020202020203C696E70757420747970653D227465787422206E616D653D22737172712220726561646F6E6C793D22726561646F6E6C7922206C61792D7665726966793D22726571756972656422206175746F636F6D706C6574653D226F66662220636C6173733D226C617975692D696E707574223E0D0A20202020202020202020203C2F6469763E0D0A20202020202020202020203C6C6162656C20636C6173733D226C617975692D666F726D2D6C6162656C223E3C7370616E207374796C653D22636F6C6F723A7265643B223E2A3C2F7370616E3EE794A8E58DB0E4BBBDE695B03C2F6C6162656C3E0D0A20202020202020202020203C64697620636C6173733D226C617975692D696E7075742D696E6C696E65223E0D0A2020202020202020202020202020203C696E70757420747970653D227465787422206E616D653D227979667322206C61792D7665726966793D2272657175697265647C6E756D62657222206175746F636F6D706C6574653D226F66662220636C6173733D226C617975692D696E707574223E0D0A20202020202020202020203C2F6469763E0D0A202020202020203C2F6469763E0D0A202020202020203C64697620636C6173733D226C617975692D666F726D2D6974656D223E0D0A2020202020202020093C6C6162656C20636C6173733D226C617975692D666F726D2D6C6162656C223E3C7370616E207374796C653D22636F6C6F723A7265643B223E2A3C2F7370616E3EE794A8E58DB0E7B1BBE588AB3C2F6C6162656C3E0D0A2020202020202020202020203C64697620636C6173733D226C617975692D696E7075742D696E6C696E6520747265652D79796C78223E0D0A0909092020203C696E70757420747970653D227465787422206E616D653D2279796C782220706C616365686F6C6465723D22E794A8E58DB0E7B1BBE588AB2220726561646F6E6C793D22726561646F6E6C7922206C61792D7665726966793D22726571756972656422206175746F636F6D706C6574653D226F66662220636C6173733D226C617975692D696E707574223E0D0A0909092020203C756C2069643D2279796C782220636C6173733D227A74726565223E3C2F756C3E0D0A0909093C2F6469763E0D0A202020202020203C2F6469763E0D0A202020202020203C64697620636C6173733D226C617975692D666F726D2D6974656D206C617975692D666F726D2D74657874223E0D0A20202020202020202020203C6C6162656C20636C6173733D226C617975692D666F726D2D6C6162656C223EE794A8E58DB0E58685E5AEB93C2F6C6162656C3E0D0A20202020202020202020203C64697620636C6173733D226C617975692D696E7075742D626C6F636B223E0D0A2020202020202020202020202020203C7465787461726561206E616D653D2279796E722220706C616365686F6C6465723D22E794A8E58DB0E58685E5AEB92220636C6173733D226C617975692D746578746172656122207374796C653D2277696474683A35303070783B6D696E2D6865696768743A20373070783B223E3C2F74657874617265613E0D0A20202020202020202020203C2F6469763E0D0A202020202020203C2F6469763E0D0A202020202020203C64697620636C6173733D226C617975692D666F726D2D6974656D206C617975692D666F726D2D74657874223E0D0A2020202020202020202020202020203C6C6162656C20636C6173733D226C617975692D666F726D2D6C6162656C223E3C7370616E207374796C653D22636F6C6F723A7265643B223E2A3C2F7370616E3EE5AEA1E689B9E4BABA3C2F6C6162656C3E0D0A0909093C64697620636C6173733D226C617975692D696E6C696E65222069643D22737072223E0D0A090909093C6469762069643D227370725F616464223E0D0A09090909093C6920636C6173733D2266612066612D706C7573223E3C2F693E0D0A090909093C2F6469763E0D0A0909093C2F6469763E0D0A202020202020203C2F6469763E0D0A202020202020203C64697620636C6173733D226C617975692D666F726D2D6974656D223E0D0A20202020202020202020203C64697620636C6173733D226C617975692D696E7075742D626C6F636B223E0D0A2020202020202020202020202020203C627574746F6E20636C6173733D226C617975692D62746E206C617975692D62746E2D7072696D61727922206C61792D7375626D6974206C61792D66696C7465723D227371222069643D227371223EE794B3E8AFB73C2F627574746F6E3E0D0A20202020202020202020203C2F6469763E0D0A202020202020203C2F6469763E0D0A3C2F666F726D3E, 0);
INSERT INTO `act_ge_bytearray` VALUES ('22543', 1, 'chapter.bpmn', '22540', 0x3C3F786D6C2076657273696F6E3D22312E302220656E636F64696E673D225554462D38223F3E0A3C646566696E6974696F6E7320786D6C6E733D22687474703A2F2F7777772E6F6D672E6F72672F737065632F42504D4E2F32303130303532342F4D4F44454C2220786D6C6E733A7873693D22687474703A2F2F7777772E77332E6F72672F323030312F584D4C536368656D612D696E7374616E63652220786D6C6E733A61637469766974693D22687474703A2F2F61637469766974692E6F72672F62706D6E2220786D6C6E733A62706D6E64693D22687474703A2F2F7777772E6F6D672E6F72672F737065632F42504D4E2F32303130303532342F44492220786D6C6E733A6F6D6764633D22687474703A2F2F7777772E6F6D672E6F72672F737065632F44442F32303130303532342F44432220786D6C6E733A6F6D6764693D22687474703A2F2F7777772E6F6D672E6F72672F737065632F44442F32303130303532342F44492220747970654C616E67756167653D22687474703A2F2F7777772E77332E6F72672F323030312F584D4C536368656D61222065787072657373696F6E4C616E67756167653D22687474703A2F2F7777772E77332E6F72672F313939392F585061746822207461726765744E616D6573706163653D22687474703A2F2F7777772E61637469766974692E6F72672F74657374223E0A20203C70726F636573732069643D226368617074657222206E616D653D22E794A8E58DB0E6B581E7A88B2220697345786563757461626C653D2274727565223E0A202020203C657874656E73696F6E456C656D656E74733E0A2020202020203C61637469766974693A657865637574696F6E4C697374656E6572206576656E743D2273746172742220636C6173733D22636F6D2E7A7A68622E6C697374656E65722E61637469766974692E50726F63657373457865637574696F6E4C697374656E6572223E3C2F61637469766974693A657865637574696F6E4C697374656E65723E0A2020202020203C61637469766974693A657865637574696F6E4C697374656E6572206576656E743D22656E642220636C6173733D22636F6D2E7A7A68622E6C697374656E65722E61637469766974692E50726F63657373457865637574696F6E4C697374656E6572223E3C2F61637469766974693A657865637574696F6E4C697374656E65723E0A202020203C2F657874656E73696F6E456C656D656E74733E0A202020203C73746172744576656E742069643D2273746172746576656E743122206E616D653D22E5A1ABE58699E8AFB7E58187E58D95222061637469766974693A666F726D4B65793D22636861707465725F73746172746576656E74312E68746D6C223E3C2F73746172744576656E743E0A202020203C757365725461736B2069643D22757365727461736B3122206E616D653D22E9A286E5AFBCE5AEA1E689B9222061637469766974693A666F726D4B65793D22636861707465725F757365727461736B312E68746D6C223E0A2020202020203C657874656E73696F6E456C656D656E74733E0A20202020202020203C61637469766974693A7461736B4C697374656E6572206576656E743D226372656174652220636C6173733D22636F6D2E7A7A68622E6C697374656E65722E61637469766974692E557365725461736B4C697374656E6572223E3C2F61637469766974693A7461736B4C697374656E65723E0A2020202020203C2F657874656E73696F6E456C656D656E74733E0A202020203C2F757365725461736B3E0A202020203C656E644576656E742069643D22656E646576656E743122206E616D653D22E7BB93E69D9F223E3C2F656E644576656E743E0A202020203C73657175656E6365466C6F772069643D22666C6F7731362220736F757263655265663D2273746172746576656E743122207461726765745265663D22757365727461736B31223E3C2F73657175656E6365466C6F773E0A202020203C73657175656E6365466C6F772069643D22666C6F7731372220736F757263655265663D22757365727461736B3122207461726765745265663D22656E646576656E7431223E3C2F73657175656E6365466C6F773E0A20203C2F70726F636573733E0A20203C62706D6E64693A42504D4E4469616772616D2069643D2242504D4E4469616772616D5F63686170746572223E0A202020203C62706D6E64693A42504D4E506C616E652062706D6E456C656D656E743D2263686170746572222069643D2242504D4E506C616E655F63686170746572223E0A2020202020203C62706D6E64693A42504D4E53686170652062706D6E456C656D656E743D2273746172746576656E7431222069643D2242504D4E53686170655F73746172746576656E7431223E0A20202020202020203C6F6D6764633A426F756E6473206865696768743D2233352E30222077696474683D2233352E302220783D2237352E302220793D2238302E30223E3C2F6F6D6764633A426F756E64733E0A2020202020203C2F62706D6E64693A42504D4E53686170653E0A2020202020203C62706D6E64693A42504D4E53686170652062706D6E456C656D656E743D22757365727461736B31222069643D2242504D4E53686170655F757365727461736B31223E0A20202020202020203C6F6D6764633A426F756E6473206865696768743D2235352E30222077696474683D223130352E302220783D223136332E302220793D2237302E30223E3C2F6F6D6764633A426F756E64733E0A2020202020203C2F62706D6E64693A42504D4E53686170653E0A2020202020203C62706D6E64693A42504D4E53686170652062706D6E456C656D656E743D22656E646576656E7431222069643D2242504D4E53686170655F656E646576656E7431223E0A20202020202020203C6F6D6764633A426F756E6473206865696768743D2233352E30222077696474683D2233352E302220783D223333342E302220793D2238302E30223E3C2F6F6D6764633A426F756E64733E0A2020202020203C2F62706D6E64693A42504D4E53686170653E0A2020202020203C62706D6E64693A42504D4E456467652062706D6E456C656D656E743D22666C6F773136222069643D2242504D4E456467655F666C6F773136223E0A20202020202020203C6F6D6764693A776179706F696E7420783D223131302E302220793D2239372E30223E3C2F6F6D6764693A776179706F696E743E0A20202020202020203C6F6D6764693A776179706F696E7420783D223136332E302220793D2239372E30223E3C2F6F6D6764693A776179706F696E743E0A2020202020203C2F62706D6E64693A42504D4E456467653E0A2020202020203C62706D6E64693A42504D4E456467652062706D6E456C656D656E743D22666C6F773137222069643D2242504D4E456467655F666C6F773137223E0A20202020202020203C6F6D6764693A776179706F696E7420783D223236382E302220793D2239372E30223E3C2F6F6D6764693A776179706F696E743E0A20202020202020203C6F6D6764693A776179706F696E7420783D223333342E302220793D2239372E30223E3C2F6F6D6764693A776179706F696E743E0A2020202020203C2F62706D6E64693A42504D4E456467653E0A202020203C2F62706D6E64693A42504D4E506C616E653E0A20203C2F62706D6E64693A42504D4E4469616772616D3E0A3C2F646566696E6974696F6E733E, 0);
INSERT INTO `act_ge_bytearray` VALUES ('25002', 1, 'chapter.png', '25001', 0x89504E470D0A1A0A0000000D4948445200000920000003A20802000000E5C57C6800002F4849444154789CECDD7F6C9CF75DC071AB63E82A51F5108359FC939BF8A39606F8C426D97F911B128D91A03D89A931FC9159AAD6469A482B84360B9406B16611A225426B94C11A2C5087D194CAD2DA12D6A4184832D326A9FB239BD7C6ABBB249DD724DD9524CD357192878B6F1C87939CFD89CF7EECBBD74B1F59B1EFEEEBFBDE73CF3F79EB397724000000000000C08275A4FD04000000000000603511D80000000000002040600300000000008000810D0000000000000204360000000000000810D80000000000002040600300000000008000810D0000000000000204360000000000000810D80000000000002040600300000000008000810D0000000000000204360000000000000810D80000000000002040600300000000008000810D0000000000000204360000000000000810D80000000000002040600300000000008000810D0000000000000204360000000000000810D80000000000002040600300000000008000810D0000000000000204360000000000000810D80000000000002040600300000000008000810D0000000000000204360000000000000810D80000000000002040600300000000008000810D0000000000000204360000000000000810D80000000000002040600300000000008000810D0000000000000204360000000000000810D80000000000002040600300000000008000810D0000000000000204360000000000000810D80000000000002040600300000000008000810D0000000000000204360000000000000810D80000000000002040600300000000008000810D0000000000000204360000000000000810D80000000000002040600300000000008000810D0000000000000204360000000000000810D80000000000002040600300000000008000810D0000000000000204360000000000000810D80000000000002040600300000000008000810D0000000000000204360000000000000810D80000000000002040600300000000008000810D0000000000000204360000000000000810D80000000000002040600300000000008000810D0000000000000204360000000000000810D8DA57B95C1E1E1EEEEFEF2F140AB95CAEA35D55F65E79058AC5E2D0D050A9544AFBB00000000000002B9DC0D6A6F6ECD993CBE5FAFBFB9F7AEAA9BDFBF61D9B9CBC3433D39E53D97BE515D8BD7BF7860D1B2AAFC9D0D050DA0707000000000058D104B6B6532A95060606D6AD5B77FCC4F14B33974CFD9C3A7D6AC3860D9517677A7A3AED03050000000000AC50025B7B29954AF97CFEC95D5FBF3473D1DC6C9E79F6999E9E9EA9A9A9B40F170000000000B012096CED65606060B6AE7D681ACFDE7DCFAF5DFB9B691F2E0000000000602512D8DAC89E3D7BD6ADBB7BE672D92C64BEF8A53FD9BAF5CB691F34000000000060C511D8DA45B95CCEE572274E4ECD5CBE601632E7CEFFA4BBFBD7272626D23E740000000000C0CA22B0B58BA1A1A181818199CB1FD4E6337DBFDBB130F58F6AABD9BAF52F060707D33E740000000000C0CA22B0B58B62B1B8FBE97FFEBFBA76F7BA1F25C9DB5792376792EF5E4C5EB9981C3A7779FBD32F7CFBE4FB2F5E4AFEAB9CBC584EF67F903CFF61F237FB5F7B60E383A9B7AE54E6F091B17C3E9FF6A1030000000000561681AD5D7475751D3DFAF2CCE5F3D5E9E8E8389724E7AF26EF5F4EDEBB947C90247FFCA78F74DCF673BD77174FCE24C72F26C73F4CA6CAC9B1CBC937BFF3CAEC456CE7DB70CE9D3F93C964D23E740000000000C0CA22B05D532E97474646B66CD9522C160BFFABAFAFAFF293E1E1E152A994F6136C826C367BFACCC999CBE7AAD3D1D1F1C195E4E2956B375DBE7AEDEBB79EFBD75FFE955FFDB3471FBB9C24672F27EFCF24EFCD24959D3FFFD2ABB381ED5C7B4E65EFE91EB8E5D4E044181A1A9A9E9E4EFB090200000000C08AD046F1E086464646FAFAFA32994CB158DCB265CBEEDD4FEFDDF742759E79F6B9CD9B1FE9EFEFCF66B3BDBDBD434343693FD945998D64676B53F9F6FCE5E4CC85E4D2959FDEA1542AFDF557BFF6E5BFFAEAF177AE759499ABC9A5D9F076F0F02B731EDB56D32681AD7222544E8179FF1A5F3E9FDFB97367B95C4EFBF90200000000409ADA221EDCD0F8F878A15028168BCF3CFBDCA599CB8D67FF81831B367C2E9FCF8F8E8EA6FDC46FD16C24FBEFDA5C0B6C5792531F243F3E97CC24C9A58B17BBEEBAABA3E3231D1D99CFFEC186FA071E3AF2F29CC7B6D5B47C60ABBCA57B7B7BE74D6BF572B9DCC8C848DA4F1C000000000052D3E2F1E066B66DDB96CFE7F7EE7B61DEB4563F870E1F59BB76EDC68D1B57E3153CB391ECFDDA543F22F2CC85E49DB3C9BB1F26878EFEE0E31FFFF8477EE6676FBFF363FD7FF8FF02DB4B878FCC796C5B4D0B07B6CADB786060E0FA6BD4BEF8C52FD55FCA5999CD9B1F59B76EDD9C7B168BC5D6F8F4540000000000886AD9787033E572B9BFBF7F70703094D6EAE7891D3B0A85C2AAFB7B54B391AC549BCAB717AE26EF95AF5DC176EAC364DF4B13BFD6FDA98FFDE22FDD99FDF9AFFDC3373F4C927317930F2E5E7BE0FEB197E63CB6ADA655035BE50D3CE7C2B54D9B1E3A3639D9E09D7FEAF499CA9BBFB3B3B3FE52B6F1F1F1B4B7020000000000CBAD35E3C1CD94CBE5DEDEDEE1E1E15BAE6BB54F8CACAC33353595F686023A3A3A2E5FFE496DAADDE8C2D5E4FD99E427979277CECE1C7C6DAAFB373EFD99DFFE9D772F263F2E27EF96933317938B49B2FFC597E63CB6ADA625035BE5AD9BCBE56A9DACAFAFAF715A9B93D9366F7EA4F6D84C2633363696F68600000000006059B5603C68A0BFBF7FF175ADF67191BDBDBDABE8B322E744B2C267D6BEFABD370FBD3631363E71E0C8C48197DF38F8EAE4BFBDF8DDEFBCF6D67F1C79E33F8F7CFFC0CBDF1F7BE58DD7DEFCE18EBFDD75DFFAFB520F5D025BB3543373AD903DBA75EB2DBCFF9F7AEA1B994CA6761DDBAABBA013000000000016A3D5E24103DBB66D5BCC27435E3FBB773F5D2C16D3DED642CD06B6F7EAE70B5F78B063017EFFB39F9DF3C0B69AD60B6CFDFDFDB5835B790F2FA63167B3D9EA3A854221ED6D0100000000C0F269B5787033E3E3E3F97CBE8975AD3A0F3CF0E0CE9D3BD3DEDC82CC06B633263A2D16D84646461679ED5AFD3CF3EC73B5D5B66FDF9EF6E600000000006099B4543C68209FCF1F3A7CA4E981EDF889936BD6E456C507455E0B6C574E9BE8B45860AB9C08B5BFBBD69453A0F6F7D83A3B3B57C5890000000000008BD752F1E0664646468AC562D3EB5A75366D7A68555CBB331BD84E99E8B452601B1E1EAEC6B04C2673FCC4C9A6BCFFCF9E3BDFD9D9595DF6E1871F4E7B8B0000000000B01C5A271E34502814F6EE7B618902DBF113273B3B3BD3DEE2FC6603DBBB263AAD14D82A2742B5846DDAF450134F812777EDAA2E9BCD66D3DE2200000000002C87D6890737532A95B2D9EC12D5B5EAF4F4F48C8D8DA5BDD179CC06B61F9BE8B44C60AB9C08B5BF97D6ACCBD76AB3664DAEBAF2E8E868DA1B05000000008025D722F1A081A1A1A1818181250D6C8F6EDD3A383898F646AF191E1E9E9A9ABAE14DB3816D7AF1B3F0753A1A6ACA6FB9E1DD9AB5D3DA6ACB7B0C17A5C11BA07222545FF942A1D0F453E081071EAC2EBE424E0400000000005852AB291EDC9A8D1B37EEDCB9734903DBDE7D2F140A85B4379ABCF1C61BD5C871C71D77ECDEBD7BCEAD4D0F6CF366B306BF71214F26749FFA3BB76D606BFC06A89C08D55B1FDDBA75294E81EAE2BDBDBDA9EC1D000000000096D3AA8907B7ACAFAFEF99679F5BD2C0766C7272CD9A5CDA1B4DCAE5F26DB7DD56ED1C1FFDE8473FF9C94FD65FCC349B9D7EB4C8A92E3267A99BADDCE0375E7F53E3CBDDEA02DE8DD7A9BFA9293BAD5F2DBD431AD3F80D503911AA372DC5E9503905AA8BE772E99F080000000000B0D4564D3CB865F97CFED0E1234B1AD8CE9E3B9FC964D2DEE8359D9D9DF539EAF6DB6FBFFFFEFBCBE572321BD8AE5C796791535BE4FA7FDCF0CE0DDC6CE585FCF6398B5F7FD3C2D75CC82F4DFBA806347803544E84EA0F97E874A8FDD2B45F0300000000005872ADFFBFE19D9D9DC74F9C5CD2C056AD0B854261DE0BB0D275E5CAC9C54C7585DA3AF3AE3FEF6F6C7C87853CE1FA2773B3E7B9F85DAFFC23BB10B5F6766C7272294E81DAFA699FF10000000000B0E45AFF7FC3BBBABA5E3F7A7419025BDA1BBDE6CE3BEFAC0595E2AC42A130313191FCF40AB613B73CF50FAFFDFB863F6CF093C6779837113558A1FE3E37BBF32D6F3CEDA31AD0E00D503911AA3F5FA2D32193C9086C0000000000B489D6FFDFF042A1B077DF0B4B5AD756C8DF602B954AD5C2D1D5D5F5F9CF7FBEF2757878B876EB6C733ADEDCA9AE59FFF5FA3BCCD7CCE6AEB6C06FE7FCB0FED6E6EE741515A3C66F80DA75784B713A9C3A7DA6BA78369B4DF115000000000080E5B16AE2C12D1B18187872D7AE250D6CFB0F1CECE9E9497BA3C9DB6FBF9DC964FAFAFA72B9DCE0E060A954AABF75363BFD7031735D1BFBE1F55F17B8CE427EDEF8DBFAA734E7D6C5EF74CEAF48EB8046357E03544E84EACBF5C48E1D4D3F055E3F7AB4BA783E9F4F6BFB0000000000B06C564D3CB865DBB76FDFB4E9A1250D6C4FEEDAB561C3E7D2DEE835232323434343535353D7DFD4F4ECB414816DBECBDD6E70E7EBD76CDBC096347C036CDBB6ADFA8A55DEAB4D3F051EDDBAB5BA787F7FFFB26F1A000000000096DB6A8A07B7666A6A2A97CB2D69605BB76EDD9E3D7BD2DEE83C66B3D3DB4D99DA52D57FD47FADBFCF42DC70D9857C7BC367D2E09E8BD96CDA87AE39262626AAAF79369B3D7BEE7C734F81B56BD756171F1A1A4A7BA30000000000B0E45A241E34D6D5D5F5FAD1A34B54D7CE9E3B9FCD66CBE572DABB9CC7B5EC74756A91535DA4B654FDB7375BFFFA9F2FF09E8DBF9DF3C3FA5B9BB2D3FAD5D23E744D93CBE5AA196CF7EEA79B780A1C9B9CAC15D3399F4B0900000000002DA975E241034BFA29918F3DFE7865F1B4B738BFD9ECF4D6E267CE3AD56F1B2F7EC387DCF06EF35CEE76F395EB9FC69C1F2E7EBF691FBAA6191C1CACBE92DDDDDD4DBC88ED9E7BEFAD2E5B2C16D3DE2200000000002C87D689070D94CBE55C2E77FCC4C9A5B87C6DCD9ADCF4F474DA5B9CDF6C6DFA4153A6B654FD9A0DD69F73D3CDEED9F86E377C54FD33B9FE593565CBAD14D84AA552676767F5B57A74EBD6A69C02FB0F1CAC15D0F1F1F1B4B7080000000000CBA175E24163C3C3C3F7AD5FDFB697AF253F0D6C934D99EA5273165CC8FA75D7A22DF4B72C70A9EB9FCCC27FD1BC4F23ED43D74CDBB76FAFBE32994C66EFBE1716F9FE3F3639592B761B376E4C7B730000000000B04C5A2A1E3476CFBDF736F74F4FBD7EF468F5A3F6D2DED982CCD6A663263A2D16D82A7A7B7BAB49ACB3B3F3D8E4E4622EDFACBCFF6B4BAD8AEB380100000000A0295A2D1E34502A957A7A7A5E3F7AB42975EDD4E933DDDDDDC72627D3DED642CD06B6374D745A2FB04D4D4D65B3D95A183B74F8C82DBCFF8F9F3859AB6B994C66747434ED6D0100000000C0F269B578D0D8C4C4444F4FCF62AEDAA9D5B57BEEBDF799679F4B7B4301029BC056333A3A5AFB14CD4C26F3C48E1DA1F7FFFE03076B9F0C59B17DFBF6B437040000000000CBAA05E34163E3E3E3DDDDDDFB0F1C5CCC2743F6F4F4ACAEBA96CC06B6AB57DF30D169C9C05631323252BB8EADA2725254DED20BB970EDBEF5EB3BEAA86B0000000000B4A1D68C078D954AA5B56BD76EDEFCC8A9D367A27F74EAB1C71FAF7ECE64DA9B089B0D6CDF37D169D5C096CC5ED0D9D5D5555FCBBABBBB2BE7C5F51FA37AFCC4C92776EC58B76E5DFD9DB3D9AC4F860400000000A03DB56C3C68AC5C2E6FDEFCC85D77753DF6F8E367CF9D5F485D7B72D7AECAFD376D7AE8D4E933693FFD5B311BD8264C745A38B025B3B179CB962D994CA6E3467A7A7A6E76537F7FFFF4F474DA4F1F0000000000D2D1CAF1605ED3D3D30F3FFC70369BBDE7DE7B9FDCB5EBD0E12373A25AE5274F3DF58DFBD6AFAFDC67C386CF4D4D4DA5FD946FDD6C60FB9E894E6B07B6AACA8930303070C39076BD42A130363696F65306000000008034B57E3C9857B95C1E1919191818E8EEEE9ED3122A3FB96FFDFAE1E1E152A994F6D35CAC4C2673E1C2CB57AF7ED784A61D025B55E544A8BCD52B27423E9F9F7322E472B962B1B873E74E57AD01000000004022B0B58F5C2EF7D65BDFBE7AF5A8094DFB043600000000006081C48376D1D7D7F72F7B765E4D5E370B9FEF4D7CABABAB2BED43070000000000AC2C025BBBD8B66DDBE0E0FDA927ABD5357F3FF4E8C0C040DA870E0000000000585904B676313535D5D5F5890BE5435793D7CC02A758FCAD919191B40F1D0000000000B0B2086C6D64CB351BAF26AF9A85CC3F0DFF657F7F5FDA070D0000000000587104B636522E970B854F8F8DFD6392BC621ACFF4F4BEAEAE4F944AFBD33E680000000000C08A23B0B5978989897CFEAE898991241937379BE9E97D85C2A74747BF9EF6E1020000000000562281ADED8C8D8DE5F3776DDBF64749F2B2B97E46461EEFEACA8D8EFE5DDA070A000000000058A104B676542E970707070A854F0D0DFDF9F4F4F34972C4944AFF3E3CFC95FEFE75C562A1F2EFB40F110000000000B072096CED6B74747460E0F73A3B7FA1838E8E6CF68EFEFEBB8787BF92F661010000000000563A810D0000000000000204360000000000000810D80000000000002040600300000000008000810D0000000000000204360000000000000810D80000000000002040600300000000008000810D0000000000000204360000000000000810D80000000000002040600300000000008000810D0000000000000204360000000000000810D80000000000002040600300000000008000810D0000000000000204360000000000000810D80000000000002040600300000000008000810D0000000000000204360000000000000810D80000000000002040600300000000008000810D0000000000000204360000000000000810D80000000000002040600300000000008000810D0000000000000204360000000000000810D80000000000002040600300000000008000810D0000000000000204360000000000000810D80000000000002040600300000000008000810D0000000000000204360000000000000810D80000000000002040600300000000008000810D0000000000000204360000000000000810D80000000000002040600300000000008000810D0000000000000204360000000000000810D80000000000002040600300000000008000810D0000000000000204360000000000000810D80000000000002040600300000000008000810D0000000000000204360000000000000810D80000000000002040600300000000008000810D0000000000000204360000000000000810D80000000000002040600300000000008000810D0000000000000204360000000000000810D80000000000002040600300000000008000810D0000000000000204360000000000000810D80000000000002040600300000000008000810D0000000000000204360000000000000810D80000000000002040600300000000008000810D0000000000000204360000000000000810D80000000000002040600300000000008000810D0000000000000204360000000000000810D80000000000002040600300000000008000810D0000000000000204360000000000000810D80000000000002040600300000000008000810D0000000000000204360000000000000810D80000000000002040600300000000008000810D0000000000000204360000000000000810D80000000000002040600300000000008000810D0000000000000204360000000000000810D80000000000002040600300000000008000810D0000000000000204360000000000000810D80000000000002040600300000000008000810D0000000000000204360000000000000810D80000000000002040600300000000008000810D0000000000000204360000000000000810D80000000000002040600300000000008000810D0000000000000204360000000000000810D80000000000002040600300000000008000810D0000000000000204360000000000000810D80000000000002040600300000000008000810D0000000000000204360000000000000810D80000000000002040600300000000008000810D0000000000000204360000000000000810D80000000000002040600300000000008000810D0000000000000204360000000000000810D80000000000002040600300000000008000810D0000000000000204360000000000000810D80000000000002040600300000000008000810D0000000000000204360000000000000810D80000000000002040600300000000008000810D0000000000000204360000000000000810D80000000000002040600300000000008000810D0000000000000204360000000000000810D80000000000002040600300000000008000810D0000000000000204360000000000000810D80000000000002040600300000000008000810D0000000000000204360000000000000810D80000000000002040600300000000008000810D0000000000000204360000000000000810D80000000000002040600300000000008000810D0000000000000204360000000000000810D80000000000002040600300000000008000810D0000000000000204360000000000000810D80000000000002040600300000000008000810D0000000000000204360000000000000810D80000000000002040600300000000008000810D0000000000000204360000000000000810D80000000000002040600300000000008000810D0000000000000204360000000000000810D80000000000002040600300000000008000810D0000000000000204360000000000000810D80000000000002040600300000000008000810D0000000000000204360000000000000810D80000000000002040600300000000008000810D0000000000000204360000000000000810D80000000000002040600300000000008000810D0000000000000204360000000000000810D80000000000002040600300000000008000810D0000000000000204360000000000000810D80000000000002040600300000000008000810D0000000000000204360000000000000810D80000000000002040600300000000008000810D0000000000000204360000000000000810D80000000000002040600300000000008000810D0000000000000204360000000000000810D80000000000002040600300000000008000810D0000000000000204360000000000000810D80000000000002040600300000000008000810D0000000000000204360000000000000810D80000000000002040600300000000008000810D0000000000000204360000000000000810D80000000000002040600300000000008000810D0000000000000204360000000000000810D80000000000002040600300000000008000810D0000000000000204360000000000000810D80000000000002040600300000000008000810D0000000000000204360000000000000810D80000000000002040600300000000008000810D0000000000000204360000000000000810D80000000000002040600300000000008000810D0000000000000204360000000000000810D80000000000002040600300000000008000810D0000000000000204360000000000000810D80000000000002040600300000000008000810D0000000000000204360000000000000810D80000000000002040600300000000008000810D0000000000000204360000000000000810D80000000000002040600300000000008000810D0000000000000204360000000000000810D80000000000002040600300000000008000810D0000000000000204360000000000000810D80000000000002040600300000000008000810D0000000000000204360000000000000810D80000000000002040600300000000008000810D0000000000000204360000000000000810D80000000000002040600300000000008000810D0000000000000204360000000000000810D80000000000002040600300000000008000810D0000000000000204360000000000000810D80000000000002040600300000000008000810D0000000000000204360000000000000810D80000000000002040600300000000008000810D0000000000000204360000000000000810D80000000000002040600300000000008000810D0000000000000204360000000000000810D80000000000002040600300000000008000810D0000000000000204360000000000000810D80000000000002040600300000000008000810D0000000000000204360000000000000810D80000000000002040600300000000008000810D0000000000000204360000000000000810D80000000000002040600300000000008000810D0000000000000204360000000000000810D80000000000002040600300000000008000810D0000000000000204360000000000000810D80000000000002040600300000000008000810D0000000000000204360000000000000810D80000000000002040600300000000008000810D0000000000000204360000000000000810D80000000000002040600300000000008000810D0000000000000204360000000000000810D80000000000002040600300000000008000810D0000000000000204360000000000000810D80000000000002040600300000000008000810D0000000000000204360000000000000810D80000000000002040600300000000008000810D0000000000000204360000000000000810D80000000000002040600300000000008000810D0000000000000204360000000000000810D80000000000002040600300000000008000810D0000000000000204360000000000000810D80000000000002040600300000000008000810D0000000000000204360000000000000810D80000000000002040600300000000008000810D0000000000000204360000000000000810D80000000000002040600300000000008000810D0000000000000204360000000000000810D80000000000002040600300000000008000810D0000000000000204360000000000000810D80000000000002040600300000000008000810D0000000000000204360000000000000810D80000000000002040600300000000008000810D0000000000000204360000000000000810D80000000000002040600300000000008000810D0000000000000204360000000000000810D80000000000002040600300000000008000810D0000000000000204360000000000000810D80000000000002040600300000000008000810D0000000000000204360000000000000810D80000000000002040600300000000008000810D0000000000000204360000000000000810D80000000000002040600300000000008000810D000000000000020436000000FEA73D3B160000000018E46F3D86FDA51100000083600300000000008041B0010000000000C020D800000000000060106C00000000000030083600000000000018041B0000000000000C820D00000000000006C10600000000000083600300000000008041B0010000000000C020D800000000000060106C00000000000030083600000000000018041B0000000000000C820D00000000000006C10600000000000083600300000000008041B0010000000000C020D800000000000060106C00000000000030083600000000000018041B0000000000000C820D00000000000006C10600000000000083600300000000008041B0010000000000C020D800000000000060106C00000000000030083600000000000018041B0000000000000C820D00000000000006C10600000000000083600300000000008041B0010000000000C020D800000000000060106C00000000000030083600000000000018041B0000000000000C820D00000000000006C10600000000000083600300000000008041B0010000000000C020D800000000000060106C00000000000030083600000000000018041B0000000000000C820D00000000000006C10600000000000083600300000000008041B0010000000000C020D800000000000060106C00000000000030083600000000000018041B0000000000000C820D00000000000006C10600000000000083600300000000008041B0010000000000C020D800000000000060106C00000000000030083600000000000018041B0000000000000C820D00000000000006C10600000000000083600300000000008041B0010000000000C020D800000000000060106C00000000000030083600000000000018041B0000000000000C820D00000000000006C10600000000000083600300000000008041B0010000000000C020D800000000000060106C00000000000030083600000000000018041B0000000000000C820D00000000000006C10600000000000083600300000000008041B0010000000000C020D800000000000060106C00000000000030083600000000000018041B0000000000000C820D00000000000006C10600000000000083600300000000008041B0010000000000C020D800000000000060106C00000000000030083600000000000018041B0000000000000C820D00000000000006C10600000000000083600300000000008041B0010000000000C020D800000000000060106C00000000000030083600000000000018041B0000000000000C820D00000000000006C10600000000000083600300000000008041B0010000000000C020D800000000000060106C00000000000030083600000000000018041B0000000000000C820D00000000000006C10600000000000083600300000000008041B0010000000000C020D800000000000060106C00000000000030083600000000000018041B0000000000000C820D00000000000006C10600000000000083600300000000008041B0010000000000C020D800000000000060106C00000000000030083600000000000018041B0000000000000C820D00000000000006C10600000000000083600300000000008041B0010000000000C020D800000000000060106C00000000000030083600000000000018041B0000000000000C820D00000000000006C10600000000000083600300000000008041B0010000000000C020D800000000000060106C00000000000030083600000000000018041B0000000000000C820D00000000000006C10600000000000083600300000000008041B0010000000000C020D800000000000060106C00000000000030083600000000000018041B0000000000000C820D00000000000006C10600000000000083600300000000008041B0010000000000C020D800000000000060106C00000000000030083600000000000018041B0000000000000C820D00000000000006C10600000000000083600300000000008041B0010000000000C020D800000000000060106C00000000000030083600000000000018041B0000000000000C820D00000000000006C10600000000000083600300000000008041B0010000000000C020D800000000000060106C00000000000030083600000000000018041B0000000000000C820D00000000000006C10600000000000083600300000000008041B0010000000000C020D800000000000060106C00000000000030083600000000000018041B0000000000000C820D00000000000006C10600000000000083600300000000008041B0010000000000C020D800000000000060106C00000000000030083600000000000018041B0000000000000C820D00000000000006C10600000000000083600300000000008041B0010000000000C020D800000000000060106C00000000000030083600000000000018041B0000000000000C820D00000000000006C10600000000000083600300000000008041B0010000000000C020D800000000000060106C00000000000030083600000000000018041B0000000000000C820D00000000000006C10600000000000083600300000000008041B0010000000000C020D800000000000060106C00000000000030083600000000000018041B0000000000000C820D00000000000006C10600000000000083600300000000008041B0010000000000C020D800000000000060106C00000000000030083600000000000018041B0000000000000C820D00000000000006C10600000000000083600300000000008041B0010000000000C020D800000000000060106C00000000000030083600000000000018041B0000000000000C820D00000000000006C10600000000000083600300000000008041B0010000000000C020D800000000000060106C00000000000030083600000000000018041B0000000000000C820D00000000000006C10600000000000083600300000000008041B0010000000000C020D800000000000060106C00000000000030083600000000000018041B0000000000000C820D00000000000006C10600000000000083600300000000008041B0010000000000C020D800000000000060106C00000000000030083600000000000018041B0000000000000C820D00000000000006C10600000000000083600300000000008041B0010000000000C020D800000000000060106C00000000000030083600000000000018041B0000000000000C820D00000000000006C10600000000000083600300000000008041B0010000000000C020D800000000000060106C00000000000030083600000000000018041B0000000000000C820D00000000000006C10600000000000083600300000000008041B0010000000000C020D800000000000060106C00000000000030083600000000000018041B0000000000000C820D00000000000006C10600000000000083600300000000008041B0010000000000C020D800000000000060106C00000000000030083600000000000018041B0000000000000C820D00000000000006C10600000000000083600300000000008041B0010000000000C020D800000000000060106C00000000000030083600000000000018041B0000000000000C820D00000000000006C10600000000000083600300000000008041B0010000000000C020D800000000000060106C00000000000030083600000000000018041B0000000000000C820D00000000000006C10600000000000083600300000000008041B0010000000000C020D800000000000060106C00000000000030083600000000000018041B0000000000000C820D00000000000006C10600000000000083600300000000008041B0010000000000C020D800000000000060106C00000000000030083600000000000018041B0000000000000C820D00000000000006C10600000000000083600300000000008041B0010000000000C020D800000000000060106C00000000000030083600000000000018041B0000000000000C820D00000000000006C10600000000000083600300000000008041B0010000000000C020D800000000000060106C00000000000030083600000000000018041B0000000000000C820D00000000000006C10600000000000083600300000000008041B0010000000000C020D800000000000060106C00000000000030083600000000000018041B0000000000000C820D00000000000006C10600000000000083600300000000008041B0010000000000C020D800000000000060106C00000000000030083600000000000018041B0000000000000C820D00000000000006C10600000000000083600300000000008041B0010000000000C020D800000000000060106C00000000000030083600000000000018041B0000000000000C820D00000000000006C10600000000000083600300000000008041B0010000000000C020D800000000000060106C00000000000030083600000000000018041B0000000000000C820D00000000000006C10600000000000083600300000000008041B0010000000000C020D800000000000060106C00000000000030083600000000000018041B0000000000000C820D00000000000006C10600000000000083600300000000008041B0010000000000C020D800000000000060106C00000000000030083600000000000018041B0000000000000C820D00000000000006C10600000000000083600300000000008041B0010000000000C020D800000000000060106C00000000000030083600000000000018041B0000000000000C820D00000000000006C10600000000000083600300000000008041B0010000000000C020D800000000000060106C00000000000030083600000000000018041B0000000000000C820D00000000000006C10600000000000083600300000000008041B0010000000000C020D800000000000060106C00000000000030083600000000000018041B0000000000000C820D00000000000006C10600000000000083600300000000008041B0010000000000C020D800000000000060106C00000000000030083600000000000018041B0000000000000C820D00000000000006C10600000000000083600300000000008041B0010000000000C020D800000000000060106C00000000000030083600000000000018041B0000000000000C820D000000000000860071649439132BBC380000000049454E44AE426082, 0);
INSERT INTO `act_ge_bytearray` VALUES ('25003', 1, 'chapter_startevent1.html', '25001', 0x3C666F726D20636C6173733D226C617975692D666F726D206D61696E206C617975692D75706C6F616422206C61792D66696C7465723D2263686170746572223E0D0A202020202020203C64697620636C6173733D226C617975692D666F726D2D6974656D223E0D0A20202020202020202020203C6C6162656C20636C6173733D226C617975692D666F726D2D6C6162656C223E3C7370616E207374796C653D22636F6C6F723A7265643B223E2A3C2F7370616E3EE7BB8FE6898BE4BABA3C2F6C6162656C3E0D0A20202020202020202020203C64697620636C6173733D226C617975692D696E7075742D696E6C696E65223E0D0A2020202020202020202020202020203C696E70757420747970653D227465787422206E616D653D2273717222206C61792D7665726966793D2272657175697265642220726561646F6E6C793D22726561646F6E6C792220706C616365686F6C6465723D22E7BB8FE6898BE4BABA22206175746F636F6D706C6574653D226F66662220636C6173733D226C617975692D696E707574223E0D0A2020202020202020202020092020203C696E70757420747970653D2268696464656E22206E616D653D22755F6964223E0D0A20202020202020202020203C2F6469763E0D0A20202020202020202020203C6C6162656C20636C6173733D226C617975692D666F726D2D6C6162656C223E3C7370616E207374796C653D22636F6C6F723A7265643B223E2A3C2F7370616E3EE983A8E997A8E5908DE7A7B03C2F6C6162656C3E0D0A20202020202020202020203C64697620636C6173733D226C617975692D696E7075742D696E6C696E65223E0D0A092020202020202020202020203C73656C65637420636C6173733D226C617975692D696E70757422206E616D653D22626D6D63222069643D22626D6D6322206C61792D7665726966793D22726571756972656422206C61792D7365617263683E3C2F73656C6563743E0D0A2020202020202020093C2F6469763E0D0A202020202020203C2F6469763E0D0A202020202020203C64697620636C6173733D226C617975692D666F726D2D6974656D223E0D0A20202020202020202020203C6C6162656C20636C6173733D226C617975692D666F726D2D6C6162656C223E3C7370616E207374796C653D22636F6C6F723A7265643B223E2A3C2F7370616E3EE794B3E8AFB7E697A5E69C9F3C2F6C6162656C3E0D0A20202020202020202020203C64697620636C6173733D226C617975692D696E7075742D696E6C696E65223E0D0A2020202020202020202020202020203C696E70757420747970653D227465787422206E616D653D22737172712220726561646F6E6C793D22726561646F6E6C7922206C61792D7665726966793D22726571756972656422206175746F636F6D706C6574653D226F66662220636C6173733D226C617975692D696E707574223E0D0A20202020202020202020203C2F6469763E0D0A20202020202020202020203C6C6162656C20636C6173733D226C617975692D666F726D2D6C6162656C223E3C7370616E207374796C653D22636F6C6F723A7265643B223E2A3C2F7370616E3EE794A8E58DB0E4BBBDE695B03C2F6C6162656C3E0D0A20202020202020202020203C64697620636C6173733D226C617975692D696E7075742D696E6C696E65223E0D0A2020202020202020202020202020203C696E70757420747970653D227465787422206E616D653D227979667322206C61792D7665726966793D2272657175697265647C6E756D62657222206175746F636F6D706C6574653D226F66662220636C6173733D226C617975692D696E707574223E0D0A20202020202020202020203C2F6469763E0D0A202020202020203C2F6469763E0D0A202020202020203C64697620636C6173733D226C617975692D666F726D2D6974656D223E0D0A2020202020202020093C6C6162656C20636C6173733D226C617975692D666F726D2D6C6162656C223E3C7370616E207374796C653D22636F6C6F723A7265643B223E2A3C2F7370616E3EE794A8E58DB0E7B1BBE588AB3C2F6C6162656C3E0D0A2020202020202020202020203C64697620636C6173733D226C617975692D696E7075742D696E6C696E6520747265652D79796C78223E0D0A0909092020203C696E70757420747970653D227465787422206E616D653D2279796C782220706C616365686F6C6465723D22E794A8E58DB0E7B1BBE588AB2220726561646F6E6C793D22726561646F6E6C7922206C61792D7665726966793D22726571756972656422206175746F636F6D706C6574653D226F66662220636C6173733D226C617975692D696E707574223E0D0A0909092020203C756C2069643D2279796C782220636C6173733D227A74726565223E3C2F756C3E0D0A0909093C2F6469763E0D0A202020202020203C2F6469763E0D0A202020202020203C64697620636C6173733D226C617975692D666F726D2D6974656D206C617975692D666F726D2D74657874223E0D0A20202020202020202020203C6C6162656C20636C6173733D226C617975692D666F726D2D6C6162656C223EE794A8E58DB0E58685E5AEB93C2F6C6162656C3E0D0A20202020202020202020203C64697620636C6173733D226C617975692D696E7075742D626C6F636B223E0D0A2020202020202020202020202020203C7465787461726561206E616D653D2279796E722220706C616365686F6C6465723D22E794A8E58DB0E58685E5AEB92220636C6173733D226C617975692D746578746172656122207374796C653D2277696474683A35303070783B6D696E2D6865696768743A20373070783B223E3C2F74657874617265613E0D0A20202020202020202020203C2F6469763E0D0A202020202020203C2F6469763E0D0A202020202020203C64697620636C6173733D226C617975692D666F726D2D6974656D206C617975692D666F726D2D74657874223E0D0A2020202020202020202020202020203C6C6162656C20636C6173733D226C617975692D666F726D2D6C6162656C223E3C7370616E207374796C653D22636F6C6F723A7265643B223E2A3C2F7370616E3EE5AEA1E689B9E4BABA3C2F6C6162656C3E0D0A0909093C64697620636C6173733D226C617975692D696E6C696E65222069643D22737072223E0D0A090909093C6469762069643D227370725F616464223E0D0A09090909093C6920636C6173733D2266612066612D706C7573223E3C2F693E0D0A090909093C2F6469763E0D0A0909093C2F6469763E0D0A202020202020203C2F6469763E0D0A202020202020203C64697620636C6173733D226C617975692D666F726D2D6974656D223E0D0A20202020202020202020203C64697620636C6173733D226C617975692D696E7075742D626C6F636B223E0D0A2020202020202020202020202020203C627574746F6E20636C6173733D226C617975692D62746E206C617975692D62746E2D7072696D61727922206C61792D7375626D6974206C61792D66696C7465723D227371222069643D227371223EE794B3E8AFB73C2F627574746F6E3E0D0A20202020202020202020203C2F6469763E0D0A202020202020203C2F6469763E0D0A3C2F666F726D3E, 0);
INSERT INTO `act_ge_bytearray` VALUES ('25004', 1, 'chapter.bpmn', '25001', 0x3C3F786D6C2076657273696F6E3D22312E302220656E636F64696E673D225554462D38223F3E0A3C646566696E6974696F6E7320786D6C6E733D22687474703A2F2F7777772E6F6D672E6F72672F737065632F42504D4E2F32303130303532342F4D4F44454C2220786D6C6E733A7873693D22687474703A2F2F7777772E77332E6F72672F323030312F584D4C536368656D612D696E7374616E63652220786D6C6E733A61637469766974693D22687474703A2F2F61637469766974692E6F72672F62706D6E2220786D6C6E733A62706D6E64693D22687474703A2F2F7777772E6F6D672E6F72672F737065632F42504D4E2F32303130303532342F44492220786D6C6E733A6F6D6764633D22687474703A2F2F7777772E6F6D672E6F72672F737065632F44442F32303130303532342F44432220786D6C6E733A6F6D6764693D22687474703A2F2F7777772E6F6D672E6F72672F737065632F44442F32303130303532342F44492220747970654C616E67756167653D22687474703A2F2F7777772E77332E6F72672F323030312F584D4C536368656D61222065787072657373696F6E4C616E67756167653D22687474703A2F2F7777772E77332E6F72672F313939392F585061746822207461726765744E616D6573706163653D22687474703A2F2F7777772E61637469766974692E6F72672F74657374223E0A20203C70726F636573732069643D226368617074657222206E616D653D22E794A8E58DB0E6B581E7A88B2220697345786563757461626C653D2274727565223E0A202020203C657874656E73696F6E456C656D656E74733E0A2020202020203C61637469766974693A657865637574696F6E4C697374656E6572206576656E743D2273746172742220636C6173733D22636F6D2E7A7A68622E6C697374656E65722E61637469766974692E50726F63657373457865637574696F6E4C697374656E6572223E3C2F61637469766974693A657865637574696F6E4C697374656E65723E0A2020202020203C61637469766974693A657865637574696F6E4C697374656E6572206576656E743D22656E642220636C6173733D22636F6D2E7A7A68622E6C697374656E65722E61637469766974692E50726F63657373457865637574696F6E4C697374656E6572223E3C2F61637469766974693A657865637574696F6E4C697374656E65723E0A202020203C2F657874656E73696F6E456C656D656E74733E0A202020203C73746172744576656E742069643D2273746172746576656E743122206E616D653D22E5A1ABE58699E8AFB7E58187E58D95222061637469766974693A666F726D4B65793D22636861707465725F73746172746576656E74312E68746D6C223E3C2F73746172744576656E743E0A202020203C757365725461736B2069643D22757365727461736B3122206E616D653D22E9A286E5AFBCE5AEA1E689B9222061637469766974693A666F726D4B65793D22636861707465725F757365727461736B312E68746D6C223E0A2020202020203C657874656E73696F6E456C656D656E74733E0A20202020202020203C61637469766974693A7461736B4C697374656E6572206576656E743D226372656174652220636C6173733D22636F6D2E7A7A68622E6C697374656E65722E61637469766974692E557365725461736B4C697374656E6572223E3C2F61637469766974693A7461736B4C697374656E65723E0A2020202020203C2F657874656E73696F6E456C656D656E74733E0A202020203C2F757365725461736B3E0A202020203C656E644576656E742069643D22656E646576656E743122206E616D653D22E7BB93E69D9F223E3C2F656E644576656E743E0A202020203C73657175656E6365466C6F772069643D22666C6F7731362220736F757263655265663D2273746172746576656E743122207461726765745265663D22757365727461736B31223E3C2F73657175656E6365466C6F773E0A202020203C73657175656E6365466C6F772069643D22666C6F7731372220736F757263655265663D22757365727461736B3122207461726765745265663D22656E646576656E7431223E3C2F73657175656E6365466C6F773E0A20203C2F70726F636573733E0A20203C62706D6E64693A42504D4E4469616772616D2069643D2242504D4E4469616772616D5F63686170746572223E0A202020203C62706D6E64693A42504D4E506C616E652062706D6E456C656D656E743D2263686170746572222069643D2242504D4E506C616E655F63686170746572223E0A2020202020203C62706D6E64693A42504D4E53686170652062706D6E456C656D656E743D2273746172746576656E7431222069643D2242504D4E53686170655F73746172746576656E7431223E0A20202020202020203C6F6D6764633A426F756E6473206865696768743D2233352E30222077696474683D2233352E302220783D2237352E302220793D2238302E30223E3C2F6F6D6764633A426F756E64733E0A2020202020203C2F62706D6E64693A42504D4E53686170653E0A2020202020203C62706D6E64693A42504D4E53686170652062706D6E456C656D656E743D22757365727461736B31222069643D2242504D4E53686170655F757365727461736B31223E0A20202020202020203C6F6D6764633A426F756E6473206865696768743D2235352E30222077696474683D223130352E302220783D223136332E302220793D2237302E30223E3C2F6F6D6764633A426F756E64733E0A2020202020203C2F62706D6E64693A42504D4E53686170653E0A2020202020203C62706D6E64693A42504D4E53686170652062706D6E456C656D656E743D22656E646576656E7431222069643D2242504D4E53686170655F656E646576656E7431223E0A20202020202020203C6F6D6764633A426F756E6473206865696768743D2233352E30222077696474683D2233352E302220783D223333342E302220793D2238302E30223E3C2F6F6D6764633A426F756E64733E0A2020202020203C2F62706D6E64693A42504D4E53686170653E0A2020202020203C62706D6E64693A42504D4E456467652062706D6E456C656D656E743D22666C6F773136222069643D2242504D4E456467655F666C6F773136223E0A20202020202020203C6F6D6764693A776179706F696E7420783D223131302E302220793D2239372E30223E3C2F6F6D6764693A776179706F696E743E0A20202020202020203C6F6D6764693A776179706F696E7420783D223136332E302220793D2239372E30223E3C2F6F6D6764693A776179706F696E743E0A2020202020203C2F62706D6E64693A42504D4E456467653E0A2020202020203C62706D6E64693A42504D4E456467652062706D6E456C656D656E743D22666C6F773137222069643D2242504D4E456467655F666C6F773137223E0A20202020202020203C6F6D6764693A776179706F696E7420783D223236382E302220793D2239372E30223E3C2F6F6D6764693A776179706F696E743E0A20202020202020203C6F6D6764693A776179706F696E7420783D223333342E302220793D2239372E30223E3C2F6F6D6764693A776179706F696E743E0A2020202020203C2F62706D6E64693A42504D4E456467653E0A202020203C2F62706D6E64693A42504D4E506C616E653E0A20203C2F62706D6E64693A42504D4E4469616772616D3E0A3C2F646566696E6974696F6E733E, 0);
INSERT INTO `act_ge_bytearray` VALUES ('27502', 1, 'chapter_usertask1.html', '27501', 0x3C666F726D20636C6173733D226C617975692D666F726D206D61696E206C617975692D75706C6F616422206C61792D66696C7465723D226C65617665223E0D0A20202020203C64697620636C6173733D226C617975692D666F726D2D6974656D223E0D0A2020202020202020203C6C6162656C20636C6173733D226C617975692D666F726D2D6C6162656C223E3C7370616E207374796C653D22636F6C6F723A7265643B223E2A3C2F7370616E3EE794B3E8AFB7E4BABA3C2F6C6162656C3E0D0A2020202020202020203C64697620636C6173733D226C617975692D696E7075742D696E6C696E65223E0D0A202020202020202020202020203C696E70757420747970653D2274657874222076616C75653D22247B7371727D22206C61792D7665726966793D2272657175697265642220726561646F6E6C793D22726561646F6E6C792220706C616365686F6C6465723D22E794B3E8AFB7E4BABA22206175746F636F6D706C6574653D226F66662220636C6173733D226C617975692D696E707574223E0D0A2020202020202020203C2F6469763E0D0A2020202020202020203C6C6162656C20636C6173733D226C617975692D666F726D2D6C6162656C223E3C7370616E207374796C653D22636F6C6F723A7265643B223E2A3C2F7370616E3EE983A8E997A8E5908DE7A7B03C2F6C6162656C3E0D0A2020202020202020203C64697620636C6173733D226C617975692D696E7075742D696E6C696E65223E0D0A202020202020202020202020203C696E70757420747970653D2274657874222076616C75653D22247B626D6D637D22206C61792D7665726966793D2272657175697265642220726561646F6E6C793D22726561646F6E6C792220706C616365686F6C6465723D22E983A8E997A8E5908DE7A7B022206175746F636F6D706C6574653D226F66662220636C6173733D226C617975692D696E707574223E0D0A2020202020202020203C2F6469763E0D0A20202020203C2F6469763E0D0A20202020203C64697620636C6173733D226C617975692D666F726D2D6974656D223E0D0A2020202020202020203C6C6162656C20636C6173733D226C617975692D666F726D2D6C6162656C223E3C7370616E207374796C653D22636F6C6F723A7265643B223E2A3C2F7370616E3EE794B3E8AFB7E697A5E69C9F3C2F6C6162656C3E0D0A2020202020202020203C64697620636C6173733D226C617975692D696E7075742D696E6C696E65223E0D0A202020202020202020202020203C696E70757420747970653D2274657874222076616C75653D22247B737172717D2220726561646F6E6C793D22726561646F6E6C7922206C61792D7665726966793D22726571756972656422206175746F636F6D706C6574653D226F66662220636C6173733D226C617975692D696E707574223E0D0A2020202020202020203C2F6469763E0D0A2020202020202020203C6C6162656C20636C6173733D226C617975692D666F726D2D6C6162656C223E3C7370616E207374796C653D22636F6C6F723A7265643B223E2A3C2F7370616E3EE8AFB7E58187E7B1BBE588AB3C2F6C6162656C3E0D0A2020202020202020203C64697620636C6173733D226C617975692D696E7075742D696E6C696E65223E0D0A202020202020202020202020203C696E70757420747970653D2274657874222076616C75653D22247B716A6C787D2220726561646F6E6C793D22726561646F6E6C7922206C61792D7665726966793D22726571756972656422206175746F636F6D706C6574653D226F66662220636C6173733D226C617975692D696E707574223E0D0A2020202020202020203C2F6469763E0D0A20202020203C2F6469763E0D0A20202020203C64697620636C6173733D226C617975692D666F726D2D6974656D223E0D0A2020202020202020203C6C6162656C20636C6173733D226C617975692D666F726D2D6C6162656C223E3C7370616E207374796C653D22636F6C6F723A7265643B223E2A3C2F7370616E3EE5BC80E5A78BE697A5E69C9F3C2F6C6162656C3E0D0A2020202020202020203C64697620636C6173733D226C617975692D696E7075742D696E6C696E65223E0D0A202020202020202020202020203C696E70757420747970653D2274657874222069643D226B737271222076616C75653D22247B6B7372717D22206C61792D7665726966793D2272657175697265642220706C616365686F6C6465723D22E5BC80E5A78BE697A5E69C9F22206175746F636F6D706C6574653D226F6666220D0A2020202020202020202020202020202020636C6173733D226C617975692D696E707574223E0D0A2020202020202020203C2F6469763E0D0A2020202020202020203C6C6162656C20636C6173733D226C617975692D666F726D2D6C6162656C223E3C7370616E207374796C653D22636F6C6F723A7265643B223E2A3C2F7370616E3EE7BB93E69D9FE697A5E69C9F3C2F6C6162656C3E0D0A2020202020202020203C64697620636C6173733D226C617975692D696E7075742D696E6C696E65223E0D0A202020202020202020202020203C696E70757420747970653D2274657874222069643D226A737271222076616C75653D22247B6A7372717D22206C61792D7665726966793D2272657175697265642220706C616365686F6C6465723D22E7BB93E69D9FE697A5E69C9F22206175746F636F6D706C6574653D226F6666220D0A2020202020202020202020202020202020636C6173733D226C617975692D696E707574223E0D0A2020202020202020203C2F6469763E0D0A20202020203C2F6469763E0D0A20202020203C64697620636C6173733D226C617975692D666F726D2D6974656D206C617975692D666F726D2D74657874223E0D0A2020202020202020203C6C6162656C20636C6173733D226C617975692D666F726D2D6C6162656C223EE8AFB7E58187E79086E794B13C2F6C6162656C3E0D0A2020202020202020203C64697620636C6173733D226C617975692D696E7075742D626C6F636B223E0D0A202020202020202020202020203C746578746172656120726561646F6E6C793D22726561646F6E6C792220636C6173733D226C617975692D746578746172656122207374796C653D2277696474683A35303070783B6D696E2D6865696768743A20373070783B223E247B716A6C797D3C2F74657874617265613E0D0A2020202020202020203C2F6469763E0D0A20202020203C2F6469763E0D0A093C64697620636C6173733D226C617975692D666F726D2D6974656D206C617975692D666F726D2D74657874223E0D0A09093C6C6162656C20636C6173733D226C617975692D666F726D2D6C6162656C223EE59BBEE789873C2F6C6162656C3E0D0A09093C64697620636C6173733D226C617975692D696E7075742D626C6F636B206C617965722D70686F746F222069643D226C617965722D70686F746F73223E3C2F6469763E0D0A093C2F6469763E0D0A20202020203C64697620636C6173733D226C617975692D666F726D2D6974656D206C617975692D666F726D2D74657874223E0D0A09202020203C6C6162656C20636C6173733D226C617975692D666F726D2D6C6162656C223E3C7370616E207374796C653D22636F6C6F723A7265643B223E2A3C2F7370616E3EE698AFE590A6E5908CE6848F3C2F6C6162656C3E0D0A09202020203C64697620636C6173733D226C617975692D696E7075742D626C6F636B223E0D0A092020202020203C696E70757420747970653D22726164696F22206E616D653D226167726565222076616C75653D227472756522207469746C653D22E5908CE6848F2220636865636B65643D22223E0D0A092020202020203C696E70757420747970653D22726164696F22206E616D653D226167726565222076616C75653D2266616C736522207469746C653D22E4B88DE5908CE6848F223E0D0A09202020203C2F6469763E0D0A202009203C2F6469763E0D0A202009203C64697620636C6173733D226C617975692D666F726D2D6974656D206C617975692D666F726D2D74657874223E0D0A2020202020202020203C6C6162656C20636C6173733D226C617975692D666F726D2D6C6162656C223EE5AEA1E689B9E6848FE8A7813C2F6C6162656C3E0D0A2020202020202020203C64697620636C6173733D226C617975692D696E7075742D626C6F636B223E0D0A202020202020202020202020203C7465787461726561206E616D653D226B735F7370796A2220706C616365686F6C6465723D22E5AEA1E689B9E6848FE8A7812220636C6173733D226C617975692D746578746172656122207374796C653D2277696474683A35303070783B6D696E2D6865696768743A20373070783B223E3C2F74657874617265613E0D0A2020202020202020203C2F6469763E0D0A20202020203C2F6469763E0D0A20202020203C64697620636C6173733D226C617975692D666F726D2D6974656D206C617975692D666F726D2D74657874223E0D0A202020202020202020203C6C6162656C20636C6173733D226C617975692D666F726D2D6C6162656C223E3C7370616E207374796C653D22636F6C6F723A7265643B223E2A3C2F7370616E3EE5AEA1E689B9E4BABA3C2F6C6162656C3E0D0A090920203C64697620636C6173733D226C617975692D696E6C696E65222069643D22737072223E0D0A09090920203C6469762069643D227370725F616464223E0D0A090909093C6920636C6173733D2266612066612D706C7573223E3C2F693E0D0A09090920203C2F6469763E0D0A09092020203C2F6469763E0D0A20202020203C2F6469763E0D0A20202020203C64697620636C6173733D226C617975692D666F726D2D6974656D223E0D0A20202020202020202020203C64697620636C6173733D226C617975692D696E7075742D626C6F636B223E0D0A2020202020202020202020202020203C627574746F6E20636C6173733D226C617975692D62746E206C617975692D62746E2D7072696D61727922206C61792D7375626D6974206C61792D66696C7465723D227370222069643D227370223EE5AEA1E689B93C2F627574746F6E3E0D0A2020202020202020202020202020203C627574746F6E20747970653D22627574746F6E2220636C6173733D226C617975692D62746E206C617975692D62746E2D7072696D617279222069643D22646F776E6C6F6164223EE4B88BE8BDBDE99984E4BBB63C2F627574746F6E3E0D0A20202020202020202020203C2F6469763E0D0A2020202020203C2F6469763E0D0A3C2F666F726D3E, 0);
INSERT INTO `act_ge_bytearray` VALUES ('27503', 1, 'chapter.png', '27501', 0x89504E470D0A1A0A0000000D4948445200000920000003A20802000000E5C57C6800002F4849444154789CECDD7F6C9CF75DC071AB63E82A51F5108359FC939BF8A39606F8C426D97F911B128D91A03D89A931FC9159AAD6469A482B84360B9406B16611A225426B94C11A2C5087D194CAD2DA12D6A4184832D326A9FB239BD7C6ABBB249DD724DD9524CD357192878B6F1C87939CFD89CF7EECBBD74B1F59B1EFEEEBFBDE73CF3F79EB397724000000000000C08275A4FD04000000000000603511D80000000000002040600300000000008000810D0000000000000204360000000000000810D80000000000002040600300000000008000810D0000000000000204360000000000000810D80000000000002040600300000000008000810D0000000000000204360000000000000810D80000000000002040600300000000008000810D0000000000000204360000000000000810D80000000000002040600300000000008000810D0000000000000204360000000000000810D80000000000002040600300000000008000810D0000000000000204360000000000000810D80000000000002040600300000000008000810D0000000000000204360000000000000810D80000000000002040600300000000008000810D0000000000000204360000000000000810D80000000000002040600300000000008000810D0000000000000204360000000000000810D80000000000002040600300000000008000810D0000000000000204360000000000000810D80000000000002040600300000000008000810D0000000000000204360000000000000810D80000000000002040600300000000008000810D0000000000000204360000000000000810D80000000000002040600300000000008000810D0000000000000204360000000000000810D80000000000002040600300000000008000810D0000000000000204360000000000000810D80000000000002040600300000000008000810D0000000000000204360000000000000810D80000000000002040600300000000008000810D0000000000000204360000000000000810D80000000000002040600300000000008000810D0000000000000204360000000000000810D8DA57B95C1E1E1EEEEFEF2F140AB95CAEA35D55F65E79058AC5E2D0D050A9544AFBB00000000000002B9DC0D6A6F6ECD993CBE5FAFBFB9F7AEAA9BDFBF61D9B9CBC3433D39E53D97BE515D8BD7BF7860D1B2AAFC9D0D050DA0707000000000058D104B6B6532A95060606D6AD5B77FCC4F14B33974CFD9C3A7D6AC3860D9517677A7A3AED03050000000000AC50025B7B29954AF97CFEC95D5FBF3473D1DC6C9E79F6999E9E9EA9A9A9B40F170000000000B012096CED65606060B6AE7D681ACFDE7DCFAF5DFB9B691F2E0000000000602512D8DAC89E3D7BD6ADBB7BE672D92C64BEF8A53FD9BAF5CB691F34000000000060C511D8DA45B95CCEE572274E4ECD5CBE601632E7CEFFA4BBFBD7272626D23E740000000000C0CA22B0B58BA1A1A181818199CB1FD4E6337DBFDBB130F58F6AABD9BAF52F060707D33E740000000000C0CA22B0B58B62B1B8FBE97FFEBFBA76F7BA1F25C9DB5792376792EF5E4C5EB9981C3A7779FBD32F7CFBE4FB2F5E4AFEAB9CBC584EF67F903CFF61F237FB5F7B60E383A9B7AE54E6F091B17C3E9FF6A1030000000000561681AD5D7475751D3DFAF2CCE5F3D5E9E8E8389724E7AF26EF5F4EDEBB947C90247FFCA78F74DCF673BD77174FCE24C72F26C73F4CA6CAC9B1CBC937BFF3CAEC456CE7DB70CE9D3F93C964D23E740000000000C0CA22B05D532E97474646B66CD9522C160BFFABAFAFAFF293E1E1E152A994F6136C826C367BFACCC999CBE7AAD3D1D1F1C195E4E2956B375DBE7AEDEBB79EFBD75FFE955FFDB3471FBB9C24672F27EFCF24EFCD24959D3FFFD2ABB381ED5C7B4E65EFE91EB8E5D4E044181A1A9A9E9E4EFB090200000000C08AD046F1E086464646FAFAFA32994CB158DCB265CBEEDD4FEFDDF742759E79F6B9CD9B1FE9EFEFCF66B3BDBDBD434343693FD945998D64676B53F9F6FCE5E4CC85E4D2959FDEA1542AFDF557BFF6E5BFFAEAF177AE759499ABC9A5D9F076F0F02B731EDB56D32681AD7222544E8179FF1A5F3E9FDFB97367B95C4EFBF90200000000409ADA221EDCD0F8F878A15028168BCF3CFBDCA599CB8D67FF81831B367C2E9FCF8F8E8EA6FDC46FD16C24FBEFDA5C0B6C5792531F243F3E97CC24C9A58B17BBEEBAABA3E3231D1D99CFFEC186FA071E3AF2F29CC7B6D5B47C60ABBCA57B7B7BE74D6BF572B9DCC8C848DA4F1C000000000052D3E2F1E066B66DDB96CFE7F7EE7B61DEB4563F870E1F59BB76EDC68D1B57E3153CB391ECFDDA543F22F2CC85E49DB3C9BB1F26878EFEE0E31FFFF8477EE6676FBFF363FD7FF8FF02DB4B878FCC796C5B4D0B07B6CADB786060E0FA6BD4BEF8C52FD55FCA5999CD9B1F59B76EDD9C7B168BC5D6F8F4540000000000886AD9787033E572B9BFBF7F70703094D6EAE7891D3B0A85C2AAFB7B54B391AC549BCAB717AE26EF95AF5DC176EAC364DF4B13BFD6FDA98FFDE22FDD99FDF9AFFDC3373F4C927317930F2E5E7BE0FEB197E63CB6ADA655035BE50D3CE7C2B54D9B1E3A3639D9E09D7FEAF499CA9BBFB3B3B3FE52B6F1F1F1B4B7020000000000CBAD35E3C1CD94CBE5DEDEDEE1E1E15BAE6BB54F8CACAC33353595F686023A3A3A2E5FFE496DAADDE8C2D5E4FD99E427979277CECE1C7C6DAAFB373EFD99DFFE9D772F263F2E27EF96933317938B49B2FFC597E63CB6ADA625035BE5AD9BCBE56A9DACAFAFAF715A9B93D9366F7EA4F6D84C2633363696F68600000000006059B5603C68A0BFBF7FF175ADF67191BDBDBDABE8B322E744B2C267D6BEFABD370FBD3631363E71E0C8C48197DF38F8EAE4BFBDF8DDEFBCF6D67F1C79E33F8F7CFFC0CBDF1F7BE58DD7DEFCE18EBFDD75DFFAFB520F5D025BB3543373AD903DBA75EB2DBCFF9F7AEA1B994CA6761DDBAABBA013000000000016A3D5E24103DBB66D5BCC27435E3FBB773F5D2C16D3DED642CD06B6F7EAE70B5F78B063017EFFB39F9DF3C0B69AD60B6CFDFDFDB5835B790F2FA63167B3D9EA3A854221ED6D0100000000C0F269B5787033E3E3E3F97CBE8975AD3A0F3CF0E0CE9D3BD3DEDC82CC06B633263A2D16D84646461679ED5AFD3CF3EC73B5D5B66FDF9EF6E600000000006099B4543C68209FCF1F3A7CA4E981EDF889936BD6E456C507455E0B6C574E9BE8B45860AB9C08B5BFBBD69453A0F6F7D83A3B3B57C5890000000000008BD752F1E0664646468AC562D3EB5A75366D7A68555CBB331BD84E99E8B452601B1E1EAEC6B04C2673FCC4C9A6BCFFCF9E3BDFD9D9595DF6E1871F4E7B8B0000000000B01C5A271E34502814F6EE7B618902DBF113273B3B3BD3DEE2FC6603DBBB263AAD14D82A2742B5846DDAF450134F812777EDAA2E9BCD66D3DE2200000000002C87D6890737532A95B2D9EC12D5B5EAF4F4F48C8D8DA5BDD179CC06B61F9BE8B44C60AB9C08B5BF97D6ACCBD76AB3664DAEBAF2E8E868DA1B05000000008025D722F1A081A1A1A1818181250D6C8F6EDD3A383898F646AF191E1E9E9A9ABAE14DB3816D7AF1B3F0753A1A6ACA6FB9E1DD9AB5D3DA6ACB7B0C17A5C11BA07222545FF942A1D0F453E081071EAC2EBE424E0400000000005852AB291EDC9A8D1B37EEDCB9734903DBDE7D2F140A85B4379ABCF1C61BD5C871C71D77ECDEBD7BCEAD4D0F6CF366B306BF71214F26749FFA3BB76D606BFC06A89C08D55B1FDDBA75294E81EAE2BDBDBDA9EC1D000000000096D3AA8907B7ACAFAFEF99679F5BD2C0766C7272CD9A5CDA1B4DCAE5F26DB7DD56ED1C1FFDE8473FF9C94FD65FCC349B9D7EB4C8A92E3267A99BADDCE0375E7F53E3CBDDEA02DE8DD7A9BFA9293BAD5F2DBD431AD3F80D503911AA372DC5E9503905AA8BE772E99F080000000000B0D4564D3CB865F97CFED0E1234B1AD8CE9E3B9FC964D2DEE8359D9D9DF539EAF6DB6FBFFFFEFBCBE572321BD8AE5C796791535BE4FA7FDCF0CE0DDC6CE585FCF6398B5F7FD3C2D75CC82F4DFBA806347803544E84EA0F97E874A8FDD2B45F0300000000005872ADFFBFE19D9D9DC74F9C5CD2C056AD0B854261DE0BB0D275E5CAC9C54C7585DA3AF3AE3FEF6F6C7C87853CE1FA2773B3E7B9F85DAFFC23BB10B5F6766C7272294E81DAFA699FF10000000000B0E45AFF7FC3BBBABA5E3F7A7419025BDA1BBDE6CE3BEFAC0595E2AC42A130313191FCF40AB613B73CF50FAFFDFB863F6CF093C6779837113558A1FE3E37BBF32D6F3CEDA31AD0E00D503911AA3F5FA2D32193C9086C0000000000B489D6FFDFF042A1B077DF0B4B5AD756C8DF602B954AD5C2D1D5D5F5F9CF7FBEF2757878B876EB6C733ADEDCA9AE59FFF5FA3BCCD7CCE6AEB6C06FE7FCB0FED6E6EE741515A3C66F80DA75784B713A9C3A7DA6BA78369B4DF115000000000080E5B16AE2C12D1B18187872D7AE250D6CFB0F1CECE9E9497BA3C9DB6FBF9DC964FAFAFA72B9DCE0E060A954AABF75363BFD7031735D1BFBE1F55F17B8CE427EDEF8DBFAA734E7D6C5EF74CEAF48EB8046357E03544E84EACBF5C48E1D4D3F055E3F7AB4BA783E9F4F6BFB0000000000B06C564D3CB865DBB76FDFB4E9A1250D6C4FEEDAB561C3E7D2DEE835232323434343535353D7DFD4F4ECB414816DBECBDD6E70E7EBD76CDBC096347C036CDBB6ADFA8A55DEAB4D3F051EDDBAB5BA787F7FFFB26F1A000000000096DB6A8A07B7666A6A2A97CB2D69605BB76EDD9E3D7BD2DEE83C66B3D3DB4D99DA52D57FD47FADBFCF42DC70D9857C7BC367D2E09E8BD96CDA87AE39262626AAAF79369B3D7BEE7C734F81B56BD756171F1A1A4A7BA30000000000B0E45A241E34D6D5D5F5FAD1A34B54D7CE9E3B9FCD66CBE572DABB9CC7B5EC74756A91535DA4B654FDB7375BFFFA9F2FF09E8DBF9DF3C3FA5B9BB2D3FAD5D23E744D93CBE5AA196CF7EEA79B780A1C9B9CAC15D3399F4B0900000000002DA975E241034BFA29918F3DFE7865F1B4B738BFD9ECF4D6E267CE3AD56F1B2F7EC387DCF06EF35CEE76F395EB9FC69C1F2E7EBF691FBAA6191C1CACBE92DDDDDD4DBC88ED9E7BEFAD2E5B2C16D3DE2200000000002C87D689070D94CBE55C2E77FCC4C9A5B87C6DCD9ADCF4F474DA5B9CDF6C6DFA4153A6B654FD9A0DD69F73D3CDEED9F86E377C54FD33B9FE593565CBAD14D84AA552676767F5B57A74EBD6A69C02FB0F1CAC15D0F1F1F1B4B7080000000000CBA175E24163C3C3C3F7AD5FDFB697AF253F0D6C934D99EA5273165CC8FA75D7A22DF4B72C70A9EB9FCCC27FD1BC4F23ED43D74CDBB76FAFBE32994C66EFBE1716F9FE3F3639592B761B376E4C7B730000000000B04C5A2A1E3476CFBDF736F74F4FBD7EF468F5A3F6D2DED982CCD6A663263A2D16D82A7A7B7BAB49ACB3B3F3D8E4E4622EDFACBCFF6B4BAD8AEB380100000000A0295A2D1E34502A957A7A7A5E3F7AB42975EDD4E933DDDDDDC72627D3DED642CD06B6374D745A2FB04D4D4D65B3D95A183B74F8C82DBCFF8F9F3859AB6B994C66747434ED6D0100000000C0F269B578D0D8C4C4444F4FCF62AEDAA9D5B57BEEBDF799679F4B7B4301029BC056333A3A5AFB14CD4C26F3C48E1DA1F7FFFE03076B9F0C59B17DFBF6B437040000000000CBAA05E34163E3E3E3DDDDDDFB0F1C5CCC2743F6F4F4ACAEBA96CC06B6AB57DF30D169C9C05631323252BB8EADA2725254DED20BB970EDBEF5EB3BEAA86B0000000000B4A1D68C078D954AA5B56BD76EDEFCC8A9D367A27F74EAB1C71FAF7ECE64DA9B089B0D6CDF37D169D5C096CC5ED0D9D5D5555FCBBABBBB2BE7C5F51FA37AFCC4C92776EC58B76E5DFD9DB3D9AC4F860400000000A03DB56C3C68AC5C2E6FDEFCC85D77753DF6F8E367CF9D5F485D7B72D7AECAFD376D7AE8D4E933693FFD5B311BD8264C745A38B025B3B179CB962D994CA6E3467A7A7A6E76537F7FFFF4F474DA4F1F0000000000D2D1CAF1605ED3D3D30F3FFC70369BBDE7DE7B9FDCB5EBD0E12373A25AE5274F3DF58DFBD6AFAFDC67C386CF4D4D4DA5FD946FDD6C60FB9E894E6B07B6AACA8930303070C39076BD42A130363696F65306000000008034B57E3C9857B95C1E1919191818E8EEEE9ED3122A3FB96FFDFAE1E1E152A994F6D35CAC4C2673E1C2CB57AF7ED784A61D025B55E544A8BCD52B27423E9F9F7322E472B962B1B873E74E57AD01000000004022B0B58F5C2EF7D65BDFBE7AF5A8094DFB043600000000006081C48376D1D7D7F72F7B765E4D5E370B9FEF4D7CABABAB2BED43070000000000AC2C025BBBD8B66DDBE0E0FDA927ABD5357F3FF4E8C0C040DA870E0000000000585904B676313535D5D5F5890BE5435793D7CC02A758FCAD919191B40F1D0000000000B0B2086C6D64CB351BAF26AF9A85CC3F0DFF657F7F5FDA070D0000000000587104B636522E970B854F8F8DFD6392BC621ACFF4F4BEAEAE4F944AFBD33E680000000000C08A23B0B5978989897CFEAE898991241937379BE9E97D85C2A74747BF9EF6E1020000000000562281ADED8C8D8DE5F3776DDBF64749F2B2B97E46461EEFEACA8D8EFE5DDA070A000000000058A104B676542E970707070A854F0D0DFDF9F4F4F34972C4944AFF3E3CFC95FEFE75C562A1F2EFB40F110000000000B072096CED6B74747460E0F73A3B7FA1838E8E6CF68EFEFEBB8787BF92F661010000000000563A810D0000000000000204360000000000000810D80000000000002040600300000000008000810D0000000000000204360000000000000810D80000000000002040600300000000008000810D0000000000000204360000000000000810D80000000000002040600300000000008000810D0000000000000204360000000000000810D80000000000002040600300000000008000810D0000000000000204360000000000000810D80000000000002040600300000000008000810D0000000000000204360000000000000810D80000000000002040600300000000008000810D0000000000000204360000000000000810D80000000000002040600300000000008000810D0000000000000204360000000000000810D80000000000002040600300000000008000810D0000000000000204360000000000000810D80000000000002040600300000000008000810D0000000000000204360000000000000810D80000000000002040600300000000008000810D0000000000000204360000000000000810D80000000000002040600300000000008000810D0000000000000204360000000000000810D80000000000002040600300000000008000810D0000000000000204360000000000000810D80000000000002040600300000000008000810D0000000000000204360000000000000810D80000000000002040600300000000008000810D0000000000000204360000000000000810D80000000000002040600300000000008000810D0000000000000204360000000000000810D80000000000002040600300000000008000810D0000000000000204360000000000000810D80000000000002040600300000000008000810D0000000000000204360000000000000810D80000000000002040600300000000008000810D0000000000000204360000000000000810D80000000000002040600300000000008000810D0000000000000204360000000000000810D80000000000002040600300000000008000810D0000000000000204360000000000000810D80000000000002040600300000000008000810D0000000000000204360000000000000810D80000000000002040600300000000008000810D0000000000000204360000000000000810D80000000000002040600300000000008000810D0000000000000204360000000000000810D80000000000002040600300000000008000810D0000000000000204360000000000000810D80000000000002040600300000000008000810D0000000000000204360000000000000810D80000000000002040600300000000008000810D0000000000000204360000000000000810D80000000000002040600300000000008000810D0000000000000204360000000000000810D80000000000002040600300000000008000810D0000000000000204360000000000000810D80000000000002040600300000000008000810D0000000000000204360000000000000810D80000000000002040600300000000008000810D0000000000000204360000000000000810D80000000000002040600300000000008000810D0000000000000204360000000000000810D80000000000002040600300000000008000810D0000000000000204360000000000000810D80000000000002040600300000000008000810D0000000000000204360000000000000810D80000000000002040600300000000008000810D0000000000000204360000000000000810D80000000000002040600300000000008000810D0000000000000204360000000000000810D80000000000002040600300000000008000810D0000000000000204360000000000000810D80000000000002040600300000000008000810D0000000000000204360000000000000810D80000000000002040600300000000008000810D0000000000000204360000000000000810D80000000000002040600300000000008000810D0000000000000204360000000000000810D80000000000002040600300000000008000810D0000000000000204360000000000000810D80000000000002040600300000000008000810D0000000000000204360000000000000810D80000000000002040600300000000008000810D0000000000000204360000000000000810D80000000000002040600300000000008000810D0000000000000204360000000000000810D80000000000002040600300000000008000810D0000000000000204360000000000000810D80000000000002040600300000000008000810D0000000000000204360000000000000810D80000000000002040600300000000008000810D0000000000000204360000000000000810D80000000000002040600300000000008000810D0000000000000204360000000000000810D80000000000002040600300000000008000810D0000000000000204360000000000000810D80000000000002040600300000000008000810D0000000000000204360000000000000810D80000000000002040600300000000008000810D0000000000000204360000000000000810D80000000000002040600300000000008000810D0000000000000204360000000000000810D80000000000002040600300000000008000810D0000000000000204360000000000000810D80000000000002040600300000000008000810D0000000000000204360000000000000810D80000000000002040600300000000008000810D0000000000000204360000000000000810D80000000000002040600300000000008000810D0000000000000204360000000000000810D80000000000002040600300000000008000810D0000000000000204360000000000000810D80000000000002040600300000000008000810D0000000000000204360000000000000810D80000000000002040600300000000008000810D0000000000000204360000000000000810D80000000000002040600300000000008000810D0000000000000204360000000000000810D80000000000002040600300000000008000810D0000000000000204360000000000000810D80000000000002040600300000000008000810D0000000000000204360000000000000810D80000000000002040600300000000008000810D0000000000000204360000000000000810D80000000000002040600300000000008000810D0000000000000204360000000000000810D80000000000002040600300000000008000810D0000000000000204360000000000000810D80000000000002040600300000000008000810D0000000000000204360000000000000810D80000000000002040600300000000008000810D0000000000000204360000000000000810D80000000000002040600300000000008000810D0000000000000204360000000000000810D80000000000002040600300000000008000810D0000000000000204360000000000000810D80000000000002040600300000000008000810D0000000000000204360000000000000810D80000000000002040600300000000008000810D0000000000000204360000000000000810D80000000000002040600300000000008000810D0000000000000204360000000000000810D80000000000002040600300000000008000810D0000000000000204360000000000000810D80000000000002040600300000000008000810D0000000000000204360000000000000810D80000000000002040600300000000008000810D0000000000000204360000000000000810D80000000000002040600300000000008000810D0000000000000204360000000000000810D80000000000002040600300000000008000810D0000000000000204360000000000000810D80000000000002040600300000000008000810D0000000000000204360000000000000810D80000000000002040600300000000008000810D0000000000000204360000000000000810D80000000000002040600300000000008000810D0000000000000204360000000000000810D80000000000002040600300000000008000810D0000000000000204360000000000000810D80000000000002040600300000000008000810D0000000000000204360000000000000810D80000000000002040600300000000008000810D0000000000000204360000000000000810D80000000000002040600300000000008000810D0000000000000204360000000000000810D80000000000002040600300000000008000810D0000000000000204360000000000000810D80000000000002040600300000000008000810D0000000000000204360000000000000810D80000000000002040600300000000008000810D0000000000000204360000000000000810D80000000000002040600300000000008000810D0000000000000204360000000000000810D80000000000002040600300000000008000810D0000000000000204360000000000000810D80000000000002040600300000000008000810D0000000000000204360000000000000810D80000000000002040600300000000008000810D0000000000000204360000000000000810D80000000000002040600300000000008000810D0000000000000204360000000000000810D80000000000002040600300000000008000810D0000000000000204360000000000000810D80000000000002040600300000000008000810D0000000000000204360000000000000810D80000000000002040600300000000008000810D0000000000000204360000000000000810D80000000000002040600300000000008000810D000000000000020436000000FEA73D3B160000000018E46F3D86FDA51100000083600300000000008041B0010000000000C020D800000000000060106C00000000000030083600000000000018041B0000000000000C820D00000000000006C10600000000000083600300000000008041B0010000000000C020D800000000000060106C00000000000030083600000000000018041B0000000000000C820D00000000000006C10600000000000083600300000000008041B0010000000000C020D800000000000060106C00000000000030083600000000000018041B0000000000000C820D00000000000006C10600000000000083600300000000008041B0010000000000C020D800000000000060106C00000000000030083600000000000018041B0000000000000C820D00000000000006C10600000000000083600300000000008041B0010000000000C020D800000000000060106C00000000000030083600000000000018041B0000000000000C820D00000000000006C10600000000000083600300000000008041B0010000000000C020D800000000000060106C00000000000030083600000000000018041B0000000000000C820D00000000000006C10600000000000083600300000000008041B0010000000000C020D800000000000060106C00000000000030083600000000000018041B0000000000000C820D00000000000006C10600000000000083600300000000008041B0010000000000C020D800000000000060106C00000000000030083600000000000018041B0000000000000C820D00000000000006C10600000000000083600300000000008041B0010000000000C020D800000000000060106C00000000000030083600000000000018041B0000000000000C820D00000000000006C10600000000000083600300000000008041B0010000000000C020D800000000000060106C00000000000030083600000000000018041B0000000000000C820D00000000000006C10600000000000083600300000000008041B0010000000000C020D800000000000060106C00000000000030083600000000000018041B0000000000000C820D00000000000006C10600000000000083600300000000008041B0010000000000C020D800000000000060106C00000000000030083600000000000018041B0000000000000C820D00000000000006C10600000000000083600300000000008041B0010000000000C020D800000000000060106C00000000000030083600000000000018041B0000000000000C820D00000000000006C10600000000000083600300000000008041B0010000000000C020D800000000000060106C00000000000030083600000000000018041B0000000000000C820D00000000000006C10600000000000083600300000000008041B0010000000000C020D800000000000060106C00000000000030083600000000000018041B0000000000000C820D00000000000006C10600000000000083600300000000008041B0010000000000C020D800000000000060106C00000000000030083600000000000018041B0000000000000C820D00000000000006C10600000000000083600300000000008041B0010000000000C020D800000000000060106C00000000000030083600000000000018041B0000000000000C820D00000000000006C10600000000000083600300000000008041B0010000000000C020D800000000000060106C00000000000030083600000000000018041B0000000000000C820D00000000000006C10600000000000083600300000000008041B0010000000000C020D800000000000060106C00000000000030083600000000000018041B0000000000000C820D00000000000006C10600000000000083600300000000008041B0010000000000C020D800000000000060106C00000000000030083600000000000018041B0000000000000C820D00000000000006C10600000000000083600300000000008041B0010000000000C020D800000000000060106C00000000000030083600000000000018041B0000000000000C820D00000000000006C10600000000000083600300000000008041B0010000000000C020D800000000000060106C00000000000030083600000000000018041B0000000000000C820D00000000000006C10600000000000083600300000000008041B0010000000000C020D800000000000060106C00000000000030083600000000000018041B0000000000000C820D00000000000006C10600000000000083600300000000008041B0010000000000C020D800000000000060106C00000000000030083600000000000018041B0000000000000C820D00000000000006C10600000000000083600300000000008041B0010000000000C020D800000000000060106C00000000000030083600000000000018041B0000000000000C820D00000000000006C10600000000000083600300000000008041B0010000000000C020D800000000000060106C00000000000030083600000000000018041B0000000000000C820D00000000000006C10600000000000083600300000000008041B0010000000000C020D800000000000060106C00000000000030083600000000000018041B0000000000000C820D00000000000006C10600000000000083600300000000008041B0010000000000C020D800000000000060106C00000000000030083600000000000018041B0000000000000C820D00000000000006C10600000000000083600300000000008041B0010000000000C020D800000000000060106C00000000000030083600000000000018041B0000000000000C820D00000000000006C10600000000000083600300000000008041B0010000000000C020D800000000000060106C00000000000030083600000000000018041B0000000000000C820D00000000000006C10600000000000083600300000000008041B0010000000000C020D800000000000060106C00000000000030083600000000000018041B0000000000000C820D00000000000006C10600000000000083600300000000008041B0010000000000C020D800000000000060106C00000000000030083600000000000018041B0000000000000C820D00000000000006C10600000000000083600300000000008041B0010000000000C020D800000000000060106C00000000000030083600000000000018041B0000000000000C820D00000000000006C10600000000000083600300000000008041B0010000000000C020D800000000000060106C00000000000030083600000000000018041B0000000000000C820D00000000000006C10600000000000083600300000000008041B0010000000000C020D800000000000060106C00000000000030083600000000000018041B0000000000000C820D00000000000006C10600000000000083600300000000008041B0010000000000C020D800000000000060106C00000000000030083600000000000018041B0000000000000C820D00000000000006C10600000000000083600300000000008041B0010000000000C020D800000000000060106C00000000000030083600000000000018041B0000000000000C820D00000000000006C10600000000000083600300000000008041B0010000000000C020D800000000000060106C00000000000030083600000000000018041B0000000000000C820D00000000000006C10600000000000083600300000000008041B0010000000000C020D800000000000060106C00000000000030083600000000000018041B0000000000000C820D00000000000006C10600000000000083600300000000008041B0010000000000C020D800000000000060106C00000000000030083600000000000018041B0000000000000C820D00000000000006C10600000000000083600300000000008041B0010000000000C020D800000000000060106C00000000000030083600000000000018041B0000000000000C820D00000000000006C10600000000000083600300000000008041B0010000000000C020D800000000000060106C00000000000030083600000000000018041B0000000000000C820D00000000000006C10600000000000083600300000000008041B0010000000000C020D800000000000060106C00000000000030083600000000000018041B0000000000000C820D00000000000006C10600000000000083600300000000008041B0010000000000C020D800000000000060106C00000000000030083600000000000018041B0000000000000C820D00000000000006C10600000000000083600300000000008041B0010000000000C020D800000000000060106C00000000000030083600000000000018041B0000000000000C820D00000000000006C10600000000000083600300000000008041B0010000000000C020D800000000000060106C00000000000030083600000000000018041B0000000000000C820D00000000000006C10600000000000083600300000000008041B0010000000000C020D800000000000060106C00000000000030083600000000000018041B0000000000000C820D00000000000006C10600000000000083600300000000008041B0010000000000C020D800000000000060106C00000000000030083600000000000018041B0000000000000C820D00000000000006C10600000000000083600300000000008041B0010000000000C020D800000000000060106C00000000000030083600000000000018041B0000000000000C820D00000000000006C10600000000000083600300000000008041B0010000000000C020D800000000000060106C00000000000030083600000000000018041B0000000000000C820D00000000000006C10600000000000083600300000000008041B0010000000000C020D800000000000060106C00000000000030083600000000000018041B0000000000000C820D00000000000006C10600000000000083600300000000008041B0010000000000C020D800000000000060106C00000000000030083600000000000018041B0000000000000C820D00000000000006C10600000000000083600300000000008041B0010000000000C020D800000000000060106C00000000000030083600000000000018041B0000000000000C820D000000000000860071649439132BBC380000000049454E44AE426082, 0);
INSERT INTO `act_ge_bytearray` VALUES ('27504', 1, 'chapter_startevent1.html', '27501', 0x3C666F726D20636C6173733D226C617975692D666F726D206D61696E206C617975692D75706C6F616422206C61792D66696C7465723D2263686170746572223E0D0A202020202020203C64697620636C6173733D226C617975692D666F726D2D6974656D223E0D0A20202020202020202020203C6C6162656C20636C6173733D226C617975692D666F726D2D6C6162656C223E3C7370616E207374796C653D22636F6C6F723A7265643B223E2A3C2F7370616E3EE7BB8FE6898BE4BABA3C2F6C6162656C3E0D0A20202020202020202020203C64697620636C6173733D226C617975692D696E7075742D696E6C696E65223E0D0A2020202020202020202020202020203C696E70757420747970653D227465787422206E616D653D2273717222206C61792D7665726966793D2272657175697265642220726561646F6E6C793D22726561646F6E6C792220706C616365686F6C6465723D22E7BB8FE6898BE4BABA22206175746F636F6D706C6574653D226F66662220636C6173733D226C617975692D696E707574223E0D0A2020202020202020202020092020203C696E70757420747970653D2268696464656E22206E616D653D22755F6964223E0D0A20202020202020202020203C2F6469763E0D0A20202020202020202020203C6C6162656C20636C6173733D226C617975692D666F726D2D6C6162656C223E3C7370616E207374796C653D22636F6C6F723A7265643B223E2A3C2F7370616E3EE983A8E997A8E5908DE7A7B03C2F6C6162656C3E0D0A20202020202020202020203C64697620636C6173733D226C617975692D696E7075742D696E6C696E65223E0D0A092020202020202020202020203C73656C65637420636C6173733D226C617975692D696E70757422206E616D653D22626D6D63222069643D22626D6D6322206C61792D7665726966793D22726571756972656422206C61792D7365617263683E3C2F73656C6563743E0D0A2020202020202020093C2F6469763E0D0A202020202020203C2F6469763E0D0A202020202020203C64697620636C6173733D226C617975692D666F726D2D6974656D223E0D0A20202020202020202020203C6C6162656C20636C6173733D226C617975692D666F726D2D6C6162656C223E3C7370616E207374796C653D22636F6C6F723A7265643B223E2A3C2F7370616E3EE794B3E8AFB7E697A5E69C9F3C2F6C6162656C3E0D0A20202020202020202020203C64697620636C6173733D226C617975692D696E7075742D696E6C696E65223E0D0A2020202020202020202020202020203C696E70757420747970653D227465787422206E616D653D22737172712220726561646F6E6C793D22726561646F6E6C7922206C61792D7665726966793D22726571756972656422206175746F636F6D706C6574653D226F66662220636C6173733D226C617975692D696E707574223E0D0A20202020202020202020203C2F6469763E0D0A20202020202020202020203C6C6162656C20636C6173733D226C617975692D666F726D2D6C6162656C223E3C7370616E207374796C653D22636F6C6F723A7265643B223E2A3C2F7370616E3EE794A8E58DB0E4BBBDE695B03C2F6C6162656C3E0D0A20202020202020202020203C64697620636C6173733D226C617975692D696E7075742D696E6C696E65223E0D0A2020202020202020202020202020203C696E70757420747970653D227465787422206E616D653D227979667322206C61792D7665726966793D2272657175697265647C6E756D62657222206175746F636F6D706C6574653D226F66662220636C6173733D226C617975692D696E707574223E0D0A20202020202020202020203C2F6469763E0D0A202020202020203C2F6469763E0D0A202020202020203C64697620636C6173733D226C617975692D666F726D2D6974656D223E0D0A2020202020202020093C6C6162656C20636C6173733D226C617975692D666F726D2D6C6162656C223E3C7370616E207374796C653D22636F6C6F723A7265643B223E2A3C2F7370616E3EE794A8E58DB0E7B1BBE588AB3C2F6C6162656C3E0D0A2020202020202020202020203C64697620636C6173733D226C617975692D696E7075742D696E6C696E6520747265652D79796C78223E0D0A0909092020203C696E70757420747970653D227465787422206E616D653D2279796C782220706C616365686F6C6465723D22E794A8E58DB0E7B1BBE588AB2220726561646F6E6C793D22726561646F6E6C7922206C61792D7665726966793D22726571756972656422206175746F636F6D706C6574653D226F66662220636C6173733D226C617975692D696E707574223E0D0A0909092020203C756C2069643D2279796C782220636C6173733D227A74726565223E3C2F756C3E0D0A0909093C2F6469763E0D0A202020202020203C2F6469763E0D0A202020202020203C64697620636C6173733D226C617975692D666F726D2D6974656D206C617975692D666F726D2D74657874223E0D0A20202020202020202020203C6C6162656C20636C6173733D226C617975692D666F726D2D6C6162656C223EE794A8E58DB0E58685E5AEB93C2F6C6162656C3E0D0A20202020202020202020203C64697620636C6173733D226C617975692D696E7075742D626C6F636B223E0D0A2020202020202020202020202020203C7465787461726561206E616D653D2279796E722220706C616365686F6C6465723D22E794A8E58DB0E58685E5AEB92220636C6173733D226C617975692D746578746172656122207374796C653D2277696474683A35303070783B6D696E2D6865696768743A20373070783B223E3C2F74657874617265613E0D0A20202020202020202020203C2F6469763E0D0A202020202020203C2F6469763E0D0A202020202020203C64697620636C6173733D226C617975692D666F726D2D6974656D206C617975692D666F726D2D74657874223E0D0A2020202020202020202020202020203C6C6162656C20636C6173733D226C617975692D666F726D2D6C6162656C223E3C7370616E207374796C653D22636F6C6F723A7265643B223E2A3C2F7370616E3EE5AEA1E689B9E4BABA3C2F6C6162656C3E0D0A0909093C64697620636C6173733D226C617975692D696E6C696E65222069643D22737072223E0D0A090909093C6469762069643D227370725F616464223E0D0A09090909093C6920636C6173733D2266612066612D706C7573223E3C2F693E0D0A090909093C2F6469763E0D0A0909093C2F6469763E0D0A202020202020203C2F6469763E0D0A202020202020203C64697620636C6173733D226C617975692D666F726D2D6974656D223E0D0A20202020202020202020203C64697620636C6173733D226C617975692D696E7075742D626C6F636B223E0D0A2020202020202020202020202020203C627574746F6E20636C6173733D226C617975692D62746E206C617975692D62746E2D7072696D61727922206C61792D7375626D6974206C61792D66696C7465723D227371222069643D227371223EE794B3E8AFB73C2F627574746F6E3E0D0A20202020202020202020203C2F6469763E0D0A202020202020203C2F6469763E0D0A3C2F666F726D3E, 0);
INSERT INTO `act_ge_bytearray` VALUES ('27505', 1, 'chapter.bpmn', '27501', 0x3C3F786D6C2076657273696F6E3D22312E302220656E636F64696E673D225554462D38223F3E0A3C646566696E6974696F6E7320786D6C6E733D22687474703A2F2F7777772E6F6D672E6F72672F737065632F42504D4E2F32303130303532342F4D4F44454C2220786D6C6E733A7873693D22687474703A2F2F7777772E77332E6F72672F323030312F584D4C536368656D612D696E7374616E63652220786D6C6E733A61637469766974693D22687474703A2F2F61637469766974692E6F72672F62706D6E2220786D6C6E733A62706D6E64693D22687474703A2F2F7777772E6F6D672E6F72672F737065632F42504D4E2F32303130303532342F44492220786D6C6E733A6F6D6764633D22687474703A2F2F7777772E6F6D672E6F72672F737065632F44442F32303130303532342F44432220786D6C6E733A6F6D6764693D22687474703A2F2F7777772E6F6D672E6F72672F737065632F44442F32303130303532342F44492220747970654C616E67756167653D22687474703A2F2F7777772E77332E6F72672F323030312F584D4C536368656D61222065787072657373696F6E4C616E67756167653D22687474703A2F2F7777772E77332E6F72672F313939392F585061746822207461726765744E616D6573706163653D22687474703A2F2F7777772E61637469766974692E6F72672F74657374223E0A20203C70726F636573732069643D226368617074657222206E616D653D22E794A8E58DB0E6B581E7A88B2220697345786563757461626C653D2274727565223E0A202020203C657874656E73696F6E456C656D656E74733E0A2020202020203C61637469766974693A657865637574696F6E4C697374656E6572206576656E743D2273746172742220636C6173733D22636F6D2E7A7A68622E6C697374656E65722E61637469766974692E50726F63657373457865637574696F6E4C697374656E6572223E3C2F61637469766974693A657865637574696F6E4C697374656E65723E0A2020202020203C61637469766974693A657865637574696F6E4C697374656E6572206576656E743D22656E642220636C6173733D22636F6D2E7A7A68622E6C697374656E65722E61637469766974692E50726F63657373457865637574696F6E4C697374656E6572223E3C2F61637469766974693A657865637574696F6E4C697374656E65723E0A202020203C2F657874656E73696F6E456C656D656E74733E0A202020203C73746172744576656E742069643D2273746172746576656E743122206E616D653D22E5A1ABE58699E8AFB7E58187E58D95222061637469766974693A666F726D4B65793D22636861707465725F73746172746576656E74312E68746D6C223E3C2F73746172744576656E743E0A202020203C757365725461736B2069643D22757365727461736B3122206E616D653D22E9A286E5AFBCE5AEA1E689B9222061637469766974693A666F726D4B65793D22636861707465725F757365727461736B312E68746D6C223E0A2020202020203C657874656E73696F6E456C656D656E74733E0A20202020202020203C61637469766974693A7461736B4C697374656E6572206576656E743D226372656174652220636C6173733D22636F6D2E7A7A68622E6C697374656E65722E61637469766974692E557365725461736B4C697374656E6572223E3C2F61637469766974693A7461736B4C697374656E65723E0A2020202020203C2F657874656E73696F6E456C656D656E74733E0A202020203C2F757365725461736B3E0A202020203C656E644576656E742069643D22656E646576656E743122206E616D653D22E7BB93E69D9F223E3C2F656E644576656E743E0A202020203C73657175656E6365466C6F772069643D22666C6F7731362220736F757263655265663D2273746172746576656E743122207461726765745265663D22757365727461736B31223E3C2F73657175656E6365466C6F773E0A202020203C73657175656E6365466C6F772069643D22666C6F7731372220736F757263655265663D22757365727461736B3122207461726765745265663D22656E646576656E7431223E3C2F73657175656E6365466C6F773E0A20203C2F70726F636573733E0A20203C62706D6E64693A42504D4E4469616772616D2069643D2242504D4E4469616772616D5F63686170746572223E0A202020203C62706D6E64693A42504D4E506C616E652062706D6E456C656D656E743D2263686170746572222069643D2242504D4E506C616E655F63686170746572223E0A2020202020203C62706D6E64693A42504D4E53686170652062706D6E456C656D656E743D2273746172746576656E7431222069643D2242504D4E53686170655F73746172746576656E7431223E0A20202020202020203C6F6D6764633A426F756E6473206865696768743D2233352E30222077696474683D2233352E302220783D2237352E302220793D2238302E30223E3C2F6F6D6764633A426F756E64733E0A2020202020203C2F62706D6E64693A42504D4E53686170653E0A2020202020203C62706D6E64693A42504D4E53686170652062706D6E456C656D656E743D22757365727461736B31222069643D2242504D4E53686170655F757365727461736B31223E0A20202020202020203C6F6D6764633A426F756E6473206865696768743D2235352E30222077696474683D223130352E302220783D223136332E302220793D2237302E30223E3C2F6F6D6764633A426F756E64733E0A2020202020203C2F62706D6E64693A42504D4E53686170653E0A2020202020203C62706D6E64693A42504D4E53686170652062706D6E456C656D656E743D22656E646576656E7431222069643D2242504D4E53686170655F656E646576656E7431223E0A20202020202020203C6F6D6764633A426F756E6473206865696768743D2233352E30222077696474683D2233352E302220783D223333342E302220793D2238302E30223E3C2F6F6D6764633A426F756E64733E0A2020202020203C2F62706D6E64693A42504D4E53686170653E0A2020202020203C62706D6E64693A42504D4E456467652062706D6E456C656D656E743D22666C6F773136222069643D2242504D4E456467655F666C6F773136223E0A20202020202020203C6F6D6764693A776179706F696E7420783D223131302E302220793D2239372E30223E3C2F6F6D6764693A776179706F696E743E0A20202020202020203C6F6D6764693A776179706F696E7420783D223136332E302220793D2239372E30223E3C2F6F6D6764693A776179706F696E743E0A2020202020203C2F62706D6E64693A42504D4E456467653E0A2020202020203C62706D6E64693A42504D4E456467652062706D6E456C656D656E743D22666C6F773137222069643D2242504D4E456467655F666C6F773137223E0A20202020202020203C6F6D6764693A776179706F696E7420783D223236382E302220793D2239372E30223E3C2F6F6D6764693A776179706F696E743E0A20202020202020203C6F6D6764693A776179706F696E7420783D223333342E302220793D2239372E30223E3C2F6F6D6764693A776179706F696E743E0A2020202020203C2F62706D6E64693A42504D4E456467653E0A202020203C2F62706D6E64693A42504D4E506C616E653E0A20203C2F62706D6E64693A42504D4E4469616772616D3E0A3C2F646566696E6974696F6E733E, 0);
INSERT INTO `act_ge_bytearray` VALUES ('27547', 1, 'chapter_usertask1.html', '27546', 0x3C666F726D20636C6173733D226C617975692D666F726D206D61696E206C617975692D75706C6F616422206C61792D66696C7465723D226C65617665223E0D0A20202020203C64697620636C6173733D226C617975692D666F726D2D6974656D223E0D0A2020202020202020203C6C6162656C20636C6173733D226C617975692D666F726D2D6C6162656C223E3C7370616E207374796C653D22636F6C6F723A7265643B223E2A3C2F7370616E3EE7BB8FE6898BE4BABA3C2F6C6162656C3E0D0A2020202020202020203C64697620636C6173733D226C617975692D696E7075742D696E6C696E65223E0D0A202020202020202020202020203C696E70757420747970653D2274657874222076616C75653D22247B7371727D22206C61792D7665726966793D2272657175697265642220726561646F6E6C793D22726561646F6E6C792220706C616365686F6C6465723D22E794B3E8AFB7E4BABA22206175746F636F6D706C6574653D226F66662220636C6173733D226C617975692D696E707574223E0D0A2020202020202020203C2F6469763E0D0A2020202020202020203C6C6162656C20636C6173733D226C617975692D666F726D2D6C6162656C223E3C7370616E207374796C653D22636F6C6F723A7265643B223E2A3C2F7370616E3EE983A8E997A8E5908DE7A7B03C2F6C6162656C3E0D0A2020202020202020203C64697620636C6173733D226C617975692D696E7075742D696E6C696E65223E0D0A202020202020202020202020203C696E70757420747970653D2274657874222076616C75653D22247B626D6D637D22206C61792D7665726966793D2272657175697265642220726561646F6E6C793D22726561646F6E6C792220706C616365686F6C6465723D22E983A8E997A8E5908DE7A7B022206175746F636F6D706C6574653D226F66662220636C6173733D226C617975692D696E707574223E0D0A2020202020202020203C2F6469763E0D0A20202020203C2F6469763E0D0A20202020203C64697620636C6173733D226C617975692D666F726D2D6974656D223E0D0A2020202020202020203C6C6162656C20636C6173733D226C617975692D666F726D2D6C6162656C223E3C7370616E207374796C653D22636F6C6F723A7265643B223E2A3C2F7370616E3EE794B3E8AFB7E697A5E69C9F3C2F6C6162656C3E0D0A2020202020202020203C64697620636C6173733D226C617975692D696E7075742D696E6C696E65223E0D0A202020202020202020202020203C696E70757420747970653D2274657874222076616C75653D22247B737172717D2220726561646F6E6C793D22726561646F6E6C7922206C61792D7665726966793D22726571756972656422206175746F636F6D706C6574653D226F66662220636C6173733D226C617975692D696E707574223E0D0A2020202020202020203C2F6469763E0D0A2020202020202020203C6C6162656C20636C6173733D226C617975692D666F726D2D6C6162656C223E3C7370616E207374796C653D22636F6C6F723A7265643B223E2A3C2F7370616E3EE794A8E58DB0E7B1BBE588AB3C2F6C6162656C3E0D0A2020202020202020203C64697620636C6173733D226C617975692D696E7075742D696E6C696E65223E0D0A202020202020202020202020203C696E70757420747970653D2274657874222076616C75653D22247B79796C787D2220726561646F6E6C793D22726561646F6E6C7922206C61792D7665726966793D22726571756972656422206175746F636F6D706C6574653D226F66662220636C6173733D226C617975692D696E707574223E0D0A2020202020202020203C2F6469763E0D0A20202020203C2F6469763E0D0A20202020203C64697620636C6173733D226C617975692D666F726D2D6974656D223E0D0A0909093C6C6162656C20636C6173733D226C617975692D666F726D2D6C6162656C223E3C7370616E207374796C653D22636F6C6F723A7265643B223E2A3C2F7370616E3EE794A8E58DB0E4BBBDE695B03C2F6C6162656C3E0D0A20202020202020202020203C64697620636C6173733D226C617975692D696E7075742D696E6C696E65223E0D0A2020202020202020202020202020203C696E70757420747970653D2274657874222076616C75653D22247B797966737D2220726561646F6E6C793D22726561646F6E6C7922206C61792D7665726966793D2272657175697265647C6E756D62657222206175746F636F6D706C6574653D226F66662220636C6173733D226C617975692D696E707574223E0D0A20202020202020202020203C2F6469763E0D0A20202020203C2F6469763E0D0A20202020203C64697620636C6173733D226C617975692D666F726D2D6974656D206C617975692D666F726D2D74657874223E0D0A20202020202020202020203C6C6162656C20636C6173733D226C617975692D666F726D2D6C6162656C223EE794A8E58DB0E58685E5AEB93C2F6C6162656C3E0D0A20202020202020202020203C64697620636C6173733D226C617975692D696E7075742D626C6F636B223E0D0A2020202020202020202020202020203C746578746172656120726561646F6E6C793D22726561646F6E6C792220636C6173733D226C617975692D746578746172656122207374796C653D2277696474683A35303070783B6D696E2D6865696768743A20373070783B223E247B79796E727D3C2F74657874617265613E0D0A20202020202020202020203C2F6469763E0D0A20202020203C2F6469763E0D0A20202020203C64697620636C6173733D226C617975692D666F726D2D6974656D206C617975692D666F726D2D74657874223E0D0A09202020203C6C6162656C20636C6173733D226C617975692D666F726D2D6C6162656C223E3C7370616E207374796C653D22636F6C6F723A7265643B223E2A3C2F7370616E3EE698AFE590A6E5908CE6848F3C2F6C6162656C3E0D0A09202020203C64697620636C6173733D226C617975692D696E7075742D626C6F636B223E0D0A092020202020203C696E70757420747970653D22726164696F22206E616D653D226167726565222076616C75653D227472756522207469746C653D22E5908CE6848F2220636865636B65643D22223E0D0A092020202020203C696E70757420747970653D22726164696F22206E616D653D226167726565222076616C75653D2266616C736522207469746C653D22E4B88DE5908CE6848F223E0D0A09202020203C2F6469763E0D0A202009203C2F6469763E0D0A202009203C64697620636C6173733D226C617975692D666F726D2D6974656D206C617975692D666F726D2D74657874223E0D0A2020202020202020203C6C6162656C20636C6173733D226C617975692D666F726D2D6C6162656C223EE5AEA1E689B9E6848FE8A7813C2F6C6162656C3E0D0A2020202020202020203C64697620636C6173733D226C617975692D696E7075742D626C6F636B223E0D0A202020202020202020202020203C7465787461726561206E616D653D227370796A2220706C616365686F6C6465723D22E5AEA1E689B9E6848FE8A7812220636C6173733D226C617975692D746578746172656122207374796C653D2277696474683A35303070783B6D696E2D6865696768743A20373070783B223E3C2F74657874617265613E0D0A2020202020202020203C2F6469763E0D0A20202020203C2F6469763E0D0A20202020203C64697620636C6173733D226C617975692D666F726D2D6974656D223E0D0A20202020202020202020203C64697620636C6173733D226C617975692D696E7075742D626C6F636B223E0D0A2020202020202020202020202020203C627574746F6E20636C6173733D226C617975692D62746E206C617975692D62746E2D7072696D61727922206C61792D7375626D6974206C61792D66696C7465723D227370222069643D227370223EE5AEA1E689B93C2F627574746F6E3E0D0A20202020202020202020203C2F6469763E0D0A2020202020203C2F6469763E0D0A3C2F666F726D3E, 0);
INSERT INTO `act_ge_bytearray` VALUES ('27548', 1, 'chapter.png', '27546', 0x89504E470D0A1A0A0000000D4948445200000920000003A20802000000E5C57C6800002F4849444154789CECDD7F6C9CF75DC071AB63E82A51F5108359FC939BF8A39606F8C426D97F911B128D91A03D89A931FC9159AAD6469A482B84360B9406B16611A225426B94C11A2C5087D194CAD2DA12D6A4184832D326A9FB239BD7C6ABBB249DD724DD9524CD357192878B6F1C87939CFD89CF7EECBBD74B1F59B1EFEEEBFBDE73CF3F79EB397724000000000000C08275A4FD04000000000000603511D80000000000002040600300000000008000810D0000000000000204360000000000000810D80000000000002040600300000000008000810D0000000000000204360000000000000810D80000000000002040600300000000008000810D0000000000000204360000000000000810D80000000000002040600300000000008000810D0000000000000204360000000000000810D80000000000002040600300000000008000810D0000000000000204360000000000000810D80000000000002040600300000000008000810D0000000000000204360000000000000810D80000000000002040600300000000008000810D0000000000000204360000000000000810D80000000000002040600300000000008000810D0000000000000204360000000000000810D80000000000002040600300000000008000810D0000000000000204360000000000000810D80000000000002040600300000000008000810D0000000000000204360000000000000810D80000000000002040600300000000008000810D0000000000000204360000000000000810D80000000000002040600300000000008000810D0000000000000204360000000000000810D80000000000002040600300000000008000810D0000000000000204360000000000000810D80000000000002040600300000000008000810D0000000000000204360000000000000810D80000000000002040600300000000008000810D0000000000000204360000000000000810D80000000000002040600300000000008000810D0000000000000204360000000000000810D80000000000002040600300000000008000810D0000000000000204360000000000000810D8DA57B95C1E1E1EEEEFEF2F140AB95CAEA35D55F65E79058AC5E2D0D050A9544AFBB00000000000002B9DC0D6A6F6ECD993CBE5FAFBFB9F7AEAA9BDFBF61D9B9CBC3433D39E53D97BE515D8BD7BF7860D1B2AAFC9D0D050DA0707000000000058D104B6B6532A95060606D6AD5B77FCC4F14B33974CFD9C3A7D6AC3860D9517677A7A3AED03050000000000AC50025B7B29954AF97CFEC95D5FBF3473D1DC6C9E79F6999E9E9EA9A9A9B40F170000000000B012096CED65606060B6AE7D681ACFDE7DCFAF5DFB9B691F2E0000000000602512D8DAC89E3D7BD6ADBB7BE672D92C64BEF8A53FD9BAF5CB691F34000000000060C511D8DA45B95CCEE572274E4ECD5CBE601632E7CEFFA4BBFBD7272626D23E740000000000C0CA22B0B58BA1A1A181818199CB1FD4E6337DBFDBB130F58F6AABD9BAF52F060707D33E740000000000C0CA22B0B58B62B1B8FBE97FFEBFBA76F7BA1F25C9DB5792376792EF5E4C5EB9981C3A7779FBD32F7CFBE4FB2F5E4AFEAB9CBC584EF67F903CFF61F237FB5F7B60E383A9B7AE54E6F091B17C3E9FF6A1030000000000561681AD5D7475751D3DFAF2CCE5F3D5E9E8E8389724E7AF26EF5F4EDEBB947C90247FFCA78F74DCF673BD77174FCE24C72F26C73F4CA6CAC9B1CBC937BFF3CAEC456CE7DB70CE9D3F93C964D23E740000000000C0CA22B05D532E97474646B66CD9522C160BFFABAFAFAFF293E1E1E152A994F6136C826C367BFACCC999CBE7AAD3D1D1F1C195E4E2956B375DBE7AEDEBB79EFBD75FFE955FFDB3471FBB9C24672F27EFCF24EFCD24959D3FFFD2ABB381ED5C7B4E65EFE91EB8E5D4E044181A1A9A9E9E4EFB090200000000C08AD046F1E086464646FAFAFA32994CB158DCB265CBEEDD4FEFDDF742759E79F6B9CD9B1FE9EFEFCF66B3BDBDBD434343693FD945998D64676B53F9F6FCE5E4CC85E4D2959FDEA1542AFDF557BFF6E5BFFAEAF177AE759499ABC9A5D9F076F0F02B731EDB56D32681AD7222544E8179FF1A5F3E9FDFB97367B95C4EFBF90200000000409ADA221EDCD0F8F878A15028168BCF3CFBDCA599CB8D67FF81831B367C2E9FCF8F8E8EA6FDC46FD16C24FBEFDA5C0B6C5792531F243F3E97CC24C9A58B17BBEEBAABA3E3231D1D99CFFEC186FA071E3AF2F29CC7B6D5B47C60ABBCA57B7B7BE74D6BF572B9DCC8C848DA4F1C000000000052D3E2F1E066B66DDB96CFE7F7EE7B61DEB4563F870E1F59BB76EDC68D1B57E3153CB391ECFDDA543F22F2CC85E49DB3C9BB1F26878EFEE0E31FFFF8477EE6676FBFF363FD7FF8FF02DB4B878FCC796C5B4D0B07B6CADB786060E0FA6BD4BEF8C52FD55FCA5999CD9B1F59B76EDD9C7B168BC5D6F8F4540000000000886AD9787033E572B9BFBF7F70703094D6EAE7891D3B0A85C2AAFB7B54B391AC549BCAB717AE26EF95AF5DC176EAC364DF4B13BFD6FDA98FFDE22FDD99FDF9AFFDC3373F4C927317930F2E5E7BE0FEB197E63CB6ADA655035BE50D3CE7C2B54D9B1E3A3639D9E09D7FEAF499CA9BBFB3B3B3FE52B6F1F1F1B4B7020000000000CBAD35E3C1CD94CBE5DEDEDEE1E1E15BAE6BB54F8CACAC33353595F686023A3A3A2E5FFE496DAADDE8C2D5E4FD99E427979277CECE1C7C6DAAFB373EFD99DFFE9D772F263F2E27EF96933317938B49B2FFC597E63CB6ADA625035BE5AD9BCBE56A9DACAFAFAF715A9B93D9366F7EA4F6D84C2633363696F68600000000006059B5603C68A0BFBF7FF175ADF67191BDBDBDABE8B322E744B2C267D6BEFABD370FBD3631363E71E0C8C48197DF38F8EAE4BFBDF8DDEFBCF6D67F1C79E33F8F7CFFC0CBDF1F7BE58DD7DEFCE18EBFDD75DFFAFB520F5D025BB3543373AD903DBA75EB2DBCFF9F7AEA1B994CA6761DDBAABBA013000000000016A3D5E24103DBB66D5BCC27435E3FBB773F5D2C16D3DED642CD06B6F7EAE70B5F78B063017EFFB39F9DF3C0B69AD60B6CFDFDFDB5835B790F2FA63167B3D9EA3A854221ED6D0100000000C0F269B5787033E3E3E3F97CBE8975AD3A0F3CF0E0CE9D3BD3DEDC82CC06B633263A2D16D84646461679ED5AFD3CF3EC73B5D5B66FDF9EF6E600000000006099B4543C68209FCF1F3A7CA4E981EDF889936BD6E456C507455E0B6C574E9BE8B45860AB9C08B5BFBBD69453A0F6F7D83A3B3B57C5890000000000008BD752F1E0664646468AC562D3EB5A75366D7A68555CBB331BD84E99E8B452601B1E1EAEC6B04C2673FCC4C9A6BCFFCF9E3BDFD9D9595DF6E1871F4E7B8B0000000000B01C5A271E34502814F6EE7B618902DBF113273B3B3BD3DEE2FC6603DBBB263AAD14D82A2742B5846DDAF450134F812777EDAA2E9BCD66D3DE2200000000002C87D6890737532A95B2D9EC12D5B5EAF4F4F48C8D8DA5BDD179CC06B61F9BE8B44C60AB9C08B5BF97D6ACCBD76AB3664DAEBAF2E8E868DA1B05000000008025D722F1A081A1A1A1818181250D6C8F6EDD3A383898F646AF191E1E9E9A9ABAE14DB3816D7AF1B3F0753A1A6ACA6FB9E1DD9AB5D3DA6ACB7B0C17A5C11BA07222545FF942A1D0F453E081071EAC2EBE424E0400000000005852AB291EDC9A8D1B37EEDCB9734903DBDE7D2F140A85B4379ABCF1C61BD5C871C71D77ECDEBD7BCEAD4D0F6CF366B306BF71214F26749FFA3BB76D606BFC06A89C08D55B1FDDBA75294E81EAE2BDBDBDA9EC1D000000000096D3AA8907B7ACAFAFEF99679F5BD2C0766C7272CD9A5CDA1B4DCAE5F26DB7DD56ED1C1FFDE8473FF9C94FD65FCC349B9D7EB4C8A92E3267A99BADDCE0375E7F53E3CBDDEA02DE8DD7A9BFA9293BAD5F2DBD431AD3F80D503911AA372DC5E9503905AA8BE772E99F080000000000B0D4564D3CB865F97CFED0E1234B1AD8CE9E3B9FC964D2DEE8359D9D9DF539EAF6DB6FBFFFFEFBCBE572321BD8AE5C796791535BE4FA7FDCF0CE0DDC6CE585FCF6398B5F7FD3C2D75CC82F4DFBA806347803544E84EA0F97E874A8FDD2B45F0300000000005872ADFFBFE19D9D9DC74F9C5CD2C056AD0B854261DE0BB0D275E5CAC9C54C7585DA3AF3AE3FEF6F6C7C87853CE1FA2773B3E7B9F85DAFFC23BB10B5F6766C7272294E81DAFA699FF10000000000B0E45AFF7FC3BBBABA5E3F7A7419025BDA1BBDE6CE3BEFAC0595E2AC42A130313191FCF40AB613B73CF50FAFFDFB863F6CF093C6779837113558A1FE3E37BBF32D6F3CEDA31AD0E00D503911AA3F5FA2D32193C9086C0000000000B489D6FFDFF042A1B077DF0B4B5AD756C8DF602B954AD5C2D1D5D5F5F9CF7FBEF2757878B876EB6C733ADEDCA9AE59FFF5FA3BCCD7CCE6AEB6C06FE7FCB0FED6E6EE741515A3C66F80DA75784B713A9C3A7DA6BA78369B4DF115000000000080E5B16AE2C12D1B18187872D7AE250D6CFB0F1CECE9E9497BA3C9DB6FBF9DC964FAFAFA72B9DCE0E060A954AABF75363BFD7031735D1BFBE1F55F17B8CE427EDEF8DBFAA734E7D6C5EF74CEAF48EB8046357E03544E84EACBF5C48E1D4D3F055E3F7AB4BA783E9F4F6BFB0000000000B06C564D3CB865DBB76FDFB4E9A1250D6C4FEEDAB561C3E7D2DEE835232323434343535353D7DFD4F4ECB414816DBECBDD6E70E7EBD76CDBC096347C036CDBB6ADFA8A55DEAB4D3F051EDDBAB5BA787F7FFFB26F1A000000000096DB6A8A07B7666A6A2A97CB2D69605BB76EDD9E3D7BD2DEE83C66B3D3DB4D99DA52D57FD47FADBFCF42DC70D9857C7BC367D2E09E8BD96CDA87AE39262626AAAF79369B3D7BEE7C734F81B56BD756171F1A1A4A7BA30000000000B0E45A241E34D6D5D5F5FAD1A34B54D7CE9E3B9FCD66CBE572DABB9CC7B5EC74756A91535DA4B654FDB7375BFFFA9F2FF09E8DBF9DF3C3FA5B9BB2D3FAD5D23E744D93CBE5AA196CF7EEA79B780A1C9B9CAC15D3399F4B0900000000002DA975E241034BFA29918F3DFE7865F1B4B738BFD9ECF4D6E267CE3AD56F1B2F7EC387DCF06EF35CEE76F395EB9FC69C1F2E7EBF691FBAA6191C1CACBE92DDDDDD4DBC88ED9E7BEFAD2E5B2C16D3DE2200000000002C87D689070D94CBE55C2E77FCC4C9A5B87C6DCD9ADCF4F474DA5B9CDF6C6DFA4153A6B654FD9A0DD69F73D3CDEED9F86E377C54FD33B9FE593565CBAD14D84AA552676767F5B57A74EBD6A69C02FB0F1CAC15D0F1F1F1B4B7080000000000CBA175E24163C3C3C3F7AD5FDFB697AF253F0D6C934D99EA5273165CC8FA75D7A22DF4B72C70A9EB9FCCC27FD1BC4F23ED43D74CDBB76FAFBE32994C66EFBE1716F9FE3F3639592B761B376E4C7B730000000000B04C5A2A1E3476CFBDF736F74F4FBD7EF468F5A3F6D2DED982CCD6A663263A2D16D82A7A7B7BAB49ACB3B3F3D8E4E4622EDFACBCFF6B4BAD8AEB380100000000A0295A2D1E34502A957A7A7A5E3F7AB42975EDD4E933DDDDDDC72627D3DED642CD06B6374D745A2FB04D4D4D65B3D95A183B74F8C82DBCFF8F9F3859AB6B994C66747434ED6D0100000000C0F269B578D0D8C4C4444F4FCF62AEDAA9D5B57BEEBDF799679F4B7B4301029BC056333A3A5AFB14CD4C26F3C48E1DA1F7FFFE03076B9F0C59B17DFBF6B437040000000000CBAA05E34163E3E3E3DDDDDDFB0F1C5CCC2743F6F4F4ACAEBA96CC06B6AB57DF30D169C9C05631323252BB8EADA2725254DED20BB970EDBEF5EB3BEAA86B0000000000B4A1D68C078D954AA5B56BD76EDEFCC8A9D367A27F74EAB1C71FAF7ECE64DA9B089B0D6CDF37D169D5C096CC5ED0D9D5D5555FCBBABBBB2BE7C5F51FA37AFCC4C92776EC58B76E5DFD9DB3D9AC4F860400000000A03DB56C3C68AC5C2E6FDEFCC85D77753DF6F8E367CF9D5F485D7B72D7AECAFD376D7AE8D4E933693FFD5B311BD8264C745A38B025B3B179CB962D994CA6E3467A7A7A6E76537F7FFFF4F474DA4F1F0000000000D2D1CAF1605ED3D3D30F3FFC70369BBDE7DE7B9FDCB5EBD0E12373A25AE5274F3DF58DFBD6AFAFDC67C386CF4D4D4DA5FD946FDD6C60FB9E894E6B07B6AACA8930303070C39076BD42A130363696F65306000000008034B57E3C9857B95C1E1919191818E8EEEE9ED3122A3FB96FFDFAE1E1E152A994F6D35CAC4C2673E1C2CB57AF7ED784A61D025B55E544A8BCD52B27423E9F9F7322E472B962B1B873E74E57AD01000000004022B0B58F5C2EF7D65BDFBE7AF5A8094DFB043600000000006081C48376D1D7D7F72F7B765E4D5E370B9FEF4D7CABABAB2BED43070000000000AC2C025BBBD8B66DDBE0E0FDA927ABD5357F3FF4E8C0C040DA870E0000000000585904B676313535D5D5F5890BE5435793D7CC02A758FCAD919191B40F1D0000000000B0B2086C6D64CB351BAF26AF9A85CC3F0DFF657F7F5FDA070D0000000000587104B636522E970B854F8F8DFD6392BC621ACFF4F4BEAEAE4F944AFBD33E680000000000C08A23B0B5978989897CFEAE898991241937379BE9E97D85C2A74747BF9EF6E1020000000000562281ADED8C8D8DE5F3776DDBF64749F2B2B97E46461EEFEACA8D8EFE5DDA070A000000000058A104B676542E970707070A854F0D0DFDF9F4F4F34972C4944AFF3E3CFC95FEFE75C562A1F2EFB40F110000000000B072096CED6B74747460E0F73A3B7FA1838E8E6CF68EFEFEBB8787BF92F661010000000000563A810D0000000000000204360000000000000810D80000000000002040600300000000008000810D0000000000000204360000000000000810D80000000000002040600300000000008000810D0000000000000204360000000000000810D80000000000002040600300000000008000810D0000000000000204360000000000000810D80000000000002040600300000000008000810D0000000000000204360000000000000810D80000000000002040600300000000008000810D0000000000000204360000000000000810D80000000000002040600300000000008000810D0000000000000204360000000000000810D80000000000002040600300000000008000810D0000000000000204360000000000000810D80000000000002040600300000000008000810D0000000000000204360000000000000810D80000000000002040600300000000008000810D0000000000000204360000000000000810D80000000000002040600300000000008000810D0000000000000204360000000000000810D80000000000002040600300000000008000810D0000000000000204360000000000000810D80000000000002040600300000000008000810D0000000000000204360000000000000810D80000000000002040600300000000008000810D0000000000000204360000000000000810D80000000000002040600300000000008000810D0000000000000204360000000000000810D80000000000002040600300000000008000810D0000000000000204360000000000000810D80000000000002040600300000000008000810D0000000000000204360000000000000810D80000000000002040600300000000008000810D0000000000000204360000000000000810D80000000000002040600300000000008000810D0000000000000204360000000000000810D80000000000002040600300000000008000810D0000000000000204360000000000000810D80000000000002040600300000000008000810D0000000000000204360000000000000810D80000000000002040600300000000008000810D0000000000000204360000000000000810D80000000000002040600300000000008000810D0000000000000204360000000000000810D80000000000002040600300000000008000810D0000000000000204360000000000000810D80000000000002040600300000000008000810D0000000000000204360000000000000810D80000000000002040600300000000008000810D0000000000000204360000000000000810D80000000000002040600300000000008000810D0000000000000204360000000000000810D80000000000002040600300000000008000810D0000000000000204360000000000000810D80000000000002040600300000000008000810D0000000000000204360000000000000810D80000000000002040600300000000008000810D0000000000000204360000000000000810D80000000000002040600300000000008000810D0000000000000204360000000000000810D80000000000002040600300000000008000810D0000000000000204360000000000000810D80000000000002040600300000000008000810D0000000000000204360000000000000810D80000000000002040600300000000008000810D0000000000000204360000000000000810D80000000000002040600300000000008000810D0000000000000204360000000000000810D80000000000002040600300000000008000810D0000000000000204360000000000000810D80000000000002040600300000000008000810D0000000000000204360000000000000810D80000000000002040600300000000008000810D0000000000000204360000000000000810D80000000000002040600300000000008000810D0000000000000204360000000000000810D80000000000002040600300000000008000810D0000000000000204360000000000000810D80000000000002040600300000000008000810D0000000000000204360000000000000810D80000000000002040600300000000008000810D0000000000000204360000000000000810D80000000000002040600300000000008000810D0000000000000204360000000000000810D80000000000002040600300000000008000810D0000000000000204360000000000000810D80000000000002040600300000000008000810D0000000000000204360000000000000810D80000000000002040600300000000008000810D0000000000000204360000000000000810D80000000000002040600300000000008000810D0000000000000204360000000000000810D80000000000002040600300000000008000810D0000000000000204360000000000000810D80000000000002040600300000000008000810D0000000000000204360000000000000810D80000000000002040600300000000008000810D0000000000000204360000000000000810D80000000000002040600300000000008000810D0000000000000204360000000000000810D80000000000002040600300000000008000810D0000000000000204360000000000000810D80000000000002040600300000000008000810D0000000000000204360000000000000810D80000000000002040600300000000008000810D0000000000000204360000000000000810D80000000000002040600300000000008000810D0000000000000204360000000000000810D80000000000002040600300000000008000810D0000000000000204360000000000000810D80000000000002040600300000000008000810D0000000000000204360000000000000810D80000000000002040600300000000008000810D0000000000000204360000000000000810D80000000000002040600300000000008000810D0000000000000204360000000000000810D80000000000002040600300000000008000810D0000000000000204360000000000000810D80000000000002040600300000000008000810D0000000000000204360000000000000810D80000000000002040600300000000008000810D0000000000000204360000000000000810D80000000000002040600300000000008000810D0000000000000204360000000000000810D80000000000002040600300000000008000810D0000000000000204360000000000000810D80000000000002040600300000000008000810D0000000000000204360000000000000810D80000000000002040600300000000008000810D0000000000000204360000000000000810D80000000000002040600300000000008000810D0000000000000204360000000000000810D80000000000002040600300000000008000810D0000000000000204360000000000000810D80000000000002040600300000000008000810D0000000000000204360000000000000810D80000000000002040600300000000008000810D0000000000000204360000000000000810D80000000000002040600300000000008000810D0000000000000204360000000000000810D80000000000002040600300000000008000810D0000000000000204360000000000000810D80000000000002040600300000000008000810D0000000000000204360000000000000810D80000000000002040600300000000008000810D0000000000000204360000000000000810D80000000000002040600300000000008000810D0000000000000204360000000000000810D80000000000002040600300000000008000810D0000000000000204360000000000000810D80000000000002040600300000000008000810D0000000000000204360000000000000810D80000000000002040600300000000008000810D0000000000000204360000000000000810D80000000000002040600300000000008000810D0000000000000204360000000000000810D80000000000002040600300000000008000810D0000000000000204360000000000000810D80000000000002040600300000000008000810D0000000000000204360000000000000810D80000000000002040600300000000008000810D0000000000000204360000000000000810D80000000000002040600300000000008000810D0000000000000204360000000000000810D80000000000002040600300000000008000810D0000000000000204360000000000000810D80000000000002040600300000000008000810D0000000000000204360000000000000810D80000000000002040600300000000008000810D0000000000000204360000000000000810D80000000000002040600300000000008000810D0000000000000204360000000000000810D80000000000002040600300000000008000810D0000000000000204360000000000000810D80000000000002040600300000000008000810D0000000000000204360000000000000810D80000000000002040600300000000008000810D0000000000000204360000000000000810D80000000000002040600300000000008000810D0000000000000204360000000000000810D80000000000002040600300000000008000810D0000000000000204360000000000000810D80000000000002040600300000000008000810D0000000000000204360000000000000810D80000000000002040600300000000008000810D0000000000000204360000000000000810D80000000000002040600300000000008000810D0000000000000204360000000000000810D80000000000002040600300000000008000810D000000000000020436000000FEA73D3B160000000018E46F3D86FDA51100000083600300000000008041B0010000000000C020D800000000000060106C00000000000030083600000000000018041B0000000000000C820D00000000000006C10600000000000083600300000000008041B0010000000000C020D800000000000060106C00000000000030083600000000000018041B0000000000000C820D00000000000006C10600000000000083600300000000008041B0010000000000C020D800000000000060106C00000000000030083600000000000018041B0000000000000C820D00000000000006C10600000000000083600300000000008041B0010000000000C020D800000000000060106C00000000000030083600000000000018041B0000000000000C820D00000000000006C10600000000000083600300000000008041B0010000000000C020D800000000000060106C00000000000030083600000000000018041B0000000000000C820D00000000000006C10600000000000083600300000000008041B0010000000000C020D800000000000060106C00000000000030083600000000000018041B0000000000000C820D00000000000006C10600000000000083600300000000008041B0010000000000C020D800000000000060106C00000000000030083600000000000018041B0000000000000C820D00000000000006C10600000000000083600300000000008041B0010000000000C020D800000000000060106C00000000000030083600000000000018041B0000000000000C820D00000000000006C10600000000000083600300000000008041B0010000000000C020D800000000000060106C00000000000030083600000000000018041B0000000000000C820D00000000000006C10600000000000083600300000000008041B0010000000000C020D800000000000060106C00000000000030083600000000000018041B0000000000000C820D00000000000006C10600000000000083600300000000008041B0010000000000C020D800000000000060106C00000000000030083600000000000018041B0000000000000C820D00000000000006C10600000000000083600300000000008041B0010000000000C020D800000000000060106C00000000000030083600000000000018041B0000000000000C820D00000000000006C10600000000000083600300000000008041B0010000000000C020D800000000000060106C00000000000030083600000000000018041B0000000000000C820D00000000000006C10600000000000083600300000000008041B0010000000000C020D800000000000060106C00000000000030083600000000000018041B0000000000000C820D00000000000006C10600000000000083600300000000008041B0010000000000C020D800000000000060106C00000000000030083600000000000018041B0000000000000C820D00000000000006C10600000000000083600300000000008041B0010000000000C020D800000000000060106C00000000000030083600000000000018041B0000000000000C820D00000000000006C10600000000000083600300000000008041B0010000000000C020D800000000000060106C00000000000030083600000000000018041B0000000000000C820D00000000000006C10600000000000083600300000000008041B0010000000000C020D800000000000060106C00000000000030083600000000000018041B0000000000000C820D00000000000006C10600000000000083600300000000008041B0010000000000C020D800000000000060106C00000000000030083600000000000018041B0000000000000C820D00000000000006C10600000000000083600300000000008041B0010000000000C020D800000000000060106C00000000000030083600000000000018041B0000000000000C820D00000000000006C10600000000000083600300000000008041B0010000000000C020D800000000000060106C00000000000030083600000000000018041B0000000000000C820D00000000000006C10600000000000083600300000000008041B0010000000000C020D800000000000060106C00000000000030083600000000000018041B0000000000000C820D00000000000006C10600000000000083600300000000008041B0010000000000C020D800000000000060106C00000000000030083600000000000018041B0000000000000C820D00000000000006C10600000000000083600300000000008041B0010000000000C020D800000000000060106C00000000000030083600000000000018041B0000000000000C820D00000000000006C10600000000000083600300000000008041B0010000000000C020D800000000000060106C00000000000030083600000000000018041B0000000000000C820D00000000000006C10600000000000083600300000000008041B0010000000000C020D800000000000060106C00000000000030083600000000000018041B0000000000000C820D00000000000006C10600000000000083600300000000008041B0010000000000C020D800000000000060106C00000000000030083600000000000018041B0000000000000C820D00000000000006C10600000000000083600300000000008041B0010000000000C020D800000000000060106C00000000000030083600000000000018041B0000000000000C820D00000000000006C10600000000000083600300000000008041B0010000000000C020D800000000000060106C00000000000030083600000000000018041B0000000000000C820D00000000000006C10600000000000083600300000000008041B0010000000000C020D800000000000060106C00000000000030083600000000000018041B0000000000000C820D00000000000006C10600000000000083600300000000008041B0010000000000C020D800000000000060106C00000000000030083600000000000018041B0000000000000C820D00000000000006C10600000000000083600300000000008041B0010000000000C020D800000000000060106C00000000000030083600000000000018041B0000000000000C820D00000000000006C10600000000000083600300000000008041B0010000000000C020D800000000000060106C00000000000030083600000000000018041B0000000000000C820D00000000000006C10600000000000083600300000000008041B0010000000000C020D800000000000060106C00000000000030083600000000000018041B0000000000000C820D00000000000006C10600000000000083600300000000008041B0010000000000C020D800000000000060106C00000000000030083600000000000018041B0000000000000C820D00000000000006C10600000000000083600300000000008041B0010000000000C020D800000000000060106C00000000000030083600000000000018041B0000000000000C820D00000000000006C10600000000000083600300000000008041B0010000000000C020D800000000000060106C00000000000030083600000000000018041B0000000000000C820D00000000000006C10600000000000083600300000000008041B0010000000000C020D800000000000060106C00000000000030083600000000000018041B0000000000000C820D00000000000006C10600000000000083600300000000008041B0010000000000C020D800000000000060106C00000000000030083600000000000018041B0000000000000C820D00000000000006C10600000000000083600300000000008041B0010000000000C020D800000000000060106C00000000000030083600000000000018041B0000000000000C820D00000000000006C10600000000000083600300000000008041B0010000000000C020D800000000000060106C00000000000030083600000000000018041B0000000000000C820D00000000000006C10600000000000083600300000000008041B0010000000000C020D800000000000060106C00000000000030083600000000000018041B0000000000000C820D00000000000006C10600000000000083600300000000008041B0010000000000C020D800000000000060106C00000000000030083600000000000018041B0000000000000C820D00000000000006C10600000000000083600300000000008041B0010000000000C020D800000000000060106C00000000000030083600000000000018041B0000000000000C820D00000000000006C10600000000000083600300000000008041B0010000000000C020D800000000000060106C00000000000030083600000000000018041B0000000000000C820D00000000000006C10600000000000083600300000000008041B0010000000000C020D800000000000060106C00000000000030083600000000000018041B0000000000000C820D00000000000006C10600000000000083600300000000008041B0010000000000C020D800000000000060106C00000000000030083600000000000018041B0000000000000C820D00000000000006C10600000000000083600300000000008041B0010000000000C020D800000000000060106C00000000000030083600000000000018041B0000000000000C820D00000000000006C10600000000000083600300000000008041B0010000000000C020D800000000000060106C00000000000030083600000000000018041B0000000000000C820D00000000000006C10600000000000083600300000000008041B0010000000000C020D800000000000060106C00000000000030083600000000000018041B0000000000000C820D00000000000006C10600000000000083600300000000008041B0010000000000C020D800000000000060106C00000000000030083600000000000018041B0000000000000C820D00000000000006C10600000000000083600300000000008041B0010000000000C020D800000000000060106C00000000000030083600000000000018041B0000000000000C820D00000000000006C10600000000000083600300000000008041B0010000000000C020D800000000000060106C00000000000030083600000000000018041B0000000000000C820D000000000000860071649439132BBC380000000049454E44AE426082, 0);
INSERT INTO `act_ge_bytearray` VALUES ('27549', 1, 'chapter_startevent1.html', '27546', 0x3C666F726D20636C6173733D226C617975692D666F726D206D61696E206C617975692D75706C6F616422206C61792D66696C7465723D2263686170746572223E0D0A202020202020203C64697620636C6173733D226C617975692D666F726D2D6974656D223E0D0A20202020202020202020203C6C6162656C20636C6173733D226C617975692D666F726D2D6C6162656C223E3C7370616E207374796C653D22636F6C6F723A7265643B223E2A3C2F7370616E3EE7BB8FE6898BE4BABA3C2F6C6162656C3E0D0A20202020202020202020203C64697620636C6173733D226C617975692D696E7075742D696E6C696E65223E0D0A2020202020202020202020202020203C696E70757420747970653D227465787422206E616D653D2273717222206C61792D7665726966793D2272657175697265642220726561646F6E6C793D22726561646F6E6C792220706C616365686F6C6465723D22E7BB8FE6898BE4BABA22206175746F636F6D706C6574653D226F66662220636C6173733D226C617975692D696E707574223E0D0A2020202020202020202020092020203C696E70757420747970653D2268696464656E22206E616D653D22755F6964223E0D0A20202020202020202020203C2F6469763E0D0A20202020202020202020203C6C6162656C20636C6173733D226C617975692D666F726D2D6C6162656C223E3C7370616E207374796C653D22636F6C6F723A7265643B223E2A3C2F7370616E3EE983A8E997A8E5908DE7A7B03C2F6C6162656C3E0D0A20202020202020202020203C64697620636C6173733D226C617975692D696E7075742D696E6C696E65223E0D0A092020202020202020202020203C73656C65637420636C6173733D226C617975692D696E70757422206E616D653D22626D6D63222069643D22626D6D6322206C61792D7665726966793D22726571756972656422206C61792D7365617263683E3C2F73656C6563743E0D0A2020202020202020093C2F6469763E0D0A202020202020203C2F6469763E0D0A202020202020203C64697620636C6173733D226C617975692D666F726D2D6974656D223E0D0A20202020202020202020203C6C6162656C20636C6173733D226C617975692D666F726D2D6C6162656C223E3C7370616E207374796C653D22636F6C6F723A7265643B223E2A3C2F7370616E3EE794B3E8AFB7E697A5E69C9F3C2F6C6162656C3E0D0A20202020202020202020203C64697620636C6173733D226C617975692D696E7075742D696E6C696E65223E0D0A2020202020202020202020202020203C696E70757420747970653D227465787422206E616D653D22737172712220726561646F6E6C793D22726561646F6E6C7922206C61792D7665726966793D22726571756972656422206175746F636F6D706C6574653D226F66662220636C6173733D226C617975692D696E707574223E0D0A20202020202020202020203C2F6469763E0D0A20202020202020202020203C6C6162656C20636C6173733D226C617975692D666F726D2D6C6162656C223E3C7370616E207374796C653D22636F6C6F723A7265643B223E2A3C2F7370616E3EE794A8E58DB0E7B1BBE588AB3C2F6C6162656C3E0D0A2020202020202020202020203C64697620636C6173733D226C617975692D696E7075742D696E6C696E6520747265652D79796C78223E0D0A0909092020203C696E70757420747970653D227465787422206E616D653D2279796C782220706C616365686F6C6465723D22E794A8E58DB0E7B1BBE588AB2220726561646F6E6C793D22726561646F6E6C7922206C61792D7665726966793D22726571756972656422206175746F636F6D706C6574653D226F66662220636C6173733D226C617975692D696E707574223E0D0A0909092020203C756C2069643D2279796C782220636C6173733D227A74726565223E3C2F756C3E0D0A09092020203C2F6469763E0D0A202020202020203C2F6469763E0D0A202020202020203C64697620636C6173733D226C617975692D666F726D2D6974656D223E0D0A0909093C6C6162656C20636C6173733D226C617975692D666F726D2D6C6162656C223E3C7370616E207374796C653D22636F6C6F723A7265643B223E2A3C2F7370616E3EE794A8E58DB0E4BBBDE695B03C2F6C6162656C3E0D0A20202020202020202020203C64697620636C6173733D226C617975692D696E7075742D696E6C696E65223E0D0A2020202020202020202020202020203C696E70757420747970653D227465787422206E616D653D227979667322206C61792D7665726966793D2272657175697265647C6E756D62657222206175746F636F6D706C6574653D226F66662220636C6173733D226C617975692D696E707574223E0D0A20202020202020202020203C2F6469763E0D0A202020202020203C2F6469763E0D0A202020202020203C64697620636C6173733D226C617975692D666F726D2D6974656D206C617975692D666F726D2D74657874223E0D0A20202020202020202020203C6C6162656C20636C6173733D226C617975692D666F726D2D6C6162656C223EE794A8E58DB0E58685E5AEB93C2F6C6162656C3E0D0A20202020202020202020203C64697620636C6173733D226C617975692D696E7075742D626C6F636B223E0D0A2020202020202020202020202020203C7465787461726561206E616D653D2279796E722220706C616365686F6C6465723D22E794A8E58DB0E58685E5AEB92220636C6173733D226C617975692D746578746172656122207374796C653D2277696474683A35303070783B6D696E2D6865696768743A20373070783B223E3C2F74657874617265613E0D0A20202020202020202020203C2F6469763E0D0A202020202020203C2F6469763E0D0A202020202020203C64697620636C6173733D226C617975692D666F726D2D6974656D206C617975692D666F726D2D74657874223E0D0A2020202020202020202020202020203C6C6162656C20636C6173733D226C617975692D666F726D2D6C6162656C223E3C7370616E207374796C653D22636F6C6F723A7265643B223E2A3C2F7370616E3EE5AEA1E689B9E4BABA3C2F6C6162656C3E0D0A0909093C64697620636C6173733D226C617975692D696E6C696E65222069643D22737072223E0D0A090909093C6469762069643D227370725F616464223E0D0A09090909093C6920636C6173733D2266612066612D706C7573223E3C2F693E0D0A090909093C2F6469763E0D0A0909093C2F6469763E0D0A202020202020203C2F6469763E0D0A202020202020203C64697620636C6173733D226C617975692D666F726D2D6974656D223E0D0A20202020202020202020203C64697620636C6173733D226C617975692D696E7075742D626C6F636B223E0D0A2020202020202020202020202020203C627574746F6E20636C6173733D226C617975692D62746E206C617975692D62746E2D7072696D61727922206C61792D7375626D6974206C61792D66696C7465723D227371222069643D227371223EE794B3E8AFB73C2F627574746F6E3E0D0A20202020202020202020203C2F6469763E0D0A202020202020203C2F6469763E0D0A3C2F666F726D3E, 0);
INSERT INTO `act_ge_bytearray` VALUES ('27550', 1, 'chapter.bpmn', '27546', 0x3C3F786D6C2076657273696F6E3D22312E302220656E636F64696E673D225554462D38223F3E0A3C646566696E6974696F6E7320786D6C6E733D22687474703A2F2F7777772E6F6D672E6F72672F737065632F42504D4E2F32303130303532342F4D4F44454C2220786D6C6E733A7873693D22687474703A2F2F7777772E77332E6F72672F323030312F584D4C536368656D612D696E7374616E63652220786D6C6E733A61637469766974693D22687474703A2F2F61637469766974692E6F72672F62706D6E2220786D6C6E733A62706D6E64693D22687474703A2F2F7777772E6F6D672E6F72672F737065632F42504D4E2F32303130303532342F44492220786D6C6E733A6F6D6764633D22687474703A2F2F7777772E6F6D672E6F72672F737065632F44442F32303130303532342F44432220786D6C6E733A6F6D6764693D22687474703A2F2F7777772E6F6D672E6F72672F737065632F44442F32303130303532342F44492220747970654C616E67756167653D22687474703A2F2F7777772E77332E6F72672F323030312F584D4C536368656D61222065787072657373696F6E4C616E67756167653D22687474703A2F2F7777772E77332E6F72672F313939392F585061746822207461726765744E616D6573706163653D22687474703A2F2F7777772E61637469766974692E6F72672F74657374223E0A20203C70726F636573732069643D226368617074657222206E616D653D22E794A8E58DB0E6B581E7A88B2220697345786563757461626C653D2274727565223E0A202020203C657874656E73696F6E456C656D656E74733E0A2020202020203C61637469766974693A657865637574696F6E4C697374656E6572206576656E743D2273746172742220636C6173733D22636F6D2E7A7A68622E6C697374656E65722E61637469766974692E50726F63657373457865637574696F6E4C697374656E6572223E3C2F61637469766974693A657865637574696F6E4C697374656E65723E0A2020202020203C61637469766974693A657865637574696F6E4C697374656E6572206576656E743D22656E642220636C6173733D22636F6D2E7A7A68622E6C697374656E65722E61637469766974692E50726F63657373457865637574696F6E4C697374656E6572223E3C2F61637469766974693A657865637574696F6E4C697374656E65723E0A202020203C2F657874656E73696F6E456C656D656E74733E0A202020203C73746172744576656E742069643D2273746172746576656E743122206E616D653D22E5A1ABE58699E8AFB7E58187E58D95222061637469766974693A666F726D4B65793D22636861707465725F73746172746576656E74312E68746D6C223E3C2F73746172744576656E743E0A202020203C757365725461736B2069643D22757365727461736B3122206E616D653D22E9A286E5AFBCE5AEA1E689B9222061637469766974693A666F726D4B65793D22636861707465725F757365727461736B312E68746D6C223E0A2020202020203C657874656E73696F6E456C656D656E74733E0A20202020202020203C61637469766974693A7461736B4C697374656E6572206576656E743D226372656174652220636C6173733D22636F6D2E7A7A68622E6C697374656E65722E61637469766974692E557365725461736B4C697374656E6572223E3C2F61637469766974693A7461736B4C697374656E65723E0A2020202020203C2F657874656E73696F6E456C656D656E74733E0A202020203C2F757365725461736B3E0A202020203C656E644576656E742069643D22656E646576656E743122206E616D653D22E7BB93E69D9F223E3C2F656E644576656E743E0A202020203C73657175656E6365466C6F772069643D22666C6F7731362220736F757263655265663D2273746172746576656E743122207461726765745265663D22757365727461736B31223E3C2F73657175656E6365466C6F773E0A202020203C73657175656E6365466C6F772069643D22666C6F7731372220736F757263655265663D22757365727461736B3122207461726765745265663D22656E646576656E7431223E3C2F73657175656E6365466C6F773E0A20203C2F70726F636573733E0A20203C62706D6E64693A42504D4E4469616772616D2069643D2242504D4E4469616772616D5F63686170746572223E0A202020203C62706D6E64693A42504D4E506C616E652062706D6E456C656D656E743D2263686170746572222069643D2242504D4E506C616E655F63686170746572223E0A2020202020203C62706D6E64693A42504D4E53686170652062706D6E456C656D656E743D2273746172746576656E7431222069643D2242504D4E53686170655F73746172746576656E7431223E0A20202020202020203C6F6D6764633A426F756E6473206865696768743D2233352E30222077696474683D2233352E302220783D2237352E302220793D2238302E30223E3C2F6F6D6764633A426F756E64733E0A2020202020203C2F62706D6E64693A42504D4E53686170653E0A2020202020203C62706D6E64693A42504D4E53686170652062706D6E456C656D656E743D22757365727461736B31222069643D2242504D4E53686170655F757365727461736B31223E0A20202020202020203C6F6D6764633A426F756E6473206865696768743D2235352E30222077696474683D223130352E302220783D223136332E302220793D2237302E30223E3C2F6F6D6764633A426F756E64733E0A2020202020203C2F62706D6E64693A42504D4E53686170653E0A2020202020203C62706D6E64693A42504D4E53686170652062706D6E456C656D656E743D22656E646576656E7431222069643D2242504D4E53686170655F656E646576656E7431223E0A20202020202020203C6F6D6764633A426F756E6473206865696768743D2233352E30222077696474683D2233352E302220783D223333342E302220793D2238302E30223E3C2F6F6D6764633A426F756E64733E0A2020202020203C2F62706D6E64693A42504D4E53686170653E0A2020202020203C62706D6E64693A42504D4E456467652062706D6E456C656D656E743D22666C6F773136222069643D2242504D4E456467655F666C6F773136223E0A20202020202020203C6F6D6764693A776179706F696E7420783D223131302E302220793D2239372E30223E3C2F6F6D6764693A776179706F696E743E0A20202020202020203C6F6D6764693A776179706F696E7420783D223136332E302220793D2239372E30223E3C2F6F6D6764693A776179706F696E743E0A2020202020203C2F62706D6E64693A42504D4E456467653E0A2020202020203C62706D6E64693A42504D4E456467652062706D6E456C656D656E743D22666C6F773137222069643D2242504D4E456467655F666C6F773137223E0A20202020202020203C6F6D6764693A776179706F696E7420783D223236382E302220793D2239372E30223E3C2F6F6D6764693A776179706F696E743E0A20202020202020203C6F6D6764693A776179706F696E7420783D223333342E302220793D2239372E30223E3C2F6F6D6764693A776179706F696E743E0A2020202020203C2F62706D6E64693A42504D4E456467653E0A202020203C2F62706D6E64693A42504D4E506C616E653E0A20203C2F62706D6E64693A42504D4E4469616772616D3E0A3C2F646566696E6974696F6E733E, 0);
INSERT INTO `act_ge_bytearray` VALUES ('3', 1, 'leave_startevent1.html', '1', 0x3C666F726D20636C6173733D226C617975692D666F726D206D61696E206C617975692D75706C6F616422206C61792D66696C7465723D226C65617665223E0D0A202020202020203C64697620636C6173733D226C617975692D666F726D2D6974656D223E0D0A20202020202020202020203C6C6162656C20636C6173733D226C617975692D666F726D2D6C6162656C223E3C7370616E207374796C653D22636F6C6F723A7265643B223E2A3C2F7370616E3EE794B3E8AFB7E4BABA3C2F6C6162656C3E0D0A20202020202020202020203C64697620636C6173733D226C617975692D696E7075742D696E6C696E65223E0D0A2020202020202020202020202020203C696E70757420747970653D227465787422206E616D653D2273717222206C61792D7665726966793D2272657175697265642220726561646F6E6C793D22726561646F6E6C792220706C616365686F6C6465723D22E794B3E8AFB7E4BABA22206175746F636F6D706C6574653D226F66662220636C6173733D226C617975692D696E707574223E0D0A2020202020202020202020092020203C696E70757420747970653D2268696464656E22206E616D653D22755F6964223E0D0A20202020202020202020203C2F6469763E0D0A20202020202020202020203C6C6162656C20636C6173733D226C617975692D666F726D2D6C6162656C223E3C7370616E207374796C653D22636F6C6F723A7265643B223E2A3C2F7370616E3EE983A8E997A8E5908DE7A7B03C2F6C6162656C3E0D0A20202020202020202020203C64697620636C6173733D226C617975692D696E7075742D696E6C696E65223E0D0A092020202020202020202020203C73656C65637420636C6173733D226C617975692D696E70757422206E616D653D22626D6D63222069643D22626D6D6322206C61792D7665726966793D22726571756972656422206C61792D7365617263683E0D0A092020202020202020202020203C2F73656C6563743E0D0A2020202020202020093C2F6469763E0D0A202020202020203C2F6469763E0D0A202020202020203C64697620636C6173733D226C617975692D666F726D2D6974656D223E0D0A20202020202020202020203C6C6162656C20636C6173733D226C617975692D666F726D2D6C6162656C223E3C7370616E207374796C653D22636F6C6F723A7265643B223E2A3C2F7370616E3EE794B3E8AFB7E697A5E69C9F3C2F6C6162656C3E0D0A20202020202020202020203C64697620636C6173733D226C617975692D696E7075742D696E6C696E65223E0D0A2020202020202020202020202020203C696E70757420747970653D227465787422206E616D653D22737172712220726561646F6E6C793D22726561646F6E6C7922206C61792D7665726966793D22726571756972656422206175746F636F6D706C6574653D226F66662220636C6173733D226C617975692D696E707574223E0D0A20202020202020202020203C2F6469763E0D0A20202020202020202020203C6C6162656C20636C6173733D226C617975692D666F726D2D6C6162656C223E3C7370616E207374796C653D22636F6C6F723A7265643B223E2A3C2F7370616E3EE8AFB7E58187E7B1BBE588AB3C2F6C6162656C3E0D0A20202020202020202020203C64697620636C6173733D226C617975692D696E7075742D696E6C696E65223E0D0A2020202020202020202020202020203C73656C6563742069643D22716A6C7822206E616D653D22716A6C7822206C61792D7665726966793D227265717569726564223E3C2F73656C6563743E0D0A20202020202020202020203C2F6469763E0D0A202020202020203C2F6469763E0D0A202020202020203C64697620636C6173733D226C617975692D666F726D2D6974656D223E0D0A20202020202020202020203C6C6162656C20636C6173733D226C617975692D666F726D2D6C6162656C223E3C7370616E207374796C653D22636F6C6F723A7265643B223E2A3C2F7370616E3EE5BC80E5A78BE697A5E69C9F3C2F6C6162656C3E0D0A20202020202020202020203C64697620636C6173733D226C617975692D696E7075742D696E6C696E65223E0D0A2020202020202020202020202020203C696E70757420747970653D2274657874222069643D226B73727122206E616D653D226B73727122206C61792D7665726966793D2272657175697265642220706C616365686F6C6465723D22E5BC80E5A78BE697A5E69C9F22206175746F636F6D706C6574653D226F6666220D0A20202020202020202020202020202020202020636C6173733D226C617975692D696E707574223E0D0A20202020202020202020203C2F6469763E0D0A20202020202020202020203C6C6162656C20636C6173733D226C617975692D666F726D2D6C6162656C223E3C7370616E207374796C653D22636F6C6F723A7265643B223E2A3C2F7370616E3EE7BB93E69D9FE697A5E69C9F3C2F6C6162656C3E0D0A20202020202020202020203C64697620636C6173733D226C617975692D696E7075742D696E6C696E65223E0D0A2020202020202020202020202020203C696E70757420747970653D2274657874222069643D226A73727122206E616D653D226A73727122206C61792D7665726966793D2272657175697265642220706C616365686F6C6465723D22E7BB93E69D9FE697A5E69C9F22206175746F636F6D706C6574653D226F6666220D0A20202020202020202020202020202020202020636C6173733D226C617975692D696E707574223E0D0A20202020202020202020203C2F6469763E0D0A202020202020203C2F6469763E0D0A202020202020203C64697620636C6173733D226C617975692D666F726D2D6974656D206C617975692D666F726D2D74657874223E0D0A20202020202020202020203C6C6162656C20636C6173733D226C617975692D666F726D2D6C6162656C223EE8AFB7E58187E79086E794B13C2F6C6162656C3E0D0A20202020202020202020203C64697620636C6173733D226C617975692D696E7075742D626C6F636B223E0D0A2020202020202020202020202020203C7465787461726561206E616D653D22716A6C792220706C616365686F6C6465723D22E8AFB7E58187E79086E794B12220636C6173733D226C617975692D746578746172656122207374796C653D2277696474683A35303070783B6D696E2D6865696768743A20373070783B223E3C2F74657874617265613E0D0A20202020202020202020203C2F6469763E0D0A202020202020203C2F6469763E0D0A202020202020203C64697620636C6173733D226C617975692D666F726D2D6974656D206C617975692D666F726D2D74657874223E0D0A0909093C6C6162656C20636C6173733D226C617975692D666F726D2D6C6162656C223EE59BBEE789873C2F6C6162656C3E0D0A0909093C696E70757420747970653D227465787422206E616D653D27696D674E616D652720636C6173733D226C617975692D68696465222076616C75653D22223E0D0A2020202020202020202020202020203C64697620636C6173733D226C617975692D696E6C696E6520696D672D75702D626F78223E0D0A0909090920203C627574746F6E20747970653D22627574746F6E222069643D22696D675F7570223E3C6920636C6173733D2266612066612D706C7573223E3C2F693E3C2F627574746F6E3E200D0A0909093C2F6469763E0D0A202020202020203C2F6469763E0D0A202020202020203C64697620636C6173733D226C617975692D666F726D2D6974656D206C617975692D666F726D2D74657874223E0D0A2020202020202020202020202020203C6C6162656C20636C6173733D226C617975692D666F726D2D6C6162656C223E3C7370616E207374796C653D22636F6C6F723A7265643B223E2A3C2F7370616E3EE5AEA1E689B9E4BABA3C2F6C6162656C3E0D0A0909093C64697620636C6173733D226C617975692D696E6C696E65222069643D22737072223E0D0A090909093C6469762069643D227370725F616464223E0D0A09090909093C6920636C6173733D2266612066612D706C7573223E3C2F693E0D0A090909093C2F6469763E0D0A0909093C2F6469763E0D0A202020202020203C2F6469763E0D0A202020202020203C64697620636C6173733D226C617975692D666F726D2D6974656D223E0D0A20202020202020202020203C64697620636C6173733D226C617975692D696E7075742D626C6F636B223E0D0A2020202020202020202020202020203C627574746F6E20636C6173733D226C617975692D62746E206C617975692D62746E2D7072696D61727922206C61792D7375626D6974206C61792D66696C7465723D227371222069643D227371223EE794B3E8AFB73C2F627574746F6E3E0D0A20202020202020202020203C2F6469763E0D0A202020202020203C2F6469763E0D0A3C2F666F726D3E, 0);
INSERT INTO `act_ge_bytearray` VALUES ('4', 1, 'leave_usertask3.html', '1', 0x3C666F726D20636C6173733D226C617975692D666F726D206D61696E206C617975692D75706C6F616422206C61792D66696C7465723D226C65617665223E0D0A20202020203C64697620636C6173733D226C617975692D666F726D2D6974656D223E0D0A2020202020202020203C6C6162656C20636C6173733D226C617975692D666F726D2D6C6162656C223E3C7370616E207374796C653D22636F6C6F723A7265643B223E2A3C2F7370616E3EE794B3E8AFB7E4BABA3C2F6C6162656C3E0D0A2020202020202020203C64697620636C6173733D226C617975692D696E7075742D696E6C696E65223E0D0A202020202020202020202020203C696E70757420747970653D2274657874222076616C75653D22247B7371727D22206C61792D7665726966793D2272657175697265642220726561646F6E6C793D22726561646F6E6C792220706C616365686F6C6465723D22E794B3E8AFB7E4BABA22206175746F636F6D706C6574653D226F66662220636C6173733D226C617975692D696E707574223E0D0A2020202020202020203C2F6469763E0D0A2020202020202020203C6C6162656C20636C6173733D226C617975692D666F726D2D6C6162656C223E3C7370616E207374796C653D22636F6C6F723A7265643B223E2A3C2F7370616E3EE983A8E997A8E5908DE7A7B03C2F6C6162656C3E0D0A2020202020202020203C64697620636C6173733D226C617975692D696E7075742D696E6C696E65223E0D0A202020202020202020202020203C696E70757420747970653D2274657874222076616C75653D22247B626D6D637D22206C61792D7665726966793D2272657175697265642220726561646F6E6C793D22726561646F6E6C792220706C616365686F6C6465723D22E983A8E997A8E5908DE7A7B022206175746F636F6D706C6574653D226F66662220636C6173733D226C617975692D696E707574223E0D0A2020202020202020203C2F6469763E0D0A20202020203C2F6469763E0D0A20202020203C64697620636C6173733D226C617975692D666F726D2D6974656D223E0D0A2020202020202020203C6C6162656C20636C6173733D226C617975692D666F726D2D6C6162656C223E3C7370616E207374796C653D22636F6C6F723A7265643B223E2A3C2F7370616E3EE794B3E8AFB7E697A5E69C9F3C2F6C6162656C3E0D0A2020202020202020203C64697620636C6173733D226C617975692D696E7075742D696E6C696E65223E0D0A202020202020202020202020203C696E70757420747970653D2274657874222076616C75653D22247B737172717D2220726561646F6E6C793D22726561646F6E6C7922206C61792D7665726966793D22726571756972656422206175746F636F6D706C6574653D226F66662220636C6173733D226C617975692D696E707574223E0D0A2020202020202020203C2F6469763E0D0A2020202020202020203C6C6162656C20636C6173733D226C617975692D666F726D2D6C6162656C223E3C7370616E207374796C653D22636F6C6F723A7265643B223E2A3C2F7370616E3EE8AFB7E58187E7B1BBE588AB3C2F6C6162656C3E0D0A2020202020202020203C64697620636C6173733D226C617975692D696E7075742D696E6C696E65223E0D0A202020202020202020202020203C696E70757420747970653D2274657874222076616C75653D22247B716A6C787D2220726561646F6E6C793D22726561646F6E6C7922206C61792D7665726966793D22726571756972656422206175746F636F6D706C6574653D226F66662220636C6173733D226C617975692D696E707574223E0D0A2020202020202020203C2F6469763E0D0A20202020203C2F6469763E0D0A20202020203C64697620636C6173733D226C617975692D666F726D2D6974656D223E0D0A2020202020202020203C6C6162656C20636C6173733D226C617975692D666F726D2D6C6162656C223E3C7370616E207374796C653D22636F6C6F723A7265643B223E2A3C2F7370616E3EE5BC80E5A78BE697A5E69C9F3C2F6C6162656C3E0D0A2020202020202020203C64697620636C6173733D226C617975692D696E7075742D696E6C696E65223E0D0A202020202020202020202020203C696E70757420747970653D2274657874222069643D226B737271222076616C75653D22247B6B7372717D22206C61792D7665726966793D2272657175697265642220706C616365686F6C6465723D22E5BC80E5A78BE697A5E69C9F22206175746F636F6D706C6574653D226F6666220D0A2020202020202020202020202020202020636C6173733D226C617975692D696E707574223E0D0A2020202020202020203C2F6469763E0D0A2020202020202020203C6C6162656C20636C6173733D226C617975692D666F726D2D6C6162656C223E3C7370616E207374796C653D22636F6C6F723A7265643B223E2A3C2F7370616E3EE7BB93E69D9FE697A5E69C9F3C2F6C6162656C3E0D0A2020202020202020203C64697620636C6173733D226C617975692D696E7075742D696E6C696E65223E0D0A202020202020202020202020203C696E70757420747970653D2274657874222069643D226A737271222076616C75653D22247B6A7372717D22206C61792D7665726966793D2272657175697265642220706C616365686F6C6465723D22E7BB93E69D9FE697A5E69C9F22206175746F636F6D706C6574653D226F6666220D0A2020202020202020202020202020202020636C6173733D226C617975692D696E707574223E0D0A2020202020202020203C2F6469763E0D0A20202020203C2F6469763E0D0A20202020203C64697620636C6173733D226C617975692D666F726D2D6974656D206C617975692D666F726D2D74657874223E0D0A2020202020202020203C6C6162656C20636C6173733D226C617975692D666F726D2D6C6162656C223EE8AFB7E58187E79086E794B13C2F6C6162656C3E0D0A2020202020202020203C64697620636C6173733D226C617975692D696E7075742D626C6F636B223E0D0A202020202020202020202020203C746578746172656120726561646F6E6C793D22726561646F6E6C792220636C6173733D226C617975692D746578746172656122207374796C653D2277696474683A35303070783B6D696E2D6865696768743A20373070783B223E247B716A6C797D3C2F74657874617265613E0D0A2020202020202020203C2F6469763E0D0A20202020203C2F6469763E0D0A20202020203C64697620636C6173733D226C617975692D666F726D2D6974656D206C617975692D666F726D2D74657874223E0D0A2020202020202020203C6C6162656C20636C6173733D226C617975692D666F726D2D6C6162656C223EE7A791E5AEA4EFBC88E58D95E4BD8DEFBC89E5AEA1E689B9E6848FE8A7813C2F6C6162656C3E0D0A2020202020202020203C64697620636C6173733D226C617975692D696E7075742D626C6F636B223E0D0A202020202020202020202020203C746578746172656120726561646F6E6C793D22726561646F6E6C792220636C6173733D226C617975692D746578746172656122207374796C653D2277696474683A35303070783B6D696E2D6865696768743A20373070783B223E247B6B735F7370796A7D3C2F74657874617265613E0D0A2020202020202020203C2F6469763E0D0A20202020203C2F6469763E0D0A20202020203C64697620636C6173733D226C617975692D666F726D2D6974656D206C617975692D666F726D2D74657874223E0D0A2020202020202020203C6C6162656C20636C6173733D226C617975692D666F726D2D6C6162656C223EE58886E7AEA1E9A286E5AFBCE5AEA1E689B9E6848FE8A7813C2F6C6162656C3E0D0A2020202020202020203C64697620636C6173733D226C617975692D696E7075742D626C6F636B223E0D0A202020202020202020202020203C746578746172656120726561646F6E6C793D22726561646F6E6C792220636C6173733D226C617975692D746578746172656122207374796C653D2277696474683A35303070783B6D696E2D6865696768743A20373070783B223E247B66675F7370796A7D3C2F74657874617265613E0D0A2020202020202020203C2F6469763E0D0A20202020203C2F6469763E0D0A093C64697620636C6173733D226C617975692D666F726D2D6974656D206C617975692D666F726D2D74657874223E0D0A09093C6C6162656C20636C6173733D226C617975692D666F726D2D6C6162656C223EE59BBEE789873C2F6C6162656C3E0D0A09093C64697620636C6173733D226C617975692D696E7075742D626C6F636B206C617965722D70686F746F222069643D226C617965722D70686F746F73223E3C2F6469763E0D0A093C2F6469763E0D0A20202020203C64697620636C6173733D226C617975692D666F726D2D6974656D206C617975692D666F726D2D74657874223E0D0A09202020203C6C6162656C20636C6173733D226C617975692D666F726D2D6C6162656C223E3C7370616E207374796C653D22636F6C6F723A7265643B223E2A3C2F7370616E3EE698AFE590A6E5908CE6848F3C2F6C6162656C3E0D0A09202020203C64697620636C6173733D226C617975692D696E7075742D626C6F636B223E0D0A092020202020203C696E70757420747970653D22726164696F22206E616D653D226167726565222076616C75653D227472756522207469746C653D22E5908CE6848F2220636865636B65643D22223E0D0A092020202020203C696E70757420747970653D22726164696F22206E616D653D226167726565222076616C75653D2266616C736522207469746C653D22E4B88DE5908CE6848F223E0D0A09202020203C2F6469763E0D0A202009203C2F6469763E0D0A202009203C64697620636C6173733D226C617975692D666F726D2D6974656D206C617975692D666F726D2D74657874223E0D0A2020202020202020203C6C6162656C20636C6173733D226C617975692D666F726D2D6C6162656C223EE5AEA1E689B9E6848FE8A7813C2F6C6162656C3E0D0A2020202020202020203C64697620636C6173733D226C617975692D696E7075742D626C6F636B223E0D0A202020202020202020202020203C7465787461726561206E616D653D227A675F7370796A2220706C616365686F6C6465723D22E5AEA1E689B9E6848FE8A7812220636C6173733D226C617975692D746578746172656122207374796C653D2277696474683A35303070783B6D696E2D6865696768743A20373070783B223E3C2F74657874617265613E0D0A2020202020202020203C2F6469763E0D0A20202020203C2F6469763E0D0A20202020203C64697620636C6173733D226C617975692D666F726D2D6974656D223E0D0A20202020202020202020203C64697620636C6173733D226C617975692D696E7075742D626C6F636B223E0D0A2020202020202020202020202020203C627574746F6E20636C6173733D226C617975692D62746E206C617975692D62746E2D7072696D61727922206C61792D7375626D6974206C61792D66696C7465723D227370222069643D227370223EE5AEA1E689B93C2F627574746F6E3E0D0A2020202020202020202020202020203C627574746F6E20747970653D22627574746F6E2220636C6173733D226C617975692D62746E206C617975692D62746E2D7072696D617279222069643D22646F776E6C6F6164223EE4B88BE8BDBDE99984E4BBB63C2F627574746F6E3E0D0A20202020202020202020203C2F6469763E0D0A2020202020203C2F6469763E0D0A3C2F666F726D3E, 0);
INSERT INTO `act_ge_bytearray` VALUES ('42550', 1, NULL, NULL, 0xFFD8FFE000104A46494600010101004800480000FFDB0043000D090A0B0A080D0B0A0B0E0E0D0F13201513121213271C1E17202E2931302E292D2C333A4A3E333646372C2D405741464C4E525352323E5A615A50604A51524FFFDB0043010E0E0E131113261515264F352D354F4F4F4F4F4F4F4F4F4F4F4F4F4F4F4F4F4F4F4F4F4F4F4F4F4F4F4F4F4F4F4F4F4F4F4F4F4F4F4F4F4F4F4F4F4F4F4F4F4FFFC0001108032A043803012200021101031101FFC4001B00010101010101010100000000000000000001020304050607FFC4004010000300010206000501060404040603000001110203210412314151610513718191061422A1B1C1F0324252D123B2E1F1536272920715253444C282A2D2FFC400190101010101010100000000000000000000000102030405FFC4001F1101010100030101010101010000000000001101021221033141135171FFDA000C03010002110311003F00FC4362868CF73EB380D80C58013349C305A075591B591E74CD2C9AEE347A1BA44DA7D4E6B266D35939D09A3D3A5959B9DF0CB73C493C5A8CEFA5A9766F733AB8F5D4D232DA48C737B09D7D4905E61CDF52F2DEE65A9D4035DCAB51230F25E4CB6981DF9B161A529C539DCBCCDA976104CDA4F62E193DCE793DFA9139DCB0767950D9C9653B956406D5455934CE6F26D6C4E67E40ECF335CEA1E6E61CD7B920E99B4D986E6E46F6B69534D7428EBA5A95C7E0BA996C72C627B6C6DA6D0156550A9186DADA194DB036F2A1348890680317625A54BD8048A82D801A4544455B1346824132A441A4B63A60F6338E351D129D86A8F730D466DA69D23C6F720E4DBA5B115E3199CBEA519CB2D8E6DD3A669439A49762A0DB491979368374CBDFBC033A8DC38BA75D4E9D4E4D97061F439BCA6C74C93872C96DD0D605A65F5232A7B74A6AA33DC32CA1A144143C5B2C144A4B0D432DCEC411BA4A18800013D814523646C050DEC40C245A4002AC1D02AFB1D391B56168C241A36B4DB7B0CF4F2C5EE9991CE02F47BEC42E24082967B2D2202CF64210A2864FB855A290B005149DA9526DF409014AD45B99045A2904045A2920808B4524101168A482022D14904045A2920808B4524101168A482022D14904045A2920808B4524101168A482022D14904045A2920808B4524101168A482022D14904045A2920808B41214100002000047A08D17A102A3442B23001B00052504036B286F1C9A67137CD5120F5E1926951865CB91E7D3CF74BB1D1D6E922BD4B2BB9A594679B4F26AA3B3B083D18EA52B69A3CCB2697534B26FB81BC925B9C9BF46DB64606799A1CF7623465A8CA36DDDCCBDFA19AFC9164D5DC907449AF2548C73FB273BF2225746DA30DB32F37E48F27E442B55913661E4559162D744D9A4E239ACBC979A920DAC9A676C752A3CE9AA75C40D377B113237B8482B4F2865E5595D7D224BADEFF004244FA6DF51E233773AE1BA3AF0BF0CE378EC92E1387CF513739B91B5F94BD9FA3F877E8AE2F53159717AB8E9A7DB16D3E9EF1F26379E618FCCB4659FBED2FD0FC24FF008BC46B3FA66BFF00F26B3FD0BC03C7FE1EB710B2F79A9FF298FF005E2D4D7E01386933F55C6FE87E2B4B4F2CF87D6C3522AB17936DFD9627C0E27E19C6F057F69E1F3C127FE2786494FAB5E99ACFAF1D3735E646F1DE188924F7DFC9D7150D5C48E98A8873049B5B058D64B46AD465A352232DB4065AFC9CDEE6B36FB339BA8A264C9360E7823C99461ADCC3A99D5B3967D760339AA8E596C74C9B9D4E4D9AC465F4319266DB3393D8A39B465A2B646C205465B006D22C30A9B4C08D446325B9D1F430D1461F4215A64016013D08026C468D06B6032C85689028040956075C123B2DF6EC70551D56C4477C30495359E18E58D9B9CF0B0DA6DADD915E4D5D349EC7378C3D99E38F73866AAD8B471854A95633A9A48B461E246B73A357A058AEE80E708D43A6513D8C3A11122A4372A4C08928CD69E2E970C6B3B638A482B867D61CDA3D19E2BC1C72406514923284A0001400028000500058500021400085000214000850002140011400000000001625000450000000000000000000000012BD0C857F427D882301A10A042C201190AC4021A7219856C027B1D74B369C699C933A60C2BD9A69354B9BEC70C352554EC9A6BA92089546B17191349C2B89763301E4398CC32E8834B341E5763106FD8A2B32D365AD751CC0484656E9360812529760272D21AB0CB68A0DFB2E2EF730D04E30AEC8E98E5D8E0B2F67552120E9525D48DC7BB9F5317B3D9767EFC1DB87E1B5F8CD6C74F87D3CF53276AC559B5FE8CCE95D785D0D6E2B88C74B4707A99B692693696F379F53F69F07FD27A7A38E3ADC7E6B5353349BC314D4D9EDD5795DBB1EFF0083FC2784F8668E0B1D1C33D6E55CF9B5BA715EADF754FA8F55ADB1DDF9F070E5CB563D182C31C66292C7C37FD4DACB15B62B953EAADA78D6ABF255AAEF539EF15C7B7E64E8FF0006D6A5D9B6FEBB1E25ABECAB55F933BC2AD7BDE4A75497D4CB58E58B5134D475CA7996A3BD4DAD4DBA93A45AFCCFC57F4861AADEB7C3F516864E5C72C5E4DF45DDBF7F93F21ABA5970FAD9686B60F0D4C5B51A69ECE773FAC2CBD9F13E3FF03D0F8870D9EAF0FA38E3C5E37259A5FBD944DCEABAB66F8F3DCF35371F81C534DEE91B5F51A9A5A9A3AB9696AE2F1D4D36F1CD3EA9ADB7FA994F63D19EE33AD3DCE6D6E744E99611CB250E4DD3B67BF7383697566B061ADC42BCB1BD511E4BC9A196CC3EA1E4BC996D3EE20C64F630F765C9A33D372E0997439B66DBA61970737D48CDB465A2A32C265688C0A995332801D291B329C62A00CCB469B20100684010AFA121520234FC121B4CA901CE7D7F0558BBD19B8A9B494D80C24FC1D5780B1A6F1C5105C319B9A6F7A2C4475A20C649B6161F50E95B288F4CC3C21B7935DCA9A607158B4F741A67669331963E060E32F532D24759B6E8CBC52DE1462534B12A5B9B5880C319DCD35BF534D44736F7019338B3ABE8727D40C3454B62B41019681A6B633370002440281B885C0027813D80027DC24027705EC4600120805048201412080504820D14120844AA09042E2A824100A090420A0904095412080AA0904055048202A82428500007A5B2334D1201964869A100CC0CD3465A02343B15A2402066A0680CD4BC953826E201A592F674C352F9394A8D6388857659FD4DA7763CD5A711D316C8AEBBA16F7226DA800A16CC07D0407191A4208C4FF889B11CA5698C71CF2CB974D3CB27FE5C557F826F9FA097A3497A3DBC37C0FE29C5B4B4F81D757BE7A59A5FC17A3DCBF477C6DA4FE4E8AF496A5FE46379E67EEACD7C4CB19D8C3C675D9F83EDEAFE98F8CE92DF83CF2FFD3A79BFE87CCD6E1388E17278713C2EAE9B96BC1AFE6339E6FE6935E5E8CC64F7D8EEF159569D9E7B187823A66D4FC6533A60E9CDA86F4DEC370ADB77258BFB4F3D8FDEFE99F862E07875C46AE18BD7CFE8D28DAF1E19F91F80F03FB77C574F169BC306B26D5ED92FF73FA4A4DE0F39F4473E5BE19FAE98BDAB6EFAEE54DF5E8FD122BB743491C375A1151115116348A99132D26E11A4D9A5934734CBD4C98ECB3F67559A6D36E34B69DCF2D9DCB8E5724DBD90DC69F92FD5BC0FC8E3BF6BC52586BB6F34BAD497F567E7D3EC7EFF00E3FA18F17F07D54D5C935CB1F9C97FB1FCF6D54EFF002F719D74E6873CB39D58A9B396A3491D1933D4B633CF9E4F7DC67923964EDDCD66255E6DC8F35ECE4DB4CCBC99730AE8F264E66639B627316615A7911BD8CB61310A3664D91A4C152532D6E749B19D8A39B44699B68CB5B960CF40CAD068832C060052A64080A2150480405EE1201D0A995A080246F057A1143A26921A2A53A95B3348D906A86F630986C0AD98ACAD9902D2A664503A2746DDCCA7B95B28AD26F630D236D91A03091A4D223A88069B32D6E44CD5032CE4FAD3B3DCC3540C126E6DA846808C93B960EFB0127D0891A85901E24D8CB34D9948B89A896E586A4446C224488DF82B7B90051445E06DE005146DE06DE005146DE06DE005146DE06DE005146DE06DE005146DE06DE005146DE06DE005146DE06DE005146DE06DE005146DE06DE005146DE06DE005146DE06C028A2080281040004007ADA33DCDB2420CB069A24032C42B440320D342004C38423606B6235EC2658BC869968DE09CE844BC1DF4B1F206395B74DE0AF63A3C6218629BD8832B1DCD3C4E9CB0CB4062223D99A825700894EAA9B58F649B6FB2DD9955A53AB70FD87E96F8168BD35C6F19FBF672639629E2F6DEADFCAF073E5B31732BC7F06FD25C4F1C96B71397ECDA49A733C1F367BC6A39E1F7EE8FDD7C2FE11C0FC2F4B1C785D349F5792C9BAE24DB4DB9D3A1D16AA5FE1C525DB15D17D3C156ACFBEF3C1E6E7BCB7F5A91ED79DEBB9534E1E45AA6D6A339F5D6B1ECC563E0CEA6961ABA6F0CD7362D34D27D4E58EA33A63A8A7359E893715F94F8FF00E89E1BE2193D6E035170BAB37A9E75B75BDDFD7B1F81F8A7C2B8BF85EBBD1E334DE3FE9D458BE5C9C4E26D2BD4FED7CFDDCFC1F2BE39F05E1FE33C27C9D76D658B6F0D458A792726F7FE9D11BE1F4DE3B359DCAFE36D6D6464E571CDB667D4F8CFC2F57E15C767C36B2A936F0C9CB92AD27B372CE87CF58D4BF07B78F2B8C6E3F69FA2F83F97C03D66BF7B2CFAEFD1AC59FA958CDD6C7CEFD3DA0B47E0BC3A5D73C30CBF38A3E9C9B1C79EFA63291A48B20872ADA045908D951514CA654C9A3429291B22E60D86EAFAECC8D91B897D410D4C93D2C93E8A247F36C9A4A1FD0B8BCDE9E86592F5FCD1FCF1FEF6E77F9E78CEB3D3739EA56BA9D1BD8E7926D1D135E5D54FB3EE716DA3D39A9D4E39A519BC675C5BA65B2BEA65B2C451094A98810B08996EC011423500CB32CEAF1D8E6D418D32D19751A688D6C067B10DCD88D0186890DB5B12019858582004E6D0AB7EC1234AA0225B95EDD076A180AD99DE9A48341915369FB329140D11B06727B88236C36EF501804CA9994CAD815B04EA826054CD532986C0D7341CCD98B458171AB4113BD0D20AC3637F21A32DC0C9616F832DD16202B24A29370D2B4449B6697B3492940CC708F72E592466865163DCAD223CA19B4B834DEC61EE56120240582010BB88200DC6E2080371B88200DC6E2080371B88200DC6E2080371B88200DC6E2080371B88200DC6E2080371B88200DC8582010160804058201016003D8D1966A91F4208C81B0046842B01A65A10AC409ACB4468D432C21D826280369C3A2D4DA1C2C09C607759BE899D30C9A759E7C32DCF4278C0D3A2D47B1A6EA38B6BB1A593841B68A92BBF43361AEA94DDBEC376626BEE7E99F85FED1A9FB5EB24F4F4DFEEEE9EE9A7D27D4FDA60F6C52D94491F3FE11C2AE1782C74174AF37BDDEFFB43DEB77BB5B743CDCF6EB7C71D6B47A383C71D4D678E4FFCB57E51E7C12CB255EC7AF4F53E4EB618E2924D577AF438EEB7898F0FA8EF2CFBB36B4DE292CB666F89D26F5967CDCBA7DD77EC79F5F51E4D62AF2E3B26D754899B55E8584EAEA32B5373CFCCDBD9EDEC26FD147B56A45D4EAB2B1A74F0639B5E0EB86A6FD7726E5C4787F567C2DFC57E0D9E96860BE7E39E3962DC5DE3DFE8D9FCAB04D6A2592FDE4D7F33FB5E19F46BAAF27F2EFD55C061F0FF008E6A2D35307396B6FA638DFE674F9729E26E3F71F0849FC2B846BFF070FF00951ED8783F4FE7F33E0DC33A9CC30C7EFCA8FA0FBFA2F3DF5331868CB3A350E6FAB3182362F70C8D16AAF71762262D27E998B45252363F1AD5A65B8F6F01B8FCFD0CE4D2C72FDE4A575BDA1732EB363E3FEA6E2D70FF000EE4AF9B53D786BFDCFC673A87BBF51F1B9713F11D4C134F4F4B2696CB7D9273EE8F92B3D8F4F0CF18DD7A165437B1CB0759B7D0D418CD53CBAAA267AB36923866AA70D623CCFA91A379631F42246A8C43491A78B1210660911A69952A417054DAC6332934CDE392BBD019A70E2F63D19B4D6C717881CDEE1237CA848CB89AC3412A6D2A5E548239BC7B99699D5A32D01C9AA1626DA2A406128586A0033043400CC06835B0691165222A602187D7EC6DB30FA8640075032FA9AA468A0280558B601388C37B9B7B230D5602D095096C6928054A15B488DC30F2A01BA48192815B322961412284180A1B32D8B4A1DC90A8402410AD9901D0510400020000000000000000820002080008200000000000000000000000000000000000001EC01A1D119196807B84580D121A826C45A908D15A202A42346A1184660856201968434D1360274DCD6395D9EC65A23451E84D44AA3A6319E559350E98E6D083D69268F67C2341EAFC4B47169B4EFF00267834B52B68FB9FA692CFE2B827FE5E9F7C59CF9F98D63F698ECEAE891B49756671DD346974479376BA6678DE3D799763BE3C4B584E5AD77A79D16ED0CABD7FB6EAB493557D57FB18CF57E675519C538A2FC96D9FCC662BA275414CDABC1681A09C64BB13A81DF0D48FA9F93FFE2269A7A9C26AE3FE659D7F6C11FA6C728D783F31FAEF52E1C1E1B57CFF00FEA5F9E6F6A9C9EEFD11AAB57E11969F327961A8F6F4B1C51FA16AADBB9F85FD0FC6FC8F8867C265FE1CF17927BDADE28FDD6EB4D658AB7A2FB9AFA7EEA66D67230D6E746A36BAC22C69CF3563934468EAF1D8E6D35B96AC65A05EA48E8223232B4F17FBCA2F24B5B91A9BBF05CCDD4DF0793C57EEAABC9F98FD4DF1DD0D0D1CB84D0D4C32CF2A9C76369A7D8CFC77F5569F038BE1F854B5737DF26D4E8FC7B67E1F535F2D6D47A9AADE5964EB6DB71BDCF4F0E1FDD73E5AEEF55E4DE4F776B30B52B33834D422D99DA4C66BD7A4D6CE9D5BA8F26194E876596C48B5724CCF2EDD0DA6990839E58D4CE3F2F2BD19EA48D2C53EC5A3CA93F058FC33D3F2D11E9D14709E9971C6B3A3C2335CB15039658C47169A677CDC311360613658E6E69E297933CCE4880C772CEE57D4509441B25846CB10EE4655B86A8192536B1234065B05689B008217A22500C760C6E16A325DCAFD91A0556C9D405B0446840D952A8092848D24906044B62370ADCE865EE58256C14821445B09034528F7330A0142772802345EC180046C31D408C2E8584605A4A460A2920A280821401208500482140120828A02085004058201016080405820100827B002048A04821401208500482140120850C09041BFA1BFA01041BFA1BFA0100DFD003D8D11AD8DB4C24607380D35B91A28854C8D1201A41A328D0D19688D1B0D10731D4AD12170211A2C1370242346A6E46809362A0015BC7294FD07E91CB9BE2C97AFFF00567C0C71DEF93EA7E9ED45C3FC634327D1F37FCAFF00DCC73CB8BC75FD1715B15740BA3F66A74FA1E3DFD75C114242196846933291A480D2654C88B49480613249B8AA367E2FF55F12B5FE26B4D37FF0BCFB49FF0043F6986396A6A2C7155BEC7E5F5FF4CF1FA5C4E7C5711ABA3C4F2CCB934ABC9C5D12496EF63AF0DCCD6396BE2F05C0EBEA67A7C4E197261A7A8B2E659475470FDEF05F16D1D6D7E4C9BC755F44939D1FF43F09C6F11C663C62D4D5D1D6D17A696182D4D38D24DB5D57F70F2F11C46AF11ADF33575164D74692F13B7D0D72E1DB6B39CA63FABA8F61CAD1FCEF85FD43F12E1F0C70F9CB351249638A8BC74F47DBE0BF563D4D15A3A8DE8EB25BEA378B4DF5EF3FB673DF8EFF001ACFA3F5793C5ADBF91C3295F83E071FFA8F8DE0B2FDFF0087E5AFA72FCDD0CDE587E7957487CFCFF5B66F6C3816BCA7AAABFF00FA8CF9EAFF00A63F56DAEC61B695EC7E3788FD5DC7EA29A387CA5F54FF009E27C9E2BE23C771ADAD7D6B8DB1E096FF0054BD9BCF96A6F37ECB8FF8FF00C3B81C724F57533D59B63C8DA6FF008793F21F1CFD49C5F1A9E1A17474DA95378DEBE1BECCF9EF4226EA6CF3E78F452BBD17F53D1C38667EB1BC9E36AEEB67DDBEE1CAEF53E9FC3F84BA1ABC56A5F91A52653AD6D6DDBAFB3E6AC62FF63A66473B45B7466D37776621BC31AC6E2BB60D4DCEC9A68E49450DE2DAEC483A63D4E89538A6DBE86D3641D52D8DE2AB3960EF53BE2979331711E2C9D0B9B4918AA0569A54C66D2469E497739E5927B1A65CB349B24521D255B1878BBB80E5D89C86D16C40707899E53AE5BB22500C728E5A745896345A38BC6329ACDC4CC500D996CD19698196F72536B16C7281848D42A49176033CA490DA424039B443792A66012919A8C4DCA3291A4824692D80CB32D9D19C9A0546FB008ACA8224DC800AC8C08040692D88D01008202A32BE81A10150742A0F7054A4658529586581880A4104101402080A0104050000A40002800050000A00014009015412080AA0904055048202A8241015412080AA090029B8DC51414DC6E28A0A6E0500AFA6F1BD119783F07549B34B13155E678B4F74493B1E978A661E28535C1A234756A7632D16A3948534D106885FA8D8302349ADBA999E8D742F5030D193A3488D0180CD40D01810B0B00D26CEB8E79E9B5A9A75658F46BF0734A1D31C96C9F426E7F0CF1FD3780E230E2784C35B1CB9B1CAA4FDD67A91F99FD1BC6AD5E15F03A8E65837A89EEDF55B7F13F4CB7FB3878FE9935DF8EDC5481515A3956BD123496C651A1AB98014522846EEC836FB75358617765675AD359A4DE0F9326A734B0EAE73B6AA6FBDB36D8CD8A2273319E2471E2781E178BC79788E1F4F5726A3C9AAFEBFC4FC77C5FF004EEB709A8F5383D37A9A3DF9559D174ADF56CFDC62DBCB6D9CEBE8358E78BC3914EF553A673DC89BC71FCADB8D24A2B3C3FBF83A25B56AAF7FEE7D6FD49F08FD835DF11A35E96AB8D3492C6B6F69E12F07C7C353FE1F2FF956D7B9EBCDCDCAE723DFA3F11E2F470582D679E8DDF4B512CD3F3D5394F4A5F07E3B0BACF4B80D65B3C926D65DDBDA25DFF27C77A88C65926A64935ED524895ECD7F85EA69B7970FABA5C461E71D5C13FC56FC9C5705C63FFF001734BCF32879B2D4D4D3DF0D6CF05E316D1A5AFC534A715C44F0B51A2DD2BD2F82E2E4CB4F0C177796A62A7E58C384E0F41BD4E378AC22DFE56372E6EF39B16E5DD1C96A6ABC5ACF5751FF00EACDB3CDC425938F272742E654638DF896AEBB5A3A78AD0E13FF000B4D249F47BC4AEFBEFE4F02BD19E85A5CCFAEC69E82EB4D588F3C6F73AE11B35F2979622C18A3AA582C6BEA65EA25D0E6F36DAF061BDC83AFCD6DCE86F1D4577679FAB15A2C1ED5A8A54F732F5F3C7BB9F53CAB365CF26D4116BD1FB527D5D319F11E1B3CE96C578D10BAEAF5B27DD85A8FBB39246BA9223BE1A9ECE8B5137B9E44E772F334A883D2F344E74D1C166D9A596E22D755BBDCA9239A7B1A5908574490CDA4BA98590B7A926958C957E82C297284E688B854692FA908DD273046B6488DA6672C898BD80D51F4446E32503498B488401371B02811A2246A1522DD2B2917A1608061987D0E8D18651860AD1214464868012085A2804B60D0A00CC068C808006041B9410481940C1960AD08510161000000000080A021B8DC00A6E370006E370006E4DCA0090149B7B0801B7B2C0202C26DEC001B7B1B7B0006DEC6DEC0410A00807D8B3D01361B160804D8160E80405D801F6562FC15627B32E19A3965A592A726E3834A773192DCECD34F7465A4FA835C1E34CBC773D0F1BD0C3C5A2E32F3BC4CB477CB167368A39B2536D11A28C752436D1968A204C25D44DC816B0F1AB60D04DA6065A6826CDDBD4345185B1A4A9606E2A4DFD31DFE1FC56A709C7E8F15839CB9AE74EC89A6FF0091FD3380E2F4F8CE134F88D269AC92E68D6CE26FA3F68FE5A9DC9EDBB5BA3ED7C0BE3597C339F4DE9E59E9EA34DC694693F5F4FC1C3EBC2BA71D9AFE829C75F4F46EA6BD9F2F86F8A69EBA59E0A62FCB5E4FA1A5A98E6AA69DF079373735DB371B299C9C463E6760574226DF422669349D08EBA7845CEFAAEC32CBEC61EAD5119E6A5C1D2EC4A73E63498837762DBD4E74A98CC1CB8DD1C789E0B5747355678B566E9B4D6DF93F98F1F8BE1F8DD7E1DD4B4B51E2979576A7F5379469785CCCFE6DFAB74FE5FEA1E2335D351AC97FED4FFA9DFE3B7639F3C8F998E6ECA77BFBBB3DCF1ACA6E75C33AA1E98E4EEB2DB76DFD5859B4FAEC716D8E6107679D519CB3DDEC61E41BD8B06924DF8FA1DB28F153C1E4AE9D70CFA21FA7EB3962EBEA627767A1B4C9F2DE4F61F84799B991547D51D35745E2E9958B7D853F197CBDBA9CDD6CEB961111A88B51CFA0EFDC65B322605BB9B59248C6C2146DB465BD88D91806F72AC8907420DA746F4C266AC03A7345D42C91CEDEA1083BE39265791C317B9AE6241D39B72369986F6252C15E5096996101A7B92C065B28B4A9986101B4E1A591CC7D00EAB24CB53EE70AD16B641DD345521C1650D2CB60AEAE11C31CC479015B8648D91B08AC84A29555A240D8A01A1B06C50100A2808485204481A291F401000C25050042A02C1015042C10152082080A41042C0A9042C10080B04095016080A80B0405421A848150BF810B009DC4F620801A1F810B009F81F82C1009D87D80010161200BEC94B0402514B0402517D22C100502003F68F14FC19CB453DE2236D05AD36679BD7473CF87C1F657E870CF865D91ED4D65B99CB16FA22E6A6BE665A6F17D1C1CA9AE94F6EA69DEA8E2F4F97A2D8D66A3C79E1E8E59E9A47BB2C36E871CF4FB9ACD35E478FA23C7D1DDA32D16A38353B1978D3AE4B666774535CDE33B1987568CB4C230C86E791CB7B14629B4FE865ADCA96F00AE089EDCB7D08E5EC76E1B83E278CC963C2E0F3C9F4FDE4BF9BF4C955C962A3C93BE5C87D0F85F04F5D6A6B67837A5A7399F6DECFE875D2F82EA69EA27F10D5C387D34EBC536DBFC26BA53D7C4BE0B1D1C787E1BE22F4B4A7EF72ACF179353ACC77E9FC599DF4ACAD5E4F87E138B5A1ACF2FDFC718DA5BF65F6631F89F15C3E1CB871BABAB7A651E3F6FE1D4F22E1FE1B5E5ABC7EAE4FAFEEDFEB895FF00F2BC5EDC4F17925D3A7E3A19E99AD6EEC7E9FE05F10E278ED2D4CB88CDBE49B369756FC4F07D7C7249FEF746B63F37FA7788E19717A9A1A2F52E51A592EB137D8FB9C6EA6A68F0FF00330C39F7AE4D947E5A3CDF4C9AEBC3DC7A16BA6D46B6EA8E98E49AAB24D1F2F0E7CB539B4EB4FB587D3C162F4E24EFD8E35D371A4F62D32AA69159A6569533054C0DDF6C5F6CCA6502B76B5D643F9FFEB369FC6A6DB257FF006627EFACCD789FC4FE71FA9755EB7C778D7BCC3358AFB249FF0023BFC326D73E7AF90CB8B8FAC2C865A8E9EB7175592EE54D538A6164C0EED5465A7D098EA7966AA7B920C24D1AC7A9B58A7D072C6069350DE392C72EA99C1B6998793445AF6E59619C4DA30DE9AD943CAB523AD91EA57B0476D469AEC72723DCC3CF2666B86A0B946CCCF0152C2885BEC100B410089548C010A0A03EA0AA8128A0AB426400AD265A668415A1004C0423469B5E48D01921580202C10080B0402150854B602065235B8118118804288E8004280003000000090A025641A801590688C15002A054681A70C82800050000A7700A1501401014010140101401042802411F8289EC091F800A040500405004EE22F23EC36F00045E46DE06DE0045E445E46DE06DE0045E445E46DE07D8045E445E46DE07D8045E40DBC003F558EA27DCDF329B9E1C5C7B6E76C734E2671DC6EBD4B7DD1A4DA38E9E4A753D1A6D34E99D44732DA18CF4D43AE697448C3C5CEA3070CB1491CB3C5347A1A9D4CBC14EA5CD1E0CB1499CB3C59ECCF4F738B516E6F11E568C347A32C6BB4C6583AFACF30A38C8659D7962ADAFA52E1A39EAE6B0D1C33D4C9B8B1C536FF812E238349EDDC8D451A4CFB9C37E9BE3F570F99C4658709A7E75D3C5FAEABFA85C2FC23E1BA9CFAFAEF8DC96FCBA5127EAACBDF8EC33967F07C4C307A992C70C32CB27B258AA7D2D0F80714FF7F8BCB0E170F3AADE1FCD7D3F27A353E3BF2935F0DE1DF0A9F9CB9DCFBAFA7E0F919E79EAEA3D4CF2B9BEF0B9BA3EAF1397C07847387D0D5E2B5D74CB2CEE37FF00E392EE97E4E3A9F1EF8867A2F434B2D3D1D2D92C31C2A493DAB75FF13E734E433CB3A0CC1337F37539F24F2CFBB9B7F036AC9D1F831CAAD68D2754E90D44C6D32AC6B936329C7E4DACAEEB6262EEBD9F08D77C2FC4F4359B493CD2CAF8E9FD4FE818658EA609A570D449FE4FE6A9CB77F1E8FD07C03E378F0FCBC2F149B4DA58E49A492D92BD3C338FD7856F8728FD62D3C564DB553F0578B6B670D2539791A78ABFBD8EE834975EA78B726BD19B5C9E5A98BE957D0DE3936B7469A7367F833F7354DC2ABD61A4FC346796F5549CABB55F5047425F66560EFF008D2FA99CB571D2C5E5ADCB825FEACA22E66EFE26ECFD79BE31C6AE07E1DA99369679A78E1D3BA73F91FCEB5F27ABAD9EAE4EE59E4DBFC9F7FE39A7C6F1DC43D6C749E7A297EE2D34F2AAB69D4BC33E167A79639658E78678657759631A3D7C3263873DBF8F33465AD8EB9E3B54EF9861E3D37A9A3B39B9C2336F1865A28CA7B9B593460BD49077C750D3C93479BEE3728EEDA7DC3C1338565E67E7F81215BCB4E1878F834B527543E62F1FC441CE341A3A3C935D0CECCA328335CBEC72B03308D1BDCCB404821416A5480A405002A2151A24DCD410159DCA524050A992080AB4A9901215ABB8A669688B429928855821372885212168A21448D25B041310A93D11A37691ADCA56090D34480A9042901A904DCB404482140120850040208003000410001040004100A02082801040004107D805208000820D8505208002904001482000A410005208050520828A0A41051429040004105140410500211A280240582010160095F6164D1B5936BAEE724988E986ABD186A353767AF4356ADD9F39369EFB9BC755286770CD7D679A95116577BB1E3C35F17B3A75E6EE9AFB988B5D5B4FB196A9CD6A26E4AFD07AA939CD1F7B76141A470CF4E9EFE1B83E278B7CBC3E973BF2DA5FCDFA67A73F876970B9FF00F54E270D34BAE3A7CCF2FF0095AECFB8DE511F072C626ECF729D384E0789E3B531C386D36D3693C9E4BCCE8DFB3EFAF88701C3A58FC3F84C355AD96A6BE9A6DFBA9AF7FC0F99C6F15C57139736AEAE78E3B4C71CDA4BED7EA337747AF89F847C3BE12B4F3F896A2D4D4CF1BF2B9725E9EE9B5D5FF03C5ABF18C74DACBE19F0FD0E112FF34C336FE8DE356F4F2649B76E4DF4B93ACC67827D9519973D1BE23E25C7F178F2EB719AF927BF2BD473F1D11E2CB157775F89FD4EEF1661E2D29D8DE6662383493E904F07578FA44E5F468738991E30DC68A9CEA82394F2892743B3C5355230F18CA393D8D62E1B7855D119E59B40378BA6AA4D4EBE7BA3926D77349EC4DF0C7DBF867EA2E2B82FDCE23533D5D2FF00CCFEBE9BEACFD8705C6687C434BE670F9D55A8D3EDF547F35DFB3358F3E2D65864F0C9774E331CFE59CB3C74CE71FD41455371F8F25E547F3EE1BE31F11E1F18B88CF39D1679E4D7F33D787EA8E3F051E1A2DFB593FEA79B7E1B9AE99F499EBF68E27BB8838B16DBD97787E1F53F547C4B34D638E963ED732FEA7CDE2BE25C7F109AD6E2B5395ECF15A9947F966F3E29BF57EDFE25F19E13E1FA6D66F9F565C71DD799D9AEA8FC471FF18E3F8EC9E5C4715AB863DB0C5C5DBC4F0787CBADBEED99E8CEDC3E598E5CBE9BAF6E87C538FD14BE571BAB8A5FE5CBF797D37A8FADC1FEA0E0DE297C53E1BA1AD92EBA9162DBDF7DB1FA1F9DE84A6F7866E339AF7FC4B5385D5E3B533E0705870ED298AB2C57AEE78DB4F75B25D4C3DD47D05A6B3128D996564651982160611210A201016100080B008D0DC002A6CBCC6401AB41900208548012068A181200000000A4800082146C012105F05EC065834468002003500A000018151519BEC2606A8A4A40341AF466BF05A20908D1AA18198486990090400A0C000000040510080B1F913D81017EEC0104280240500410A0080A009042C1009F61F62C7E44F60405FC08040582010162F222F204058BC8FC01042C0048214012085015014012085004821440202C10080B00100007DB490893A395A556E6534957A77D587269A6AA30D2BECF46970BC46BABA3C36A66BD2717DCF5697C334D7FF7BC5E970A9FF95B59B7F64EEC4A3E5B6D64BB3F07AF83D0E2F89C92D1E1B5735E71D36D7F03EB61C47C23E178DE0B4BF6AD67B735CF09DD75ABC7E0F1F1FF001FE3F8BC7E5A5F2B4F6DAE39747B76A6377747D1D2F8161A78ACFE25C5E8E9E0B77A6B5163935E935F426B711F08E122E1386D5D6D4C76596A6555FB64BC23F32B9F9AE55FB90ED8EA3C60E9BBFBAB5F5F89F8EFC475B1E47A98618F8C705FD69F26E69D73EDD4E98EA62FAB4673C5F646B322516ACDDD69794755A96490F236D38D171CD160F564B1CB757DD30F130B27D99D31CD3D80C3C6327227E4EAD5DE98680C3D2F4C9F291D55369203CAB493EC672D15BECCF6BC111E14B523C3CB1423C7C9EACF4726EA4E187A6D28D3155C121CA99D5E1B1878B5D8B9A8E7969F84CCAC7D1E8C377B9B78A48B55E590D35776EFD0B9274E6DB42B315B9D2A30F36BCFE0D36D9869B12951E6DECFA7B30E5E9F834D32410A8DD330D355927B2E615964350854A02C1060CB2334D11A28CFE41A846410176100821608048216081199B961608512085820120858201102C102D48214240A9B8851282A410D42405482068B01592EC2792C033217B1593F20106841179440020858500812000A0827D81440202C08A20DFD958020290010AC0109F935293701041B8DC04106E230842345DC4F2048216140917860A2010082001B7A106C036F436F4361B00DBD0DBD0D86C03610B090093D8DBC9761B0541F52C1006DE885D84026DEC6DECB04026DEC161370006E37000B200202CA4DC01490B00010400465004FB04500090A01520280B5FB2D2F826A3D379F17A9FB3E9ADDB4965FC9FD7F0736BE1BC26A3F92B3E31E1B3794C717F54F1FAF7EC77CF2E75751E797B6EA3CF9E8E195CB14AFA50F3D6D33F88EB6A2E4D1D3D3E1F17DB4D34FF833865A0F52E79E796793EF93ACAF4B2C73EDF93D3A58B6B72D1E3F9697557EA737A69BB13F67D5CB4935B2479F534E3D96C4A3C0F4A77FF639658753DB9E2DA38E5A6D5359A9AF35E5EE76D2D5ABF791CF2493DD19ADB2C1DB534D649B50F3E78BC59DF0CF9522B992DC483CF8E4FB1D70CA3DCC3D377F743C5AEA5895E859A7E4AA3679D4BB1D165193715D5E3E0A93318EA34CEAB34C82568AB236DE2CCB49AD8956AACF6DD06B0CBAA31CACAD35D054A3D152A393D24BA9DF1CE75369A633523C5CB1F42A54F467826F631F2DF62D579F3D3383C7CA87B32C325DBF89CB2C6ADCB89AF2BC6742347778A461A358CB9349986A1D5E2E11A28E4CC33ABC77D8CBC4A31D84A69E2E123406695752AC4D72018948D348E8B18694BB81C26C253B34999900E50B3D9B836031090E9B100C25B886834546602C23404A29521B8128A5DC6E0042A4201203508D01016152A04EA46BB1B588E50310237F2DB0F16061434927DC9CA3940DF2E3E7F8058A661A68DE2168F4D2F6736958766A9CDADC9FD461210B2085C120280205B940083A00C010A201182C2002428023421440202C10080D00320D003345107400000036F2000140800082000208000820014410001040B402080A6C2780014800A0A01B880A010405460AD080A88A121000104004A510080B0240406B6235E0080B040202C007ECF2C55D88DBC55875CB04DEC72CEAA8F2BAD1A592A664665B688F3E9423AAD4CB15B3FE073CF37938C8B5158C9934F75E0B0AC6497538E6BA9D5B6BD9CB2769AC4D79F3C77392C6FA3D0D7A32F15D8D6239C88366DADA423C135D0098F42E5B8E5697833D1EE3D465D5D0D63934F7351357639E49ADC2B4DB6F666F1D46BA9C39DA378E4B2EAD02BD0B24CE88F3A71F5378E6C4576BE4366564A0A660B13E8234C273B9534FBA1046CA9C23DBA028D3C93EA79F5127D8EAD3272D03CAF15E0C454F56782871CB18CB9A8E4D27B43396292B0E8D34CCB7DA1AACB8B5B91A3A35BF424F45A39A54AF146963B95E2C51CD268D249A856BD1129B8A3392861BF27789ADF732F4F7D90A6B97330F72BC5AECCCEE544642B4C90A0544FB0EE01A10D254BCA4188494E8F133230244BA121BEA89372D122821608289B129A6890825FA8AD9A882480CA4696DB176378635D6851126D9D1638A5BF5FA95B496C8C36DB5B3146EE9A5D37FA9CF26A742B49CD89CBE4974737BB90BF2F636D25DB71CCD1707269A3586359A6AA2E2D6205CB19B43935BEC8ED96A2672796E5186A32434F724056608501120850040CA201016080410B0056416080445036F4008501101401014010144026FE017710080B040A80B06DE0150176F0202A14300A8C86802A028050001100FB0FB0003EC02D0000A000010A50320D00328A0028000549E8A002917924F66A2F000CC06801906801906801FAED3E26F546DE49AE63E526D3EA77C35E349D3CF1D2BD3934DF839E69A77AD33966B255333CED6CEFDC42A36D232F55E2E1BAB35D4E79E13A162555A94D4A8F3BA9859B5DCA574CB130D15654ADA65187B171688FA952DB602B49A39E584371A656D35025714E6C4CF746DADCCE49B08E0D6EE954EC5C94EA73FA156BD09B6BA9BC539D4E09D5DCD6396D282BD1BA23C9A64C728B72B69920AB2A1650CA86934842B6B22CA73A54DD22B7B84997174D4A2AB9BDD439658A3D0F0EEC9F2D309AF33C7D9CF2D37E4F63D2F108F4AA2D4789E0FC99E56BB9EC7A4D187825D4B51E658EFD4DAC54EA757A69B0B49BE8851C392F62AD179394EE945B9A58D5715BA2D23CCF41E2BA9395AEE7A5ACFBA33CADF6147972C6ADCE5962D3DBA1ECC96CFA1C9A5B97123CB1868EEF15E0CBC4A392448765A7B52BC411C528CDA35CBDC2C40CCA4789D1626B9681C794CF29E8692D9922251C1A26E77E5F46969DEC291E758BCBA9AE487A32C7957639374A31CBED8E5850808B1DCEB8629F5331F809B4FB906B512473791B78B7B9878811334FA753293674C74B27D4A3937192DE87A570FED11E8C5D89479DB70CB677CB4DAF07278C2918A46CD3442B22E80340090168A16B20D51415929693A8121616C14224243548048214012791B15922F0012100FB851A242FE07E009042C0048580009EC6E36F60150A28DD8024280885A808BC011C6362C5E04026C362EC36F004D86C582010160816A010400004108214054821680A90428A112085A282A344851015208500A01B880A0102404821600A90A0000001F67989CC73A1E5B7539C574F98F17B3378F1292992BE0F2B646D88B5EB7A89BB88F9BBA4FC1E55935DCBCD7B8857AB278E4B667269A39AC9AEE55AA9ECC42B4B2855A94C38FA1969A112BAF31BC72D8E0B2F25C7512EE842BD0D99B5995955D45F0215A689D456D6EC97703392A8E4F13B3661B030F1690C5A5F534DA68CB5DD04754EA3496C71C1BF277C3741552349048D25E510C652378AA58BC049AE8469A4A1B47349F93699346E6C558D444FC9A4C09F2F7EA1E2D1BB7B91D147269C3964BCA67A49CA9FF00950A478E34EC3A639C5D0EF9618CFF0009C72C77D90A472D5C799FEE9AD3C72C3074DAC26F195A6FBEC5473CB51F48CE793CF25B2877F9683C14851E3E56AB7B9CDAAF6511ECF957B0C7876EB90B48F1BC59AE5A91E9FD9DF75FC09F25AEC2A4795A8E1A58A68EFF0022BE85F90D744C523CD961BC44E587A968BBBA2AE1F2C9ECA8A478DE2CA933D8F84D44AB4E7D0CBD178F54291E578EE1607A32D3F502C12EA5A8E4B18836756B63934E90673DD1C5A3BF2D32F0F08B4716824D33AF2AEE8AB05E051958B65E5699B4A1534C0C35B19E5A768991A8F6039E382A75B7A18855577035BADCCB61E465B4069B4D1CB2C533553EE46CB838E5846736A33BE4F739645C461A242BEA0B8890428054821402A410A008D085840108510080B04020858009B0DBC147D809B781B78280202C100904280241D0A202909D0A0152FA10A015208500A904290146890A01482000A410A015983A1A0066FA1D4D0033043427A033042C200820002080008008020850040000820000401029090A0152028057D268CBDB73AE48C3462B4C36669B6A124032F7258E15A232A378E53A86D3E87345D88ABCCD7437CD4C19E66815D1B5E091BDD185922D03A2C9A34B2A7359B34B2A20EA9D23665386965E442B2D996CE9FBAC8F1BD042B169372E5A6D1CF74C44C744E33A61A911E759334B2622D7B30CEF63A268F0E19467A30D47F633B866BD09A6539A69B35212355AA691CEC2A60AE89953395DCA9885764C3673C5C669B215A4CD268E6BA0A16BA369A272A6613DCD2C98855CF04FA1C9E2D3875090BA8E53D848ECF04D186A3828E6EA35836D9B78268CAC23EE51B49323C0D25B151073E40F1675008E2F1F2306F17B1D9A4D1CF2DBA015EB37B64943967927D115D7B19788831924D5673D9A3A3536330D626B9B4478D3AC4C9CA90472865A3ABC489465A39F2A6224BA1D1F431938AA039B54CB4D30F264AD952B49B45796C6399F923CBC9615A791164CCD33CD044AE9CDB91B39BCAB0988569B2366691C2C28D9961F52161468CB35D58682564160812A02EC3605405D88D06821477020A5820128A58201282C10080B04094EC208480AB041B1360AB04242C01041B0D821041B0E802084A20160848200684104010410401042C1B008410020050140206800EC2000D080401041040104104010413C8D90100EA20082082008252B2401210B040217EA200005008FB3960CE6D47373AAC9B0D27D8E4D383461A3B64B732D246B0D716BD996BD9BCD232D6C5461A1372C204D54E1ADB230136842BA7CABD1A31969E58FBFA059BF26D6A767B81C9DEE995650EAB972EA90F9783EC1585A90D2D44F668AF4B15D08B4D502A69F4378A6FA18F979275337A5935D483A2C727D519CB4EA67A71CB17D8AF14D743355E0CB4DAEC65E2CF7BC316BA238E7A697446A8F2A4D1BC338F74E1A78CEC61EDB42A3D1A7A9855BCFA9E859269468F9CB6F46B1D4CD3D9B84DC335EF7B113BFF53CBFB464BB9BC35D33316BBB4CA9CEB4E6B51366B990866B69EE6D3D8E3CC8E89D422D69B32DB299642AAC99A4E9CDB2AC815D564696576472E61CC48B5D9E5B187BB315F917DB10AEC9EC3639A7F52D80ADD4696E73BECD26351B48BCB4CA61E508B5325119B7B15E5592A2E2234C8D15E492E861E542D4C96FBC30CADD30D9AC64529A69339A6E979981726A186F62B6736EF72A0F288E6F2A32461EC6A223666EC1B30D94AAF232F22364654ABCC46C400A85B0118428A400A00000620802810401B0D840D0136F6196080ACC296080A80B042C2A10D424215052C10145B977214A32FA82C100917A104F627B214058202A6C362EC01520851015016080A8582101561217EA015208500A9371B16080A9042C102D480AD12029408202804101521688202947D8411F80500DC4052C1434202A0FC17600A80B0405212405804058461400000002BE8AC99A59BA714C3C8C45BAF42C93238CF3D6559B412BA3C7C197885ABECBCD415878B32F1675A1B4D170D708C33ACDCCB45473682A8DCD88D0C544CB7D912349004E7734B29DCCC2420ECB51B511A5935BC479F74F63B619A9B883B61926764D390E2F1DAE2CC2CF25B5DCCC5AF53454AAE8630C9BC7734B3DC8B9A9969A6B6473CB4A2F67A6A6B6EA71D46D3A329AF3E5A4E1CDE935FF0073D2B554DCCB699AC65E578B46773BB499868D0CE3934FA9D165ECE4D1969A24A57A56A43B61A89F767CFE6699BC75324E8EA57D15920F23C78EBB7D4DAD5BE090AEF4731C96751564842BAAC87318488F6245AE9CDB859338BCA15664857759156470599A59510AF4266936D9C166CD63A9B9371735E85D0CE4C8B53639E595242ABC92273A672CB232F286B30DD76E6A46E9C56A6E1EA0895D1B32E9959DF01B2C4AA986D1879196DD10AD659230D99CB2AB6335B359894CB232DD4461228CBDCC3475E5272EFDC239F288D33AAC611E2A9461223C61D120D01C5A6997A9B6931CA0736910E9CA468159821A4840320AD6E2019DC535040CA11F4350340641A82162D641A8201906A1990200A1A22A01040505104280104000410428041040D87D06C208B48041044041008520801020D83102D361B08202800054A0B040894B0400210A0080B040334BB960D809B93EE6B6102E3229A82019EA2140106C686C0641A82019A28800080740520146DD414036007A5B25DC364BB998B55B09928A21568A4A1310ADA654CE74B441D297EE724CA9B5DC4D2E36D30930B2378EE5565E2DF783E5B4AD46E5951DB0C316B720F347E28E5F4CF46A63C8F6C6AF2616A26E4407278B32D33B3C936C2C6F6404D2CD2FDD7D0BA89DDB74C8F4B24EE28B8E5962A3C6FD40BA7A9CAE34746938D3EA65E18E6AA71FA473CDBD3695BF5242BB73348CE59D4735ABCDB33536A585726DB646CD34A9969B2B2898B472BF04E56BAA0128685687518321A35142345A32D1509E842155385F9B3B1072A6215DB0D64FA9D9649AD8F0F7D9B3AE1AAF16AF43316BD2D3861A69916BA66B9F17DC42B161AE6D88D5E86726D6D0B12B6B521BC73479B98AB28C45CD7B16A4465E4705A8E1AE6245AE969C751C66D65B99CD52C4A89D2B309B4C36225744E197918A4790856DBD918796E2D449442A50583A14A35B04922DA82451531511B32DA20D362986C9CC546D90CD1415A665B0DB865B6C22F311B24282A37E057EC3D857E01424280548216080481A286066085052A410A0090B01409090D1080000A1217B02800000106E048216080485002500004851005008088000140002848500A90415F815F80A9043400CC10D0033043400CC10D120120858009042A420120858202A42435090140371B8121601029B082080B89042808901401D5B33450028A000A54CCB2A605A29280354B4CD2FDC0B4D2CA184CB42BB63A90E8B52F53CC9B36999857A3993529CB3537465653A1AE6AB72958378B683C535B374CF2E4815DF0D78B74579639A7EFD1C923522A89168F169D4F63193DF736B5563D50F998E5D52412B8BF28D60DA7E866AF4226D2295E84964A243E5EE72C751AE90EAB5328AA404692EC7373C1D9E49F532D55D0838349F632D1D5E3BC8478FD461AE41A66A42F52A39A295A8C9001488DA6A7408CB4BC186B73ABC93234073DD1799C352964032B368D2D432D1235D0B315BE64FB196F7A48C4034B23499CE4EA2B08E9CD373AE39268F356CAB26BA122D76693665AD8C733F4399C05590CB2F37923682528A426C51AA2D3254C0B4525250556C80306EA31408129494414157A8828A0A4215901482014151A746E5A282A02C2029034280520858428410001001B0282080146890AC028908122C054821480A80D10150143DC15042C1202A410A01448414505090A0153A0A500A9452826AA4A2140120858401042EFE83D80904145010414501091968FC80820100740000217E8007623288000A009042802410BBFA0048468D102A460A00D4104F627B08001809440800858428085842D0102DBA8BB0430AB4509A5D83DC15798AB233002BA2C9AE8CD2D47DCE299AA0AEAB346D649EDD4F3A6693688B5D9E38BECA987A7DD6C31CA15EA74242B0D64BCC076E6C7251A461E2BB15184CD2CDA32D4201D16A2F06D6AE0BC1E7A510AEEF5316F68632C93309A2D104EAC30CCB6515EE4811482411F62840490BBAFA144BB1411A49772250AD37D8862F2E2FBA35C984DE185B06DF4A0A3582EE8CECBB12D62835328DEC8CC375782428CC0564810EC28640291FD0A80128A000A280028A4005A40580A80B04088216080480B0402085820548216118082000406A08066086A0806443508D14482140101608FC2020858FC20112121A1009042C1009042C004821401206B62880667B10D4240A904296019821A827D40CC10D41BF80330434402410BF612904821A9EC917905212167B10093D86BD800209E8001F61B0FBB1006C3610401B0104003EC005190A0080A2013EC3EC500485D806806DE50D891F840041000100005AFC0A2081283A8801443B800A1485DC1402141400029D404015532D5FDA3201560813D850552A331F9282B5B04D7D4C840AD583999284C8B5AAD8644CB4A9593448568150B490B014A4658015906802A150828285EA46C260AAB6349D462953DC15B23444C52152068A4812A42334D11B452B20BD508150160680CB058204641A8202B20B040540500A80B04050082000208042880000C80A068A214A93D0858202A410B0901482082029008202804101424F658202A47E4A208004091601208000E804100010400041001216080A9016080A0A2080A127B2C1015208002904002836F0208020858481290413D8906A9040081F61000100000082013A88580254052405414A02D405820023DCB08023F2279001480080A40500A02C13607880BF6401E25F42FA2C10225F451000800800081201D0068240016080000037F21750175028B01182B4982228283EE040517D4A9992A606AEDD01284C0D4BDC8D7B143604603005A40006DE421B0F6114AB63299685AD22B5ECCD1441A8BC8334502C234291B084805016960A19014000650400B00082081B781F41041000820803EC201169BF802BF0042E84854208500820886FD9137F05637F004DFC0DFC177F037F004DFC0DFC177F037F004DFC02EFE001042C09053721A9EC8D7B06A02C01101440B5052C101751EE216080BA80B0405D40582010160804058201016080480B040210D4240202C10080B040B52085282B347D841004F420DC7502410B0410A90B042CF642A6E49ECD4F6480A91F9058205410B040913A0A5689000DBC082000208169041040103D800897D168820101600BE0000C9B85B9604BC808BC90D45E19205405004288014800052510410140200106C6880480D00CB2528404280005707D8A0408A45D40A00000000000B400029B0D8A021001F5180C8561162D0004400000064DFD80EC0000002A0000214A201042C240007E4BBCEE15006AF6100083F23F211202A45804642C2C0320D4100C835040320D4100C94B0402083F22052082080A4242CF627B02405DCB00C8350044000101A00641A015906A080641A846040510080B040202C00401801045E409E980684280320A0080B00101401086840320D0FB120C94BF627E42842940CB05602A003EC0A000149EC3427B12010140101440202C010821680204214008000849B9AA408410A0090B00A020800082005500836052085011208500483A1440252C10B009042C0042C22EA52041000104002104000010400180020481501209B94011210A28548214044821401208500482140120850049EC4F65820127B091604020800082014041051404105140410514041051404105140410500211A2802085800904280242C02811A10A009042802410A00904280A80008070000045E0400041000820010400047D89B9450A410002410A009D44F4583A78024F446BD1AA4651209B1401202920000BB8D11885842041050040500212140120858201208583A05483B169008FA81001608582042080008200169040508901A240B5208500A2420E8282AC2345102202C10080B04F410820002048150120289E808217601520288344458000820010820DC6E028EA37100410A40100ABC0ABBA0006DE06DE000836F0004100010400041000104000410A0080B09006E0B04054058202A08583EC0A9042FD802A410A015208500A9042FD87D8152085FB0FB02A3E8214750202C1022085802E2410A009042802410A40104000410001040004100010415781F601041F66502410A48FC80820DC6E02080006890A0041000A9042EFE07D8080BB08112068B0340A904000410001000008D14019854800A3420016A02C101501A846A20540D1480A410005200015A820820420820481482082008041020208202904104053EA0A9080A2442C100082080208208020820802010A930202EE0080B0405410B040548216080A9042C100411F92C10091F910B040202C101A08988204A6C3610405361041014820820290409080A4104105290410414A4020829410410529041041420821A5D00CC1B9440208582012085820A2410B041441B9608289B8DCB024048215A1009042C0D0120820DC04106E20A5085820A542C10414A4104105290410414A41041014820DC6E0A6C23EC2080A91F810B04066A41B960814DC91F92C10093C921A689009042C101520851414216080A80B04054DC42C1B812085DC9B808217724010410401041040234215A24052082080A41041014DC31040540581A01041040100802A8104085F41148001520D02A085858066086A080641A812024058201042A420120858200A04102500836052FA05081536F60A201016080410B0402410B0414482160828010414009EC41420858201208582012085820120BE8B050208510080B0409E202C101E2410D4101E33043504078CC10D4102B3043506E067F23F268019FC94A201042C242041041004104100410410040208C010D41D0084FB1ABE982CD4ACFE44342790A91121A8204F19821A8210F190568407880B042AA02C10080B040202D1D409042C1009016120002080008200242C1050843508D0A2410A20A2410B040202C1008216080A9B0F48B090141441014242C102A410B0402344869A100CC10D4102330435040ACC06A0E8067EC0AC750240528190680290410401041B9520202C10224058503221A100CC2C2C26E0279242C2C0202C1009042C10080B040952094B0A902B3CA21ADC6E42A42435B880AC835040564A58202A08548B015906A08159821A8201908D412012085820120858584A3301632C14641A848289042C1054D48215A093150821771B8A2410BB8DC512085820A2410BB882AB221A820AACCF627B350414667B2C2C1051202C10A95016080A80B04054058202A02C10152085820A54DC42EE20A8CCF6585820A2410B042512085821449442C1B812121ADC8D30A9042C10954849B1ADC6E28C83504146608585828CC10AD08289090D410519821A821466086A08067A02B42044058202A410D4240548216080A9042C1015211A35B8852B30B042C0566086A12054821608046890D342019821A82019821A8201980D4234040582012085837062405DC0559EC4F659F510544821601448548410506842B13602410D424209042C1051208692100CC10D4100CC10D4100904280CA410B0402410B0402410D4240B890B047E0B009042C1026A410B042512085821448214012085821289042C105120858371421217710508214414482140A2410B0B051982160804821A800CC10D4100CC10B0402410B0402410B0402410B0B00CC10D4100CC10D4100CC10D4100CC10D4100CC10D4100CC09161601981A3504F416B3042C102242B42140CC10B0402410B0402410B0B0A33042C04A2410B04146608585828CC10D424144821608289042C1051208582144821401211A34D04044BB085821289042C10A3304350900901609E808217EC2012085820120858205CD46890D4102B304350019821A0066086A126E048123504032D121A6890B448216082890160146845E0D410895982535040566086A120448580008202EC0A9042C101520858362152085D86C0A904350405667A10D41022410B00120850048486840B8410BB8144820002083B9482410A05120850289042C1054482160828902458201209E8B00DD127A10A20A2409160142083A8828741B14144D86C5004D86C5102A6C362C2C033B0D8D424144D86C5820A26C216082A54848CD428AAC4DCB0D4241448216082A2410B0414A9042C1052A410B0414483A16082ACD4D86C58582A33B0D8D424054A21A848289121B140A26C3628255494245028CC10B0415081A005549E84F4502893D08513714482160D854481A2EC0B8ACC2C2C05120850644820002085D8434242346A1201208582111208503048486A08519821A8205ACC10D4108565EC2AF46A080ACCA21A8202B30435090A548216084A548468D116E52A41D363509015360500ADF2C0D6C6DA243233043504F428CC2346DA330B448216082890B0410210410B082410B0B3E8066086A7D04FA01982160804821608048122C2EE048216080480B0403221A8210A9042C10A548486A080ACC10D413D10A410B040548216080482140120852C03304350403304350403304350403304350403304350402410A009042880ACC2A458202B2D048D40902B304350406EB3043504033043504066B30435040566086A080D66086A0804821608048216080C4821440B5980D41026EB221A82019827B350402410A00CB421A8202B30435090152086A08066086A08066086A1202A410B0402410B0402410B034512086A1202B2D121B822F442B3042C101484858214ACC2C2C1015208581A0242346A08066086A1201208582012086A08066086A1201208584800160851982167A108242C104284242C1009016003AC24353D0D8CAB30434D120448486B6100CC13D1A6893D1449E890D4F421066086A08044842A427A02410B3D09E809042CF427A02410B3D16012085D86C04821761B012085D84020858210482167D4B00CC10D410B44484F458201982160804821A8201982160804854842C1E09042C2819821A24F40482167A13D012085858067710D242019821609E8782410D0687833042CF427A1E090167A13D01042CF427A024059E84F404059E84F404059E84F404069200641A8988064167A13D010167A13D0120859E84F40480B3D09E8082167A13D0F048216163F00ACC10D4100CC10D3449E809B0859E84F40482167A13D012086A080ACC0D1A23480CC10B0B00CC10D5F42019821A82012121A81A033042C1082410B0402410B06C5A2410AD0182410A250242435B08066086893D0120859E84F40482167A13D0120859E84F4048486A08066086A080F19821A820359821A82168CC1B1A805190680A3A410DB449B99565AF6486DA090A8C406DA24146608582168C89FDC35041466086A0828CC06A08289090D2420A330435041466161608289042C10862410B0402410B0402410D24370330435B92013710D6E3703304FEE1A48B00C42C35040313FB821B82019821A820198486E080627F70B0D4100CC10D4100CC10D4100CCF621A820199EC435040330435040208582019821A82019821A82019821A82019821A82019821A82019821A8201202C100CC10D4100CC10D4100CC10D4100CC10D4100CC10D4100CC10D4100CC1BF9350403221A82019821AE9D8019821A9DC403304350403304350403304350403304350403104FEE1B820189FDC13FB86E08061210DC0062034D12012086B71B81906A2F022F00660858201208582168901608288486A0828CC2C2C10512121A820A2421A6841466086A0828CC10D41054667B2436D120A2410D410556610DC2414641A8051DA7A10DEC3630AC344DCE8D120188468E90408C24468DB427A039C10E93D127A2D18821B6B6EE27A628C3427A3697A105189E84370414627A10DCF449E8519821B9E84F45A3304353D09E89466086A7A13D0A3304353D160A31B8DCDC10518821B849E85318855F43703428CC10D2C472FB14667A13D1609E85123F023EE8BB8828CEE373504146771B9A820A33B961608291210D4105192C2C10522413D16082893D085827A14482167A13D0A24F427A2CF427A1449E842CF420A24FA085DC41449E842CF45828CC10B04144827A2C10512086A127B14482167B13D8A2410B3D88289043504FA8A333D09E8B3D09E85127A10B3D0828904DCB0B052333D09E8B04F42893D0859E84F4289042CF427A14482167A13D0A448215AF420A320D410519DC6E6A0828CEE373504146771B9A820A33B8DCD410519821A9E841466086A0D851982167A13D0A2410B3D09E8519821BD86C28CC10D410519821AD893D0A2424353D09E8519821A9E84F428CC2C2CF427A1466086A7A10519827A3504F429199E84F46A09E85199E84F46A7A13D14667A13D1A9E840333D09E8D4F420199E88D6E6E0D80C406E7A007781A37109ECE75A8E718699B9EC342AB108D33A410548E7188CE9090B48C4648CE90414738C4674820A39C6233A410A8E73C97951A6B72F2FB039F2FA1CBE8E904039C6233A4F627B251CE3119D27B090AAE718499D20829188C919D209E851CE3119D209FDC151CE3119D208291CE3119D209F415239C6233A413FB8291CF7247E0E904148C410D4096E5232D324674689370311886E0942B104373D8813588586A7F70403301A82031906A0815940D41B04641A8360320D6C3604641AD86C08C835B0815906A080641A820196AA2466E09FDC031188CDCFEE09FDC031188CDCFEE09FDC0329440D4100CC10D4FEE09FDC03304353FB82019821A8201910D6C20359821A82048CC10D410135980D41B01994435040B9F8CB06A08066086A08118821B9FDC100C42C353D8900C3421A8580C62086E3F027B0AC410DCF627B03101B83940C4BD8466D2827F700C410DB5EC40311886A0811981A3504033189E4D4102B304350406B304370CC089042C101A9042C1008D121A8205CFC621A8582019821A820B8891926E6A082E0CC2CA59FDC105C1395126E6A0828CC06A0147A6086E087374621394E907281CE0874E54220473821D212023104F46E2101189D890E90445A473821D22111691CF9443A4105239C1CA74884148E7043A72AF03957825239C091D3949052330729B820A462126FD0E904046208748484231CA48749E872948E70436D08291878886DA10548E7090E908D0A461A096E6E085A9186843504148C3425370482918E56586A09E8523304353D082919821A827A148CC10D41052330435072BF229198486E082919821A820A466086A082919821A81A148C6E373704148C6E373704148C6E373704148C6E373704148C6E373704148C6E373704148C6E373704148C6E586A0485233043504148CC10D4105233043504148CC10D410523304353D09E8523304353D082919821A827A148CC10D4F427A148CC24373D0485231CAC4370342918826C6E082918DC6E6E082918DC6E6E082918821B827A148C46C72B3704148CC10D413D0A462086E082918821B820A462086A160A462086E082918821B820A462086A09E8523304353D09E8523304353D09E8523304353D09E85233043704148C410D4F420A4660858582919821A9E84F4291980D4F40523D5CA163E99DB1D3A8E8B45B473AEBD75E578FA272FA3DBF21B461E835D853A6BCBCA363BBD27D2197A73D8A9D35CA7A0D1B94AF065A4DFEB9C42236F18890523310E535CABA960A8C410D3C68828CF28E5370414627A13D1B820A313D09E8DC10518E5243A4105189E84F46E082AC627A13D1B820A4627A13D1B820A8C42729B820A310729B84828C35E84F46DA2342A461A10DC23429196890D410B48C45E06C69A105233109E8D411A62A4667A13D1A029199E8434052333EA27A3405233043405233B886A510558CC243704148C410DC105231043704148C42C5E0D41052331088D41052331088D41052331088D41052331088D41052331088D41052331088D41052331088D4105233108BC1A820A462086E082918821B820A462086E082918821B820A46609E8D480523304340523304F4680A4667A13D1A02A4667A10D0148CC13C9A128A4662111A820A466224F46E082AC621623504148CC4223504148CC4223504152331088D41052311886E0829198843504148C4F421B820A462313D1B81A148C4F421A820A466088D42C148C44223704148C44223704148C44223704148C44223704156311086E08291CE7A2CF46E048523117810DC4278148C440DC008FA2A4D8AB269C3A2D06BBA0F463B51CABBCD4C751DEA8EF8EAA4B78CE0B41BEE6D70EDF744DD5CCD6B3CB0C97439CC138E1D1684EAD19CF42F46855F5563A2FACFB4319E3A6D45FD0E6F41E2ED4C8F07D4B9ACEE2358AEC72787A3B4689196B3B8E0F16B7243D3CB7632F4CB4DC71E819D39191E2D0A91CE161B588685239C10DC10523104370415231043704148C410DC1052310B0D4105233090DC10523104370901198486E085A461A243A344685231090E908D0A473689373A4242D48C3421A684148C410D3427A148CC10D4F427A148CC10D4F427A148CC10D4F427A148CC10D4F427A148CC10D4F427A1523304353D09E8519821A9E84DC519821A81A828CC10D4F427A1466086A7A13D0A3304353D0828CC10D4D84F428CC10D4F427A146608692A20A3304353713D0A33043504D8519821A9E84F428CC10D4F427A1466086A7A13D0A3304353D09E8519821A9E84F428CC10D4F427A1466086A7A13D0A3304353D09E8519821A9E84F42AC66086A7A13D0A466086A7A13D0A4660353D08291910D413D0A8CC24373B81462086C0A310B0D4A27A1563304353D09E85231043704148CC7E090DFD84148C410DCF412A29198486E0829188C43704148C46586A084A4661616410522410D2544148CC10D72B1CACB48CC10D41052330437CA1624A4620874E52F28A47285874588E5DC5239F2FD01D5620523E93C735DD9958E7D633DBC98B1CB36872AF57579B14D2DD32AC9636EC7778A9D0E5969F37D8526E39BCAF46475AD9B1960D3D8896495EC2A6B2D3E8DEE395CDCDAC6BAD8CF24948311C1C5D826BC06EB243551B4F1EF0BFB8FC1CE55049DC247658E9B4EA5F939E78E3D91137366425D5872A23C132B4C4F65ACC61E9B4F632F17E19D770291CA3119D7950E542A472821B69120A46611A8748482918821B820A462086E082A462086E123148CB4486DA24148CB4468DC10B48C4F41A37090523108D1B68342A4736890E8D120A47368246DA102462086A0808CEFFDA10D4102B304350403304350403304350403304350409198373504046447E0D410119821A8202330435040466035040464435040466086A0808CA421A4840465A10D34202330435040466086A0808CC10D410119821A8202330435040466086A0808CC10D410119821A4840466086A0808CC10D4102B30435034066310D0480CC10D4100CC2437040918859E8D42C0462048DB4122D23104370422C626E586A0481199E84F46E0808C4F427A3708D02310A91A81204D66086E088B49AC6C21BE510949AC4F421B8585A4620E5F46E160A4738123A7285892AC6231CAFC1D5628AB14291C797D1797D1D796162252392C7D15633B1D220F61748E7CBE872AF074FB0EA29189E88D7A3A4105239CF40E900AB1F653A6A55B984D79369D3957A98CB187367A6268C65A57C16A6B83C5136A74CB472F28C3D1CAD1521924F1870CF07B9DF933C5D86734DF62E6B3B8F372AEE4E548E8F174C34699D6761B1625B952BD8232D11A3708D0232902C2302D2510A901983A1600416E594854D821CA65E26826291878C10DCBE0340DC738486E08FD048C413EA6A1602313EA27D4DC101188468E9090B48C40D1B820A472821B68415239B4487468404736890DB420A91CDA2C34D7924153712121A820A332890D0146183704148C03704F62918821A820A466086A01488486BEC80A46608684148CC10D4105224243504148CC10D41052330B0B04148CB06E08291894437041462161615262919821A8FD082919821A9E84148CC10D41052330435041466127D4DCF420A313EA27D4DC028CC10D3028CC10D01466086841462161A820A466086A082919821A820A466086A0829198585820AB9890246A7D0B3E82AC65210D24CB20A312B121B7D364162DFAFA8A46252AC5436F1120B8473689373AC0B1170CC738394EAB136B042E11C1211FD8EEF4FDA0B4EB15638C5E0729E9F94D7533C8FD0B8470E52A475E565E4F68948E502C6F63ABC521011CD630D2C4D3D894AB122111651CA2918AD97735012A4627D4246E04852313EA586E1640B1CE121D60808E6903A728047D8F9182E83E5CE87758DEC5E5DCE55EBEAF3AC5A3491DB942C68A7572E5BD82D3A77588E5629D5C1E9539E5C3DEC7B2160B13A57CD7C2B7D8E19F0F927D0FB13D07826BA17B26FCDF171D28F74755C3E2D587D27A58DE88CBD243B33FE6F979E8A4D2872CF4334ACD8FB58E9E2BAA4FEA6F9719BA5F81D97FCF1F0169E4D37364E1995C4B73F43F2F4DA9CAA7D0C67C2E9BE892FA243B26FCDF0B91AEA48CFA7ADC165BF2FF0033C59F0FA98BDD2FC9ACD73DE1AE5072FA37CAD754216E3335CE11A6BA3875E56DEC6F1D0792DDA26EACD79DFD4A9A87B74B0D3D2FF124EF954B9E3A19BDAA7E9415738EBC2926C8D1DB53058BF4739BFA2E6A6E3304372125F22A4666C21AE52F2C148C42466E4EA27A148CC243A6FE111C1563308D1B84D8A8C424370415230D121BDC905230D086DA2415230D086DA24148E6D086DA10548E70436D08291848B0B00A44821609F5148CCF42160148CEC3AEC6A082919821A820A46616167D4A90A466086E120A466086A082919821A820A46522C2A4582919821A827D45233043704148C72FA10DC2482AC65A10D0148C868D11F51489042960A919821A84E562912086B94728A466086A082919944369156345239C10E8F184685231043504148CC10DC110A462086E210558C42A46F94AB1148C728589D162CD2C4558E5CA390EFCB034852382C606A1D599685230D121B86962D8A91CD29D4D369AD943A2D36F7D8D724F02AC7258D3A2D35DCBD4CB4C9560F0C57630D2EC6E4238291868AABA6D634D2D37D58A4670C5B676C7189281441E5F90B15E34CBC5223C9F9236BCB141B5E0CB85D99203711921A69015232D086B640558CA421A9B869F682919821B68462A466086B611FD85222425349015598548A54851980D8147DC4CB4E3F307353947A6BAB613392C8BCC215D532A671591A5908B5D7A839F30E610AE94539F30A0ADFD48E116E54845CD04A12349906794466E928078A8B7DCCE5A69F546A8A3D263CF9F09835B27F93CB9F0A937133E936737B96B3D71E0C785ACED8F049A55B5F7FF00A1E8E85B10A931E7CB80D39BB7F932B82C317B37F93D2D923EC5A47CDE27472C6C471586492D8FA99E2F263E5CC574E85CD63783E5A4FB8E5BD11ECD4C1D261A6F9AC2D67A3CBC8FEC65E27B75936A42696924DB629D5E3E5F24E5AE23D9ABA09AA9F7338631C629D5C70D0CB2E86B5785782B4F6E962AFDCF43C135D495AEBE3E1F2EC468F7713C2EEDAEACE0B86D478F8FB17358DE1AE1090F43D178AAD9C9ADCD33188279341A047368436D5DA058C408C34486DA240918821A683452311068D40D02310446A081230D086DA10118821A82023304353710419821A8202330246A0841981A7763504291910D410119821A82108CA45858202330A91A4840B98CB4216080989091335042A4660E53702541188696351A589794119E50B166A434B2694EC4AB185A6D8F96D1D566CD3742C70E468729D5B24A08E4F11CA8E8F170918239B50A6E32BC68A47210E9CB09CA5231043704D8952330B0A9160A46615234930932AC1628D2C110520D7220F148C324035B11A4482011A5D84351F62AC1B046122ABD8ED8E837DCE8B422DDA2558F372B7BD2AC3367A1638A7D7734DC5B0AB1C16935D4DF2A4BD87918E6A5235CABB939714292911A492E86B67D4E4DAA2946F2E54B6EA66DEC66B7D8D2C32CB748C8913EA6B951B5C3E6FBFF0003A2E1326F7C97E0B573375E6692330F6AE0BFF3236B814FBAFE24AB9C1F3DA0953E9AE0F05D5A7F93A63C3E9E3D855EAF95CB7B52AD2CDF4C5FE19F5D6382E86D2F02AF57C8FD9F57FD2FF0CAB85D47D53FC33EC6F37319E2D8A757CDFD91AEB4CBE15F63D79E9AC7A2671CB5325D3062A6E392E1E2DE997A71EFD0D65A9A8FAE2FF061BC9AE8C5677FF069230D22C7FE97F80B16DED8BFC17C22410E8B4B37D13FC1A5C2EABDE6DF464A75D7180F47EC9A9DD7F06053AEBB2D46BA97E63873684708DD745A8CAB51F739A454BC8335D56A32AD487250B612355D7E6156A1C6FD49B8857A16A234B33CFB9536215E859C34B511E64CAB24BB88B5E9E7A398F373F834B3242BD0B2A5A8E2B30B30B5DEFB17D9C965B1688B5B6C8D32266BEE06637D8BCB4D2686C0458979506D12813915EA478EEF735CC854071CF15E02492E9B9D3268E7521598CF2A6F7439316FAC0F53193FA19F98A8A4C6B2C148725A4D3B0E9F3151CEDEC8B5262E2927E0ECBA753CF93C898ACB27BB7F922DDFC76CA64FA5319B4944953A61A69F5A6B3D1C58AB375F2B5F2796517438BC626E9F475387C5664C34304EB54D572EAF9CF16959B1BC34B3CFA2DBEA7D5F97864928BF074C34B1C57442EAF47C67A2F1EAD9869AC963D59F79E960FAA5F822D3C13DB15F8174E8F8AB43572E985FBA267A3A98AB9633EE8FB4F1B6248F1EB7079E6DB5975DFA8CD3783E6CDC8D43DCBE1FA8BBAFCFFD0CEAF0D8E9AEB596B1BC5E381A36F169B241524660856842A465AF427A35042D2310437041461A2437025B8A466094DF2B7D0BF2B37D17F12523942C3B2E1F51F65F9378F0AD27CDD7EA29D5E68233AEA6972B665E2E59B0A75D620869EFB11F58F714EBA80ED870DA9A8AE18AFBB46BF64D74E72AFC92ACD79E03D4B81E21AB17E43E0B885D97E455EBAF2A421D9E86AA7BA5F933C997745B89D5CE0875F96D124EA29D5CE161B94BCA08E50A91D394AB06C11CD2DFA1773A7CB65E481638CF28729DD69D2FCB82998E0B1F2CEAB1F274492EA8A291C9E03E5C3A368CB629B8CB48C35E8DF52342A33032CAC40B1863736D6C4742465A443704091848A97A35034D019E8542328588D91A6594B1823059E8D72F92F2A7D011881236B4F234B061630A266D64915E3B11A08D2D46BA07A8DF730D1111A693CAFF0050F998569B4DF8039BC5AEA844B73A655916964C548E6DD246F63D386944AA3BE1A78C90B5738BC38E964FB1D31E1DBEABF91EF5A78CD922AC12335ACE0F361C2AEFFD0EB8E862929FC8EC924526EB5D71CD62915246C9B12EACC163DF71BF91CC8730ABE11F96C3F62DD84A5A7829E4AAF609246934404DA669E4999A88F240B899A4CC3D34FB2FC1BE75DC8F5103C61E8E2FAA48AB87D37FF623CE99793F2567731B5A1A6BB27F641E3A6BFC8BF0727A93B997AABB953C77E6C574C107AB17448F2E5AA8C3D4D8258F53D67E81E27A8C03B3BD4FA9547B1E75A8FC956A3F20B8F4245E5A705AAD770B5DF91A5C77E54394E4B5EF566BE725DC42E37CA1232B593EE3E6E3E508B71B827B31F3979445AA9F710ADB42232B35E4730856B629959179842AA6CD6E62F80F2642B74D733F28E29BF6696416BAAC9A34B51FA38737B1CCFC916BD0B3FA179FE879937E4B5B05D7A1664796FB1C5361B7ECA576E67E8731C6BF65AC42BA3CA91C7D8CF37A2AC978114E54FB6E16293DD334B2F013F31935304B07D532A5827527F9153EC82E50ADA58B469638F8309A4696482E36A2E856E98ABC8ABC88B9A6693761C9C4F64746D3465A4D888B8386AB6656C6BB08349954473ACB588AD348C3C51A5B95AD826B834727A6F3752A77C96E30885498F2E7C2679AD925F93CFA9C16B60ACBF44FFD8FABCCDF72DAA357EA5CD3A66BE13D3CD38F07F8272BF0D7D4FBBF2F06F7C31FC1CF3E1B4725FE157D22D637E6F8CB16FF00E83E5E5E1FE0FA9FB1E176492F1FDB36B87C5764C54E8F91F2DAECFF00055A59BE88FAEF87C1F5C52FB197C3A5FE18853A3E5AD0CFD07A59A7D14F47D45C3E2BB95E96095898A747CED2D26DABB1ECC34B14BB8CB49A771DBE8165A8B68FEA29D5736B1E88984CB7683C73C9EE99D71D39DA223518F97837BAFE25CB87D3C948D7D19D39527B1A4895663C8B81D3B7F7BF275C385D1C1D58B6FDB3AE4DF639F3319AB31D7098ECB65E0D37B9C936CDA5935DC2E666355F9356A311A7B953D80CE78E39754735A3A76C7F93ABDF7225B8A92B3F274DAFF0FF001672D4E1B4EF47F93D2911A4C1D71F2F3D078AD8C2D3C9B90FA59A4FFCB4CAC15DB08FCC2D63A3C2F4324AC645A792EC7D27855BA0B4B19BE2853A3E7AC32F0CD2D26FC9F416963E10F978AEC8B57ABC4B49A5DC3D2FA9EEE54BB223C578429D5F3DE93BB263E564FB1EE6B05D911BC52E8853ABC0F4DAEA8E6F1FA9EDCD2776393C57819ACEF18F3F2C23474CA23936DBD8B58D12658499CE8C35977A01FA2A57B1949A66D3032D19959D39727D8AB077A0AB1CA4F26A27366765A4DBE877C7876A3E4BF614CCF5E4F96DB8932AD1496F69EFC34958F09F626A69A4FA4256BABC8B494EE1E08EB92696C727CCDF719A911E38AF265BC5742B4CCB4A153711E797A84E66C343EC0859DD8BE0D2FA08DF4C4B4889366962BBB0B1CDBDB170DAD26DEEE10CCD458E3E7F89DB0C13EAFF008970D0C66EF73A2D24BA3256F31CFE5E3ECD2C5237C9EC45E41113F6CD2667641E49740375A27335D4C3C88F2A45BAEBCC39B639268D26431A6C2DD912A8E893F102A2C5886926BBC23C92EF40CB890AFD11EA2F14C3CDDDB1607479344793F47279E6FA62CCFF00C4CBB345C65D5E6FBC30F3645A5A8F7AD132D0CD77651A7AA8C3D4465E967E199F95978626234F55AE861EAB7FF62FCA7DC3D3DBB087AC3C9B236CE8B4D77D8DAD3D35D5A6547058B7D11A5A59BEC774F4F1F06BE6E09ECD10CC705C3E4FB03ABE212E8C0A3C68A98D82D9959847E588D15334A30AC3D853AAC6956950472DFC8BD8EDF22F744F91BF504728DF9226775A0FCA1F29F804735935DD859B4745A4FC6C1E935D878ACACCBCFED91E065E3078975D164DAD99799F93924FB1795BE842BB619793A3E567992CA88FBB0D57B13C1F65F80D6176FE478EB4559FB1316BD6DE0BFEC46D3E879934FB9B4DAF20AEB6156EAB70E2B368DAD54BA906DB4BBB157931F313EC39905ADEDE4AB25E0C2C91AA815B5927D8268C54399760574E642A39DBD06E16BAD099CD368BCD0257459169CB982C878B5D2FB15C3098A42BA266A9CAC2A682D754C539A65E6816B75879331CCC5F20AAF713D939A15B034945426CCAC8732056ED53A0E8F731CC5B415AA4DC26510A3B08BEA1B3367722DC5FBB26DEC9CC854D163355C26CBB2250C0365E66FB98DCAAA5D068DA45DD1CDE702D54C8ADF347D03C53EC97D104EEE1F3782A32DAC5EE55AF8AF273785EA55A78ADC0E9F353DA236B24D7447253A2474494053BEC5B089A465E416B6B2D895538BD4EC672C9B05774D3EC8D54BB23CBCD08F5677112BD4F2F439D1E37C424BA9CF2D7796C98895EEE74BB99CB592D99F3B9B26FABFC9BADEE589D9EB7C4CEC99C9F15E91C79E28D186F99D8589BBBAECF8AF482D76FB1E7E56FA20B0C844F5E959D0D55D4E2B0CBFB6745864BFEE4FC2EB8E58657AB645A6E9EA58B5D51A4BD1692B8638C5B8785EC8F44BD84F42AF5795E9DED0B869F947A625D8A925D9129D585A559BF969765F834B25D98792255982C57848AB51A646D3EE1B50131A5A9DCE79E4F2CBAF6236BC98DEECCB155ABDCE6F157A95A6FB99E56246751E2BC85A699AF96D9B58465A46570E9F70F87F0CEEA25BB0F2F02AC79D70D93F46F1E1E756CEAF51F932F2AFA92EA4C6B1D2C52EACDAD3C175DFEC70ABC95673B95723BF262B744711C5E4DBD9B25664AE8DFB30DC33B921A469E465B6FB15445B56C3463766962CD2C327D8AF06BAB841162AEECDA496D133312EA2A4E05CD75AA7442B7DCE4F3439D790B71D1A6FBB33CBB99F9897727CD5D284B8DBC524225BF5393D4FB997A993E88B12BBBDFB253C196D2EE716F27BB73EE736BCE42257ABE6A5DD997AE8F23E5F3B99057A9EBFA39BD77E0E4B62D2B35A7AB93FF00B9979E4FBB5F725BD46DD682ABC9F97F927337DD88014AFCB009B02A826C04128A67985D8D44AD262C329969215B593455A8D7639AC9179842BB2D76BB335F3EAE8CF3D439BD88B9AEFF003531F30E150A215E85ABB07AB7B33CFCDB752AC9AEE215DF99361B382C9AEE5E77E490ADB0998E6DA0E6115D1B88274E7CC5E6106B6646B72730590895A4CDE2D35B9CADF4697D44335D92C5F72BC707DD1C37F30BBF9246ABA3C576682473AFFD45590896BA1526FBFF00039F31AC7512F7F71155AC9315DE869EA27DBF899E64FC08AAB27E0D2C8C3C942AC92EC215AAC733F0C9CEBE85E7C7D08B70E7F4399F8236BCA32F2F62171D399A1F321C9E5EC9CCEF5A225775A8987A88F3BCBC6C4E68215E95A883CE9E6E7655988767A399B349FB3CDF31F91F31F9116BD49AF26B99793C7F332F2C2D47FEA242E3D953EE363CAB37FEA34B37FEA10AF4586AA3CEB53D956A7BFE222DC7759241B6CE3CEBCA0F57C3FE22171D6EC4792397CCBDC73510B8E97D95339732F2167EC42E3AEC3AEC73E75E4AB5127D442E3B249753552DA1C39FD8F98BC885C74693EC6624FA187A8BC997ABEC6E15DD64907A8BC1E67A95F5273BF2489DB1E879D32F238F37B1CCBC961D9D79BC1AE788F33D44BAB1F357942171E87A911CF2D5ACE4F2BD1913F658CD6DEA3B122AE67E8CACB04B7948F57C38215B93AB0B913DD9C72D4ABAFF00139BC9B7D442BDA969BE9FCCAB4F15BA3C2B5325DDA36B5F3FF5310AEF93E5EC639ABE90E4F51BEACCF3BBD4171E851AE822E90E4B576E9FC4DE3A98CDE505C591F42C27362FBA1CEBC82E368A99CD669BFF0011799791B8575592F23991C5E57A3335F96215E8E653A8792F279D36FB9A4BD88B5D39D11EA2311792F2AF2215AF9ABC11E748F1C7C8492EE214B932AC726FA84CBCFEC428B16BA962461E7EC9F33E9F910AE854D438BD4BDD139D5FF10857A2AEC4A8E2B5179273FB10AF4732861E48E2F53D939D776226EBA3CA92B31CCBB323D44BD885755935B1798E1F31B7B21CD9BE898857A565B07923CE9E6D6EDA2C6FFCF3EC215D79979157931CBFF98453A8857559236B34B73CD67715FF00A8171EA7ABB758737A91EEE9C1B5FEA2269BFF001085767AA65EA6D7730F957F9932278B72A8330B57E636C9CECAD62BBA0DE3E516254E664AC3CB14BB1979A6226EB7CCD197A8FB232F2447952C2E36F532646DB317D8BEC44AD52525DC510AD514CDF42A106A8A628A20DD14C50F28215A6C266398730856E831CDEC0856398BCC6114D32D730E6A618037CDF50B2301046E8E63050B8D7332F318281AE61CC6401AE62AC8C0441BE6639999006B983C8C7F983037CCC2CA180FA01D39EF40B51A39A281D16A3F05F98D9CD148AEAB2BDC7343917B203AACE8E6308815D39F60B33930BA835D966559F4389501D5E49979979383EA801DB9873185D17D0106FEE2FB39BE8657528ED7DB0CC20068948080D8E632C851BE664E6664A51AE6687CCC919006D6A65FDB1CF9F6660D20672D6B9F2EECBF31997D4864BAE8B51956A1C802EBAFCC27CC67300BAE9F30BF30E20175DFE60F9871402F6767A8679CC13B02BA738E739BEA4295D5E708F36D1CC14A8F26C73341997D0234B5197E6330BA020D3CDBDE84DB31DCDE1D0046549B6687600B0BDCD7CB4BB9115F4FB80F96BC99E4C5756CA1746453971F2CBC8BAA6C85EC046BD91B2B23E80549792A6BBB66001D164AECC3C91C975FB15856F9922FCC3911865DBE60F98725D08C0EBF30BF34F3B1DC0EEF559399B389B5FD0A375F923AF7A41D8047E4A9A4F72772303A378998BC985D4106F682A30460D6DE4999AAEFB99655D0D6237CCBB21F3274473EE101D3E637D8AB50E4C8C83ABD4665EAB39B33FEE55755A8DF5669E717538B2047479D64E66737D4A11B79B22CDA66014747AAC9CCFC9821074E61CDE91CCD15355E5B0E66464095AE614CB2069BE61CC67B100DBC8733308A19AAF21CC648FA056F9BD91E460056F988F2321F5035CCC18007FFD9, NULL);
INSERT INTO `act_ge_bytearray` VALUES ('5', 1, 'leave.bpmn', '1', 0x3C3F786D6C2076657273696F6E3D22312E302220656E636F64696E673D225554462D38223F3E0A3C646566696E6974696F6E7320786D6C6E733D22687474703A2F2F7777772E6F6D672E6F72672F737065632F42504D4E2F32303130303532342F4D4F44454C2220786D6C6E733A7873693D22687474703A2F2F7777772E77332E6F72672F323030312F584D4C536368656D612D696E7374616E63652220786D6C6E733A61637469766974693D22687474703A2F2F61637469766974692E6F72672F62706D6E2220786D6C6E733A62706D6E64693D22687474703A2F2F7777772E6F6D672E6F72672F737065632F42504D4E2F32303130303532342F44492220786D6C6E733A6F6D6764633D22687474703A2F2F7777772E6F6D672E6F72672F737065632F44442F32303130303532342F44432220786D6C6E733A6F6D6764693D22687474703A2F2F7777772E6F6D672E6F72672F737065632F44442F32303130303532342F44492220747970654C616E67756167653D22687474703A2F2F7777772E77332E6F72672F323030312F584D4C536368656D61222065787072657373696F6E4C616E67756167653D22687474703A2F2F7777772E77332E6F72672F313939392F585061746822207461726765744E616D6573706163653D22687474703A2F2F7777772E61637469766974692E6F72672F74657374223E0A20203C70726F636573732069643D226C6561766522206E616D653D22E8AFB7E58187E6B581E7A88B2220697345786563757461626C653D2274727565223E0A202020203C657874656E73696F6E456C656D656E74733E0A2020202020203C61637469766974693A657865637574696F6E4C697374656E6572206576656E743D2273746172742220636C6173733D22636F6D2E7A7A68622E6C697374656E65722E61637469766974692E50726F63657373457865637574696F6E4C697374656E6572223E3C2F61637469766974693A657865637574696F6E4C697374656E65723E0A2020202020203C61637469766974693A657865637574696F6E4C697374656E6572206576656E743D22656E642220636C6173733D22636F6D2E7A7A68622E6C697374656E65722E61637469766974692E50726F63657373457865637574696F6E4C697374656E6572223E3C2F61637469766974693A657865637574696F6E4C697374656E65723E0A202020203C2F657874656E73696F6E456C656D656E74733E0A202020203C73746172744576656E742069643D2273746172746576656E743122206E616D653D22E5A1ABE58699E8AFB7E58187E58D95222061637469766974693A666F726D4B65793D226C656176655F73746172746576656E74312E68746D6C223E3C2F73746172744576656E743E0A202020203C757365725461736B2069643D22757365727461736B3122206E616D653D22E7A791E5AEA4E9A286E5AFBCE5AEA1E689B9222061637469766974693A666F726D4B65793D226C656176655F757365727461736B312E68746D6C223E0A2020202020203C657874656E73696F6E456C656D656E74733E0A20202020202020203C61637469766974693A7461736B4C697374656E6572206576656E743D226372656174652220636C6173733D22636F6D2E7A7A68622E6C697374656E65722E61637469766974692E557365725461736B4C697374656E6572223E3C2F61637469766974693A7461736B4C697374656E65723E0A2020202020203C2F657874656E73696F6E456C656D656E74733E0A202020203C2F757365725461736B3E0A202020203C757365725461736B2069643D22757365727461736B3222206E616D653D22E58886E7AEA1E9A286E5AFBCE5AEA1E689B9222061637469766974693A666F726D4B65793D226C656176655F757365727461736B322E68746D6C223E0A2020202020203C657874656E73696F6E456C656D656E74733E0A20202020202020203C61637469766974693A7461736B4C697374656E6572206576656E743D226372656174652220636C6173733D22636F6D2E7A7A68622E6C697374656E65722E61637469766974692E557365725461736B4372656174654C697374656E6572223E3C2F61637469766974693A7461736B4C697374656E65723E0A2020202020203C2F657874656E73696F6E456C656D656E74733E0A202020203C2F757365725461736B3E0A202020203C757365725461736B2069643D22757365727461736B3322206E616D653D22E4B8BBE7AEA1E9A286E5AFBCE5AEA1E689B9222061637469766974693A666F726D4B65793D226C656176655F757365727461736B332E68746D6C223E0A2020202020203C657874656E73696F6E456C656D656E74733E0A20202020202020203C61637469766974693A7461736B4C697374656E6572206576656E743D226372656174652220636C6173733D22636F6D2E7A7A68622E6C697374656E65722E61637469766974692E557365725461736B4372656174654C697374656E6572223E3C2F61637469766974693A7461736B4C697374656E65723E0A2020202020203C2F657874656E73696F6E456C656D656E74733E0A202020203C2F757365725461736B3E0A202020203C656E644576656E742069643D22656E646576656E743122206E616D653D22E7BB93E69D9F223E3C2F656E644576656E743E0A202020203C6578636C7573697665476174657761792069643D226578636C7573697665676174657761793122206E616D653D224578636C75736976652047617465776179223E0A2020202020203C646F63756D656E746174696F6E3EE7A791E5AEA4E9A286E5AFBCE5AEA1E689B93C2F646F63756D656E746174696F6E3E0A202020203C2F6578636C7573697665476174657761793E0A202020203C73657175656E6365466C6F772069643D22666C6F77362220736F757263655265663D22757365727461736B3122207461726765745265663D226578636C75736976656761746577617931223E3C2F73657175656E6365466C6F773E0A202020203C73657175656E6365466C6F772069643D22666C6F773722206E616D653D22E5908CE6848F2220736F757263655265663D226578636C7573697665676174657761793122207461726765745265663D22757365727461736B32223E0A2020202020203C636F6E646974696F6E45787072657373696F6E207873693A747970653D2274466F726D616C45787072657373696F6E223E3C215B43444154415B247B6167726565203D3D20747275657D5D5D3E3C2F636F6E646974696F6E45787072657373696F6E3E0A202020203C2F73657175656E6365466C6F773E0A202020203C6578636C7573697665476174657761792069643D226578636C7573697665676174657761793222206E616D653D224578636C75736976652047617465776179223E0A2020202020203C646F63756D656E746174696F6E3EE58886E7AEA1E9A286E5AFBCE5AEA1E689B93C2F646F63756D656E746174696F6E3E0A202020203C2F6578636C7573697665476174657761793E0A202020203C73657175656E6365466C6F772069643D22666C6F77313122206E616D653D22E5908CE6848F2220736F757263655265663D226578636C7573697665676174657761793222207461726765745265663D22757365727461736B33223E0A2020202020203C636F6E646974696F6E45787072657373696F6E207873693A747970653D2274466F726D616C45787072657373696F6E223E3C215B43444154415B247B6167726565203D3D20747275657D5D5D3E3C2F636F6E646974696F6E45787072657373696F6E3E0A202020203C2F73657175656E6365466C6F773E0A202020203C73657175656E6365466C6F772069643D22666C6F7731322220736F757263655265663D22757365727461736B3322207461726765745265663D22656E646576656E7431223E3C2F73657175656E6365466C6F773E0A202020203C73657175656E6365466C6F772069643D22666C6F77313322206E616D653D22E4B88DE5908CE6848F2220736F757263655265663D226578636C7573697665676174657761793122207461726765745265663D22656E646576656E7431223E0A2020202020203C636F6E646974696F6E45787072657373696F6E207873693A747970653D2274466F726D616C45787072657373696F6E223E3C215B43444154415B247B6167726565203D3D2066616C73657D5D5D3E3C2F636F6E646974696F6E45787072657373696F6E3E0A202020203C2F73657175656E6365466C6F773E0A202020203C73657175656E6365466C6F772069643D22666C6F77313422206E616D653D22E4B88DE5908CE6848F2220736F757263655265663D226578636C7573697665676174657761793222207461726765745265663D22656E646576656E7431223E0A2020202020203C636F6E646974696F6E45787072657373696F6E207873693A747970653D2274466F726D616C45787072657373696F6E223E3C215B43444154415B247B6167726565203D3D2066616C73657D5D5D3E3C2F636F6E646974696F6E45787072657373696F6E3E0A202020203C2F73657175656E6365466C6F773E0A202020203C73657175656E6365466C6F772069643D22666C6F7731352220736F757263655265663D22757365727461736B3222207461726765745265663D226578636C75736976656761746577617932223E3C2F73657175656E6365466C6F773E0A202020203C73657175656E6365466C6F772069643D22666C6F7731362220736F757263655265663D2273746172746576656E743122207461726765745265663D22757365727461736B31223E3C2F73657175656E6365466C6F773E0A20203C2F70726F636573733E0A20203C62706D6E64693A42504D4E4469616772616D2069643D2242504D4E4469616772616D5F6C65617665223E0A202020203C62706D6E64693A42504D4E506C616E652062706D6E456C656D656E743D226C65617665222069643D2242504D4E506C616E655F6C65617665223E0A2020202020203C62706D6E64693A42504D4E53686170652062706D6E456C656D656E743D2273746172746576656E7431222069643D2242504D4E53686170655F73746172746576656E7431223E0A20202020202020203C6F6D6764633A426F756E6473206865696768743D2233352E30222077696474683D2233352E302220783D2231312E302220793D2239362E30223E3C2F6F6D6764633A426F756E64733E0A2020202020203C2F62706D6E64693A42504D4E53686170653E0A2020202020203C62706D6E64693A42504D4E53686170652062706D6E456C656D656E743D22757365727461736B31222069643D2242504D4E53686170655F757365727461736B31223E0A20202020202020203C6F6D6764633A426F756E6473206865696768743D2235352E30222077696474683D223130352E302220783D2239392E302220793D2238362E30223E3C2F6F6D6764633A426F756E64733E0A2020202020203C2F62706D6E64693A42504D4E53686170653E0A2020202020203C62706D6E64693A42504D4E53686170652062706D6E456C656D656E743D22757365727461736B32222069643D2242504D4E53686170655F757365727461736B32223E0A20202020202020203C6F6D6764633A426F756E6473206865696768743D2235352E30222077696474683D223130352E302220783D223336302E302220793D2238362E30223E3C2F6F6D6764633A426F756E64733E0A2020202020203C2F62706D6E64693A42504D4E53686170653E0A2020202020203C62706D6E64693A42504D4E53686170652062706D6E456C656D656E743D22757365727461736B33222069643D2242504D4E53686170655F757365727461736B33223E0A20202020202020203C6F6D6764633A426F756E6473206865696768743D2235352E30222077696474683D223130352E302220783D223631302E302220793D2238362E30223E3C2F6F6D6764633A426F756E64733E0A2020202020203C2F62706D6E64693A42504D4E53686170653E0A2020202020203C62706D6E64693A42504D4E53686170652062706D6E456C656D656E743D22656E646576656E7431222069643D2242504D4E53686170655F656E646576656E7431223E0A20202020202020203C6F6D6764633A426F756E6473206865696768743D2233352E30222077696474683D2233352E302220783D223738302E302220793D2239362E30223E3C2F6F6D6764633A426F756E64733E0A2020202020203C2F62706D6E64693A42504D4E53686170653E0A2020202020203C62706D6E64693A42504D4E53686170652062706D6E456C656D656E743D226578636C75736976656761746577617931222069643D2242504D4E53686170655F6578636C75736976656761746577617931223E0A20202020202020203C6F6D6764633A426F756E6473206865696768743D2234302E30222077696474683D2234302E302220783D223234392E302220793D2239332E30223E3C2F6F6D6764633A426F756E64733E0A2020202020203C2F62706D6E64693A42504D4E53686170653E0A2020202020203C62706D6E64693A42504D4E53686170652062706D6E456C656D656E743D226578636C75736976656761746577617932222069643D2242504D4E53686170655F6578636C75736976656761746577617932223E0A20202020202020203C6F6D6764633A426F756E6473206865696768743D2234302E30222077696474683D2234302E302220783D223531302E302220793D2239342E30223E3C2F6F6D6764633A426F756E64733E0A2020202020203C2F62706D6E64693A42504D4E53686170653E0A2020202020203C62706D6E64693A42504D4E456467652062706D6E456C656D656E743D22666C6F7736222069643D2242504D4E456467655F666C6F7736223E0A20202020202020203C6F6D6764693A776179706F696E7420783D223230342E302220793D223131332E30223E3C2F6F6D6764693A776179706F696E743E0A20202020202020203C6F6D6764693A776179706F696E7420783D223234392E302220793D223131332E30223E3C2F6F6D6764693A776179706F696E743E0A2020202020203C2F62706D6E64693A42504D4E456467653E0A2020202020203C62706D6E64693A42504D4E456467652062706D6E456C656D656E743D22666C6F7737222069643D2242504D4E456467655F666C6F7737223E0A20202020202020203C6F6D6764693A776179706F696E7420783D223238392E302220793D223131332E30223E3C2F6F6D6764693A776179706F696E743E0A20202020202020203C6F6D6764693A776179706F696E7420783D223336302E302220793D223131332E30223E3C2F6F6D6764693A776179706F696E743E0A20202020202020203C62706D6E64693A42504D4E4C6162656C3E0A202020202020202020203C6F6D6764633A426F756E6473206865696768743D2231362E30222077696474683D2233322E302220783D223239382E302220793D2238352E30223E3C2F6F6D6764633A426F756E64733E0A20202020202020203C2F62706D6E64693A42504D4E4C6162656C3E0A2020202020203C2F62706D6E64693A42504D4E456467653E0A2020202020203C62706D6E64693A42504D4E456467652062706D6E456C656D656E743D22666C6F773131222069643D2242504D4E456467655F666C6F773131223E0A20202020202020203C6F6D6764693A776179706F696E7420783D223535302E302220793D223131342E30223E3C2F6F6D6764693A776179706F696E743E0A20202020202020203C6F6D6764693A776179706F696E7420783D223631302E302220793D223131332E30223E3C2F6F6D6764693A776179706F696E743E0A20202020202020203C62706D6E64693A42504D4E4C6162656C3E0A202020202020202020203C6F6D6764633A426F756E6473206865696768743D2231362E30222077696474683D2233322E302220783D223535382E302220793D2238362E30223E3C2F6F6D6764633A426F756E64733E0A20202020202020203C2F62706D6E64693A42504D4E4C6162656C3E0A2020202020203C2F62706D6E64693A42504D4E456467653E0A2020202020203C62706D6E64693A42504D4E456467652062706D6E456C656D656E743D22666C6F773132222069643D2242504D4E456467655F666C6F773132223E0A20202020202020203C6F6D6764693A776179706F696E7420783D223731352E302220793D223131332E30223E3C2F6F6D6764693A776179706F696E743E0A20202020202020203C6F6D6764693A776179706F696E7420783D223738302E302220793D223131332E30223E3C2F6F6D6764693A776179706F696E743E0A2020202020203C2F62706D6E64693A42504D4E456467653E0A2020202020203C62706D6E64693A42504D4E456467652062706D6E456C656D656E743D22666C6F773133222069643D2242504D4E456467655F666C6F773133223E0A20202020202020203C6F6D6764693A776179706F696E7420783D223236392E302220793D223133332E30223E3C2F6F6D6764693A776179706F696E743E0A20202020202020203C6F6D6764693A776179706F696E7420783D223236392E302220793D223230302E30223E3C2F6F6D6764693A776179706F696E743E0A20202020202020203C6F6D6764693A776179706F696E7420783D223439332E302220793D223230302E30223E3C2F6F6D6764693A776179706F696E743E0A20202020202020203C6F6D6764693A776179706F696E7420783D223739372E302220793D223230302E30223E3C2F6F6D6764693A776179706F696E743E0A20202020202020203C6F6D6764693A776179706F696E7420783D223739372E302220793D223133312E30223E3C2F6F6D6764693A776179706F696E743E0A20202020202020203C62706D6E64693A42504D4E4C6162656C3E0A202020202020202020203C6F6D6764633A426F756E6473206865696768743D2231362E30222077696474683D2234382E302220783D223439392E302220793D223137342E30223E3C2F6F6D6764633A426F756E64733E0A20202020202020203C2F62706D6E64693A42504D4E4C6162656C3E0A2020202020203C2F62706D6E64693A42504D4E456467653E0A2020202020203C62706D6E64693A42504D4E456467652062706D6E456C656D656E743D22666C6F773134222069643D2242504D4E456467655F666C6F773134223E0A20202020202020203C6F6D6764693A776179706F696E7420783D223533302E302220793D2239342E30223E3C2F6F6D6764693A776179706F696E743E0A20202020202020203C6F6D6764693A776179706F696E7420783D223532392E302220793D2234332E30223E3C2F6F6D6764693A776179706F696E743E0A20202020202020203C6F6D6764693A776179706F696E7420783D223739372E302220793D2234332E30223E3C2F6F6D6764693A776179706F696E743E0A20202020202020203C6F6D6764693A776179706F696E7420783D223739372E302220793D2239362E30223E3C2F6F6D6764693A776179706F696E743E0A20202020202020203C62706D6E64693A42504D4E4C6162656C3E0A202020202020202020203C6F6D6764633A426F756E6473206865696768743D2231362E30222077696474683D2234382E302220783D223632312E302220793D2231372E30223E3C2F6F6D6764633A426F756E64733E0A20202020202020203C2F62706D6E64693A42504D4E4C6162656C3E0A2020202020203C2F62706D6E64693A42504D4E456467653E0A2020202020203C62706D6E64693A42504D4E456467652062706D6E456C656D656E743D22666C6F773135222069643D2242504D4E456467655F666C6F773135223E0A20202020202020203C6F6D6764693A776179706F696E7420783D223436352E302220793D223131332E30223E3C2F6F6D6764693A776179706F696E743E0A20202020202020203C6F6D6764693A776179706F696E7420783D223531302E302220793D223131342E30223E3C2F6F6D6764693A776179706F696E743E0A2020202020203C2F62706D6E64693A42504D4E456467653E0A2020202020203C62706D6E64693A42504D4E456467652062706D6E456C656D656E743D22666C6F773136222069643D2242504D4E456467655F666C6F773136223E0A20202020202020203C6F6D6764693A776179706F696E7420783D2234362E302220793D223131332E30223E3C2F6F6D6764693A776179706F696E743E0A20202020202020203C6F6D6764693A776179706F696E7420783D2239392E302220793D223131332E30223E3C2F6F6D6764693A776179706F696E743E0A2020202020203C2F62706D6E64693A42504D4E456467653E0A202020203C2F62706D6E64693A42504D4E506C616E653E0A20203C2F62706D6E64693A42504D4E4469616772616D3E0A3C2F646566696E6974696F6E733E, 0);
INSERT INTO `act_ge_bytearray` VALUES ('6', 1, 'leave_usertask2.html', '1', 0x3C666F726D20636C6173733D226C617975692D666F726D206D61696E206C617975692D75706C6F616422206C61792D66696C7465723D226C65617665223E0D0A20202020203C64697620636C6173733D226C617975692D666F726D2D6974656D223E0D0A2020202020202020203C6C6162656C20636C6173733D226C617975692D666F726D2D6C6162656C223E3C7370616E207374796C653D22636F6C6F723A7265643B223E2A3C2F7370616E3EE794B3E8AFB7E4BABA3C2F6C6162656C3E0D0A2020202020202020203C64697620636C6173733D226C617975692D696E7075742D696E6C696E65223E0D0A202020202020202020202020203C696E70757420747970653D2274657874222076616C75653D22247B7371727D22206C61792D7665726966793D2272657175697265642220726561646F6E6C793D22726561646F6E6C792220706C616365686F6C6465723D22E794B3E8AFB7E4BABA22206175746F636F6D706C6574653D226F66662220636C6173733D226C617975692D696E707574223E0D0A2020202020202020203C2F6469763E0D0A2020202020202020203C6C6162656C20636C6173733D226C617975692D666F726D2D6C6162656C223E3C7370616E207374796C653D22636F6C6F723A7265643B223E2A3C2F7370616E3EE983A8E997A8E5908DE7A7B03C2F6C6162656C3E0D0A2020202020202020203C64697620636C6173733D226C617975692D696E7075742D696E6C696E65223E0D0A202020202020202020202020203C696E70757420747970653D2274657874222076616C75653D22247B626D6D637D22206C61792D7665726966793D2272657175697265642220726561646F6E6C793D22726561646F6E6C792220706C616365686F6C6465723D22E983A8E997A8E5908DE7A7B022206175746F636F6D706C6574653D226F66662220636C6173733D226C617975692D696E707574223E0D0A2020202020202020203C2F6469763E0D0A20202020203C2F6469763E0D0A20202020203C64697620636C6173733D226C617975692D666F726D2D6974656D223E0D0A2020202020202020203C6C6162656C20636C6173733D226C617975692D666F726D2D6C6162656C223E3C7370616E207374796C653D22636F6C6F723A7265643B223E2A3C2F7370616E3EE794B3E8AFB7E697A5E69C9F3C2F6C6162656C3E0D0A2020202020202020203C64697620636C6173733D226C617975692D696E7075742D696E6C696E65223E0D0A202020202020202020202020203C696E70757420747970653D2274657874222076616C75653D22247B737172717D2220726561646F6E6C793D22726561646F6E6C7922206C61792D7665726966793D22726571756972656422206175746F636F6D706C6574653D226F66662220636C6173733D226C617975692D696E707574223E0D0A2020202020202020203C2F6469763E0D0A2020202020202020203C6C6162656C20636C6173733D226C617975692D666F726D2D6C6162656C223E3C7370616E207374796C653D22636F6C6F723A7265643B223E2A3C2F7370616E3EE8AFB7E58187E7B1BBE588AB3C2F6C6162656C3E0D0A2020202020202020203C64697620636C6173733D226C617975692D696E7075742D696E6C696E65223E0D0A202020202020202020202020203C696E70757420747970653D2274657874222076616C75653D22247B716A6C787D2220726561646F6E6C793D22726561646F6E6C7922206C61792D7665726966793D22726571756972656422206175746F636F6D706C6574653D226F66662220636C6173733D226C617975692D696E707574223E0D0A2020202020202020203C2F6469763E0D0A20202020203C2F6469763E0D0A20202020203C64697620636C6173733D226C617975692D666F726D2D6974656D223E0D0A2020202020202020203C6C6162656C20636C6173733D226C617975692D666F726D2D6C6162656C223E3C7370616E207374796C653D22636F6C6F723A7265643B223E2A3C2F7370616E3EE5BC80E5A78BE697A5E69C9F3C2F6C6162656C3E0D0A2020202020202020203C64697620636C6173733D226C617975692D696E7075742D696E6C696E65223E0D0A202020202020202020202020203C696E70757420747970653D2274657874222069643D226B737271222076616C75653D22247B6B7372717D22206C61792D7665726966793D2272657175697265642220706C616365686F6C6465723D22E5BC80E5A78BE697A5E69C9F22206175746F636F6D706C6574653D226F6666220D0A2020202020202020202020202020202020636C6173733D226C617975692D696E707574223E0D0A2020202020202020203C2F6469763E0D0A2020202020202020203C6C6162656C20636C6173733D226C617975692D666F726D2D6C6162656C223E3C7370616E207374796C653D22636F6C6F723A7265643B223E2A3C2F7370616E3EE7BB93E69D9FE697A5E69C9F3C2F6C6162656C3E0D0A2020202020202020203C64697620636C6173733D226C617975692D696E7075742D696E6C696E65223E0D0A202020202020202020202020203C696E70757420747970653D2274657874222069643D226A737271222076616C75653D22247B6A7372717D22206C61792D7665726966793D2272657175697265642220706C616365686F6C6465723D22E7BB93E69D9FE697A5E69C9F22206175746F636F6D706C6574653D226F6666220D0A2020202020202020202020202020202020636C6173733D226C617975692D696E707574223E0D0A2020202020202020203C2F6469763E0D0A20202020203C2F6469763E0D0A20202020203C64697620636C6173733D226C617975692D666F726D2D6974656D206C617975692D666F726D2D74657874223E0D0A2020202020202020203C6C6162656C20636C6173733D226C617975692D666F726D2D6C6162656C223EE8AFB7E58187E79086E794B13C2F6C6162656C3E0D0A2020202020202020203C64697620636C6173733D226C617975692D696E7075742D626C6F636B223E0D0A202020202020202020202020203C746578746172656120726561646F6E6C793D22726561646F6E6C792220636C6173733D226C617975692D746578746172656122207374796C653D2277696474683A35303070783B6D696E2D6865696768743A20373070783B223E247B716A6C797D3C2F74657874617265613E0D0A2020202020202020203C2F6469763E0D0A20202020203C2F6469763E0D0A20202020203C64697620636C6173733D226C617975692D666F726D2D6974656D206C617975692D666F726D2D74657874223E0D0A2020202020202020203C6C6162656C20636C6173733D226C617975692D666F726D2D6C6162656C223EE7A791E5AEA4EFBC88E58D95E4BD8DEFBC89E5AEA1E689B9E6848FE8A7813C2F6C6162656C3E0D0A2020202020202020203C64697620636C6173733D226C617975692D696E7075742D626C6F636B223E0D0A202020202020202020202020203C746578746172656120726561646F6E6C793D22726561646F6E6C792220636C6173733D226C617975692D746578746172656122207374796C653D2277696474683A35303070783B6D696E2D6865696768743A20373070783B223E247B6B735F7370796A7D3C2F74657874617265613E0D0A2020202020202020203C2F6469763E0D0A20202020203C2F6469763E0D0A093C64697620636C6173733D226C617975692D666F726D2D6974656D206C617975692D666F726D2D74657874223E0D0A09093C6C6162656C20636C6173733D226C617975692D666F726D2D6C6162656C223EE59BBEE789873C2F6C6162656C3E0D0A09093C64697620636C6173733D226C617975692D696E7075742D626C6F636B206C617965722D70686F746F222069643D226C617965722D70686F746F73223E3C2F6469763E0D0A093C2F6469763E0D0A20202020203C64697620636C6173733D226C617975692D666F726D2D6974656D206C617975692D666F726D2D74657874223E0D0A09202020203C6C6162656C20636C6173733D226C617975692D666F726D2D6C6162656C223E3C7370616E207374796C653D22636F6C6F723A7265643B223E2A3C2F7370616E3EE698AFE590A6E5908CE6848F3C2F6C6162656C3E0D0A09202020203C64697620636C6173733D226C617975692D696E7075742D626C6F636B223E0D0A092020202020203C696E70757420747970653D22726164696F22206E616D653D226167726565222076616C75653D227472756522207469746C653D22E5908CE6848F2220636865636B65643D22223E0D0A092020202020203C696E70757420747970653D22726164696F22206E616D653D226167726565222076616C75653D2266616C736522207469746C653D22E4B88DE5908CE6848F223E0D0A09202020203C2F6469763E0D0A202009203C2F6469763E0D0A202009203C64697620636C6173733D226C617975692D666F726D2D6974656D206C617975692D666F726D2D74657874223E0D0A2020202020202020203C6C6162656C20636C6173733D226C617975692D666F726D2D6C6162656C223EE5AEA1E689B9E6848FE8A7813C2F6C6162656C3E0D0A2020202020202020203C64697620636C6173733D226C617975692D696E7075742D626C6F636B223E0D0A202020202020202020202020203C7465787461726561206E616D653D2266675F7370796A2220706C616365686F6C6465723D22E5AEA1E689B9E6848FE8A7812220636C6173733D226C617975692D746578746172656122207374796C653D2277696474683A35303070783B6D696E2D6865696768743A20373070783B223E3C2F74657874617265613E0D0A2020202020202020203C2F6469763E0D0A20202020203C2F6469763E0D0A20202020203C64697620636C6173733D226C617975692D666F726D2D6974656D206C617975692D666F726D2D74657874223E0D0A202020202020202020203C6C6162656C20636C6173733D226C617975692D666F726D2D6C6162656C223E3C7370616E207374796C653D22636F6C6F723A7265643B223E2A3C2F7370616E3EE5AEA1E689B9E4BABA3C2F6C6162656C3E0D0A090920203C64697620636C6173733D226C617975692D696E6C696E65222069643D22737072223E0D0A09090920203C6469762069643D227370725F616464223E0D0A090909093C6920636C6173733D2266612066612D706C7573223E3C2F693E0D0A09090920203C2F6469763E0D0A09092020203C2F6469763E0D0A20202020203C2F6469763E0D0A20202020203C64697620636C6173733D226C617975692D666F726D2D6974656D223E0D0A20202020202020202020203C64697620636C6173733D226C617975692D696E7075742D626C6F636B223E0D0A2020202020202020202020202020203C627574746F6E20636C6173733D226C617975692D62746E206C617975692D62746E2D7072696D61727922206C61792D7375626D6974206C61792D66696C7465723D227370222069643D227370223EE5AEA1E689B93C2F627574746F6E3E0D0A2020202020202020202020202020203C627574746F6E20747970653D22627574746F6E2220636C6173733D226C617975692D62746E206C617975692D62746E2D7072696D617279222069643D22646F776E6C6F6164223EE4B88BE8BDBDE99984E4BBB63C2F627574746F6E3E0D0A20202020202020202020203C2F6469763E0D0A2020202020203C2F6469763E0D0A3C2F666F726D3E, 0);
INSERT INTO `act_ge_bytearray` VALUES ('7', 1, 'leave_usertask1.html', '1', 0x3C666F726D20636C6173733D226C617975692D666F726D206D61696E206C617975692D75706C6F616422206C61792D66696C7465723D226C65617665223E0D0A20202020203C64697620636C6173733D226C617975692D666F726D2D6974656D223E0D0A2020202020202020203C6C6162656C20636C6173733D226C617975692D666F726D2D6C6162656C223E3C7370616E207374796C653D22636F6C6F723A7265643B223E2A3C2F7370616E3EE794B3E8AFB7E4BABA3C2F6C6162656C3E0D0A2020202020202020203C64697620636C6173733D226C617975692D696E7075742D696E6C696E65223E0D0A202020202020202020202020203C696E70757420747970653D2274657874222076616C75653D22247B7371727D22206C61792D7665726966793D2272657175697265642220726561646F6E6C793D22726561646F6E6C792220706C616365686F6C6465723D22E794B3E8AFB7E4BABA22206175746F636F6D706C6574653D226F66662220636C6173733D226C617975692D696E707574223E0D0A2020202020202020203C2F6469763E0D0A2020202020202020203C6C6162656C20636C6173733D226C617975692D666F726D2D6C6162656C223E3C7370616E207374796C653D22636F6C6F723A7265643B223E2A3C2F7370616E3EE983A8E997A8E5908DE7A7B03C2F6C6162656C3E0D0A2020202020202020203C64697620636C6173733D226C617975692D696E7075742D696E6C696E65223E0D0A202020202020202020202020203C696E70757420747970653D2274657874222076616C75653D22247B626D6D637D22206C61792D7665726966793D2272657175697265642220726561646F6E6C793D22726561646F6E6C792220706C616365686F6C6465723D22E983A8E997A8E5908DE7A7B022206175746F636F6D706C6574653D226F66662220636C6173733D226C617975692D696E707574223E0D0A2020202020202020203C2F6469763E0D0A20202020203C2F6469763E0D0A20202020203C64697620636C6173733D226C617975692D666F726D2D6974656D223E0D0A2020202020202020203C6C6162656C20636C6173733D226C617975692D666F726D2D6C6162656C223E3C7370616E207374796C653D22636F6C6F723A7265643B223E2A3C2F7370616E3EE794B3E8AFB7E697A5E69C9F3C2F6C6162656C3E0D0A2020202020202020203C64697620636C6173733D226C617975692D696E7075742D696E6C696E65223E0D0A202020202020202020202020203C696E70757420747970653D2274657874222076616C75653D22247B737172717D2220726561646F6E6C793D22726561646F6E6C7922206C61792D7665726966793D22726571756972656422206175746F636F6D706C6574653D226F66662220636C6173733D226C617975692D696E707574223E0D0A2020202020202020203C2F6469763E0D0A2020202020202020203C6C6162656C20636C6173733D226C617975692D666F726D2D6C6162656C223E3C7370616E207374796C653D22636F6C6F723A7265643B223E2A3C2F7370616E3EE8AFB7E58187E7B1BBE588AB3C2F6C6162656C3E0D0A2020202020202020203C64697620636C6173733D226C617975692D696E7075742D696E6C696E65223E0D0A202020202020202020202020203C696E70757420747970653D2274657874222076616C75653D22247B716A6C787D2220726561646F6E6C793D22726561646F6E6C7922206C61792D7665726966793D22726571756972656422206175746F636F6D706C6574653D226F66662220636C6173733D226C617975692D696E707574223E0D0A2020202020202020203C2F6469763E0D0A20202020203C2F6469763E0D0A20202020203C64697620636C6173733D226C617975692D666F726D2D6974656D223E0D0A2020202020202020203C6C6162656C20636C6173733D226C617975692D666F726D2D6C6162656C223E3C7370616E207374796C653D22636F6C6F723A7265643B223E2A3C2F7370616E3EE5BC80E5A78BE697A5E69C9F3C2F6C6162656C3E0D0A2020202020202020203C64697620636C6173733D226C617975692D696E7075742D696E6C696E65223E0D0A202020202020202020202020203C696E70757420747970653D2274657874222069643D226B737271222076616C75653D22247B6B7372717D22206C61792D7665726966793D2272657175697265642220706C616365686F6C6465723D22E5BC80E5A78BE697A5E69C9F22206175746F636F6D706C6574653D226F6666220D0A2020202020202020202020202020202020636C6173733D226C617975692D696E707574223E0D0A2020202020202020203C2F6469763E0D0A2020202020202020203C6C6162656C20636C6173733D226C617975692D666F726D2D6C6162656C223E3C7370616E207374796C653D22636F6C6F723A7265643B223E2A3C2F7370616E3EE7BB93E69D9FE697A5E69C9F3C2F6C6162656C3E0D0A2020202020202020203C64697620636C6173733D226C617975692D696E7075742D696E6C696E65223E0D0A202020202020202020202020203C696E70757420747970653D2274657874222069643D226A737271222076616C75653D22247B6A7372717D22206C61792D7665726966793D2272657175697265642220706C616365686F6C6465723D22E7BB93E69D9FE697A5E69C9F22206175746F636F6D706C6574653D226F6666220D0A2020202020202020202020202020202020636C6173733D226C617975692D696E707574223E0D0A2020202020202020203C2F6469763E0D0A20202020203C2F6469763E0D0A20202020203C64697620636C6173733D226C617975692D666F726D2D6974656D206C617975692D666F726D2D74657874223E0D0A2020202020202020203C6C6162656C20636C6173733D226C617975692D666F726D2D6C6162656C223EE8AFB7E58187E79086E794B13C2F6C6162656C3E0D0A2020202020202020203C64697620636C6173733D226C617975692D696E7075742D626C6F636B223E0D0A202020202020202020202020203C746578746172656120726561646F6E6C793D22726561646F6E6C792220636C6173733D226C617975692D746578746172656122207374796C653D2277696474683A35303070783B6D696E2D6865696768743A20373070783B223E247B716A6C797D3C2F74657874617265613E0D0A2020202020202020203C2F6469763E0D0A20202020203C2F6469763E0D0A093C64697620636C6173733D226C617975692D666F726D2D6974656D206C617975692D666F726D2D74657874223E0D0A09093C6C6162656C20636C6173733D226C617975692D666F726D2D6C6162656C223EE59BBEE789873C2F6C6162656C3E0D0A09093C64697620636C6173733D226C617975692D696E7075742D626C6F636B206C617965722D70686F746F222069643D226C617965722D70686F746F73223E3C2F6469763E0D0A093C2F6469763E0D0A20202020203C64697620636C6173733D226C617975692D666F726D2D6974656D206C617975692D666F726D2D74657874223E0D0A09202020203C6C6162656C20636C6173733D226C617975692D666F726D2D6C6162656C223E3C7370616E207374796C653D22636F6C6F723A7265643B223E2A3C2F7370616E3EE698AFE590A6E5908CE6848F3C2F6C6162656C3E0D0A09202020203C64697620636C6173733D226C617975692D696E7075742D626C6F636B223E0D0A092020202020203C696E70757420747970653D22726164696F22206E616D653D226167726565222076616C75653D227472756522207469746C653D22E5908CE6848F2220636865636B65643D22223E0D0A092020202020203C696E70757420747970653D22726164696F22206E616D653D226167726565222076616C75653D2266616C736522207469746C653D22E4B88DE5908CE6848F223E0D0A09202020203C2F6469763E0D0A202009203C2F6469763E0D0A202009203C64697620636C6173733D226C617975692D666F726D2D6974656D206C617975692D666F726D2D74657874223E0D0A2020202020202020203C6C6162656C20636C6173733D226C617975692D666F726D2D6C6162656C223EE5AEA1E689B9E6848FE8A7813C2F6C6162656C3E0D0A2020202020202020203C64697620636C6173733D226C617975692D696E7075742D626C6F636B223E0D0A202020202020202020202020203C7465787461726561206E616D653D226B735F7370796A2220706C616365686F6C6465723D22E5AEA1E689B9E6848FE8A7812220636C6173733D226C617975692D746578746172656122207374796C653D2277696474683A35303070783B6D696E2D6865696768743A20373070783B223E3C2F74657874617265613E0D0A2020202020202020203C2F6469763E0D0A20202020203C2F6469763E0D0A20202020203C64697620636C6173733D226C617975692D666F726D2D6974656D206C617975692D666F726D2D74657874223E0D0A202020202020202020203C6C6162656C20636C6173733D226C617975692D666F726D2D6C6162656C223E3C7370616E207374796C653D22636F6C6F723A7265643B223E2A3C2F7370616E3EE5AEA1E689B9E4BABA3C2F6C6162656C3E0D0A090920203C64697620636C6173733D226C617975692D696E6C696E65222069643D22737072223E0D0A09090920203C6469762069643D227370725F616464223E0D0A090909093C6920636C6173733D2266612066612D706C7573223E3C2F693E0D0A09090920203C2F6469763E0D0A09092020203C2F6469763E0D0A20202020203C2F6469763E0D0A20202020203C64697620636C6173733D226C617975692D666F726D2D6974656D223E0D0A20202020202020202020203C64697620636C6173733D226C617975692D696E7075742D626C6F636B223E0D0A2020202020202020202020202020203C627574746F6E20636C6173733D226C617975692D62746E206C617975692D62746E2D7072696D61727922206C61792D7375626D6974206C61792D66696C7465723D227370222069643D227370223EE5AEA1E689B93C2F627574746F6E3E0D0A2020202020202020202020202020203C627574746F6E20747970653D22627574746F6E2220636C6173733D226C617975692D62746E206C617975692D62746E2D7072696D617279222069643D22646F776E6C6F6164223EE4B88BE8BDBDE99984E4BBB63C2F627574746F6E3E0D0A20202020202020202020203C2F6469763E0D0A2020202020203C2F6469763E0D0A3C2F666F726D3E, 0);

-- ----------------------------
-- Table structure for act_ge_property
-- ----------------------------
DROP TABLE IF EXISTS `act_ge_property`;
CREATE TABLE `act_ge_property`  (
  `NAME_` varchar(64) CHARACTER SET utf8 COLLATE utf8_bin NOT NULL,
  `VALUE_` varchar(300) CHARACTER SET utf8 COLLATE utf8_bin NULL DEFAULT NULL,
  `REV_` int(11) NULL DEFAULT NULL,
  PRIMARY KEY (`NAME_`) USING BTREE
) ENGINE = InnoDB CHARACTER SET = utf8 COLLATE = utf8_bin ROW_FORMAT = Dynamic;

-- ----------------------------
-- Records of act_ge_property
-- ----------------------------
INSERT INTO `act_ge_property` VALUES ('cfg.execution-related-entities-count', 'false', 1);
INSERT INTO `act_ge_property` VALUES ('next.dbid', '52501', 22);
INSERT INTO `act_ge_property` VALUES ('schema.history', 'create(6.0.0.4)', 1);
INSERT INTO `act_ge_property` VALUES ('schema.version', '6.0.0.4', 1);

-- ----------------------------
-- Table structure for act_hi_actinst
-- ----------------------------
DROP TABLE IF EXISTS `act_hi_actinst`;
CREATE TABLE `act_hi_actinst`  (
  `ID_` varchar(64) CHARACTER SET utf8 COLLATE utf8_bin NOT NULL,
  `PROC_DEF_ID_` varchar(64) CHARACTER SET utf8 COLLATE utf8_bin NOT NULL,
  `PROC_INST_ID_` varchar(64) CHARACTER SET utf8 COLLATE utf8_bin NOT NULL,
  `EXECUTION_ID_` varchar(64) CHARACTER SET utf8 COLLATE utf8_bin NOT NULL,
  `ACT_ID_` varchar(255) CHARACTER SET utf8 COLLATE utf8_bin NOT NULL,
  `TASK_ID_` varchar(64) CHARACTER SET utf8 COLLATE utf8_bin NULL DEFAULT NULL,
  `CALL_PROC_INST_ID_` varchar(64) CHARACTER SET utf8 COLLATE utf8_bin NULL DEFAULT NULL,
  `ACT_NAME_` varchar(255) CHARACTER SET utf8 COLLATE utf8_bin NULL DEFAULT NULL,
  `ACT_TYPE_` varchar(255) CHARACTER SET utf8 COLLATE utf8_bin NOT NULL,
  `ASSIGNEE_` varchar(255) CHARACTER SET utf8 COLLATE utf8_bin NULL DEFAULT NULL,
  `START_TIME_` datetime(3) NULL,
  `END_TIME_` datetime(3) NULL DEFAULT NULL,
  `DURATION_` bigint(20) NULL DEFAULT NULL,
  `DELETE_REASON_` varchar(4000) CHARACTER SET utf8 COLLATE utf8_bin NULL DEFAULT NULL,
  `TENANT_ID_` varchar(255) CHARACTER SET utf8 COLLATE utf8_bin NULL DEFAULT '',
  PRIMARY KEY (`ID_`) USING BTREE,
  INDEX `ACT_IDX_HI_ACT_INST_START`(`START_TIME_`) USING BTREE,
  INDEX `ACT_IDX_HI_ACT_INST_END`(`END_TIME_`) USING BTREE,
  INDEX `ACT_IDX_HI_ACT_INST_PROCINST`(`PROC_INST_ID_`, `ACT_ID_`) USING BTREE,
  INDEX `ACT_IDX_HI_ACT_INST_EXEC`(`EXECUTION_ID_`, `ACT_ID_`) USING BTREE
) ENGINE = InnoDB CHARACTER SET = utf8 COLLATE = utf8_bin ROW_FORMAT = Dynamic;

-- ----------------------------
-- Records of act_hi_actinst
-- ----------------------------
INSERT INTO `act_hi_actinst` VALUES ('42504', 'leave:1:8', '42501', '42503', 'startevent1', NULL, NULL, '', 'startEvent', NULL, '2019-02-26 09:10:07.832', '2019-02-26 09:10:07.867', 35, NULL, '');
INSERT INTO `act_hi_actinst` VALUES ('42547', 'leave:1:8', '42501', '42503', 'usertask1', '42548', NULL, '', 'userTask', NULL, '2019-02-26 09:10:07.872', '2019-02-26 09:11:29.067', 81195, NULL, '');
INSERT INTO `act_hi_actinst` VALUES ('42577', 'leave:1:8', '42501', '42503', 'exclusivegateway1', NULL, NULL, 'Exclusive Gateway', 'exclusiveGateway', NULL, '2019-02-26 09:11:29.067', '2019-02-26 09:11:29.076', 9, NULL, '');
INSERT INTO `act_hi_actinst` VALUES ('42578', 'leave:1:8', '42501', '42503', 'usertask2', '42579', NULL, '', 'userTask', NULL, '2019-02-26 09:11:29.084', '2019-02-26 09:13:45.777', 136693, NULL, '');
INSERT INTO `act_hi_actinst` VALUES ('42601', 'leave:1:8', '42501', '42503', 'exclusivegateway2', NULL, NULL, 'Exclusive Gateway', 'exclusiveGateway', NULL, '2019-02-26 09:13:45.777', '2019-02-26 09:13:45.777', 0, NULL, '');
INSERT INTO `act_hi_actinst` VALUES ('42602', 'leave:1:8', '42501', '42503', 'usertask3', '42603', NULL, '', 'userTask', NULL, '2019-02-26 09:13:45.782', '2019-02-26 09:14:13.631', 27849, NULL, '');
INSERT INTO `act_hi_actinst` VALUES ('42621', 'leave:1:8', '42501', '42503', 'endevent1', NULL, NULL, '', 'endEvent', NULL, '2019-02-26 09:14:13.631', '2019-02-26 09:14:13.631', 0, NULL, '');
INSERT INTO `act_hi_actinst` VALUES ('45004', 'chapter:4:27551', '45001', '45003', 'startevent1', NULL, NULL, '', 'startEvent', NULL, '2019-02-26 09:49:42.700', '2019-02-26 09:49:42.722', 22, NULL, '');
INSERT INTO `act_hi_actinst` VALUES ('45038', 'chapter:4:27551', '45001', '45003', 'usertask1', '45039', NULL, '', 'userTask', NULL, '2019-02-26 09:49:42.730', '2019-02-26 09:49:56.185', 13455, NULL, '');
INSERT INTO `act_hi_actinst` VALUES ('45060', 'chapter:4:27551', '45001', '45003', 'endevent1', NULL, NULL, '', 'endEvent', NULL, '2019-02-26 09:49:56.186', '2019-02-26 09:49:56.186', 0, NULL, '');
INSERT INTO `act_hi_actinst` VALUES ('45064', 'chapter:4:27551', '45061', '45063', 'startevent1', NULL, NULL, '', 'startEvent', NULL, '2019-02-26 10:19:43.422', '2019-02-26 10:19:43.430', 8, NULL, '');
INSERT INTO `act_hi_actinst` VALUES ('45098', 'chapter:4:27551', '45061', '45063', 'usertask1', '45099', NULL, '', 'userTask', NULL, '2019-02-26 10:19:43.430', '2019-02-26 10:19:53.540', 10110, NULL, '');
INSERT INTO `act_hi_actinst` VALUES ('45120', 'chapter:4:27551', '45061', '45063', 'endevent1', NULL, NULL, '', 'endEvent', NULL, '2019-02-26 10:19:53.540', '2019-02-26 10:19:53.540', 0, NULL, '');
INSERT INTO `act_hi_actinst` VALUES ('47504', 'leave:1:8', '47501', '47503', 'startevent1', NULL, NULL, '', 'startEvent', NULL, '2019-02-26 10:44:11.266', '2019-02-26 10:44:11.288', 22, NULL, '');
INSERT INTO `act_hi_actinst` VALUES ('47547', 'leave:1:8', '47501', '47503', 'usertask1', '47548', NULL, '', 'userTask', NULL, '2019-02-26 10:44:11.290', NULL, NULL, NULL, '');
INSERT INTO `act_hi_actinst` VALUES ('50004', 'chapter:4:27551', '50001', '50003', 'startevent1', NULL, NULL, '', 'startEvent', NULL, '2019-02-26 13:06:26.327', '2019-02-26 13:06:26.344', 17, NULL, '');
INSERT INTO `act_hi_actinst` VALUES ('50038', 'chapter:4:27551', '50001', '50003', 'usertask1', '50039', NULL, '', 'userTask', NULL, '2019-02-26 13:06:26.347', '2019-02-26 13:06:36.057', 9710, NULL, '');
INSERT INTO `act_hi_actinst` VALUES ('50060', 'chapter:4:27551', '50001', '50003', 'endevent1', NULL, NULL, '', 'endEvent', NULL, '2019-02-26 13:06:36.057', '2019-02-26 13:06:36.057', 0, NULL, '');

-- ----------------------------
-- Table structure for act_hi_attachment
-- ----------------------------
DROP TABLE IF EXISTS `act_hi_attachment`;
CREATE TABLE `act_hi_attachment`  (
  `ID_` varchar(64) CHARACTER SET utf8 COLLATE utf8_bin NOT NULL,
  `REV_` int(11) NULL DEFAULT NULL,
  `USER_ID_` varchar(255) CHARACTER SET utf8 COLLATE utf8_bin NULL DEFAULT NULL,
  `NAME_` varchar(255) CHARACTER SET utf8 COLLATE utf8_bin NULL DEFAULT NULL,
  `DESCRIPTION_` varchar(4000) CHARACTER SET utf8 COLLATE utf8_bin NULL DEFAULT NULL,
  `TYPE_` varchar(255) CHARACTER SET utf8 COLLATE utf8_bin NULL DEFAULT NULL,
  `TASK_ID_` varchar(64) CHARACTER SET utf8 COLLATE utf8_bin NULL DEFAULT NULL,
  `PROC_INST_ID_` varchar(64) CHARACTER SET utf8 COLLATE utf8_bin NULL DEFAULT NULL,
  `URL_` varchar(4000) CHARACTER SET utf8 COLLATE utf8_bin NULL DEFAULT NULL,
  `CONTENT_ID_` varchar(64) CHARACTER SET utf8 COLLATE utf8_bin NULL DEFAULT NULL,
  `TIME_` datetime(3) NULL DEFAULT NULL,
  PRIMARY KEY (`ID_`) USING BTREE
) ENGINE = InnoDB CHARACTER SET = utf8 COLLATE = utf8_bin ROW_FORMAT = Dynamic;

-- ----------------------------
-- Records of act_hi_attachment
-- ----------------------------
INSERT INTO `act_hi_attachment` VALUES ('42549', 1, '10234', 'timg.jpg', '2019022609095010234', 'image', '42548', '42501', NULL, '42550', '2019-02-26 09:10:08.414');

-- ----------------------------
-- Table structure for act_hi_comment
-- ----------------------------
DROP TABLE IF EXISTS `act_hi_comment`;
CREATE TABLE `act_hi_comment`  (
  `ID_` varchar(64) CHARACTER SET utf8 COLLATE utf8_bin NOT NULL,
  `TYPE_` varchar(255) CHARACTER SET utf8 COLLATE utf8_bin NULL DEFAULT NULL,
  `TIME_` datetime(3) NULL,
  `USER_ID_` varchar(255) CHARACTER SET utf8 COLLATE utf8_bin NULL DEFAULT NULL,
  `TASK_ID_` varchar(64) CHARACTER SET utf8 COLLATE utf8_bin NULL DEFAULT NULL,
  `PROC_INST_ID_` varchar(64) CHARACTER SET utf8 COLLATE utf8_bin NULL DEFAULT NULL,
  `ACTION_` varchar(255) CHARACTER SET utf8 COLLATE utf8_bin NULL DEFAULT NULL,
  `MESSAGE_` varchar(4000) CHARACTER SET utf8 COLLATE utf8_bin NULL DEFAULT NULL,
  `FULL_MSG_` longblob NULL,
  PRIMARY KEY (`ID_`) USING BTREE
) ENGINE = InnoDB CHARACTER SET = utf8 COLLATE = utf8_bin ROW_FORMAT = Dynamic;

-- ----------------------------
-- Records of act_hi_comment
-- ----------------------------
INSERT INTO `act_hi_comment` VALUES ('42551', 'event', '2019-02-26 09:10:08.414', '10234', '42548', '42501', 'AddAttachment', 'timg.jpg', NULL);
INSERT INTO `act_hi_comment` VALUES ('42552', 'comment', '2019-02-26 09:11:28.930', '10237', '42548', '42501', 'AddComment', '{\"agree\":\"true\",\"ks_spyj\":\" \",\"sprs\":\"10235\",\"usersprs\":\"119#10235\",\"id\":\"10237leaveleave_usertask1.html\",\"bk\":\"2019022609095010234\",\"description\":\"\",\"assig...', 0x7B226167726565223A2274727565222C226B735F7370796A223A22E5908CE6848F2020222C2273707273223A223130323335222C227573657273707273223A22313139233130323335222C226964223A2231303233376C656176656C656176655F757365727461736B312E68746D6C222C22626B223A2232303139303232363039303935303130323334222C226465736372697074696F6E223A22E68C87E5AE9A222C2261737369676E6565223A223130323337222C226F776E6572223A223130323337227D);
INSERT INTO `act_hi_comment` VALUES ('42580', 'comment', '2019-02-26 09:13:45.643', '10235', '42579', '42501', 'AddComment', '{\"agree\":\"true\",\"fg_spyj\":\" \",\"sprs\":\"10238\",\"usersprs\":\"120#10238\",\"id\":\"10235leaveleave_usertask2.html\",\"bk\":\"2019022609095010234\",\"description\":\"\",\"assig...', 0x7B226167726565223A2274727565222C2266675F7370796A223A22E5908CE6848F2020222C2273707273223A223130323338222C227573657273707273223A22313230233130323338222C226964223A2231303233356C656176656C656176655F757365727461736B322E68746D6C222C22626B223A2232303139303232363039303935303130323334222C226465736372697074696F6E223A22E68C87E5AE9A222C2261737369676E6565223A223130323335222C226F776E6572223A223130323335227D);
INSERT INTO `act_hi_comment` VALUES ('42604', 'comment', '2019-02-26 09:14:13.193', '10238', '42603', '42501', 'AddComment', '{\"agree\":\"true\",\"zg_spyj\":\" \",\"id\":\"10238leaveleave_usertask3.html\",\"bk\":\"2019022609095010234\",\"description\":\"\",\"assignee\":\"10238\",\"owner\":\"10238\"}', 0x7B226167726565223A2274727565222C227A675F7370796A223A22E5908CE6848F2020222C226964223A2231303233386C656176656C656176655F757365727461736B332E68746D6C222C22626B223A2232303139303232363039303935303130323334222C226465736372697074696F6E223A22E68C87E5AE9A222C2261737369676E6565223A223130323338222C226F776E6572223A223130323338227D);
INSERT INTO `act_hi_comment` VALUES ('45040', 'comment', '2019-02-26 09:49:56.009', '10234', '45039', '45001', 'AddComment', '{\"agree\":\"true\",\"spyj\":\" \",\"id\":\"10234chapterchapter_usertask1.html\",\"bk\":\"2019022609492710234\",\"description\":\"\",\"assignee\":...', 0x7B226167726565223A2274727565222C227370796A223A22E5908CE6848F2020E794A8E58DB0E58685E5AEB9E794A8E58DB0E58685E5AEB9E794A8E58DB0E58685E5AEB9E794A8E58DB0E58685E5AEB9E794A8E58DB0E58685E5AEB9E794A8E58DB0E58685E5AEB9E794A8E58DB0E58685E5AEB9E794A8E58DB0E58685E5AEB9222C226964223A22313032333463686170746572636861707465725F757365727461736B312E68746D6C222C22626B223A2232303139303232363039343932373130323334222C226465736372697074696F6E223A22E68C87E5AE9A222C2261737369676E6565223A223130323334222C226F776E6572223A223130323334227D);
INSERT INTO `act_hi_comment` VALUES ('45100', 'comment', '2019-02-26 10:19:53.444', '10234', '45099', '45061', 'AddComment', '{\"agree\":\"true\",\"spyj\":\" \",\"id\":\"10234chapterchapter_usertask1.html\",\"bk\":\"2019022610054410234\",\"description\":\"\",\"assignee\":\"10234\",\"owner\":\"10234\"}', 0x7B226167726565223A2274727565222C227370796A223A22E5908CE6848F2020222C226964223A22313032333463686170746572636861707465725F757365727461736B312E68746D6C222C22626B223A2232303139303232363130303534343130323334222C226465736372697074696F6E223A22E68C87E5AE9A222C2261737369676E6565223A223130323334222C226F776E6572223A223130323334227D);
INSERT INTO `act_hi_comment` VALUES ('50040', 'comment', '2019-02-26 13:06:35.963', '10234', '50039', '50001', 'AddComment', '{\"agree\":\"true\",\"spyj\":\" \",\"id\":\"10234chapterchapter_usertask1.html\",\"bk\":\"2019022613060410234\",\"description\":\"\",\"assignee\":\"10234\",\"owner\":\"10234\"}', 0x7B226167726565223A2274727565222C227370796A223A22E5908CE6848F2020222C226964223A22313032333463686170746572636861707465725F757365727461736B312E68746D6C222C22626B223A2232303139303232363133303630343130323334222C226465736372697074696F6E223A22E68C87E5AE9A222C2261737369676E6565223A223130323334222C226F776E6572223A223130323334227D);

-- ----------------------------
-- Table structure for act_hi_detail
-- ----------------------------
DROP TABLE IF EXISTS `act_hi_detail`;
CREATE TABLE `act_hi_detail`  (
  `ID_` varchar(64) CHARACTER SET utf8 COLLATE utf8_bin NOT NULL,
  `TYPE_` varchar(255) CHARACTER SET utf8 COLLATE utf8_bin NOT NULL,
  `PROC_INST_ID_` varchar(64) CHARACTER SET utf8 COLLATE utf8_bin NULL DEFAULT NULL,
  `EXECUTION_ID_` varchar(64) CHARACTER SET utf8 COLLATE utf8_bin NULL DEFAULT NULL,
  `TASK_ID_` varchar(64) CHARACTER SET utf8 COLLATE utf8_bin NULL DEFAULT NULL,
  `ACT_INST_ID_` varchar(64) CHARACTER SET utf8 COLLATE utf8_bin NULL DEFAULT NULL,
  `NAME_` varchar(255) CHARACTER SET utf8 COLLATE utf8_bin NOT NULL,
  `VAR_TYPE_` varchar(255) CHARACTER SET utf8 COLLATE utf8_bin NULL DEFAULT NULL,
  `REV_` int(11) NULL DEFAULT NULL,
  `TIME_` datetime(3) NULL,
  `BYTEARRAY_ID_` varchar(64) CHARACTER SET utf8 COLLATE utf8_bin NULL DEFAULT NULL,
  `DOUBLE_` double NULL DEFAULT NULL,
  `LONG_` bigint(20) NULL DEFAULT NULL,
  `TEXT_` varchar(4000) CHARACTER SET utf8 COLLATE utf8_bin NULL DEFAULT NULL,
  `TEXT2_` varchar(4000) CHARACTER SET utf8 COLLATE utf8_bin NULL DEFAULT NULL,
  PRIMARY KEY (`ID_`) USING BTREE,
  INDEX `ACT_IDX_HI_DETAIL_PROC_INST`(`PROC_INST_ID_`) USING BTREE,
  INDEX `ACT_IDX_HI_DETAIL_ACT_INST`(`ACT_INST_ID_`) USING BTREE,
  INDEX `ACT_IDX_HI_DETAIL_TIME`(`TIME_`) USING BTREE,
  INDEX `ACT_IDX_HI_DETAIL_NAME`(`NAME_`) USING BTREE,
  INDEX `ACT_IDX_HI_DETAIL_TASK_ID`(`TASK_ID_`) USING BTREE
) ENGINE = InnoDB CHARACTER SET = utf8 COLLATE = utf8_bin ROW_FORMAT = Dynamic;

-- ----------------------------
-- Records of act_hi_detail
-- ----------------------------
INSERT INTO `act_hi_detail` VALUES ('42505', 'FormProperty', '42501', '42503', NULL, '42504', 'sqr', NULL, NULL, '2019-02-26 09:10:07.832', NULL, NULL, NULL, 'dev2', NULL);
INSERT INTO `act_hi_detail` VALUES ('42506', 'FormProperty', '42501', '42503', NULL, '42504', 'u_id', NULL, NULL, '2019-02-26 09:10:07.832', NULL, NULL, NULL, '10234', NULL);
INSERT INTO `act_hi_detail` VALUES ('42507', 'FormProperty', '42501', '42503', NULL, '42504', 'bmmc', NULL, NULL, '2019-02-26 09:10:07.833', NULL, NULL, NULL, '', NULL);
INSERT INTO `act_hi_detail` VALUES ('42508', 'FormProperty', '42501', '42503', NULL, '42504', 'sqrq', NULL, NULL, '2019-02-26 09:10:07.833', NULL, NULL, NULL, '2019-02-26 09:09:50', NULL);
INSERT INTO `act_hi_detail` VALUES ('42509', 'FormProperty', '42501', '42503', NULL, '42504', 'qjlx', NULL, NULL, '2019-02-26 09:10:07.833', NULL, NULL, NULL, '', NULL);
INSERT INTO `act_hi_detail` VALUES ('42510', 'FormProperty', '42501', '42503', NULL, '42504', 'ksrq', NULL, NULL, '2019-02-26 09:10:07.833', NULL, NULL, NULL, '2019-02-26 00:00:00', NULL);
INSERT INTO `act_hi_detail` VALUES ('42511', 'FormProperty', '42501', '42503', NULL, '42504', 'jsrq', NULL, NULL, '2019-02-26 09:10:07.833', NULL, NULL, NULL, '2019-02-27 00:00:00', NULL);
INSERT INTO `act_hi_detail` VALUES ('42512', 'FormProperty', '42501', '42503', NULL, '42504', 'qjly', NULL, NULL, '2019-02-26 09:10:07.833', NULL, NULL, NULL, '2222', NULL);
INSERT INTO `act_hi_detail` VALUES ('42513', 'FormProperty', '42501', '42503', NULL, '42504', 'imgName', NULL, NULL, '2019-02-26 09:10:07.833', NULL, NULL, NULL, '', NULL);
INSERT INTO `act_hi_detail` VALUES ('42514', 'FormProperty', '42501', '42503', NULL, '42504', 'file', NULL, NULL, '2019-02-26 09:10:07.833', NULL, NULL, NULL, '', NULL);
INSERT INTO `act_hi_detail` VALUES ('42515', 'FormProperty', '42501', '42503', NULL, '42504', 'sprs', NULL, NULL, '2019-02-26 09:10:07.833', NULL, NULL, NULL, '10237', NULL);
INSERT INTO `act_hi_detail` VALUES ('42516', 'FormProperty', '42501', '42503', NULL, '42504', 'usersprs', NULL, NULL, '2019-02-26 09:10:07.833', NULL, NULL, NULL, '117#10237', NULL);
INSERT INTO `act_hi_detail` VALUES ('42517', 'FormProperty', '42501', '42503', NULL, '42504', 'id', NULL, NULL, '2019-02-26 09:10:07.833', NULL, NULL, NULL, '10234leaveleave_startevent1.html', NULL);
INSERT INTO `act_hi_detail` VALUES ('42518', 'FormProperty', '42501', '42503', NULL, '42504', 'bk', NULL, NULL, '2019-02-26 09:10:07.833', NULL, NULL, NULL, '2019022609095010234', NULL);
INSERT INTO `act_hi_detail` VALUES ('42520', 'VariableUpdate', '42501', '42501', NULL, NULL, 'usersprs', 'string', 0, '2019-02-26 09:10:07.842', NULL, NULL, NULL, '117#10237', NULL);
INSERT INTO `act_hi_detail` VALUES ('42522', 'VariableUpdate', '42501', '42501', NULL, NULL, 'sqrq', 'string', 0, '2019-02-26 09:10:07.845', NULL, NULL, NULL, '2019-02-26 09:09:50', NULL);
INSERT INTO `act_hi_detail` VALUES ('42524', 'VariableUpdate', '42501', '42501', NULL, NULL, 'bk', 'string', 0, '2019-02-26 09:10:07.845', NULL, NULL, NULL, '2019022609095010234', NULL);
INSERT INTO `act_hi_detail` VALUES ('42526', 'VariableUpdate', '42501', '42501', NULL, NULL, 'sprs', 'string', 0, '2019-02-26 09:10:07.845', NULL, NULL, NULL, '10237', NULL);
INSERT INTO `act_hi_detail` VALUES ('42528', 'VariableUpdate', '42501', '42501', NULL, NULL, 'bmmc', 'string', 0, '2019-02-26 09:10:07.845', NULL, NULL, NULL, '', NULL);
INSERT INTO `act_hi_detail` VALUES ('42530', 'VariableUpdate', '42501', '42501', NULL, NULL, 'imgName', 'string', 0, '2019-02-26 09:10:07.845', NULL, NULL, NULL, '', NULL);
INSERT INTO `act_hi_detail` VALUES ('42532', 'VariableUpdate', '42501', '42501', NULL, NULL, 'qjlx', 'string', 0, '2019-02-26 09:10:07.845', NULL, NULL, NULL, '', NULL);
INSERT INTO `act_hi_detail` VALUES ('42534', 'VariableUpdate', '42501', '42501', NULL, NULL, 'qjly', 'string', 0, '2019-02-26 09:10:07.845', NULL, NULL, NULL, '2222', NULL);
INSERT INTO `act_hi_detail` VALUES ('42536', 'VariableUpdate', '42501', '42501', NULL, NULL, 'u_id', 'string', 0, '2019-02-26 09:10:07.845', NULL, NULL, NULL, '10234', NULL);
INSERT INTO `act_hi_detail` VALUES ('42538', 'VariableUpdate', '42501', '42501', NULL, NULL, 'file', 'string', 0, '2019-02-26 09:10:07.846', NULL, NULL, NULL, '', NULL);
INSERT INTO `act_hi_detail` VALUES ('42540', 'VariableUpdate', '42501', '42501', NULL, NULL, 'sqr', 'string', 0, '2019-02-26 09:10:07.846', NULL, NULL, NULL, 'dev2', NULL);
INSERT INTO `act_hi_detail` VALUES ('42542', 'VariableUpdate', '42501', '42501', NULL, NULL, 'ksrq', 'string', 0, '2019-02-26 09:10:07.846', NULL, NULL, NULL, '2019-02-26 00:00:00', NULL);
INSERT INTO `act_hi_detail` VALUES ('42544', 'VariableUpdate', '42501', '42501', NULL, NULL, 'jsrq', 'string', 0, '2019-02-26 09:10:07.846', NULL, NULL, NULL, '2019-02-27 00:00:00', NULL);
INSERT INTO `act_hi_detail` VALUES ('42546', 'VariableUpdate', '42501', '42501', NULL, NULL, 'id', 'string', 0, '2019-02-26 09:10:07.846', NULL, NULL, NULL, '10234leaveleave_startevent1.html', NULL);
INSERT INTO `act_hi_detail` VALUES ('42553', 'FormProperty', '42501', '42503', '42548', '42547', 'agree', NULL, NULL, '2019-02-26 09:11:28.966', NULL, NULL, NULL, 'true', NULL);
INSERT INTO `act_hi_detail` VALUES ('42554', 'FormProperty', '42501', '42503', '42548', '42547', 'ks_spyj', NULL, NULL, '2019-02-26 09:11:28.973', NULL, NULL, NULL, '  ', NULL);
INSERT INTO `act_hi_detail` VALUES ('42555', 'FormProperty', '42501', '42503', '42548', '42547', 'sprs', NULL, NULL, '2019-02-26 09:11:28.973', NULL, NULL, NULL, '10235', NULL);
INSERT INTO `act_hi_detail` VALUES ('42556', 'FormProperty', '42501', '42503', '42548', '42547', 'usersprs', NULL, NULL, '2019-02-26 09:11:28.973', NULL, NULL, NULL, '119#10235', NULL);
INSERT INTO `act_hi_detail` VALUES ('42557', 'FormProperty', '42501', '42503', '42548', '42547', 'id', NULL, NULL, '2019-02-26 09:11:28.973', NULL, NULL, NULL, '10237leaveleave_usertask1.html', NULL);
INSERT INTO `act_hi_detail` VALUES ('42558', 'FormProperty', '42501', '42503', '42548', '42547', 'bk', NULL, NULL, '2019-02-26 09:11:28.973', NULL, NULL, NULL, '2019022609095010234', NULL);
INSERT INTO `act_hi_detail` VALUES ('42559', 'FormProperty', '42501', '42503', '42548', '42547', 'description', NULL, NULL, '2019-02-26 09:11:28.973', NULL, NULL, NULL, '', NULL);
INSERT INTO `act_hi_detail` VALUES ('42560', 'FormProperty', '42501', '42503', '42548', '42547', 'assignee', NULL, NULL, '2019-02-26 09:11:28.973', NULL, NULL, NULL, '10237', NULL);
INSERT INTO `act_hi_detail` VALUES ('42561', 'FormProperty', '42501', '42503', '42548', '42547', 'owner', NULL, NULL, '2019-02-26 09:11:28.973', NULL, NULL, NULL, '10237', NULL);
INSERT INTO `act_hi_detail` VALUES ('42563', 'VariableUpdate', '42501', '42501', NULL, '42547', 'owner', 'string', 0, '2019-02-26 09:11:29.000', NULL, NULL, NULL, '10237', NULL);
INSERT INTO `act_hi_detail` VALUES ('42564', 'VariableUpdate', '42501', '42501', NULL, '42547', 'usersprs', 'string', 1, '2019-02-26 09:11:29.000', NULL, NULL, NULL, '119#10235', NULL);
INSERT INTO `act_hi_detail` VALUES ('42565', 'VariableUpdate', '42501', '42501', NULL, '42547', 'bk', 'string', 1, '2019-02-26 09:11:29.007', NULL, NULL, NULL, '2019022609095010234', NULL);
INSERT INTO `act_hi_detail` VALUES ('42567', 'VariableUpdate', '42501', '42501', NULL, '42547', 'description', 'string', 0, '2019-02-26 09:11:29.012', NULL, NULL, NULL, '', NULL);
INSERT INTO `act_hi_detail` VALUES ('42569', 'VariableUpdate', '42501', '42501', NULL, '42547', 'agree', 'string', 0, '2019-02-26 09:11:29.012', NULL, NULL, NULL, 'true', NULL);
INSERT INTO `act_hi_detail` VALUES ('42570', 'VariableUpdate', '42501', '42501', NULL, '42547', 'sprs', 'string', 1, '2019-02-26 09:11:29.012', NULL, NULL, NULL, '10235', NULL);
INSERT INTO `act_hi_detail` VALUES ('42571', 'VariableUpdate', '42501', '42501', NULL, '42547', 'id', 'string', 1, '2019-02-26 09:11:29.016', NULL, NULL, NULL, '10237leaveleave_usertask1.html', NULL);
INSERT INTO `act_hi_detail` VALUES ('42573', 'VariableUpdate', '42501', '42501', NULL, '42547', 'assignee', 'string', 0, '2019-02-26 09:11:29.026', NULL, NULL, NULL, '10237', NULL);
INSERT INTO `act_hi_detail` VALUES ('42575', 'VariableUpdate', '42501', '42501', NULL, '42547', 'ks_spyj', 'string', 0, '2019-02-26 09:11:29.026', NULL, NULL, NULL, '  ', NULL);
INSERT INTO `act_hi_detail` VALUES ('42581', 'FormProperty', '42501', '42503', '42579', '42578', 'agree', NULL, NULL, '2019-02-26 09:13:45.663', NULL, NULL, NULL, 'true', NULL);
INSERT INTO `act_hi_detail` VALUES ('42582', 'FormProperty', '42501', '42503', '42579', '42578', 'fg_spyj', NULL, NULL, '2019-02-26 09:13:45.675', NULL, NULL, NULL, '  ', NULL);
INSERT INTO `act_hi_detail` VALUES ('42583', 'FormProperty', '42501', '42503', '42579', '42578', 'sprs', NULL, NULL, '2019-02-26 09:13:45.675', NULL, NULL, NULL, '10238', NULL);
INSERT INTO `act_hi_detail` VALUES ('42584', 'FormProperty', '42501', '42503', '42579', '42578', 'usersprs', NULL, NULL, '2019-02-26 09:13:45.675', NULL, NULL, NULL, '120#10238', NULL);
INSERT INTO `act_hi_detail` VALUES ('42585', 'FormProperty', '42501', '42503', '42579', '42578', 'id', NULL, NULL, '2019-02-26 09:13:45.675', NULL, NULL, NULL, '10235leaveleave_usertask2.html', NULL);
INSERT INTO `act_hi_detail` VALUES ('42586', 'FormProperty', '42501', '42503', '42579', '42578', 'bk', NULL, NULL, '2019-02-26 09:13:45.675', NULL, NULL, NULL, '2019022609095010234', NULL);
INSERT INTO `act_hi_detail` VALUES ('42587', 'FormProperty', '42501', '42503', '42579', '42578', 'description', NULL, NULL, '2019-02-26 09:13:45.675', NULL, NULL, NULL, '', NULL);
INSERT INTO `act_hi_detail` VALUES ('42588', 'FormProperty', '42501', '42503', '42579', '42578', 'assignee', NULL, NULL, '2019-02-26 09:13:45.675', NULL, NULL, NULL, '10235', NULL);
INSERT INTO `act_hi_detail` VALUES ('42589', 'FormProperty', '42501', '42503', '42579', '42578', 'owner', NULL, NULL, '2019-02-26 09:13:45.675', NULL, NULL, NULL, '10235', NULL);
INSERT INTO `act_hi_detail` VALUES ('42590', 'VariableUpdate', '42501', '42501', NULL, '42578', 'owner', 'string', 1, '2019-02-26 09:13:45.694', NULL, NULL, NULL, '10235', NULL);
INSERT INTO `act_hi_detail` VALUES ('42592', 'VariableUpdate', '42501', '42501', NULL, '42578', 'fg_spyj', 'string', 0, '2019-02-26 09:13:45.698', NULL, NULL, NULL, '  ', NULL);
INSERT INTO `act_hi_detail` VALUES ('42593', 'VariableUpdate', '42501', '42501', NULL, '42578', 'usersprs', 'string', 2, '2019-02-26 09:13:45.698', NULL, NULL, NULL, '120#10238', NULL);
INSERT INTO `act_hi_detail` VALUES ('42594', 'VariableUpdate', '42501', '42501', NULL, '42578', 'bk', 'string', 1, '2019-02-26 09:13:45.703', NULL, NULL, NULL, '2019022609095010234', NULL);
INSERT INTO `act_hi_detail` VALUES ('42595', 'VariableUpdate', '42501', '42501', NULL, '42578', 'description', 'string', 1, '2019-02-26 09:13:45.710', NULL, NULL, NULL, '', NULL);
INSERT INTO `act_hi_detail` VALUES ('42596', 'VariableUpdate', '42501', '42501', NULL, '42578', 'agree', 'string', 1, '2019-02-26 09:13:45.715', NULL, NULL, NULL, 'true', NULL);
INSERT INTO `act_hi_detail` VALUES ('42597', 'VariableUpdate', '42501', '42501', NULL, '42578', 'sprs', 'string', 2, '2019-02-26 09:13:45.719', NULL, NULL, NULL, '10238', NULL);
INSERT INTO `act_hi_detail` VALUES ('42598', 'VariableUpdate', '42501', '42501', NULL, '42578', 'id', 'string', 2, '2019-02-26 09:13:45.725', NULL, NULL, NULL, '10235leaveleave_usertask2.html', NULL);
INSERT INTO `act_hi_detail` VALUES ('42599', 'VariableUpdate', '42501', '42501', NULL, '42578', 'assignee', 'string', 1, '2019-02-26 09:13:45.728', NULL, NULL, NULL, '10235', NULL);
INSERT INTO `act_hi_detail` VALUES ('42605', 'FormProperty', '42501', '42503', '42603', '42602', 'agree', NULL, NULL, '2019-02-26 09:14:13.419', NULL, NULL, NULL, 'true', NULL);
INSERT INTO `act_hi_detail` VALUES ('42606', 'FormProperty', '42501', '42503', '42603', '42602', 'zg_spyj', NULL, NULL, '2019-02-26 09:14:13.463', NULL, NULL, NULL, '  ', NULL);
INSERT INTO `act_hi_detail` VALUES ('42607', 'FormProperty', '42501', '42503', '42603', '42602', 'id', NULL, NULL, '2019-02-26 09:14:13.463', NULL, NULL, NULL, '10238leaveleave_usertask3.html', NULL);
INSERT INTO `act_hi_detail` VALUES ('42608', 'FormProperty', '42501', '42503', '42603', '42602', 'bk', NULL, NULL, '2019-02-26 09:14:13.463', NULL, NULL, NULL, '2019022609095010234', NULL);
INSERT INTO `act_hi_detail` VALUES ('42609', 'FormProperty', '42501', '42503', '42603', '42602', 'description', NULL, NULL, '2019-02-26 09:14:13.463', NULL, NULL, NULL, '', NULL);
INSERT INTO `act_hi_detail` VALUES ('42610', 'FormProperty', '42501', '42503', '42603', '42602', 'assignee', NULL, NULL, '2019-02-26 09:14:13.463', NULL, NULL, NULL, '10238', NULL);
INSERT INTO `act_hi_detail` VALUES ('42611', 'FormProperty', '42501', '42503', '42603', '42602', 'owner', NULL, NULL, '2019-02-26 09:14:13.463', NULL, NULL, NULL, '10238', NULL);
INSERT INTO `act_hi_detail` VALUES ('42612', 'VariableUpdate', '42501', '42501', NULL, '42602', 'owner', 'string', 2, '2019-02-26 09:14:13.486', NULL, NULL, NULL, '10238', NULL);
INSERT INTO `act_hi_detail` VALUES ('42613', 'VariableUpdate', '42501', '42501', NULL, '42602', 'bk', 'string', 1, '2019-02-26 09:14:13.557', NULL, NULL, NULL, '2019022609095010234', NULL);
INSERT INTO `act_hi_detail` VALUES ('42614', 'VariableUpdate', '42501', '42501', NULL, '42602', 'description', 'string', 1, '2019-02-26 09:14:13.561', NULL, NULL, NULL, '', NULL);
INSERT INTO `act_hi_detail` VALUES ('42615', 'VariableUpdate', '42501', '42501', NULL, '42602', 'agree', 'string', 1, '2019-02-26 09:14:13.566', NULL, NULL, NULL, 'true', NULL);
INSERT INTO `act_hi_detail` VALUES ('42616', 'VariableUpdate', '42501', '42501', NULL, '42602', 'id', 'string', 3, '2019-02-26 09:14:13.573', NULL, NULL, NULL, '10238leaveleave_usertask3.html', NULL);
INSERT INTO `act_hi_detail` VALUES ('42617', 'VariableUpdate', '42501', '42501', NULL, '42602', 'assignee', 'string', 2, '2019-02-26 09:14:13.577', NULL, NULL, NULL, '10238', NULL);
INSERT INTO `act_hi_detail` VALUES ('42619', 'VariableUpdate', '42501', '42501', NULL, '42602', 'zg_spyj', 'string', 0, '2019-02-26 09:14:13.582', NULL, NULL, NULL, '  ', NULL);
INSERT INTO `act_hi_detail` VALUES ('45005', 'FormProperty', '45001', '45003', NULL, '45004', 'sqr', NULL, NULL, '2019-02-26 09:49:42.700', NULL, NULL, NULL, 'dev2', NULL);
INSERT INTO `act_hi_detail` VALUES ('45006', 'FormProperty', '45001', '45003', NULL, '45004', 'u_id', NULL, NULL, '2019-02-26 09:49:42.700', NULL, NULL, NULL, '10234', NULL);
INSERT INTO `act_hi_detail` VALUES ('45007', 'FormProperty', '45001', '45003', NULL, '45004', 'bmmc', NULL, NULL, '2019-02-26 09:49:42.700', NULL, NULL, NULL, '', NULL);
INSERT INTO `act_hi_detail` VALUES ('45008', 'FormProperty', '45001', '45003', NULL, '45004', 'sqrq', NULL, NULL, '2019-02-26 09:49:42.700', NULL, NULL, NULL, '2019-02-26 09:49:27', NULL);
INSERT INTO `act_hi_detail` VALUES ('45009', 'FormProperty', '45001', '45003', NULL, '45004', 'yylx', NULL, NULL, '2019-02-26 09:49:42.700', NULL, NULL, NULL, '', NULL);
INSERT INTO `act_hi_detail` VALUES ('45010', 'FormProperty', '45001', '45003', NULL, '45004', 'yyfs', NULL, NULL, '2019-02-26 09:49:42.700', NULL, NULL, NULL, '2000', NULL);
INSERT INTO `act_hi_detail` VALUES ('45011', 'FormProperty', '45001', '45003', NULL, '45004', 'yynr', NULL, NULL, '2019-02-26 09:49:42.700', NULL, NULL, NULL, '', NULL);
INSERT INTO `act_hi_detail` VALUES ('45012', 'FormProperty', '45001', '45003', NULL, '45004', 'sprs', NULL, NULL, '2019-02-26 09:49:42.700', NULL, NULL, NULL, '10234', NULL);
INSERT INTO `act_hi_detail` VALUES ('45013', 'FormProperty', '45001', '45003', NULL, '45004', 'usersprs', NULL, NULL, '2019-02-26 09:49:42.700', NULL, NULL, NULL, '118#10234', NULL);
INSERT INTO `act_hi_detail` VALUES ('45014', 'FormProperty', '45001', '45003', NULL, '45004', 'id', NULL, NULL, '2019-02-26 09:49:42.700', NULL, NULL, NULL, '10234chapterchapter_startevent1.html', NULL);
INSERT INTO `act_hi_detail` VALUES ('45015', 'FormProperty', '45001', '45003', NULL, '45004', 'bk', NULL, NULL, '2019-02-26 09:49:42.700', NULL, NULL, NULL, '2019022609492710234', NULL);
INSERT INTO `act_hi_detail` VALUES ('45017', 'VariableUpdate', '45001', '45001', NULL, NULL, 'u_id', 'string', 0, '2019-02-26 09:49:42.708', NULL, NULL, NULL, '10234', NULL);
INSERT INTO `act_hi_detail` VALUES ('45019', 'VariableUpdate', '45001', '45001', NULL, NULL, 'yylx', 'string', 0, '2019-02-26 09:49:42.710', NULL, NULL, NULL, '', NULL);
INSERT INTO `act_hi_detail` VALUES ('45021', 'VariableUpdate', '45001', '45001', NULL, NULL, 'sqr', 'string', 0, '2019-02-26 09:49:42.710', NULL, NULL, NULL, 'dev2', NULL);
INSERT INTO `act_hi_detail` VALUES ('45023', 'VariableUpdate', '45001', '45001', NULL, NULL, 'yyfs', 'string', 0, '2019-02-26 09:49:42.710', NULL, NULL, NULL, '2000', NULL);
INSERT INTO `act_hi_detail` VALUES ('45025', 'VariableUpdate', '45001', '45001', NULL, NULL, 'usersprs', 'string', 0, '2019-02-26 09:49:42.710', NULL, NULL, NULL, '118#10234', NULL);
INSERT INTO `act_hi_detail` VALUES ('45027', 'VariableUpdate', '45001', '45001', NULL, NULL, 'sqrq', 'string', 0, '2019-02-26 09:49:42.710', NULL, NULL, NULL, '2019-02-26 09:49:27', NULL);
INSERT INTO `act_hi_detail` VALUES ('45029', 'VariableUpdate', '45001', '45001', NULL, NULL, 'bk', 'string', 0, '2019-02-26 09:49:42.710', NULL, NULL, NULL, '2019022609492710234', NULL);
INSERT INTO `act_hi_detail` VALUES ('45031', 'VariableUpdate', '45001', '45001', NULL, NULL, 'sprs', 'string', 0, '2019-02-26 09:49:42.710', NULL, NULL, NULL, '10234', NULL);
INSERT INTO `act_hi_detail` VALUES ('45033', 'VariableUpdate', '45001', '45001', NULL, NULL, 'id', 'string', 0, '2019-02-26 09:49:42.710', NULL, NULL, NULL, '10234chapterchapter_startevent1.html', NULL);
INSERT INTO `act_hi_detail` VALUES ('45035', 'VariableUpdate', '45001', '45001', NULL, NULL, 'yynr', 'string', 0, '2019-02-26 09:49:42.710', NULL, NULL, NULL, '', NULL);
INSERT INTO `act_hi_detail` VALUES ('45037', 'VariableUpdate', '45001', '45001', NULL, NULL, 'bmmc', 'string', 0, '2019-02-26 09:49:42.710', NULL, NULL, NULL, '', NULL);
INSERT INTO `act_hi_detail` VALUES ('45041', 'FormProperty', '45001', '45003', '45039', '45038', 'agree', NULL, NULL, '2019-02-26 09:49:56.104', NULL, NULL, NULL, 'true', NULL);
INSERT INTO `act_hi_detail` VALUES ('45042', 'FormProperty', '45001', '45003', '45039', '45038', 'spyj', NULL, NULL, '2019-02-26 09:49:56.110', NULL, NULL, NULL, '  ', NULL);
INSERT INTO `act_hi_detail` VALUES ('45043', 'FormProperty', '45001', '45003', '45039', '45038', 'id', NULL, NULL, '2019-02-26 09:49:56.110', NULL, NULL, NULL, '10234chapterchapter_usertask1.html', NULL);
INSERT INTO `act_hi_detail` VALUES ('45044', 'FormProperty', '45001', '45003', '45039', '45038', 'bk', NULL, NULL, '2019-02-26 09:49:56.110', NULL, NULL, NULL, '2019022609492710234', NULL);
INSERT INTO `act_hi_detail` VALUES ('45045', 'FormProperty', '45001', '45003', '45039', '45038', 'description', NULL, NULL, '2019-02-26 09:49:56.110', NULL, NULL, NULL, '', NULL);
INSERT INTO `act_hi_detail` VALUES ('45046', 'FormProperty', '45001', '45003', '45039', '45038', 'assignee', NULL, NULL, '2019-02-26 09:49:56.110', NULL, NULL, NULL, '10234', NULL);
INSERT INTO `act_hi_detail` VALUES ('45047', 'FormProperty', '45001', '45003', '45039', '45038', 'owner', NULL, NULL, '2019-02-26 09:49:56.110', NULL, NULL, NULL, '10234', NULL);
INSERT INTO `act_hi_detail` VALUES ('45049', 'VariableUpdate', '45001', '45001', NULL, '45038', 'owner', 'string', 0, '2019-02-26 09:49:56.139', NULL, NULL, NULL, '10234', NULL);
INSERT INTO `act_hi_detail` VALUES ('45050', 'VariableUpdate', '45001', '45001', NULL, '45038', 'bk', 'string', 1, '2019-02-26 09:49:56.139', NULL, NULL, NULL, '2019022609492710234', NULL);
INSERT INTO `act_hi_detail` VALUES ('45052', 'VariableUpdate', '45001', '45001', NULL, '45038', 'description', 'string', 0, '2019-02-26 09:49:56.144', NULL, NULL, NULL, '', NULL);
INSERT INTO `act_hi_detail` VALUES ('45054', 'VariableUpdate', '45001', '45001', NULL, '45038', 'agree', 'string', 0, '2019-02-26 09:49:56.144', NULL, NULL, NULL, 'true', NULL);
INSERT INTO `act_hi_detail` VALUES ('45056', 'VariableUpdate', '45001', '45001', NULL, '45038', 'spyj', 'string', 0, '2019-02-26 09:49:56.144', NULL, NULL, NULL, '  ', NULL);
INSERT INTO `act_hi_detail` VALUES ('45057', 'VariableUpdate', '45001', '45001', NULL, '45038', 'id', 'string', 1, '2019-02-26 09:49:56.144', NULL, NULL, NULL, '10234chapterchapter_usertask1.html', NULL);
INSERT INTO `act_hi_detail` VALUES ('45059', 'VariableUpdate', '45001', '45001', NULL, '45038', 'assignee', 'string', 0, '2019-02-26 09:49:56.150', NULL, NULL, NULL, '10234', NULL);
INSERT INTO `act_hi_detail` VALUES ('45065', 'FormProperty', '45061', '45063', NULL, '45064', 'sqr', NULL, NULL, '2019-02-26 10:19:43.422', NULL, NULL, NULL, 'dev2', NULL);
INSERT INTO `act_hi_detail` VALUES ('45066', 'FormProperty', '45061', '45063', NULL, '45064', 'u_id', NULL, NULL, '2019-02-26 10:19:43.422', NULL, NULL, NULL, '10234', NULL);
INSERT INTO `act_hi_detail` VALUES ('45067', 'FormProperty', '45061', '45063', NULL, '45064', 'bmmc', NULL, NULL, '2019-02-26 10:19:43.422', NULL, NULL, NULL, '', NULL);
INSERT INTO `act_hi_detail` VALUES ('45068', 'FormProperty', '45061', '45063', NULL, '45064', 'sqrq', NULL, NULL, '2019-02-26 10:19:43.422', NULL, NULL, NULL, '2019-02-26 10:05:44', NULL);
INSERT INTO `act_hi_detail` VALUES ('45069', 'FormProperty', '45061', '45063', NULL, '45064', 'yylx', NULL, NULL, '2019-02-26 10:19:43.422', NULL, NULL, NULL, '', NULL);
INSERT INTO `act_hi_detail` VALUES ('45070', 'FormProperty', '45061', '45063', NULL, '45064', 'yyfs', NULL, NULL, '2019-02-26 10:19:43.422', NULL, NULL, NULL, '2', NULL);
INSERT INTO `act_hi_detail` VALUES ('45071', 'FormProperty', '45061', '45063', NULL, '45064', 'yynr', NULL, NULL, '2019-02-26 10:19:43.422', NULL, NULL, NULL, '2', NULL);
INSERT INTO `act_hi_detail` VALUES ('45072', 'FormProperty', '45061', '45063', NULL, '45064', 'sprs', NULL, NULL, '2019-02-26 10:19:43.422', NULL, NULL, NULL, '10234', NULL);
INSERT INTO `act_hi_detail` VALUES ('45073', 'FormProperty', '45061', '45063', NULL, '45064', 'usersprs', NULL, NULL, '2019-02-26 10:19:43.422', NULL, NULL, NULL, '118#10234', NULL);
INSERT INTO `act_hi_detail` VALUES ('45074', 'FormProperty', '45061', '45063', NULL, '45064', 'id', NULL, NULL, '2019-02-26 10:19:43.422', NULL, NULL, NULL, '10234chapterchapter_startevent1.html', NULL);
INSERT INTO `act_hi_detail` VALUES ('45075', 'FormProperty', '45061', '45063', NULL, '45064', 'bk', NULL, NULL, '2019-02-26 10:19:43.422', NULL, NULL, NULL, '2019022610054410234', NULL);
INSERT INTO `act_hi_detail` VALUES ('45077', 'VariableUpdate', '45061', '45061', NULL, NULL, 'u_id', 'string', 0, '2019-02-26 10:19:43.429', NULL, NULL, NULL, '10234', NULL);
INSERT INTO `act_hi_detail` VALUES ('45079', 'VariableUpdate', '45061', '45061', NULL, NULL, 'yylx', 'string', 0, '2019-02-26 10:19:43.429', NULL, NULL, NULL, '', NULL);
INSERT INTO `act_hi_detail` VALUES ('45081', 'VariableUpdate', '45061', '45061', NULL, NULL, 'sqr', 'string', 0, '2019-02-26 10:19:43.429', NULL, NULL, NULL, 'dev2', NULL);
INSERT INTO `act_hi_detail` VALUES ('45083', 'VariableUpdate', '45061', '45061', NULL, NULL, 'yyfs', 'string', 0, '2019-02-26 10:19:43.429', NULL, NULL, NULL, '2', NULL);
INSERT INTO `act_hi_detail` VALUES ('45085', 'VariableUpdate', '45061', '45061', NULL, NULL, 'usersprs', 'string', 0, '2019-02-26 10:19:43.429', NULL, NULL, NULL, '118#10234', NULL);
INSERT INTO `act_hi_detail` VALUES ('45087', 'VariableUpdate', '45061', '45061', NULL, NULL, 'sqrq', 'string', 0, '2019-02-26 10:19:43.429', NULL, NULL, NULL, '2019-02-26 10:05:44', NULL);
INSERT INTO `act_hi_detail` VALUES ('45089', 'VariableUpdate', '45061', '45061', NULL, NULL, 'bk', 'string', 0, '2019-02-26 10:19:43.429', NULL, NULL, NULL, '2019022610054410234', NULL);
INSERT INTO `act_hi_detail` VALUES ('45091', 'VariableUpdate', '45061', '45061', NULL, NULL, 'sprs', 'string', 0, '2019-02-26 10:19:43.429', NULL, NULL, NULL, '10234', NULL);
INSERT INTO `act_hi_detail` VALUES ('45093', 'VariableUpdate', '45061', '45061', NULL, NULL, 'id', 'string', 0, '2019-02-26 10:19:43.429', NULL, NULL, NULL, '10234chapterchapter_startevent1.html', NULL);
INSERT INTO `act_hi_detail` VALUES ('45095', 'VariableUpdate', '45061', '45061', NULL, NULL, 'yynr', 'string', 0, '2019-02-26 10:19:43.429', NULL, NULL, NULL, '2', NULL);
INSERT INTO `act_hi_detail` VALUES ('45097', 'VariableUpdate', '45061', '45061', NULL, NULL, 'bmmc', 'string', 0, '2019-02-26 10:19:43.429', NULL, NULL, NULL, '', NULL);
INSERT INTO `act_hi_detail` VALUES ('45101', 'FormProperty', '45061', '45063', '45099', '45098', 'agree', NULL, NULL, '2019-02-26 10:19:53.479', NULL, NULL, NULL, 'true', NULL);
INSERT INTO `act_hi_detail` VALUES ('45102', 'FormProperty', '45061', '45063', '45099', '45098', 'spyj', NULL, NULL, '2019-02-26 10:19:53.483', NULL, NULL, NULL, '  ', NULL);
INSERT INTO `act_hi_detail` VALUES ('45103', 'FormProperty', '45061', '45063', '45099', '45098', 'id', NULL, NULL, '2019-02-26 10:19:53.483', NULL, NULL, NULL, '10234chapterchapter_usertask1.html', NULL);
INSERT INTO `act_hi_detail` VALUES ('45104', 'FormProperty', '45061', '45063', '45099', '45098', 'bk', NULL, NULL, '2019-02-26 10:19:53.483', NULL, NULL, NULL, '2019022610054410234', NULL);
INSERT INTO `act_hi_detail` VALUES ('45105', 'FormProperty', '45061', '45063', '45099', '45098', 'description', NULL, NULL, '2019-02-26 10:19:53.483', NULL, NULL, NULL, '', NULL);
INSERT INTO `act_hi_detail` VALUES ('45106', 'FormProperty', '45061', '45063', '45099', '45098', 'assignee', NULL, NULL, '2019-02-26 10:19:53.483', NULL, NULL, NULL, '10234', NULL);
INSERT INTO `act_hi_detail` VALUES ('45107', 'FormProperty', '45061', '45063', '45099', '45098', 'owner', NULL, NULL, '2019-02-26 10:19:53.483', NULL, NULL, NULL, '10234', NULL);
INSERT INTO `act_hi_detail` VALUES ('45109', 'VariableUpdate', '45061', '45061', NULL, '45098', 'owner', 'string', 0, '2019-02-26 10:19:53.504', NULL, NULL, NULL, '10234', NULL);
INSERT INTO `act_hi_detail` VALUES ('45110', 'VariableUpdate', '45061', '45061', NULL, '45098', 'bk', 'string', 1, '2019-02-26 10:19:53.504', NULL, NULL, NULL, '2019022610054410234', NULL);
INSERT INTO `act_hi_detail` VALUES ('45112', 'VariableUpdate', '45061', '45061', NULL, '45098', 'description', 'string', 0, '2019-02-26 10:19:53.511', NULL, NULL, NULL, '', NULL);
INSERT INTO `act_hi_detail` VALUES ('45114', 'VariableUpdate', '45061', '45061', NULL, '45098', 'agree', 'string', 0, '2019-02-26 10:19:53.511', NULL, NULL, NULL, 'true', NULL);
INSERT INTO `act_hi_detail` VALUES ('45116', 'VariableUpdate', '45061', '45061', NULL, '45098', 'spyj', 'string', 0, '2019-02-26 10:19:53.511', NULL, NULL, NULL, '  ', NULL);
INSERT INTO `act_hi_detail` VALUES ('45117', 'VariableUpdate', '45061', '45061', NULL, '45098', 'id', 'string', 1, '2019-02-26 10:19:53.511', NULL, NULL, NULL, '10234chapterchapter_usertask1.html', NULL);
INSERT INTO `act_hi_detail` VALUES ('45119', 'VariableUpdate', '45061', '45061', NULL, '45098', 'assignee', 'string', 0, '2019-02-26 10:19:53.515', NULL, NULL, NULL, '10234', NULL);
INSERT INTO `act_hi_detail` VALUES ('47505', 'FormProperty', '47501', '47503', NULL, '47504', 'sqr', NULL, NULL, '2019-02-26 10:44:11.266', NULL, NULL, NULL, 'dev2', NULL);
INSERT INTO `act_hi_detail` VALUES ('47506', 'FormProperty', '47501', '47503', NULL, '47504', 'u_id', NULL, NULL, '2019-02-26 10:44:11.266', NULL, NULL, NULL, '10234', NULL);
INSERT INTO `act_hi_detail` VALUES ('47507', 'FormProperty', '47501', '47503', NULL, '47504', 'bmmc', NULL, NULL, '2019-02-26 10:44:11.266', NULL, NULL, NULL, '', NULL);
INSERT INTO `act_hi_detail` VALUES ('47508', 'FormProperty', '47501', '47503', NULL, '47504', 'sqrq', NULL, NULL, '2019-02-26 10:44:11.266', NULL, NULL, NULL, '2019-02-26 10:42:58', NULL);
INSERT INTO `act_hi_detail` VALUES ('47509', 'FormProperty', '47501', '47503', NULL, '47504', 'qjlx', NULL, NULL, '2019-02-26 10:44:11.266', NULL, NULL, NULL, '', NULL);
INSERT INTO `act_hi_detail` VALUES ('47510', 'FormProperty', '47501', '47503', NULL, '47504', 'ksrq', NULL, NULL, '2019-02-26 10:44:11.266', NULL, NULL, NULL, '2019-02-26 00:00:00', NULL);
INSERT INTO `act_hi_detail` VALUES ('47511', 'FormProperty', '47501', '47503', NULL, '47504', 'jsrq', NULL, NULL, '2019-02-26 10:44:11.266', NULL, NULL, NULL, '2019-02-26 00:00:00', NULL);
INSERT INTO `act_hi_detail` VALUES ('47512', 'FormProperty', '47501', '47503', NULL, '47504', 'qjly', NULL, NULL, '2019-02-26 10:44:11.266', NULL, NULL, NULL, '', NULL);
INSERT INTO `act_hi_detail` VALUES ('47513', 'FormProperty', '47501', '47503', NULL, '47504', 'imgName', NULL, NULL, '2019-02-26 10:44:11.266', NULL, NULL, NULL, '', NULL);
INSERT INTO `act_hi_detail` VALUES ('47514', 'FormProperty', '47501', '47503', NULL, '47504', 'file', NULL, NULL, '2019-02-26 10:44:11.266', NULL, NULL, NULL, '', NULL);
INSERT INTO `act_hi_detail` VALUES ('47515', 'FormProperty', '47501', '47503', NULL, '47504', 'sprs', NULL, NULL, '2019-02-26 10:44:11.266', NULL, NULL, NULL, '10234', NULL);
INSERT INTO `act_hi_detail` VALUES ('47516', 'FormProperty', '47501', '47503', NULL, '47504', 'usersprs', NULL, NULL, '2019-02-26 10:44:11.266', NULL, NULL, NULL, '118#10234', NULL);
INSERT INTO `act_hi_detail` VALUES ('47517', 'FormProperty', '47501', '47503', NULL, '47504', 'id', NULL, NULL, '2019-02-26 10:44:11.266', NULL, NULL, NULL, '10234leaveleave_startevent1.html', NULL);
INSERT INTO `act_hi_detail` VALUES ('47518', 'FormProperty', '47501', '47503', NULL, '47504', 'bk', NULL, NULL, '2019-02-26 10:44:11.266', NULL, NULL, NULL, '2019022610425810234', NULL);
INSERT INTO `act_hi_detail` VALUES ('47520', 'VariableUpdate', '47501', '47501', NULL, NULL, 'usersprs', 'string', 0, '2019-02-26 10:44:11.274', NULL, NULL, NULL, '118#10234', NULL);
INSERT INTO `act_hi_detail` VALUES ('47522', 'VariableUpdate', '47501', '47501', NULL, NULL, 'sqrq', 'string', 0, '2019-02-26 10:44:11.275', NULL, NULL, NULL, '2019-02-26 10:42:58', NULL);
INSERT INTO `act_hi_detail` VALUES ('47524', 'VariableUpdate', '47501', '47501', NULL, NULL, 'bk', 'string', 0, '2019-02-26 10:44:11.276', NULL, NULL, NULL, '2019022610425810234', NULL);
INSERT INTO `act_hi_detail` VALUES ('47526', 'VariableUpdate', '47501', '47501', NULL, NULL, 'sprs', 'string', 0, '2019-02-26 10:44:11.276', NULL, NULL, NULL, '10234', NULL);
INSERT INTO `act_hi_detail` VALUES ('47528', 'VariableUpdate', '47501', '47501', NULL, NULL, 'bmmc', 'string', 0, '2019-02-26 10:44:11.276', NULL, NULL, NULL, '', NULL);
INSERT INTO `act_hi_detail` VALUES ('47530', 'VariableUpdate', '47501', '47501', NULL, NULL, 'imgName', 'string', 0, '2019-02-26 10:44:11.276', NULL, NULL, NULL, '', NULL);
INSERT INTO `act_hi_detail` VALUES ('47532', 'VariableUpdate', '47501', '47501', NULL, NULL, 'qjlx', 'string', 0, '2019-02-26 10:44:11.276', NULL, NULL, NULL, '', NULL);
INSERT INTO `act_hi_detail` VALUES ('47534', 'VariableUpdate', '47501', '47501', NULL, NULL, 'qjly', 'string', 0, '2019-02-26 10:44:11.276', NULL, NULL, NULL, '', NULL);
INSERT INTO `act_hi_detail` VALUES ('47536', 'VariableUpdate', '47501', '47501', NULL, NULL, 'u_id', 'string', 0, '2019-02-26 10:44:11.276', NULL, NULL, NULL, '10234', NULL);
INSERT INTO `act_hi_detail` VALUES ('47538', 'VariableUpdate', '47501', '47501', NULL, NULL, 'file', 'string', 0, '2019-02-26 10:44:11.276', NULL, NULL, NULL, '', NULL);
INSERT INTO `act_hi_detail` VALUES ('47540', 'VariableUpdate', '47501', '47501', NULL, NULL, 'sqr', 'string', 0, '2019-02-26 10:44:11.276', NULL, NULL, NULL, 'dev2', NULL);
INSERT INTO `act_hi_detail` VALUES ('47542', 'VariableUpdate', '47501', '47501', NULL, NULL, 'ksrq', 'string', 0, '2019-02-26 10:44:11.276', NULL, NULL, NULL, '2019-02-26 00:00:00', NULL);
INSERT INTO `act_hi_detail` VALUES ('47544', 'VariableUpdate', '47501', '47501', NULL, NULL, 'jsrq', 'string', 0, '2019-02-26 10:44:11.277', NULL, NULL, NULL, '2019-02-26 00:00:00', NULL);
INSERT INTO `act_hi_detail` VALUES ('47546', 'VariableUpdate', '47501', '47501', NULL, NULL, 'id', 'string', 0, '2019-02-26 10:44:11.277', NULL, NULL, NULL, '10234leaveleave_startevent1.html', NULL);
INSERT INTO `act_hi_detail` VALUES ('50005', 'FormProperty', '50001', '50003', NULL, '50004', 'sqr', NULL, NULL, '2019-02-26 13:06:26.327', NULL, NULL, NULL, 'dev2', NULL);
INSERT INTO `act_hi_detail` VALUES ('50006', 'FormProperty', '50001', '50003', NULL, '50004', 'u_id', NULL, NULL, '2019-02-26 13:06:26.327', NULL, NULL, NULL, '10234', NULL);
INSERT INTO `act_hi_detail` VALUES ('50007', 'FormProperty', '50001', '50003', NULL, '50004', 'bmmc', NULL, NULL, '2019-02-26 13:06:26.327', NULL, NULL, NULL, '', NULL);
INSERT INTO `act_hi_detail` VALUES ('50008', 'FormProperty', '50001', '50003', NULL, '50004', 'sqrq', NULL, NULL, '2019-02-26 13:06:26.327', NULL, NULL, NULL, '2019-02-26 13:06:04', NULL);
INSERT INTO `act_hi_detail` VALUES ('50009', 'FormProperty', '50001', '50003', NULL, '50004', 'yylx', NULL, NULL, '2019-02-26 13:06:26.327', NULL, NULL, NULL, '', NULL);
INSERT INTO `act_hi_detail` VALUES ('50010', 'FormProperty', '50001', '50003', NULL, '50004', 'yyfs', NULL, NULL, '2019-02-26 13:06:26.327', NULL, NULL, NULL, '22', NULL);
INSERT INTO `act_hi_detail` VALUES ('50011', 'FormProperty', '50001', '50003', NULL, '50004', 'yynr', NULL, NULL, '2019-02-26 13:06:26.327', NULL, NULL, NULL, '22', NULL);
INSERT INTO `act_hi_detail` VALUES ('50012', 'FormProperty', '50001', '50003', NULL, '50004', 'sprs', NULL, NULL, '2019-02-26 13:06:26.327', NULL, NULL, NULL, '10234', NULL);
INSERT INTO `act_hi_detail` VALUES ('50013', 'FormProperty', '50001', '50003', NULL, '50004', 'usersprs', NULL, NULL, '2019-02-26 13:06:26.327', NULL, NULL, NULL, '118#10234', NULL);
INSERT INTO `act_hi_detail` VALUES ('50014', 'FormProperty', '50001', '50003', NULL, '50004', 'id', NULL, NULL, '2019-02-26 13:06:26.327', NULL, NULL, NULL, '10234chapterchapter_startevent1.html', NULL);
INSERT INTO `act_hi_detail` VALUES ('50015', 'FormProperty', '50001', '50003', NULL, '50004', 'bk', NULL, NULL, '2019-02-26 13:06:26.327', NULL, NULL, NULL, '2019022613060410234', NULL);
INSERT INTO `act_hi_detail` VALUES ('50017', 'VariableUpdate', '50001', '50001', NULL, NULL, 'u_id', 'string', 0, '2019-02-26 13:06:26.335', NULL, NULL, NULL, '10234', NULL);
INSERT INTO `act_hi_detail` VALUES ('50019', 'VariableUpdate', '50001', '50001', NULL, NULL, 'yylx', 'string', 0, '2019-02-26 13:06:26.336', NULL, NULL, NULL, '', NULL);
INSERT INTO `act_hi_detail` VALUES ('50021', 'VariableUpdate', '50001', '50001', NULL, NULL, 'sqr', 'string', 0, '2019-02-26 13:06:26.336', NULL, NULL, NULL, 'dev2', NULL);
INSERT INTO `act_hi_detail` VALUES ('50023', 'VariableUpdate', '50001', '50001', NULL, NULL, 'yyfs', 'string', 0, '2019-02-26 13:06:26.336', NULL, NULL, NULL, '22', NULL);
INSERT INTO `act_hi_detail` VALUES ('50025', 'VariableUpdate', '50001', '50001', NULL, NULL, 'usersprs', 'string', 0, '2019-02-26 13:06:26.336', NULL, NULL, NULL, '118#10234', NULL);
INSERT INTO `act_hi_detail` VALUES ('50027', 'VariableUpdate', '50001', '50001', NULL, NULL, 'sqrq', 'string', 0, '2019-02-26 13:06:26.336', NULL, NULL, NULL, '2019-02-26 13:06:04', NULL);
INSERT INTO `act_hi_detail` VALUES ('50029', 'VariableUpdate', '50001', '50001', NULL, NULL, 'bk', 'string', 0, '2019-02-26 13:06:26.337', NULL, NULL, NULL, '2019022613060410234', NULL);
INSERT INTO `act_hi_detail` VALUES ('50031', 'VariableUpdate', '50001', '50001', NULL, NULL, 'sprs', 'string', 0, '2019-02-26 13:06:26.337', NULL, NULL, NULL, '10234', NULL);
INSERT INTO `act_hi_detail` VALUES ('50033', 'VariableUpdate', '50001', '50001', NULL, NULL, 'id', 'string', 0, '2019-02-26 13:06:26.337', NULL, NULL, NULL, '10234chapterchapter_startevent1.html', NULL);
INSERT INTO `act_hi_detail` VALUES ('50035', 'VariableUpdate', '50001', '50001', NULL, NULL, 'yynr', 'string', 0, '2019-02-26 13:06:26.337', NULL, NULL, NULL, '22', NULL);
INSERT INTO `act_hi_detail` VALUES ('50037', 'VariableUpdate', '50001', '50001', NULL, NULL, 'bmmc', 'string', 0, '2019-02-26 13:06:26.337', NULL, NULL, NULL, '', NULL);
INSERT INTO `act_hi_detail` VALUES ('50041', 'FormProperty', '50001', '50003', '50039', '50038', 'agree', NULL, NULL, '2019-02-26 13:06:35.988', NULL, NULL, NULL, 'true', NULL);
INSERT INTO `act_hi_detail` VALUES ('50042', 'FormProperty', '50001', '50003', '50039', '50038', 'spyj', NULL, NULL, '2019-02-26 13:06:35.995', NULL, NULL, NULL, '  ', NULL);
INSERT INTO `act_hi_detail` VALUES ('50043', 'FormProperty', '50001', '50003', '50039', '50038', 'id', NULL, NULL, '2019-02-26 13:06:35.995', NULL, NULL, NULL, '10234chapterchapter_usertask1.html', NULL);
INSERT INTO `act_hi_detail` VALUES ('50044', 'FormProperty', '50001', '50003', '50039', '50038', 'bk', NULL, NULL, '2019-02-26 13:06:35.995', NULL, NULL, NULL, '2019022613060410234', NULL);
INSERT INTO `act_hi_detail` VALUES ('50045', 'FormProperty', '50001', '50003', '50039', '50038', 'description', NULL, NULL, '2019-02-26 13:06:35.995', NULL, NULL, NULL, '', NULL);
INSERT INTO `act_hi_detail` VALUES ('50046', 'FormProperty', '50001', '50003', '50039', '50038', 'assignee', NULL, NULL, '2019-02-26 13:06:35.995', NULL, NULL, NULL, '10234', NULL);
INSERT INTO `act_hi_detail` VALUES ('50047', 'FormProperty', '50001', '50003', '50039', '50038', 'owner', NULL, NULL, '2019-02-26 13:06:35.995', NULL, NULL, NULL, '10234', NULL);
INSERT INTO `act_hi_detail` VALUES ('50049', 'VariableUpdate', '50001', '50001', NULL, '50038', 'owner', 'string', 0, '2019-02-26 13:06:36.016', NULL, NULL, NULL, '10234', NULL);
INSERT INTO `act_hi_detail` VALUES ('50050', 'VariableUpdate', '50001', '50001', NULL, '50038', 'bk', 'string', 1, '2019-02-26 13:06:36.016', NULL, NULL, NULL, '2019022613060410234', NULL);
INSERT INTO `act_hi_detail` VALUES ('50052', 'VariableUpdate', '50001', '50001', NULL, '50038', 'description', 'string', 0, '2019-02-26 13:06:36.021', NULL, NULL, NULL, '', NULL);
INSERT INTO `act_hi_detail` VALUES ('50054', 'VariableUpdate', '50001', '50001', NULL, '50038', 'agree', 'string', 0, '2019-02-26 13:06:36.021', NULL, NULL, NULL, 'true', NULL);
INSERT INTO `act_hi_detail` VALUES ('50056', 'VariableUpdate', '50001', '50001', NULL, '50038', 'spyj', 'string', 0, '2019-02-26 13:06:36.021', NULL, NULL, NULL, '  ', NULL);
INSERT INTO `act_hi_detail` VALUES ('50057', 'VariableUpdate', '50001', '50001', NULL, '50038', 'id', 'string', 1, '2019-02-26 13:06:36.021', NULL, NULL, NULL, '10234chapterchapter_usertask1.html', NULL);
INSERT INTO `act_hi_detail` VALUES ('50059', 'VariableUpdate', '50001', '50001', NULL, '50038', 'assignee', 'string', 0, '2019-02-26 13:06:36.027', NULL, NULL, NULL, '10234', NULL);

-- ----------------------------
-- Table structure for act_hi_identitylink
-- ----------------------------
DROP TABLE IF EXISTS `act_hi_identitylink`;
CREATE TABLE `act_hi_identitylink`  (
  `ID_` varchar(64) CHARACTER SET utf8 COLLATE utf8_bin NOT NULL,
  `GROUP_ID_` varchar(255) CHARACTER SET utf8 COLLATE utf8_bin NULL DEFAULT NULL,
  `TYPE_` varchar(255) CHARACTER SET utf8 COLLATE utf8_bin NULL DEFAULT NULL,
  `USER_ID_` varchar(255) CHARACTER SET utf8 COLLATE utf8_bin NULL DEFAULT NULL,
  `TASK_ID_` varchar(64) CHARACTER SET utf8 COLLATE utf8_bin NULL DEFAULT NULL,
  `PROC_INST_ID_` varchar(64) CHARACTER SET utf8 COLLATE utf8_bin NULL DEFAULT NULL,
  PRIMARY KEY (`ID_`) USING BTREE,
  INDEX `ACT_IDX_HI_IDENT_LNK_USER`(`USER_ID_`) USING BTREE,
  INDEX `ACT_IDX_HI_IDENT_LNK_TASK`(`TASK_ID_`) USING BTREE,
  INDEX `ACT_IDX_HI_IDENT_LNK_PROCINST`(`PROC_INST_ID_`) USING BTREE
) ENGINE = InnoDB CHARACTER SET = utf8 COLLATE = utf8_bin ROW_FORMAT = Dynamic;

-- ----------------------------
-- Records of act_hi_identitylink
-- ----------------------------
INSERT INTO `act_hi_identitylink` VALUES ('42502', NULL, 'starter', '10234', NULL, '42501');
INSERT INTO `act_hi_identitylink` VALUES ('42576', NULL, 'participant', '10237', NULL, '42501');
INSERT INTO `act_hi_identitylink` VALUES ('42600', NULL, 'participant', '10235', NULL, '42501');
INSERT INTO `act_hi_identitylink` VALUES ('42620', NULL, 'participant', '10238', NULL, '42501');
INSERT INTO `act_hi_identitylink` VALUES ('45002', NULL, 'starter', '10234', NULL, '45001');
INSERT INTO `act_hi_identitylink` VALUES ('45062', NULL, 'starter', '10234', NULL, '45061');
INSERT INTO `act_hi_identitylink` VALUES ('47502', NULL, 'starter', '10234', NULL, '47501');
INSERT INTO `act_hi_identitylink` VALUES ('50002', NULL, 'starter', '10234', NULL, '50001');

-- ----------------------------
-- Table structure for act_hi_procinst
-- ----------------------------
DROP TABLE IF EXISTS `act_hi_procinst`;
CREATE TABLE `act_hi_procinst`  (
  `ID_` varchar(64) CHARACTER SET utf8 COLLATE utf8_bin NOT NULL,
  `PROC_INST_ID_` varchar(64) CHARACTER SET utf8 COLLATE utf8_bin NOT NULL,
  `BUSINESS_KEY_` varchar(255) CHARACTER SET utf8 COLLATE utf8_bin NULL DEFAULT NULL,
  `PROC_DEF_ID_` varchar(64) CHARACTER SET utf8 COLLATE utf8_bin NOT NULL,
  `START_TIME_` datetime(3) NULL,
  `END_TIME_` datetime(3) NULL DEFAULT NULL,
  `DURATION_` bigint(20) NULL DEFAULT NULL,
  `START_USER_ID_` varchar(255) CHARACTER SET utf8 COLLATE utf8_bin NULL DEFAULT NULL,
  `START_ACT_ID_` varchar(255) CHARACTER SET utf8 COLLATE utf8_bin NULL DEFAULT NULL,
  `END_ACT_ID_` varchar(255) CHARACTER SET utf8 COLLATE utf8_bin NULL DEFAULT NULL,
  `SUPER_PROCESS_INSTANCE_ID_` varchar(64) CHARACTER SET utf8 COLLATE utf8_bin NULL DEFAULT NULL,
  `DELETE_REASON_` varchar(4000) CHARACTER SET utf8 COLLATE utf8_bin NULL DEFAULT NULL,
  `TENANT_ID_` varchar(255) CHARACTER SET utf8 COLLATE utf8_bin NULL DEFAULT '',
  `NAME_` varchar(255) CHARACTER SET utf8 COLLATE utf8_bin NULL DEFAULT NULL,
  PRIMARY KEY (`ID_`) USING BTREE,
  UNIQUE INDEX `PROC_INST_ID_`(`PROC_INST_ID_`) USING BTREE,
  INDEX `ACT_IDX_HI_PRO_INST_END`(`END_TIME_`) USING BTREE,
  INDEX `ACT_IDX_HI_PRO_I_BUSKEY`(`BUSINESS_KEY_`) USING BTREE
) ENGINE = InnoDB CHARACTER SET = utf8 COLLATE = utf8_bin ROW_FORMAT = Dynamic;

-- ----------------------------
-- Records of act_hi_procinst
-- ----------------------------
INSERT INTO `act_hi_procinst` VALUES ('42501', '42501', '2019022609095010234', 'leave:1:8', '2019-02-26 09:10:07.687', '2019-02-26 09:14:13.770', 246083, '10234', 'startevent1', 'endevent1', NULL, NULL, '', NULL);
INSERT INTO `act_hi_procinst` VALUES ('45001', '45001', '2019022609492710234', 'chapter:4:27551', '2019-02-26 09:49:42.634', '2019-02-26 09:49:56.346', 13712, '10234', 'startevent1', 'endevent1', NULL, NULL, '', NULL);
INSERT INTO `act_hi_procinst` VALUES ('45061', '45061', '2019022610054410234', 'chapter:4:27551', '2019-02-26 10:19:43.422', '2019-02-26 10:19:53.671', 10249, '10234', 'startevent1', 'endevent1', NULL, NULL, '', NULL);
INSERT INTO `act_hi_procinst` VALUES ('47501', '47501', '2019022610425810234', 'leave:1:8', '2019-02-26 10:44:10.717', NULL, NULL, '10234', 'startevent1', NULL, NULL, NULL, '', NULL);
INSERT INTO `act_hi_procinst` VALUES ('50001', '50001', '2019022613060410234', 'chapter:4:27551', '2019-02-26 13:06:26.248', '2019-02-26 13:06:36.205', 9957, '10234', 'startevent1', 'endevent1', NULL, NULL, '', NULL);

-- ----------------------------
-- Table structure for act_hi_taskinst
-- ----------------------------
DROP TABLE IF EXISTS `act_hi_taskinst`;
CREATE TABLE `act_hi_taskinst`  (
  `ID_` varchar(64) CHARACTER SET utf8 COLLATE utf8_bin NOT NULL,
  `PROC_DEF_ID_` varchar(64) CHARACTER SET utf8 COLLATE utf8_bin NULL DEFAULT NULL,
  `TASK_DEF_KEY_` varchar(255) CHARACTER SET utf8 COLLATE utf8_bin NULL DEFAULT NULL,
  `PROC_INST_ID_` varchar(64) CHARACTER SET utf8 COLLATE utf8_bin NULL DEFAULT NULL,
  `EXECUTION_ID_` varchar(64) CHARACTER SET utf8 COLLATE utf8_bin NULL DEFAULT NULL,
  `NAME_` varchar(255) CHARACTER SET utf8 COLLATE utf8_bin NULL DEFAULT NULL,
  `PARENT_TASK_ID_` varchar(64) CHARACTER SET utf8 COLLATE utf8_bin NULL DEFAULT NULL,
  `DESCRIPTION_` varchar(4000) CHARACTER SET utf8 COLLATE utf8_bin NULL DEFAULT NULL,
  `OWNER_` varchar(255) CHARACTER SET utf8 COLLATE utf8_bin NULL DEFAULT NULL,
  `ASSIGNEE_` varchar(255) CHARACTER SET utf8 COLLATE utf8_bin NULL DEFAULT NULL,
  `START_TIME_` datetime(3) NULL,
  `CLAIM_TIME_` datetime(3) NULL DEFAULT NULL,
  `END_TIME_` datetime(3) NULL DEFAULT NULL,
  `DURATION_` bigint(20) NULL DEFAULT NULL,
  `DELETE_REASON_` varchar(4000) CHARACTER SET utf8 COLLATE utf8_bin NULL DEFAULT NULL,
  `PRIORITY_` int(11) NULL DEFAULT NULL,
  `DUE_DATE_` datetime(3) NULL DEFAULT NULL,
  `FORM_KEY_` varchar(255) CHARACTER SET utf8 COLLATE utf8_bin NULL DEFAULT NULL,
  `CATEGORY_` varchar(255) CHARACTER SET utf8 COLLATE utf8_bin NULL DEFAULT NULL,
  `TENANT_ID_` varchar(255) CHARACTER SET utf8 COLLATE utf8_bin NULL DEFAULT '',
  PRIMARY KEY (`ID_`) USING BTREE,
  INDEX `ACT_IDX_HI_TASK_INST_PROCINST`(`PROC_INST_ID_`) USING BTREE
) ENGINE = InnoDB CHARACTER SET = utf8 COLLATE = utf8_bin ROW_FORMAT = Dynamic;

-- ----------------------------
-- Records of act_hi_taskinst
-- ----------------------------
INSERT INTO `act_hi_taskinst` VALUES ('42548', 'leave:1:8', 'usertask1', '42501', '42503', '', NULL, '', '10237', '10237', '2019-02-26 09:10:07.875', NULL, '2019-02-26 09:11:29.060', 81185, NULL, 50, NULL, 'leave_usertask1.html', NULL, '');
INSERT INTO `act_hi_taskinst` VALUES ('42579', 'leave:1:8', 'usertask2', '42501', '42503', '', NULL, '', '10235', '10235', '2019-02-26 09:11:29.084', NULL, '2019-02-26 09:13:45.768', 136684, NULL, 50, NULL, 'leave_usertask2.html', NULL, '');
INSERT INTO `act_hi_taskinst` VALUES ('42603', 'leave:1:8', 'usertask3', '42501', '42503', '', NULL, '', '10238', '10238', '2019-02-26 09:13:45.782', NULL, '2019-02-26 09:14:13.618', 27836, NULL, 50, NULL, 'leave_usertask3.html', NULL, '');
INSERT INTO `act_hi_taskinst` VALUES ('45039', 'chapter:4:27551', 'usertask1', '45001', '45003', '', NULL, '', '10234', '10234', '2019-02-26 09:49:42.733', NULL, '2019-02-26 09:49:56.177', 13444, NULL, 50, NULL, 'chapter_usertask1.html', NULL, '');
INSERT INTO `act_hi_taskinst` VALUES ('45099', 'chapter:4:27551', 'usertask1', '45061', '45063', '', NULL, '', '10234', '10234', '2019-02-26 10:19:43.430', NULL, '2019-02-26 10:19:53.536', 10106, NULL, 50, NULL, 'chapter_usertask1.html', NULL, '');
INSERT INTO `act_hi_taskinst` VALUES ('47548', 'leave:1:8', 'usertask1', '47501', '47503', '', NULL, NULL, NULL, '10234', '2019-02-26 10:44:11.292', NULL, NULL, NULL, NULL, 50, NULL, 'leave_usertask1.html', NULL, '');
INSERT INTO `act_hi_taskinst` VALUES ('50039', 'chapter:4:27551', 'usertask1', '50001', '50003', '', NULL, '', '10234', '10234', '2019-02-26 13:06:26.350', NULL, '2019-02-26 13:06:36.051', 9701, NULL, 50, NULL, 'chapter_usertask1.html', NULL, '');

-- ----------------------------
-- Table structure for act_hi_varinst
-- ----------------------------
DROP TABLE IF EXISTS `act_hi_varinst`;
CREATE TABLE `act_hi_varinst`  (
  `ID_` varchar(64) CHARACTER SET utf8 COLLATE utf8_bin NOT NULL,
  `PROC_INST_ID_` varchar(64) CHARACTER SET utf8 COLLATE utf8_bin NULL DEFAULT NULL,
  `EXECUTION_ID_` varchar(64) CHARACTER SET utf8 COLLATE utf8_bin NULL DEFAULT NULL,
  `TASK_ID_` varchar(64) CHARACTER SET utf8 COLLATE utf8_bin NULL DEFAULT NULL,
  `NAME_` varchar(255) CHARACTER SET utf8 COLLATE utf8_bin NOT NULL,
  `VAR_TYPE_` varchar(100) CHARACTER SET utf8 COLLATE utf8_bin NULL DEFAULT NULL,
  `REV_` int(11) NULL DEFAULT NULL,
  `BYTEARRAY_ID_` varchar(64) CHARACTER SET utf8 COLLATE utf8_bin NULL DEFAULT NULL,
  `DOUBLE_` double NULL DEFAULT NULL,
  `LONG_` bigint(20) NULL DEFAULT NULL,
  `TEXT_` varchar(4000) CHARACTER SET utf8 COLLATE utf8_bin NULL DEFAULT NULL,
  `TEXT2_` varchar(4000) CHARACTER SET utf8 COLLATE utf8_bin NULL DEFAULT NULL,
  `CREATE_TIME_` datetime(3) NULL DEFAULT NULL,
  `LAST_UPDATED_TIME_` datetime(3) NULL DEFAULT NULL,
  PRIMARY KEY (`ID_`) USING BTREE,
  INDEX `ACT_IDX_HI_PROCVAR_PROC_INST`(`PROC_INST_ID_`) USING BTREE,
  INDEX `ACT_IDX_HI_PROCVAR_NAME_TYPE`(`NAME_`, `VAR_TYPE_`) USING BTREE,
  INDEX `ACT_IDX_HI_PROCVAR_TASK_ID`(`TASK_ID_`) USING BTREE
) ENGINE = InnoDB CHARACTER SET = utf8 COLLATE = utf8_bin ROW_FORMAT = Dynamic;

-- ----------------------------
-- Records of act_hi_varinst
-- ----------------------------
INSERT INTO `act_hi_varinst` VALUES ('42519', '42501', '42501', NULL, 'usersprs', 'string', 2, NULL, NULL, NULL, '120#10238', NULL, '2019-02-26 09:10:07.842', '2019-02-26 09:13:45.703');
INSERT INTO `act_hi_varinst` VALUES ('42521', '42501', '42501', NULL, 'sqrq', 'string', 0, NULL, NULL, NULL, '2019-02-26 09:09:50', NULL, '2019-02-26 09:10:07.845', '2019-02-26 09:10:07.845');
INSERT INTO `act_hi_varinst` VALUES ('42523', '42501', '42501', NULL, 'bk', 'string', 3, NULL, NULL, NULL, '2019022609095010234', NULL, '2019-02-26 09:10:07.845', '2019-02-26 09:14:13.561');
INSERT INTO `act_hi_varinst` VALUES ('42525', '42501', '42501', NULL, 'sprs', 'string', 2, NULL, NULL, NULL, '10238', NULL, '2019-02-26 09:10:07.845', '2019-02-26 09:13:45.725');
INSERT INTO `act_hi_varinst` VALUES ('42527', '42501', '42501', NULL, 'bmmc', 'string', 0, NULL, NULL, NULL, '', NULL, '2019-02-26 09:10:07.845', '2019-02-26 09:10:07.845');
INSERT INTO `act_hi_varinst` VALUES ('42529', '42501', '42501', NULL, 'imgName', 'string', 0, NULL, NULL, NULL, '', NULL, '2019-02-26 09:10:07.845', '2019-02-26 09:10:07.845');
INSERT INTO `act_hi_varinst` VALUES ('42531', '42501', '42501', NULL, 'qjlx', 'string', 0, NULL, NULL, NULL, '', NULL, '2019-02-26 09:10:07.845', '2019-02-26 09:10:07.845');
INSERT INTO `act_hi_varinst` VALUES ('42533', '42501', '42501', NULL, 'qjly', 'string', 0, NULL, NULL, NULL, '2222', NULL, '2019-02-26 09:10:07.845', '2019-02-26 09:10:07.845');
INSERT INTO `act_hi_varinst` VALUES ('42535', '42501', '42501', NULL, 'u_id', 'string', 0, NULL, NULL, NULL, '10234', NULL, '2019-02-26 09:10:07.845', '2019-02-26 09:10:07.845');
INSERT INTO `act_hi_varinst` VALUES ('42537', '42501', '42501', NULL, 'file', 'string', 0, NULL, NULL, NULL, '', NULL, '2019-02-26 09:10:07.845', '2019-02-26 09:10:07.845');
INSERT INTO `act_hi_varinst` VALUES ('42539', '42501', '42501', NULL, 'sqr', 'string', 0, NULL, NULL, NULL, 'dev2', NULL, '2019-02-26 09:10:07.846', '2019-02-26 09:10:07.846');
INSERT INTO `act_hi_varinst` VALUES ('42541', '42501', '42501', NULL, 'ksrq', 'string', 0, NULL, NULL, NULL, '2019-02-26 00:00:00', NULL, '2019-02-26 09:10:07.846', '2019-02-26 09:10:07.846');
INSERT INTO `act_hi_varinst` VALUES ('42543', '42501', '42501', NULL, 'jsrq', 'string', 0, NULL, NULL, NULL, '2019-02-27 00:00:00', NULL, '2019-02-26 09:10:07.846', '2019-02-26 09:10:07.846');
INSERT INTO `act_hi_varinst` VALUES ('42545', '42501', '42501', NULL, 'id', 'string', 3, NULL, NULL, NULL, '10238leaveleave_usertask3.html', NULL, '2019-02-26 09:10:07.846', '2019-02-26 09:14:13.577');
INSERT INTO `act_hi_varinst` VALUES ('42562', '42501', '42501', NULL, 'owner', 'string', 2, NULL, NULL, NULL, '10238', NULL, '2019-02-26 09:11:29.000', '2019-02-26 09:14:13.557');
INSERT INTO `act_hi_varinst` VALUES ('42566', '42501', '42501', NULL, 'description', 'string', 2, NULL, NULL, NULL, '', NULL, '2019-02-26 09:11:29.012', '2019-02-26 09:14:13.566');
INSERT INTO `act_hi_varinst` VALUES ('42568', '42501', '42501', NULL, 'agree', 'string', 2, NULL, NULL, NULL, 'true', NULL, '2019-02-26 09:11:29.012', '2019-02-26 09:14:13.573');
INSERT INTO `act_hi_varinst` VALUES ('42572', '42501', '42501', NULL, 'assignee', 'string', 2, NULL, NULL, NULL, '10238', NULL, '2019-02-26 09:11:29.025', '2019-02-26 09:14:13.582');
INSERT INTO `act_hi_varinst` VALUES ('42574', '42501', '42501', NULL, 'ks_spyj', 'string', 0, NULL, NULL, NULL, '  ', NULL, '2019-02-26 09:11:29.026', '2019-02-26 09:11:29.026');
INSERT INTO `act_hi_varinst` VALUES ('42591', '42501', '42501', NULL, 'fg_spyj', 'string', 0, NULL, NULL, NULL, '  ', NULL, '2019-02-26 09:13:45.698', '2019-02-26 09:13:45.698');
INSERT INTO `act_hi_varinst` VALUES ('42618', '42501', '42501', NULL, 'zg_spyj', 'string', 0, NULL, NULL, NULL, '  ', NULL, '2019-02-26 09:14:13.582', '2019-02-26 09:14:13.582');
INSERT INTO `act_hi_varinst` VALUES ('45016', '45001', '45001', NULL, 'u_id', 'string', 0, NULL, NULL, NULL, '10234', NULL, '2019-02-26 09:49:42.708', '2019-02-26 09:49:42.708');
INSERT INTO `act_hi_varinst` VALUES ('45018', '45001', '45001', NULL, 'yylx', 'string', 0, NULL, NULL, NULL, '', NULL, '2019-02-26 09:49:42.710', '2019-02-26 09:49:42.710');
INSERT INTO `act_hi_varinst` VALUES ('45020', '45001', '45001', NULL, 'sqr', 'string', 0, NULL, NULL, NULL, 'dev2', NULL, '2019-02-26 09:49:42.710', '2019-02-26 09:49:42.710');
INSERT INTO `act_hi_varinst` VALUES ('45022', '45001', '45001', NULL, 'yyfs', 'string', 0, NULL, NULL, NULL, '2000', NULL, '2019-02-26 09:49:42.710', '2019-02-26 09:49:42.710');
INSERT INTO `act_hi_varinst` VALUES ('45024', '45001', '45001', NULL, 'usersprs', 'string', 0, NULL, NULL, NULL, '118#10234', NULL, '2019-02-26 09:49:42.710', '2019-02-26 09:49:42.710');
INSERT INTO `act_hi_varinst` VALUES ('45026', '45001', '45001', NULL, 'sqrq', 'string', 0, NULL, NULL, NULL, '2019-02-26 09:49:27', NULL, '2019-02-26 09:49:42.710', '2019-02-26 09:49:42.710');
INSERT INTO `act_hi_varinst` VALUES ('45028', '45001', '45001', NULL, 'bk', 'string', 1, NULL, NULL, NULL, '2019022609492710234', NULL, '2019-02-26 09:49:42.710', '2019-02-26 09:49:56.144');
INSERT INTO `act_hi_varinst` VALUES ('45030', '45001', '45001', NULL, 'sprs', 'string', 0, NULL, NULL, NULL, '10234', NULL, '2019-02-26 09:49:42.710', '2019-02-26 09:49:42.710');
INSERT INTO `act_hi_varinst` VALUES ('45032', '45001', '45001', NULL, 'id', 'string', 1, NULL, NULL, NULL, '10234chapterchapter_usertask1.html', NULL, '2019-02-26 09:49:42.710', '2019-02-26 09:49:56.150');
INSERT INTO `act_hi_varinst` VALUES ('45034', '45001', '45001', NULL, 'yynr', 'string', 0, NULL, NULL, NULL, '', NULL, '2019-02-26 09:49:42.710', '2019-02-26 09:49:42.710');
INSERT INTO `act_hi_varinst` VALUES ('45036', '45001', '45001', NULL, 'bmmc', 'string', 0, NULL, NULL, NULL, '', NULL, '2019-02-26 09:49:42.710', '2019-02-26 09:49:42.710');
INSERT INTO `act_hi_varinst` VALUES ('45048', '45001', '45001', NULL, 'owner', 'string', 0, NULL, NULL, NULL, '10234', NULL, '2019-02-26 09:49:56.139', '2019-02-26 09:49:56.139');
INSERT INTO `act_hi_varinst` VALUES ('45051', '45001', '45001', NULL, 'description', 'string', 0, NULL, NULL, NULL, '', NULL, '2019-02-26 09:49:56.144', '2019-02-26 09:49:56.144');
INSERT INTO `act_hi_varinst` VALUES ('45053', '45001', '45001', NULL, 'agree', 'string', 0, NULL, NULL, NULL, 'true', NULL, '2019-02-26 09:49:56.144', '2019-02-26 09:49:56.144');
INSERT INTO `act_hi_varinst` VALUES ('45055', '45001', '45001', NULL, 'spyj', 'string', 0, NULL, NULL, NULL, '  ', NULL, '2019-02-26 09:49:56.144', '2019-02-26 09:49:56.144');
INSERT INTO `act_hi_varinst` VALUES ('45058', '45001', '45001', NULL, 'assignee', 'string', 0, NULL, NULL, NULL, '10234', NULL, '2019-02-26 09:49:56.150', '2019-02-26 09:49:56.150');
INSERT INTO `act_hi_varinst` VALUES ('45076', '45061', '45061', NULL, 'u_id', 'string', 0, NULL, NULL, NULL, '10234', NULL, '2019-02-26 10:19:43.429', '2019-02-26 10:19:43.429');
INSERT INTO `act_hi_varinst` VALUES ('45078', '45061', '45061', NULL, 'yylx', 'string', 0, NULL, NULL, NULL, '', NULL, '2019-02-26 10:19:43.429', '2019-02-26 10:19:43.429');
INSERT INTO `act_hi_varinst` VALUES ('45080', '45061', '45061', NULL, 'sqr', 'string', 0, NULL, NULL, NULL, 'dev2', NULL, '2019-02-26 10:19:43.429', '2019-02-26 10:19:43.429');
INSERT INTO `act_hi_varinst` VALUES ('45082', '45061', '45061', NULL, 'yyfs', 'string', 0, NULL, NULL, NULL, '2', NULL, '2019-02-26 10:19:43.429', '2019-02-26 10:19:43.429');
INSERT INTO `act_hi_varinst` VALUES ('45084', '45061', '45061', NULL, 'usersprs', 'string', 0, NULL, NULL, NULL, '118#10234', NULL, '2019-02-26 10:19:43.429', '2019-02-26 10:19:43.429');
INSERT INTO `act_hi_varinst` VALUES ('45086', '45061', '45061', NULL, 'sqrq', 'string', 0, NULL, NULL, NULL, '2019-02-26 10:05:44', NULL, '2019-02-26 10:19:43.429', '2019-02-26 10:19:43.429');
INSERT INTO `act_hi_varinst` VALUES ('45088', '45061', '45061', NULL, 'bk', 'string', 1, NULL, NULL, NULL, '2019022610054410234', NULL, '2019-02-26 10:19:43.429', '2019-02-26 10:19:53.511');
INSERT INTO `act_hi_varinst` VALUES ('45090', '45061', '45061', NULL, 'sprs', 'string', 0, NULL, NULL, NULL, '10234', NULL, '2019-02-26 10:19:43.429', '2019-02-26 10:19:43.429');
INSERT INTO `act_hi_varinst` VALUES ('45092', '45061', '45061', NULL, 'id', 'string', 1, NULL, NULL, NULL, '10234chapterchapter_usertask1.html', NULL, '2019-02-26 10:19:43.429', '2019-02-26 10:19:53.515');
INSERT INTO `act_hi_varinst` VALUES ('45094', '45061', '45061', NULL, 'yynr', 'string', 0, NULL, NULL, NULL, '2', NULL, '2019-02-26 10:19:43.429', '2019-02-26 10:19:43.429');
INSERT INTO `act_hi_varinst` VALUES ('45096', '45061', '45061', NULL, 'bmmc', 'string', 0, NULL, NULL, NULL, '', NULL, '2019-02-26 10:19:43.429', '2019-02-26 10:19:43.429');
INSERT INTO `act_hi_varinst` VALUES ('45108', '45061', '45061', NULL, 'owner', 'string', 0, NULL, NULL, NULL, '10234', NULL, '2019-02-26 10:19:53.504', '2019-02-26 10:19:53.504');
INSERT INTO `act_hi_varinst` VALUES ('45111', '45061', '45061', NULL, 'description', 'string', 0, NULL, NULL, NULL, '', NULL, '2019-02-26 10:19:53.511', '2019-02-26 10:19:53.511');
INSERT INTO `act_hi_varinst` VALUES ('45113', '45061', '45061', NULL, 'agree', 'string', 0, NULL, NULL, NULL, 'true', NULL, '2019-02-26 10:19:53.511', '2019-02-26 10:19:53.511');
INSERT INTO `act_hi_varinst` VALUES ('45115', '45061', '45061', NULL, 'spyj', 'string', 0, NULL, NULL, NULL, '  ', NULL, '2019-02-26 10:19:53.511', '2019-02-26 10:19:53.511');
INSERT INTO `act_hi_varinst` VALUES ('45118', '45061', '45061', NULL, 'assignee', 'string', 0, NULL, NULL, NULL, '10234', NULL, '2019-02-26 10:19:53.515', '2019-02-26 10:19:53.515');
INSERT INTO `act_hi_varinst` VALUES ('47519', '47501', '47501', NULL, 'usersprs', 'string', 0, NULL, NULL, NULL, '118#10234', NULL, '2019-02-26 10:44:11.273', '2019-02-26 10:44:11.273');
INSERT INTO `act_hi_varinst` VALUES ('47521', '47501', '47501', NULL, 'sqrq', 'string', 0, NULL, NULL, NULL, '2019-02-26 10:42:58', NULL, '2019-02-26 10:44:11.275', '2019-02-26 10:44:11.275');
INSERT INTO `act_hi_varinst` VALUES ('47523', '47501', '47501', NULL, 'bk', 'string', 0, NULL, NULL, NULL, '2019022610425810234', NULL, '2019-02-26 10:44:11.276', '2019-02-26 10:44:11.276');
INSERT INTO `act_hi_varinst` VALUES ('47525', '47501', '47501', NULL, 'sprs', 'string', 0, NULL, NULL, NULL, '10234', NULL, '2019-02-26 10:44:11.276', '2019-02-26 10:44:11.276');
INSERT INTO `act_hi_varinst` VALUES ('47527', '47501', '47501', NULL, 'bmmc', 'string', 0, NULL, NULL, NULL, '', NULL, '2019-02-26 10:44:11.276', '2019-02-26 10:44:11.276');
INSERT INTO `act_hi_varinst` VALUES ('47529', '47501', '47501', NULL, 'imgName', 'string', 0, NULL, NULL, NULL, '', NULL, '2019-02-26 10:44:11.276', '2019-02-26 10:44:11.276');
INSERT INTO `act_hi_varinst` VALUES ('47531', '47501', '47501', NULL, 'qjlx', 'string', 0, NULL, NULL, NULL, '', NULL, '2019-02-26 10:44:11.276', '2019-02-26 10:44:11.276');
INSERT INTO `act_hi_varinst` VALUES ('47533', '47501', '47501', NULL, 'qjly', 'string', 0, NULL, NULL, NULL, '', NULL, '2019-02-26 10:44:11.276', '2019-02-26 10:44:11.276');
INSERT INTO `act_hi_varinst` VALUES ('47535', '47501', '47501', NULL, 'u_id', 'string', 0, NULL, NULL, NULL, '10234', NULL, '2019-02-26 10:44:11.276', '2019-02-26 10:44:11.276');
INSERT INTO `act_hi_varinst` VALUES ('47537', '47501', '47501', NULL, 'file', 'string', 0, NULL, NULL, NULL, '', NULL, '2019-02-26 10:44:11.276', '2019-02-26 10:44:11.276');
INSERT INTO `act_hi_varinst` VALUES ('47539', '47501', '47501', NULL, 'sqr', 'string', 0, NULL, NULL, NULL, 'dev2', NULL, '2019-02-26 10:44:11.276', '2019-02-26 10:44:11.276');
INSERT INTO `act_hi_varinst` VALUES ('47541', '47501', '47501', NULL, 'ksrq', 'string', 0, NULL, NULL, NULL, '2019-02-26 00:00:00', NULL, '2019-02-26 10:44:11.276', '2019-02-26 10:44:11.276');
INSERT INTO `act_hi_varinst` VALUES ('47543', '47501', '47501', NULL, 'jsrq', 'string', 0, NULL, NULL, NULL, '2019-02-26 00:00:00', NULL, '2019-02-26 10:44:11.277', '2019-02-26 10:44:11.277');
INSERT INTO `act_hi_varinst` VALUES ('47545', '47501', '47501', NULL, 'id', 'string', 0, NULL, NULL, NULL, '10234leaveleave_startevent1.html', NULL, '2019-02-26 10:44:11.277', '2019-02-26 10:44:11.277');
INSERT INTO `act_hi_varinst` VALUES ('50016', '50001', '50001', NULL, 'u_id', 'string', 0, NULL, NULL, NULL, '10234', NULL, '2019-02-26 13:06:26.335', '2019-02-26 13:06:26.335');
INSERT INTO `act_hi_varinst` VALUES ('50018', '50001', '50001', NULL, 'yylx', 'string', 0, NULL, NULL, NULL, '', NULL, '2019-02-26 13:06:26.336', '2019-02-26 13:06:26.336');
INSERT INTO `act_hi_varinst` VALUES ('50020', '50001', '50001', NULL, 'sqr', 'string', 0, NULL, NULL, NULL, 'dev2', NULL, '2019-02-26 13:06:26.336', '2019-02-26 13:06:26.336');
INSERT INTO `act_hi_varinst` VALUES ('50022', '50001', '50001', NULL, 'yyfs', 'string', 0, NULL, NULL, NULL, '22', NULL, '2019-02-26 13:06:26.336', '2019-02-26 13:06:26.336');
INSERT INTO `act_hi_varinst` VALUES ('50024', '50001', '50001', NULL, 'usersprs', 'string', 0, NULL, NULL, NULL, '118#10234', NULL, '2019-02-26 13:06:26.336', '2019-02-26 13:06:26.336');
INSERT INTO `act_hi_varinst` VALUES ('50026', '50001', '50001', NULL, 'sqrq', 'string', 0, NULL, NULL, NULL, '2019-02-26 13:06:04', NULL, '2019-02-26 13:06:26.336', '2019-02-26 13:06:26.336');
INSERT INTO `act_hi_varinst` VALUES ('50028', '50001', '50001', NULL, 'bk', 'string', 1, NULL, NULL, NULL, '2019022613060410234', NULL, '2019-02-26 13:06:26.337', '2019-02-26 13:06:36.020');
INSERT INTO `act_hi_varinst` VALUES ('50030', '50001', '50001', NULL, 'sprs', 'string', 0, NULL, NULL, NULL, '10234', NULL, '2019-02-26 13:06:26.337', '2019-02-26 13:06:26.337');
INSERT INTO `act_hi_varinst` VALUES ('50032', '50001', '50001', NULL, 'id', 'string', 1, NULL, NULL, NULL, '10234chapterchapter_usertask1.html', NULL, '2019-02-26 13:06:26.337', '2019-02-26 13:06:36.027');
INSERT INTO `act_hi_varinst` VALUES ('50034', '50001', '50001', NULL, 'yynr', 'string', 0, NULL, NULL, NULL, '22', NULL, '2019-02-26 13:06:26.337', '2019-02-26 13:06:26.337');
INSERT INTO `act_hi_varinst` VALUES ('50036', '50001', '50001', NULL, 'bmmc', 'string', 0, NULL, NULL, NULL, '', NULL, '2019-02-26 13:06:26.337', '2019-02-26 13:06:26.337');
INSERT INTO `act_hi_varinst` VALUES ('50048', '50001', '50001', NULL, 'owner', 'string', 0, NULL, NULL, NULL, '10234', NULL, '2019-02-26 13:06:36.016', '2019-02-26 13:06:36.016');
INSERT INTO `act_hi_varinst` VALUES ('50051', '50001', '50001', NULL, 'description', 'string', 0, NULL, NULL, NULL, '', NULL, '2019-02-26 13:06:36.021', '2019-02-26 13:06:36.021');
INSERT INTO `act_hi_varinst` VALUES ('50053', '50001', '50001', NULL, 'agree', 'string', 0, NULL, NULL, NULL, 'true', NULL, '2019-02-26 13:06:36.021', '2019-02-26 13:06:36.021');
INSERT INTO `act_hi_varinst` VALUES ('50055', '50001', '50001', NULL, 'spyj', 'string', 0, NULL, NULL, NULL, '  ', NULL, '2019-02-26 13:06:36.021', '2019-02-26 13:06:36.021');
INSERT INTO `act_hi_varinst` VALUES ('50058', '50001', '50001', NULL, 'assignee', 'string', 0, NULL, NULL, NULL, '10234', NULL, '2019-02-26 13:06:36.027', '2019-02-26 13:06:36.027');

-- ----------------------------
-- Table structure for act_id_group
-- ----------------------------
DROP TABLE IF EXISTS `act_id_group`;
CREATE TABLE `act_id_group`  (
  `ID_` varchar(64) CHARACTER SET utf8 COLLATE utf8_bin NOT NULL,
  `REV_` int(11) NULL DEFAULT NULL,
  `NAME_` varchar(255) CHARACTER SET utf8 COLLATE utf8_bin NULL DEFAULT NULL,
  `TYPE_` varchar(255) CHARACTER SET utf8 COLLATE utf8_bin NULL DEFAULT NULL,
  PRIMARY KEY (`ID_`) USING BTREE
) ENGINE = InnoDB CHARACTER SET = utf8 COLLATE = utf8_bin ROW_FORMAT = Dynamic;

-- ----------------------------
-- Table structure for act_id_info
-- ----------------------------
DROP TABLE IF EXISTS `act_id_info`;
CREATE TABLE `act_id_info`  (
  `ID_` varchar(64) CHARACTER SET utf8 COLLATE utf8_bin NOT NULL,
  `REV_` int(11) NULL DEFAULT NULL,
  `USER_ID_` varchar(64) CHARACTER SET utf8 COLLATE utf8_bin NULL DEFAULT NULL,
  `TYPE_` varchar(64) CHARACTER SET utf8 COLLATE utf8_bin NULL DEFAULT NULL,
  `KEY_` varchar(255) CHARACTER SET utf8 COLLATE utf8_bin NULL DEFAULT NULL,
  `VALUE_` varchar(255) CHARACTER SET utf8 COLLATE utf8_bin NULL DEFAULT NULL,
  `PASSWORD_` longblob NULL,
  `PARENT_ID_` varchar(255) CHARACTER SET utf8 COLLATE utf8_bin NULL DEFAULT NULL,
  PRIMARY KEY (`ID_`) USING BTREE
) ENGINE = InnoDB CHARACTER SET = utf8 COLLATE = utf8_bin ROW_FORMAT = Dynamic;

-- ----------------------------
-- Table structure for act_id_membership
-- ----------------------------
DROP TABLE IF EXISTS `act_id_membership`;
CREATE TABLE `act_id_membership`  (
  `USER_ID_` varchar(64) CHARACTER SET utf8 COLLATE utf8_bin NOT NULL,
  `GROUP_ID_` varchar(64) CHARACTER SET utf8 COLLATE utf8_bin NOT NULL,
  PRIMARY KEY (`USER_ID_`, `GROUP_ID_`) USING BTREE,
  INDEX `ACT_FK_MEMB_GROUP`(`GROUP_ID_`) USING BTREE,
  CONSTRAINT `ACT_FK_MEMB_GROUP` FOREIGN KEY (`GROUP_ID_`) REFERENCES `act_id_group` (`ID_`) ON DELETE RESTRICT ON UPDATE RESTRICT,
  CONSTRAINT `ACT_FK_MEMB_USER` FOREIGN KEY (`USER_ID_`) REFERENCES `act_id_user` (`ID_`) ON DELETE RESTRICT ON UPDATE RESTRICT
) ENGINE = InnoDB CHARACTER SET = utf8 COLLATE = utf8_bin ROW_FORMAT = Dynamic;

-- ----------------------------
-- Table structure for act_id_user
-- ----------------------------
DROP TABLE IF EXISTS `act_id_user`;
CREATE TABLE `act_id_user`  (
  `ID_` varchar(64) CHARACTER SET utf8 COLLATE utf8_bin NOT NULL,
  `REV_` int(11) NULL DEFAULT NULL,
  `FIRST_` varchar(255) CHARACTER SET utf8 COLLATE utf8_bin NULL DEFAULT NULL,
  `LAST_` varchar(255) CHARACTER SET utf8 COLLATE utf8_bin NULL DEFAULT NULL,
  `EMAIL_` varchar(255) CHARACTER SET utf8 COLLATE utf8_bin NULL DEFAULT NULL,
  `PWD_` varchar(255) CHARACTER SET utf8 COLLATE utf8_bin NULL DEFAULT NULL,
  `PICTURE_ID_` varchar(64) CHARACTER SET utf8 COLLATE utf8_bin NULL DEFAULT NULL,
  PRIMARY KEY (`ID_`) USING BTREE
) ENGINE = InnoDB CHARACTER SET = utf8 COLLATE = utf8_bin ROW_FORMAT = Dynamic;

-- ----------------------------
-- Table structure for act_procdef_info
-- ----------------------------
DROP TABLE IF EXISTS `act_procdef_info`;
CREATE TABLE `act_procdef_info`  (
  `ID_` varchar(64) CHARACTER SET utf8 COLLATE utf8_bin NOT NULL,
  `PROC_DEF_ID_` varchar(64) CHARACTER SET utf8 COLLATE utf8_bin NOT NULL,
  `REV_` int(11) NULL DEFAULT NULL,
  `INFO_JSON_ID_` varchar(64) CHARACTER SET utf8 COLLATE utf8_bin NULL DEFAULT NULL,
  PRIMARY KEY (`ID_`) USING BTREE,
  UNIQUE INDEX `ACT_UNIQ_INFO_PROCDEF`(`PROC_DEF_ID_`) USING BTREE,
  INDEX `ACT_IDX_INFO_PROCDEF`(`PROC_DEF_ID_`) USING BTREE,
  INDEX `ACT_FK_INFO_JSON_BA`(`INFO_JSON_ID_`) USING BTREE,
  CONSTRAINT `ACT_FK_INFO_JSON_BA` FOREIGN KEY (`INFO_JSON_ID_`) REFERENCES `act_ge_bytearray` (`ID_`) ON DELETE RESTRICT ON UPDATE RESTRICT,
  CONSTRAINT `ACT_FK_INFO_PROCDEF` FOREIGN KEY (`PROC_DEF_ID_`) REFERENCES `act_re_procdef` (`ID_`) ON DELETE RESTRICT ON UPDATE RESTRICT
) ENGINE = InnoDB CHARACTER SET = utf8 COLLATE = utf8_bin ROW_FORMAT = Dynamic;

-- ----------------------------
-- Table structure for act_re_deployment
-- ----------------------------
DROP TABLE IF EXISTS `act_re_deployment`;
CREATE TABLE `act_re_deployment`  (
  `ID_` varchar(64) CHARACTER SET utf8 COLLATE utf8_bin NOT NULL,
  `NAME_` varchar(255) CHARACTER SET utf8 COLLATE utf8_bin NULL DEFAULT NULL,
  `CATEGORY_` varchar(255) CHARACTER SET utf8 COLLATE utf8_bin NULL DEFAULT NULL,
  `KEY_` varchar(255) CHARACTER SET utf8 COLLATE utf8_bin NULL DEFAULT NULL,
  `TENANT_ID_` varchar(255) CHARACTER SET utf8 COLLATE utf8_bin NULL DEFAULT '',
  `DEPLOY_TIME_` timestamp(3) NULL DEFAULT NULL,
  `ENGINE_VERSION_` varchar(255) CHARACTER SET utf8 COLLATE utf8_bin NULL DEFAULT NULL,
  PRIMARY KEY (`ID_`) USING BTREE
) ENGINE = InnoDB CHARACTER SET = utf8 COLLATE = utf8_bin ROW_FORMAT = Dynamic;

-- ----------------------------
-- Records of act_re_deployment
-- ----------------------------
INSERT INTO `act_re_deployment` VALUES ('1', 'leave.zip', NULL, NULL, '', '2019-02-25 10:35:08.395', NULL);
INSERT INTO `act_re_deployment` VALUES ('22540', 'chapter.zip', NULL, NULL, '', '2019-02-25 15:51:16.548', NULL);
INSERT INTO `act_re_deployment` VALUES ('25001', 'chapter.zip', NULL, NULL, '', '2019-02-25 16:37:55.036', NULL);
INSERT INTO `act_re_deployment` VALUES ('27501', 'chapter.zip', NULL, NULL, '', '2019-02-25 16:44:23.947', NULL);
INSERT INTO `act_re_deployment` VALUES ('27546', 'chapter.zip', NULL, NULL, '', '2019-02-25 16:51:28.414', NULL);

-- ----------------------------
-- Table structure for act_re_model
-- ----------------------------
DROP TABLE IF EXISTS `act_re_model`;
CREATE TABLE `act_re_model`  (
  `ID_` varchar(64) CHARACTER SET utf8 COLLATE utf8_bin NOT NULL,
  `REV_` int(11) NULL DEFAULT NULL,
  `NAME_` varchar(255) CHARACTER SET utf8 COLLATE utf8_bin NULL DEFAULT NULL,
  `KEY_` varchar(255) CHARACTER SET utf8 COLLATE utf8_bin NULL DEFAULT NULL,
  `CATEGORY_` varchar(255) CHARACTER SET utf8 COLLATE utf8_bin NULL DEFAULT NULL,
  `CREATE_TIME_` timestamp(3) NULL DEFAULT NULL,
  `LAST_UPDATE_TIME_` timestamp(3) NULL DEFAULT NULL,
  `VERSION_` int(11) NULL DEFAULT NULL,
  `META_INFO_` varchar(4000) CHARACTER SET utf8 COLLATE utf8_bin NULL DEFAULT NULL,
  `DEPLOYMENT_ID_` varchar(64) CHARACTER SET utf8 COLLATE utf8_bin NULL DEFAULT NULL,
  `EDITOR_SOURCE_VALUE_ID_` varchar(64) CHARACTER SET utf8 COLLATE utf8_bin NULL DEFAULT NULL,
  `EDITOR_SOURCE_EXTRA_VALUE_ID_` varchar(64) CHARACTER SET utf8 COLLATE utf8_bin NULL DEFAULT NULL,
  `TENANT_ID_` varchar(255) CHARACTER SET utf8 COLLATE utf8_bin NULL DEFAULT '',
  PRIMARY KEY (`ID_`) USING BTREE,
  INDEX `ACT_FK_MODEL_SOURCE`(`EDITOR_SOURCE_VALUE_ID_`) USING BTREE,
  INDEX `ACT_FK_MODEL_SOURCE_EXTRA`(`EDITOR_SOURCE_EXTRA_VALUE_ID_`) USING BTREE,
  INDEX `ACT_FK_MODEL_DEPLOYMENT`(`DEPLOYMENT_ID_`) USING BTREE,
  CONSTRAINT `ACT_FK_MODEL_DEPLOYMENT` FOREIGN KEY (`DEPLOYMENT_ID_`) REFERENCES `act_re_deployment` (`ID_`) ON DELETE RESTRICT ON UPDATE RESTRICT,
  CONSTRAINT `ACT_FK_MODEL_SOURCE` FOREIGN KEY (`EDITOR_SOURCE_VALUE_ID_`) REFERENCES `act_ge_bytearray` (`ID_`) ON DELETE RESTRICT ON UPDATE RESTRICT,
  CONSTRAINT `ACT_FK_MODEL_SOURCE_EXTRA` FOREIGN KEY (`EDITOR_SOURCE_EXTRA_VALUE_ID_`) REFERENCES `act_ge_bytearray` (`ID_`) ON DELETE RESTRICT ON UPDATE RESTRICT
) ENGINE = InnoDB CHARACTER SET = utf8 COLLATE = utf8_bin ROW_FORMAT = Dynamic;

-- ----------------------------
-- Table structure for act_re_procdef
-- ----------------------------
DROP TABLE IF EXISTS `act_re_procdef`;
CREATE TABLE `act_re_procdef`  (
  `ID_` varchar(64) CHARACTER SET utf8 COLLATE utf8_bin NOT NULL,
  `REV_` int(11) NULL DEFAULT NULL,
  `CATEGORY_` varchar(255) CHARACTER SET utf8 COLLATE utf8_bin NULL DEFAULT NULL,
  `NAME_` varchar(255) CHARACTER SET utf8 COLLATE utf8_bin NULL DEFAULT NULL,
  `KEY_` varchar(255) CHARACTER SET utf8 COLLATE utf8_bin NOT NULL,
  `VERSION_` int(11) NOT NULL,
  `DEPLOYMENT_ID_` varchar(64) CHARACTER SET utf8 COLLATE utf8_bin NULL DEFAULT NULL,
  `RESOURCE_NAME_` varchar(4000) CHARACTER SET utf8 COLLATE utf8_bin NULL DEFAULT NULL,
  `DGRM_RESOURCE_NAME_` varchar(4000) CHARACTER SET utf8 COLLATE utf8_bin NULL DEFAULT NULL,
  `DESCRIPTION_` varchar(4000) CHARACTER SET utf8 COLLATE utf8_bin NULL DEFAULT NULL,
  `HAS_START_FORM_KEY_` tinyint(4) NULL DEFAULT NULL,
  `HAS_GRAPHICAL_NOTATION_` tinyint(4) NULL DEFAULT NULL,
  `SUSPENSION_STATE_` int(11) NULL DEFAULT NULL,
  `TENANT_ID_` varchar(255) CHARACTER SET utf8 COLLATE utf8_bin NULL DEFAULT '',
  `ENGINE_VERSION_` varchar(255) CHARACTER SET utf8 COLLATE utf8_bin NULL DEFAULT NULL,
  PRIMARY KEY (`ID_`) USING BTREE,
  UNIQUE INDEX `ACT_UNIQ_PROCDEF`(`KEY_`, `VERSION_`, `TENANT_ID_`) USING BTREE
) ENGINE = InnoDB CHARACTER SET = utf8 COLLATE = utf8_bin ROW_FORMAT = Dynamic;

-- ----------------------------
-- Records of act_re_procdef
-- ----------------------------
INSERT INTO `act_re_procdef` VALUES ('chapter:1:22544', 1, 'http://www.activiti.org/test', '', 'chapter', 1, '22540', 'chapter.bpmn', 'chapter.png', NULL, 0, 1, 1, '', NULL);
INSERT INTO `act_re_procdef` VALUES ('chapter:2:25005', 1, 'http://www.activiti.org/test', '', 'chapter', 2, '25001', 'chapter.bpmn', 'chapter.png', NULL, 0, 1, 1, '', NULL);
INSERT INTO `act_re_procdef` VALUES ('chapter:3:27506', 1, 'http://www.activiti.org/test', '', 'chapter', 3, '27501', 'chapter.bpmn', 'chapter.png', NULL, 0, 1, 1, '', NULL);
INSERT INTO `act_re_procdef` VALUES ('chapter:4:27551', 1, 'http://www.activiti.org/test', '', 'chapter', 4, '27546', 'chapter.bpmn', 'chapter.png', NULL, 0, 1, 1, '', NULL);
INSERT INTO `act_re_procdef` VALUES ('leave:1:8', 1, 'http://www.activiti.org/test', '', 'leave', 1, '1', 'leave.bpmn', 'leave.png', NULL, 0, 1, 1, '', NULL);

-- ----------------------------
-- Table structure for act_ru_deadletter_job
-- ----------------------------
DROP TABLE IF EXISTS `act_ru_deadletter_job`;
CREATE TABLE `act_ru_deadletter_job`  (
  `ID_` varchar(64) CHARACTER SET utf8 COLLATE utf8_bin NOT NULL,
  `REV_` int(11) NULL DEFAULT NULL,
  `TYPE_` varchar(255) CHARACTER SET utf8 COLLATE utf8_bin NOT NULL,
  `EXCLUSIVE_` tinyint(1) NULL DEFAULT NULL,
  `EXECUTION_ID_` varchar(64) CHARACTER SET utf8 COLLATE utf8_bin NULL DEFAULT NULL,
  `PROCESS_INSTANCE_ID_` varchar(64) CHARACTER SET utf8 COLLATE utf8_bin NULL DEFAULT NULL,
  `PROC_DEF_ID_` varchar(64) CHARACTER SET utf8 COLLATE utf8_bin NULL DEFAULT NULL,
  `EXCEPTION_STACK_ID_` varchar(64) CHARACTER SET utf8 COLLATE utf8_bin NULL DEFAULT NULL,
  `EXCEPTION_MSG_` varchar(4000) CHARACTER SET utf8 COLLATE utf8_bin NULL DEFAULT NULL,
  `DUEDATE_` timestamp(3) NULL DEFAULT NULL,
  `REPEAT_` varchar(255) CHARACTER SET utf8 COLLATE utf8_bin NULL DEFAULT NULL,
  `HANDLER_TYPE_` varchar(255) CHARACTER SET utf8 COLLATE utf8_bin NULL DEFAULT NULL,
  `HANDLER_CFG_` varchar(4000) CHARACTER SET utf8 COLLATE utf8_bin NULL DEFAULT NULL,
  `TENANT_ID_` varchar(255) CHARACTER SET utf8 COLLATE utf8_bin NULL DEFAULT '',
  PRIMARY KEY (`ID_`) USING BTREE,
  INDEX `ACT_FK_DEADLETTER_JOB_EXECUTION`(`EXECUTION_ID_`) USING BTREE,
  INDEX `ACT_FK_DEADLETTER_JOB_PROCESS_INSTANCE`(`PROCESS_INSTANCE_ID_`) USING BTREE,
  INDEX `ACT_FK_DEADLETTER_JOB_PROC_DEF`(`PROC_DEF_ID_`) USING BTREE,
  INDEX `ACT_FK_DEADLETTER_JOB_EXCEPTION`(`EXCEPTION_STACK_ID_`) USING BTREE,
  CONSTRAINT `ACT_FK_DEADLETTER_JOB_EXCEPTION` FOREIGN KEY (`EXCEPTION_STACK_ID_`) REFERENCES `act_ge_bytearray` (`ID_`) ON DELETE RESTRICT ON UPDATE RESTRICT,
  CONSTRAINT `ACT_FK_DEADLETTER_JOB_EXECUTION` FOREIGN KEY (`EXECUTION_ID_`) REFERENCES `act_ru_execution` (`ID_`) ON DELETE RESTRICT ON UPDATE RESTRICT,
  CONSTRAINT `ACT_FK_DEADLETTER_JOB_PROCESS_INSTANCE` FOREIGN KEY (`PROCESS_INSTANCE_ID_`) REFERENCES `act_ru_execution` (`ID_`) ON DELETE RESTRICT ON UPDATE RESTRICT,
  CONSTRAINT `ACT_FK_DEADLETTER_JOB_PROC_DEF` FOREIGN KEY (`PROC_DEF_ID_`) REFERENCES `act_re_procdef` (`ID_`) ON DELETE RESTRICT ON UPDATE RESTRICT
) ENGINE = InnoDB CHARACTER SET = utf8 COLLATE = utf8_bin ROW_FORMAT = Dynamic;

-- ----------------------------
-- Table structure for act_ru_event_subscr
-- ----------------------------
DROP TABLE IF EXISTS `act_ru_event_subscr`;
CREATE TABLE `act_ru_event_subscr`  (
  `ID_` varchar(64) CHARACTER SET utf8 COLLATE utf8_bin NOT NULL,
  `REV_` int(11) NULL DEFAULT NULL,
  `EVENT_TYPE_` varchar(255) CHARACTER SET utf8 COLLATE utf8_bin NOT NULL,
  `EVENT_NAME_` varchar(255) CHARACTER SET utf8 COLLATE utf8_bin NULL DEFAULT NULL,
  `EXECUTION_ID_` varchar(64) CHARACTER SET utf8 COLLATE utf8_bin NULL DEFAULT NULL,
  `PROC_INST_ID_` varchar(64) CHARACTER SET utf8 COLLATE utf8_bin NULL DEFAULT NULL,
  `ACTIVITY_ID_` varchar(64) CHARACTER SET utf8 COLLATE utf8_bin NULL DEFAULT NULL,
  `CONFIGURATION_` varchar(255) CHARACTER SET utf8 COLLATE utf8_bin NULL DEFAULT NULL,
  `CREATED_` timestamp(3) NOT NULL DEFAULT CURRENT_TIMESTAMP(3),
  `PROC_DEF_ID_` varchar(64) CHARACTER SET utf8 COLLATE utf8_bin NULL DEFAULT NULL,
  `TENANT_ID_` varchar(255) CHARACTER SET utf8 COLLATE utf8_bin NULL DEFAULT '',
  PRIMARY KEY (`ID_`) USING BTREE,
  INDEX `ACT_IDX_EVENT_SUBSCR_CONFIG_`(`CONFIGURATION_`) USING BTREE,
  INDEX `ACT_FK_EVENT_EXEC`(`EXECUTION_ID_`) USING BTREE,
  CONSTRAINT `ACT_FK_EVENT_EXEC` FOREIGN KEY (`EXECUTION_ID_`) REFERENCES `act_ru_execution` (`ID_`) ON DELETE RESTRICT ON UPDATE RESTRICT
) ENGINE = InnoDB CHARACTER SET = utf8 COLLATE = utf8_bin ROW_FORMAT = Dynamic;

-- ----------------------------
-- Table structure for act_ru_execution
-- ----------------------------
DROP TABLE IF EXISTS `act_ru_execution`;
CREATE TABLE `act_ru_execution`  (
  `ID_` varchar(64) CHARACTER SET utf8 COLLATE utf8_bin NOT NULL,
  `REV_` int(11) NULL DEFAULT NULL,
  `PROC_INST_ID_` varchar(64) CHARACTER SET utf8 COLLATE utf8_bin NULL DEFAULT NULL,
  `BUSINESS_KEY_` varchar(255) CHARACTER SET utf8 COLLATE utf8_bin NULL DEFAULT NULL,
  `PARENT_ID_` varchar(64) CHARACTER SET utf8 COLLATE utf8_bin NULL DEFAULT NULL,
  `PROC_DEF_ID_` varchar(64) CHARACTER SET utf8 COLLATE utf8_bin NULL DEFAULT NULL,
  `SUPER_EXEC_` varchar(64) CHARACTER SET utf8 COLLATE utf8_bin NULL DEFAULT NULL,
  `ROOT_PROC_INST_ID_` varchar(64) CHARACTER SET utf8 COLLATE utf8_bin NULL DEFAULT NULL,
  `ACT_ID_` varchar(255) CHARACTER SET utf8 COLLATE utf8_bin NULL DEFAULT NULL,
  `IS_ACTIVE_` tinyint(4) NULL DEFAULT NULL,
  `IS_CONCURRENT_` tinyint(4) NULL DEFAULT NULL,
  `IS_SCOPE_` tinyint(4) NULL DEFAULT NULL,
  `IS_EVENT_SCOPE_` tinyint(4) NULL DEFAULT NULL,
  `IS_MI_ROOT_` tinyint(4) NULL DEFAULT NULL,
  `SUSPENSION_STATE_` int(11) NULL DEFAULT NULL,
  `CACHED_ENT_STATE_` int(11) NULL DEFAULT NULL,
  `TENANT_ID_` varchar(255) CHARACTER SET utf8 COLLATE utf8_bin NULL DEFAULT '',
  `NAME_` varchar(255) CHARACTER SET utf8 COLLATE utf8_bin NULL DEFAULT NULL,
  `START_TIME_` datetime(3) NULL DEFAULT NULL,
  `START_USER_ID_` varchar(255) CHARACTER SET utf8 COLLATE utf8_bin NULL DEFAULT NULL,
  `LOCK_TIME_` timestamp(3) NULL DEFAULT NULL,
  `IS_COUNT_ENABLED_` tinyint(4) NULL DEFAULT NULL,
  `EVT_SUBSCR_COUNT_` int(11) NULL DEFAULT NULL,
  `TASK_COUNT_` int(11) NULL DEFAULT NULL,
  `JOB_COUNT_` int(11) NULL DEFAULT NULL,
  `TIMER_JOB_COUNT_` int(11) NULL DEFAULT NULL,
  `SUSP_JOB_COUNT_` int(11) NULL DEFAULT NULL,
  `DEADLETTER_JOB_COUNT_` int(11) NULL DEFAULT NULL,
  `VAR_COUNT_` int(11) NULL DEFAULT NULL,
  `ID_LINK_COUNT_` int(11) NULL DEFAULT NULL,
  PRIMARY KEY (`ID_`) USING BTREE,
  INDEX `ACT_IDX_EXEC_BUSKEY`(`BUSINESS_KEY_`) USING BTREE,
  INDEX `ACT_IDC_EXEC_ROOT`(`ROOT_PROC_INST_ID_`) USING BTREE,
  INDEX `ACT_FK_EXE_PROCINST`(`PROC_INST_ID_`) USING BTREE,
  INDEX `ACT_FK_EXE_PARENT`(`PARENT_ID_`) USING BTREE,
  INDEX `ACT_FK_EXE_SUPER`(`SUPER_EXEC_`) USING BTREE,
  INDEX `ACT_FK_EXE_PROCDEF`(`PROC_DEF_ID_`) USING BTREE,
  CONSTRAINT `ACT_FK_EXE_PARENT` FOREIGN KEY (`PARENT_ID_`) REFERENCES `act_ru_execution` (`ID_`) ON DELETE CASCADE ON UPDATE RESTRICT,
  CONSTRAINT `ACT_FK_EXE_PROCDEF` FOREIGN KEY (`PROC_DEF_ID_`) REFERENCES `act_re_procdef` (`ID_`) ON DELETE RESTRICT ON UPDATE RESTRICT,
  CONSTRAINT `ACT_FK_EXE_PROCINST` FOREIGN KEY (`PROC_INST_ID_`) REFERENCES `act_ru_execution` (`ID_`) ON DELETE CASCADE ON UPDATE CASCADE,
  CONSTRAINT `ACT_FK_EXE_SUPER` FOREIGN KEY (`SUPER_EXEC_`) REFERENCES `act_ru_execution` (`ID_`) ON DELETE CASCADE ON UPDATE RESTRICT
) ENGINE = InnoDB CHARACTER SET = utf8 COLLATE = utf8_bin ROW_FORMAT = Dynamic;

-- ----------------------------
-- Records of act_ru_execution
-- ----------------------------
INSERT INTO `act_ru_execution` VALUES ('47501', 1, '47501', '2019022610425810234', NULL, 'leave:1:8', NULL, '47501', NULL, 1, 0, 1, 0, 0, 1, NULL, '', NULL, '2019-02-26 10:44:10.717', '10234', NULL, 0, 0, 0, 0, 0, 0, 0, 0, 0);
INSERT INTO `act_ru_execution` VALUES ('47503', 1, '47501', NULL, '47501', 'leave:1:8', NULL, '47501', 'usertask1', 1, 0, 0, 0, 0, 1, NULL, '', NULL, '2019-02-26 10:44:11.262', NULL, NULL, 0, 0, 0, 0, 0, 0, 0, 0, 0);

-- ----------------------------
-- Table structure for act_ru_identitylink
-- ----------------------------
DROP TABLE IF EXISTS `act_ru_identitylink`;
CREATE TABLE `act_ru_identitylink`  (
  `ID_` varchar(64) CHARACTER SET utf8 COLLATE utf8_bin NOT NULL,
  `REV_` int(11) NULL DEFAULT NULL,
  `GROUP_ID_` varchar(255) CHARACTER SET utf8 COLLATE utf8_bin NULL DEFAULT NULL,
  `TYPE_` varchar(255) CHARACTER SET utf8 COLLATE utf8_bin NULL DEFAULT NULL,
  `USER_ID_` varchar(255) CHARACTER SET utf8 COLLATE utf8_bin NULL DEFAULT NULL,
  `TASK_ID_` varchar(64) CHARACTER SET utf8 COLLATE utf8_bin NULL DEFAULT NULL,
  `PROC_INST_ID_` varchar(64) CHARACTER SET utf8 COLLATE utf8_bin NULL DEFAULT NULL,
  `PROC_DEF_ID_` varchar(64) CHARACTER SET utf8 COLLATE utf8_bin NULL DEFAULT NULL,
  PRIMARY KEY (`ID_`) USING BTREE,
  INDEX `ACT_IDX_IDENT_LNK_USER`(`USER_ID_`) USING BTREE,
  INDEX `ACT_IDX_IDENT_LNK_GROUP`(`GROUP_ID_`) USING BTREE,
  INDEX `ACT_IDX_ATHRZ_PROCEDEF`(`PROC_DEF_ID_`) USING BTREE,
  INDEX `ACT_FK_TSKASS_TASK`(`TASK_ID_`) USING BTREE,
  INDEX `ACT_FK_IDL_PROCINST`(`PROC_INST_ID_`) USING BTREE,
  CONSTRAINT `ACT_FK_ATHRZ_PROCEDEF` FOREIGN KEY (`PROC_DEF_ID_`) REFERENCES `act_re_procdef` (`ID_`) ON DELETE RESTRICT ON UPDATE RESTRICT,
  CONSTRAINT `ACT_FK_IDL_PROCINST` FOREIGN KEY (`PROC_INST_ID_`) REFERENCES `act_ru_execution` (`ID_`) ON DELETE RESTRICT ON UPDATE RESTRICT,
  CONSTRAINT `ACT_FK_TSKASS_TASK` FOREIGN KEY (`TASK_ID_`) REFERENCES `act_ru_task` (`ID_`) ON DELETE RESTRICT ON UPDATE RESTRICT
) ENGINE = InnoDB CHARACTER SET = utf8 COLLATE = utf8_bin ROW_FORMAT = Dynamic;

-- ----------------------------
-- Records of act_ru_identitylink
-- ----------------------------
INSERT INTO `act_ru_identitylink` VALUES ('47502', 1, NULL, 'starter', '10234', NULL, '47501', NULL);

-- ----------------------------
-- Table structure for act_ru_job
-- ----------------------------
DROP TABLE IF EXISTS `act_ru_job`;
CREATE TABLE `act_ru_job`  (
  `ID_` varchar(64) CHARACTER SET utf8 COLLATE utf8_bin NOT NULL,
  `REV_` int(11) NULL DEFAULT NULL,
  `TYPE_` varchar(255) CHARACTER SET utf8 COLLATE utf8_bin NOT NULL,
  `LOCK_EXP_TIME_` timestamp(3) NULL DEFAULT NULL,
  `LOCK_OWNER_` varchar(255) CHARACTER SET utf8 COLLATE utf8_bin NULL DEFAULT NULL,
  `EXCLUSIVE_` tinyint(1) NULL DEFAULT NULL,
  `EXECUTION_ID_` varchar(64) CHARACTER SET utf8 COLLATE utf8_bin NULL DEFAULT NULL,
  `PROCESS_INSTANCE_ID_` varchar(64) CHARACTER SET utf8 COLLATE utf8_bin NULL DEFAULT NULL,
  `PROC_DEF_ID_` varchar(64) CHARACTER SET utf8 COLLATE utf8_bin NULL DEFAULT NULL,
  `RETRIES_` int(11) NULL DEFAULT NULL,
  `EXCEPTION_STACK_ID_` varchar(64) CHARACTER SET utf8 COLLATE utf8_bin NULL DEFAULT NULL,
  `EXCEPTION_MSG_` varchar(4000) CHARACTER SET utf8 COLLATE utf8_bin NULL DEFAULT NULL,
  `DUEDATE_` timestamp(3) NULL DEFAULT NULL,
  `REPEAT_` varchar(255) CHARACTER SET utf8 COLLATE utf8_bin NULL DEFAULT NULL,
  `HANDLER_TYPE_` varchar(255) CHARACTER SET utf8 COLLATE utf8_bin NULL DEFAULT NULL,
  `HANDLER_CFG_` varchar(4000) CHARACTER SET utf8 COLLATE utf8_bin NULL DEFAULT NULL,
  `TENANT_ID_` varchar(255) CHARACTER SET utf8 COLLATE utf8_bin NULL DEFAULT '',
  PRIMARY KEY (`ID_`) USING BTREE,
  INDEX `ACT_FK_JOB_EXECUTION`(`EXECUTION_ID_`) USING BTREE,
  INDEX `ACT_FK_JOB_PROCESS_INSTANCE`(`PROCESS_INSTANCE_ID_`) USING BTREE,
  INDEX `ACT_FK_JOB_PROC_DEF`(`PROC_DEF_ID_`) USING BTREE,
  INDEX `ACT_FK_JOB_EXCEPTION`(`EXCEPTION_STACK_ID_`) USING BTREE,
  CONSTRAINT `ACT_FK_JOB_EXCEPTION` FOREIGN KEY (`EXCEPTION_STACK_ID_`) REFERENCES `act_ge_bytearray` (`ID_`) ON DELETE RESTRICT ON UPDATE RESTRICT,
  CONSTRAINT `ACT_FK_JOB_EXECUTION` FOREIGN KEY (`EXECUTION_ID_`) REFERENCES `act_ru_execution` (`ID_`) ON DELETE RESTRICT ON UPDATE RESTRICT,
  CONSTRAINT `ACT_FK_JOB_PROCESS_INSTANCE` FOREIGN KEY (`PROCESS_INSTANCE_ID_`) REFERENCES `act_ru_execution` (`ID_`) ON DELETE RESTRICT ON UPDATE RESTRICT,
  CONSTRAINT `ACT_FK_JOB_PROC_DEF` FOREIGN KEY (`PROC_DEF_ID_`) REFERENCES `act_re_procdef` (`ID_`) ON DELETE RESTRICT ON UPDATE RESTRICT
) ENGINE = InnoDB CHARACTER SET = utf8 COLLATE = utf8_bin ROW_FORMAT = Dynamic;

-- ----------------------------
-- Table structure for act_ru_suspended_job
-- ----------------------------
DROP TABLE IF EXISTS `act_ru_suspended_job`;
CREATE TABLE `act_ru_suspended_job`  (
  `ID_` varchar(64) CHARACTER SET utf8 COLLATE utf8_bin NOT NULL,
  `REV_` int(11) NULL DEFAULT NULL,
  `TYPE_` varchar(255) CHARACTER SET utf8 COLLATE utf8_bin NOT NULL,
  `EXCLUSIVE_` tinyint(1) NULL DEFAULT NULL,
  `EXECUTION_ID_` varchar(64) CHARACTER SET utf8 COLLATE utf8_bin NULL DEFAULT NULL,
  `PROCESS_INSTANCE_ID_` varchar(64) CHARACTER SET utf8 COLLATE utf8_bin NULL DEFAULT NULL,
  `PROC_DEF_ID_` varchar(64) CHARACTER SET utf8 COLLATE utf8_bin NULL DEFAULT NULL,
  `RETRIES_` int(11) NULL DEFAULT NULL,
  `EXCEPTION_STACK_ID_` varchar(64) CHARACTER SET utf8 COLLATE utf8_bin NULL DEFAULT NULL,
  `EXCEPTION_MSG_` varchar(4000) CHARACTER SET utf8 COLLATE utf8_bin NULL DEFAULT NULL,
  `DUEDATE_` timestamp(3) NULL DEFAULT NULL,
  `REPEAT_` varchar(255) CHARACTER SET utf8 COLLATE utf8_bin NULL DEFAULT NULL,
  `HANDLER_TYPE_` varchar(255) CHARACTER SET utf8 COLLATE utf8_bin NULL DEFAULT NULL,
  `HANDLER_CFG_` varchar(4000) CHARACTER SET utf8 COLLATE utf8_bin NULL DEFAULT NULL,
  `TENANT_ID_` varchar(255) CHARACTER SET utf8 COLLATE utf8_bin NULL DEFAULT '',
  PRIMARY KEY (`ID_`) USING BTREE,
  INDEX `ACT_FK_SUSPENDED_JOB_EXECUTION`(`EXECUTION_ID_`) USING BTREE,
  INDEX `ACT_FK_SUSPENDED_JOB_PROCESS_INSTANCE`(`PROCESS_INSTANCE_ID_`) USING BTREE,
  INDEX `ACT_FK_SUSPENDED_JOB_PROC_DEF`(`PROC_DEF_ID_`) USING BTREE,
  INDEX `ACT_FK_SUSPENDED_JOB_EXCEPTION`(`EXCEPTION_STACK_ID_`) USING BTREE,
  CONSTRAINT `ACT_FK_SUSPENDED_JOB_EXCEPTION` FOREIGN KEY (`EXCEPTION_STACK_ID_`) REFERENCES `act_ge_bytearray` (`ID_`) ON DELETE RESTRICT ON UPDATE RESTRICT,
  CONSTRAINT `ACT_FK_SUSPENDED_JOB_EXECUTION` FOREIGN KEY (`EXECUTION_ID_`) REFERENCES `act_ru_execution` (`ID_`) ON DELETE RESTRICT ON UPDATE RESTRICT,
  CONSTRAINT `ACT_FK_SUSPENDED_JOB_PROCESS_INSTANCE` FOREIGN KEY (`PROCESS_INSTANCE_ID_`) REFERENCES `act_ru_execution` (`ID_`) ON DELETE RESTRICT ON UPDATE RESTRICT,
  CONSTRAINT `ACT_FK_SUSPENDED_JOB_PROC_DEF` FOREIGN KEY (`PROC_DEF_ID_`) REFERENCES `act_re_procdef` (`ID_`) ON DELETE RESTRICT ON UPDATE RESTRICT
) ENGINE = InnoDB CHARACTER SET = utf8 COLLATE = utf8_bin ROW_FORMAT = Dynamic;

-- ----------------------------
-- Table structure for act_ru_task
-- ----------------------------
DROP TABLE IF EXISTS `act_ru_task`;
CREATE TABLE `act_ru_task`  (
  `ID_` varchar(64) CHARACTER SET utf8 COLLATE utf8_bin NOT NULL,
  `REV_` int(11) NULL DEFAULT NULL,
  `EXECUTION_ID_` varchar(64) CHARACTER SET utf8 COLLATE utf8_bin NULL DEFAULT NULL,
  `PROC_INST_ID_` varchar(64) CHARACTER SET utf8 COLLATE utf8_bin NULL DEFAULT NULL,
  `PROC_DEF_ID_` varchar(64) CHARACTER SET utf8 COLLATE utf8_bin NULL DEFAULT NULL,
  `NAME_` varchar(255) CHARACTER SET utf8 COLLATE utf8_bin NULL DEFAULT NULL,
  `PARENT_TASK_ID_` varchar(64) CHARACTER SET utf8 COLLATE utf8_bin NULL DEFAULT NULL,
  `DESCRIPTION_` varchar(4000) CHARACTER SET utf8 COLLATE utf8_bin NULL DEFAULT NULL,
  `TASK_DEF_KEY_` varchar(255) CHARACTER SET utf8 COLLATE utf8_bin NULL DEFAULT NULL,
  `OWNER_` varchar(255) CHARACTER SET utf8 COLLATE utf8_bin NULL DEFAULT NULL,
  `ASSIGNEE_` varchar(255) CHARACTER SET utf8 COLLATE utf8_bin NULL DEFAULT NULL,
  `DELEGATION_` varchar(64) CHARACTER SET utf8 COLLATE utf8_bin NULL DEFAULT NULL,
  `PRIORITY_` int(11) NULL DEFAULT NULL,
  `CREATE_TIME_` timestamp(3) NULL DEFAULT NULL,
  `DUE_DATE_` datetime(3) NULL DEFAULT NULL,
  `CATEGORY_` varchar(255) CHARACTER SET utf8 COLLATE utf8_bin NULL DEFAULT NULL,
  `SUSPENSION_STATE_` int(11) NULL DEFAULT NULL,
  `TENANT_ID_` varchar(255) CHARACTER SET utf8 COLLATE utf8_bin NULL DEFAULT '',
  `FORM_KEY_` varchar(255) CHARACTER SET utf8 COLLATE utf8_bin NULL DEFAULT NULL,
  `CLAIM_TIME_` datetime(3) NULL DEFAULT NULL,
  PRIMARY KEY (`ID_`) USING BTREE,
  INDEX `ACT_IDX_TASK_CREATE`(`CREATE_TIME_`) USING BTREE,
  INDEX `ACT_FK_TASK_EXE`(`EXECUTION_ID_`) USING BTREE,
  INDEX `ACT_FK_TASK_PROCINST`(`PROC_INST_ID_`) USING BTREE,
  INDEX `ACT_FK_TASK_PROCDEF`(`PROC_DEF_ID_`) USING BTREE,
  CONSTRAINT `ACT_FK_TASK_EXE` FOREIGN KEY (`EXECUTION_ID_`) REFERENCES `act_ru_execution` (`ID_`) ON DELETE RESTRICT ON UPDATE RESTRICT,
  CONSTRAINT `ACT_FK_TASK_PROCDEF` FOREIGN KEY (`PROC_DEF_ID_`) REFERENCES `act_re_procdef` (`ID_`) ON DELETE RESTRICT ON UPDATE RESTRICT,
  CONSTRAINT `ACT_FK_TASK_PROCINST` FOREIGN KEY (`PROC_INST_ID_`) REFERENCES `act_ru_execution` (`ID_`) ON DELETE RESTRICT ON UPDATE RESTRICT
) ENGINE = InnoDB CHARACTER SET = utf8 COLLATE = utf8_bin ROW_FORMAT = Dynamic;

-- ----------------------------
-- Records of act_ru_task
-- ----------------------------
INSERT INTO `act_ru_task` VALUES ('47548', 1, '47503', '47501', 'leave:1:8', '', NULL, NULL, 'usertask1', NULL, '10234', NULL, 50, '2019-02-26 10:44:11.290', NULL, NULL, 1, '', 'leave_usertask1.html', NULL);

-- ----------------------------
-- Table structure for act_ru_timer_job
-- ----------------------------
DROP TABLE IF EXISTS `act_ru_timer_job`;
CREATE TABLE `act_ru_timer_job`  (
  `ID_` varchar(64) CHARACTER SET utf8 COLLATE utf8_bin NOT NULL,
  `REV_` int(11) NULL DEFAULT NULL,
  `TYPE_` varchar(255) CHARACTER SET utf8 COLLATE utf8_bin NOT NULL,
  `LOCK_EXP_TIME_` timestamp(3) NULL DEFAULT NULL,
  `LOCK_OWNER_` varchar(255) CHARACTER SET utf8 COLLATE utf8_bin NULL DEFAULT NULL,
  `EXCLUSIVE_` tinyint(1) NULL DEFAULT NULL,
  `EXECUTION_ID_` varchar(64) CHARACTER SET utf8 COLLATE utf8_bin NULL DEFAULT NULL,
  `PROCESS_INSTANCE_ID_` varchar(64) CHARACTER SET utf8 COLLATE utf8_bin NULL DEFAULT NULL,
  `PROC_DEF_ID_` varchar(64) CHARACTER SET utf8 COLLATE utf8_bin NULL DEFAULT NULL,
  `RETRIES_` int(11) NULL DEFAULT NULL,
  `EXCEPTION_STACK_ID_` varchar(64) CHARACTER SET utf8 COLLATE utf8_bin NULL DEFAULT NULL,
  `EXCEPTION_MSG_` varchar(4000) CHARACTER SET utf8 COLLATE utf8_bin NULL DEFAULT NULL,
  `DUEDATE_` timestamp(3) NULL DEFAULT NULL,
  `REPEAT_` varchar(255) CHARACTER SET utf8 COLLATE utf8_bin NULL DEFAULT NULL,
  `HANDLER_TYPE_` varchar(255) CHARACTER SET utf8 COLLATE utf8_bin NULL DEFAULT NULL,
  `HANDLER_CFG_` varchar(4000) CHARACTER SET utf8 COLLATE utf8_bin NULL DEFAULT NULL,
  `TENANT_ID_` varchar(255) CHARACTER SET utf8 COLLATE utf8_bin NULL DEFAULT '',
  PRIMARY KEY (`ID_`) USING BTREE,
  INDEX `ACT_FK_TIMER_JOB_EXECUTION`(`EXECUTION_ID_`) USING BTREE,
  INDEX `ACT_FK_TIMER_JOB_PROCESS_INSTANCE`(`PROCESS_INSTANCE_ID_`) USING BTREE,
  INDEX `ACT_FK_TIMER_JOB_PROC_DEF`(`PROC_DEF_ID_`) USING BTREE,
  INDEX `ACT_FK_TIMER_JOB_EXCEPTION`(`EXCEPTION_STACK_ID_`) USING BTREE,
  CONSTRAINT `ACT_FK_TIMER_JOB_EXCEPTION` FOREIGN KEY (`EXCEPTION_STACK_ID_`) REFERENCES `act_ge_bytearray` (`ID_`) ON DELETE RESTRICT ON UPDATE RESTRICT,
  CONSTRAINT `ACT_FK_TIMER_JOB_EXECUTION` FOREIGN KEY (`EXECUTION_ID_`) REFERENCES `act_ru_execution` (`ID_`) ON DELETE RESTRICT ON UPDATE RESTRICT,
  CONSTRAINT `ACT_FK_TIMER_JOB_PROCESS_INSTANCE` FOREIGN KEY (`PROCESS_INSTANCE_ID_`) REFERENCES `act_ru_execution` (`ID_`) ON DELETE RESTRICT ON UPDATE RESTRICT,
  CONSTRAINT `ACT_FK_TIMER_JOB_PROC_DEF` FOREIGN KEY (`PROC_DEF_ID_`) REFERENCES `act_re_procdef` (`ID_`) ON DELETE RESTRICT ON UPDATE RESTRICT
) ENGINE = InnoDB CHARACTER SET = utf8 COLLATE = utf8_bin ROW_FORMAT = Dynamic;

-- ----------------------------
-- Table structure for act_ru_variable
-- ----------------------------
DROP TABLE IF EXISTS `act_ru_variable`;
CREATE TABLE `act_ru_variable`  (
  `ID_` varchar(64) CHARACTER SET utf8 COLLATE utf8_bin NOT NULL,
  `REV_` int(11) NULL DEFAULT NULL,
  `TYPE_` varchar(255) CHARACTER SET utf8 COLLATE utf8_bin NOT NULL,
  `NAME_` varchar(255) CHARACTER SET utf8 COLLATE utf8_bin NOT NULL,
  `EXECUTION_ID_` varchar(64) CHARACTER SET utf8 COLLATE utf8_bin NULL DEFAULT NULL,
  `PROC_INST_ID_` varchar(64) CHARACTER SET utf8 COLLATE utf8_bin NULL DEFAULT NULL,
  `TASK_ID_` varchar(64) CHARACTER SET utf8 COLLATE utf8_bin NULL DEFAULT NULL,
  `BYTEARRAY_ID_` varchar(64) CHARACTER SET utf8 COLLATE utf8_bin NULL DEFAULT NULL,
  `DOUBLE_` double NULL DEFAULT NULL,
  `LONG_` bigint(20) NULL DEFAULT NULL,
  `TEXT_` varchar(4000) CHARACTER SET utf8 COLLATE utf8_bin NULL DEFAULT NULL,
  `TEXT2_` varchar(4000) CHARACTER SET utf8 COLLATE utf8_bin NULL DEFAULT NULL,
  PRIMARY KEY (`ID_`) USING BTREE,
  INDEX `ACT_IDX_VARIABLE_TASK_ID`(`TASK_ID_`) USING BTREE,
  INDEX `ACT_FK_VAR_EXE`(`EXECUTION_ID_`) USING BTREE,
  INDEX `ACT_FK_VAR_PROCINST`(`PROC_INST_ID_`) USING BTREE,
  INDEX `ACT_FK_VAR_BYTEARRAY`(`BYTEARRAY_ID_`) USING BTREE,
  CONSTRAINT `ACT_FK_VAR_BYTEARRAY` FOREIGN KEY (`BYTEARRAY_ID_`) REFERENCES `act_ge_bytearray` (`ID_`) ON DELETE RESTRICT ON UPDATE RESTRICT,
  CONSTRAINT `ACT_FK_VAR_EXE` FOREIGN KEY (`EXECUTION_ID_`) REFERENCES `act_ru_execution` (`ID_`) ON DELETE RESTRICT ON UPDATE RESTRICT,
  CONSTRAINT `ACT_FK_VAR_PROCINST` FOREIGN KEY (`PROC_INST_ID_`) REFERENCES `act_ru_execution` (`ID_`) ON DELETE RESTRICT ON UPDATE RESTRICT
) ENGINE = InnoDB CHARACTER SET = utf8 COLLATE = utf8_bin ROW_FORMAT = Dynamic;

-- ----------------------------
-- Records of act_ru_variable
-- ----------------------------
INSERT INTO `act_ru_variable` VALUES ('47519', 1, 'string', 'usersprs', '47501', '47501', NULL, NULL, NULL, NULL, '118#10234', NULL);
INSERT INTO `act_ru_variable` VALUES ('47521', 1, 'string', 'sqrq', '47501', '47501', NULL, NULL, NULL, NULL, '2019-02-26 10:42:58', NULL);
INSERT INTO `act_ru_variable` VALUES ('47523', 1, 'string', 'bk', '47501', '47501', NULL, NULL, NULL, NULL, '2019022610425810234', NULL);
INSERT INTO `act_ru_variable` VALUES ('47525', 1, 'string', 'sprs', '47501', '47501', NULL, NULL, NULL, NULL, '10234', NULL);
INSERT INTO `act_ru_variable` VALUES ('47527', 1, 'string', 'bmmc', '47501', '47501', NULL, NULL, NULL, NULL, '', NULL);
INSERT INTO `act_ru_variable` VALUES ('47529', 1, 'string', 'imgName', '47501', '47501', NULL, NULL, NULL, NULL, '', NULL);
INSERT INTO `act_ru_variable` VALUES ('47531', 1, 'string', 'qjlx', '47501', '47501', NULL, NULL, NULL, NULL, '', NULL);
INSERT INTO `act_ru_variable` VALUES ('47533', 1, 'string', 'qjly', '47501', '47501', NULL, NULL, NULL, NULL, '', NULL);
INSERT INTO `act_ru_variable` VALUES ('47535', 1, 'string', 'u_id', '47501', '47501', NULL, NULL, NULL, NULL, '10234', NULL);
INSERT INTO `act_ru_variable` VALUES ('47537', 1, 'string', 'file', '47501', '47501', NULL, NULL, NULL, NULL, '', NULL);
INSERT INTO `act_ru_variable` VALUES ('47539', 1, 'string', 'sqr', '47501', '47501', NULL, NULL, NULL, NULL, 'dev2', NULL);
INSERT INTO `act_ru_variable` VALUES ('47541', 1, 'string', 'ksrq', '47501', '47501', NULL, NULL, NULL, NULL, '2019-02-26 00:00:00', NULL);
INSERT INTO `act_ru_variable` VALUES ('47543', 1, 'string', 'jsrq', '47501', '47501', NULL, NULL, NULL, NULL, '2019-02-26 00:00:00', NULL);
INSERT INTO `act_ru_variable` VALUES ('47545', 1, 'string', 'id', '47501', '47501', NULL, NULL, NULL, NULL, '10234leaveleave_startevent1.html', NULL);

-- ----------------------------
-- Table structure for aff_car_info
-- ----------------------------
DROP TABLE IF EXISTS `aff_car_info`;
CREATE TABLE `aff_car_info`  (
  `c_id` int(11) NOT NULL AUTO_INCREMENT COMMENT '',
  `car_model` varchar(255) CHARACTER SET utf8mb4 COLLATE utf8mb4_general_ci NULL DEFAULT NULL COMMENT '',
  `car_card` varchar(255) CHARACTER SET utf8mb4 COLLATE utf8mb4_general_ci NULL DEFAULT NULL COMMENT '',
  `car_type` varchar(255) CHARACTER SET utf8mb4 COLLATE utf8mb4_general_ci NULL DEFAULT NULL COMMENT '',
  `car_limit` int(255) NULL DEFAULT NULL COMMENT '',
  `buy_time` varchar(255) CHARACTER SET utf8mb4 COLLATE utf8mb4_general_ci NULL DEFAULT NULL COMMENT '',
  `kilometres` int(255) NULL DEFAULT NULL COMMENT '',
  `next_inspection_time` varchar(255) CHARACTER SET utf8mb4 COLLATE utf8mb4_general_ci NULL DEFAULT NULL COMMENT '',
  `car_status` int(255) NULL DEFAULT NULL COMMENT '012',
  PRIMARY KEY (`c_id`) USING BTREE
) ENGINE = InnoDB AUTO_INCREMENT = 4 CHARACTER SET = utf8mb4 COLLATE = utf8mb4_general_ci ROW_FORMAT = Dynamic;

-- ----------------------------
-- Records of aff_car_info
-- ----------------------------
INSERT INTO `aff_car_info` VALUES (2, '1212', '3213213', '1', 5, '2019-01-22 00:00:00', 3, '2019-01-02 00:00:00', 1);
INSERT INTO `aff_car_info` VALUES (3, '1231213', '13123', '2', 4, '2019-01-28 00:00:00', 0, '2019-01-08 00:00:00', 2);

-- ----------------------------
-- Table structure for aff_car_info_status
-- ----------------------------
DROP TABLE IF EXISTS `aff_car_info_status`;
CREATE TABLE `aff_car_info_status`  (
  `s_id` int(11) NOT NULL COMMENT '',
  `status_info` varchar(255) CHARACTER SET utf8mb4 COLLATE utf8mb4_general_ci NULL DEFAULT NULL COMMENT '012',
  PRIMARY KEY (`s_id`) USING BTREE
) ENGINE = InnoDB CHARACTER SET = utf8mb4 COLLATE = utf8mb4_general_ci ROW_FORMAT = Dynamic;

-- ----------------------------
-- Records of aff_car_info_status
-- ----------------------------
INSERT INTO `aff_car_info_status` VALUES (0, '');
INSERT INTO `aff_car_info_status` VALUES (1, '');
INSERT INTO `aff_car_info_status` VALUES (2, '');

-- ----------------------------
-- Table structure for aff_car_info_type
-- ----------------------------
DROP TABLE IF EXISTS `aff_car_info_type`;
CREATE TABLE `aff_car_info_type`  (
  `t_id` int(11) NOT NULL AUTO_INCREMENT COMMENT '',
  `type_info` varchar(255) CHARACTER SET utf8mb4 COLLATE utf8mb4_general_ci NULL DEFAULT NULL COMMENT '',
  PRIMARY KEY (`t_id`) USING BTREE
) ENGINE = InnoDB AUTO_INCREMENT = 5 CHARACTER SET = utf8mb4 COLLATE = utf8mb4_general_ci ROW_FORMAT = Dynamic;

-- ----------------------------
-- Records of aff_car_info_type
-- ----------------------------
INSERT INTO `aff_car_info_type` VALUES (1, '');
INSERT INTO `aff_car_info_type` VALUES (2, '');
INSERT INTO `aff_car_info_type` VALUES (3, '');
INSERT INTO `aff_car_info_type` VALUES (4, '');

-- ----------------------------
-- Table structure for aff_t_assets
-- ----------------------------
DROP TABLE IF EXISTS `aff_t_assets`;
CREATE TABLE `aff_t_assets`  (
  `id` int(255) NOT NULL COMMENT '',
  `asset_catalog` int(255) NULL DEFAULT NULL COMMENT '',
  `asset_name` varchar(255) CHARACTER SET utf8mb4 COLLATE utf8mb4_general_ci NULL DEFAULT NULL COMMENT '',
  `unit` varchar(255) CHARACTER SET utf8mb4 COLLATE utf8mb4_general_ci NULL DEFAULT NULL COMMENT '',
  `grand` varchar(255) CHARACTER SET utf8mb4 COLLATE utf8mb4_general_ci NULL DEFAULT NULL COMMENT '',
  `model_number` varchar(255) CHARACTER SET utf8mb4 COLLATE utf8mb4_general_ci NULL DEFAULT NULL COMMENT '',
  `remark` varchar(255) CHARACTER SET utf8mb4 COLLATE utf8mb4_general_ci NULL DEFAULT NULL COMMENT '',
  PRIMARY KEY (`id`) USING BTREE
) ENGINE = InnoDB CHARACTER SET = utf8mb4 COLLATE = utf8mb4_general_ci ROW_FORMAT = Dynamic;

-- ----------------------------
-- Table structure for aff_t_assets_catalog
-- ----------------------------
DROP TABLE IF EXISTS `aff_t_assets_catalog`;
CREATE TABLE `aff_t_assets_catalog`  (
  `id` int(11) UNSIGNED NOT NULL AUTO_INCREMENT COMMENT '',
  `name` varchar(255) CHARACTER SET utf8mb4 COLLATE utf8mb4_general_ci NULL DEFAULT NULL COMMENT '',
  `createtime` date NULL DEFAULT NULL COMMENT '',
  `creator` int(255) NULL DEFAULT NULL COMMENT '',
  `update_user` int(255) NULL DEFAULT NULL COMMENT 'id',
  `updatetime` date NULL DEFAULT NULL COMMENT '',
  PRIMARY KEY (`id`) USING BTREE
) ENGINE = InnoDB AUTO_INCREMENT = 8 CHARACTER SET = utf8mb4 COLLATE = utf8mb4_general_ci ROW_FORMAT = Dynamic;

-- ----------------------------
-- Records of aff_t_assets_catalog
-- ----------------------------
INSERT INTO `aff_t_assets_catalog` VALUES (7, '', '2019-02-25', 10233, 10233, '2019-02-25');

-- ----------------------------
-- Table structure for aff_t_attachment
-- ----------------------------
DROP TABLE IF EXISTS `aff_t_attachment`;
CREATE TABLE `aff_t_attachment`  (
  `attach_id` varchar(36) CHARACTER SET utf8mb4 COLLATE utf8mb4_general_ci NOT NULL COMMENT 'uuid',
  `attach_name` varchar(255) CHARACTER SET utf8mb4 COLLATE utf8mb4_general_ci NULL DEFAULT NULL COMMENT '',
  `attach_type` varchar(255) CHARACTER SET utf8mb4 COLLATE utf8mb4_general_ci NULL DEFAULT NULL COMMENT '',
  `createtime` varchar(255) CHARACTER SET utf8mb4 COLLATE utf8mb4_general_ci NULL DEFAULT NULL COMMENT '',
  `url` varchar(255) CHARACTER SET utf8mb4 COLLATE utf8mb4_general_ci NULL DEFAULT NULL COMMENT '',
  PRIMARY KEY (`attach_id`) USING BTREE
) ENGINE = InnoDB CHARACTER SET = utf8mb4 COLLATE = utf8mb4_general_ci ROW_FORMAT = Dynamic;

-- ----------------------------
-- Records of aff_t_attachment
-- ----------------------------
INSERT INTO `aff_t_attachment` VALUES ('256f94d436fa47b589475af5b620f299', 'aff_t_zdgz.sql', 'sql', '2019-02-14 10:10:16', '\\\\2019-02-14\\ac5bea5b-50ac-4c4c-8f65-1fdcb14700d7_aff_t_zdgz.sql');
INSERT INTO `aff_t_attachment` VALUES ('2ab1689e0bcc4352af1d31490bbcfee7', 'zzcms.sql', 'sql', '2019-01-29 10:40:19', '\\\\2019-01-29\\80046480-d334-4fb0-8989-f01eee334883_zzcms.sql');
INSERT INTO `aff_t_attachment` VALUES ('36108e0dcdf44e75b4a14e65e0dd70b1', 'error.log', 'log', '2019-01-29 17:14:42', '\\\\2019-01-29\\88dea2e2-f683-48bc-a3f3-ad7c42039ab5_error.log');
INSERT INTO `aff_t_attachment` VALUES ('465e18c403694cc3afd0b2ad3765ee2e', 'aff_t_zdgz.sql', 'sql', '2019-02-14 10:18:36', '\\\\2019-02-14\\995f210a-9563-4c60-996c-900d269c4460_aff_t_zdgz.sql');
INSERT INTO `aff_t_attachment` VALUES ('4edd5a8dc5b3460984b4d8d68fb13d53', 'new 2.txt', 'txt', '2019-02-11 15:41:49', '\\\\2019-02-11\\aa57d79e-af96-4a1d-ad31-990892716bba_new 2.txt');
INSERT INTO `aff_t_attachment` VALUES ('6a1bad1ac8b54eeab4cc27a194dcbc8e', 'aff_car_info.sql', 'sql', '2019-02-14 09:37:52', '\\\\2019-02-14\\71c06f54-d8b9-4a04-932c-8497f2a3035d_aff_car_info.sql');
INSERT INTO `aff_t_attachment` VALUES ('6c9802b0902941e9ac8ebfbedf1a81fa', 'new 2.txt', 'txt', '2019-01-29 10:28:15', '\\\\2019-01-29\\2a4e87d1-22bf-4f6e-8b93-be53a9e5d820_new 2.txt');
INSERT INTO `aff_t_attachment` VALUES ('6e8618a77b1d4797a9fc969b3fdc17a0', 'new 2.txt', 'txt', '2019-02-11 15:44:49', '\\\\2019-02-11\\bbd2df78-dda3-4baa-94a2-f50a1c4a4cfc_new 2.txt');
INSERT INTO `aff_t_attachment` VALUES ('7516326348684026ad8527b2009dd21b', 'coverage-error.log', 'log', '2019-02-11 15:46:55', '\\\\2019-02-11\\9861cf40-e11d-49f3-ba83-917219dcdb8f_coverage-error.log');
INSERT INTO `aff_t_attachment` VALUES ('75ae8f07a4fc42a2846744dc9ff5630f', 'error.log', 'log', '2019-01-29 15:02:48', '\\\\2019-01-29\\d64a151d-fe62-4a21-ae3d-8e04883e993a_error.log');
INSERT INTO `aff_t_attachment` VALUES ('7c46fc90d26643e98ed832761eeac404', 'error.log', 'log', '2019-01-29 10:25:00', '\\\\2019-01-29\\594cc97d-e6ed-42cf-8a2d-fc45fb815db0_error.log');
INSERT INTO `aff_t_attachment` VALUES ('81ae12111c91478e8e7a1433c88b22d4', 'error.log', 'log', '2019-02-14 09:52:05', '\\\\2019-02-14\\125c2d80-ad79-49bf-9755-e8e756ee4959_error.log');
INSERT INTO `aff_t_attachment` VALUES ('972b83b49e51436196c523f40b2a5c17', 'coverage-error.log', 'log', '2019-01-29 17:14:42', '\\\\2019-01-29\\7998b265-620c-496f-8c39-a4f01de52572_coverage-error.log');
INSERT INTO `aff_t_attachment` VALUES ('a6ce6be1d5194f86855c08fab9087094', 'logoo.png', 'png', '2019-01-29 10:32:58', '\\\\2019-01-29\\6a633077-3935-4a18-81fe-3e33a1e389bb_logoo.png');
INSERT INTO `aff_t_attachment` VALUES ('acc249b955f447f7b7cf31a266bb9f1e', 'aff_t_zdgz.sql', 'sql', '2019-02-14 10:08:45', '\\\\2019-02-14\\c71c5c5f-638c-4302-b5f5-62f7af326610_aff_t_zdgz.sql');
INSERT INTO `aff_t_attachment` VALUES ('b0f40791be354e3fac7a6fb8164eac4e', 'coverage-error.log', 'log', '2019-02-11 13:51:13', '\\\\2019-02-11\\6ca35cb8-6db7-432c-9c6d-91303da0b5f0_coverage-error.log');
INSERT INTO `aff_t_attachment` VALUES ('bbb96d37d1844e66ac7484ea1c817d7d', '20191.mpp', 'mpp', '2019-01-30 14:40:52', '\\\\2019-01-30\\e89bef7e-5584-4709-801d-856c4e1d9dbf_20191.mpp');
INSERT INTO `aff_t_attachment` VALUES ('ced258299f9f4fd9a8b8d2ecb1ce57b0', 'coverage-error.log', 'log', '2019-02-11 15:49:01', '\\\\2019-02-11\\a58c22d7-4dc7-4a80-bb7d-3b2535283e55_coverage-error.log');
INSERT INTO `aff_t_attachment` VALUES ('d00bc263488943b584f0f06ae0353066', 'new 2.txt', 'txt', '2019-01-29 10:38:12', '\\\\2019-01-29\\9ac1d041-5a67-406d-b65c-061d49394670_new 2.txt');
INSERT INTO `aff_t_attachment` VALUES ('d861a41820cb49369269147ce854bfe5', 'ids_dept.xls', 'xls', '2019-02-14 10:03:57', '\\\\2019-02-14\\cfde2c28-3125-4fe4-8712-425b5cf5f7e5_ids_dept.xls');
INSERT INTO `aff_t_attachment` VALUES ('d939a26882c7495288a84aa822a74d48', 'coverage-error.log', 'log', '2019-02-11 15:50:58', '\\\\2019-02-11\\3989066d-3f5c-44be-9392-04636fbc5a60_coverage-error.log');
INSERT INTO `aff_t_attachment` VALUES ('e5a342c34fed4b45bbb069cfc5129473', 'logoo.png', 'png', '2019-01-29 10:37:13', '\\\\2019-01-29\\365847fd-9aa7-4c4e-980a-d3e329092d38_logoo.png');
INSERT INTO `aff_t_attachment` VALUES ('e5aa334a657948128b61c2a898271d68', 'coverage-error.log', 'log', '2019-02-11 15:39:33', '\\\\2019-02-11\\7626eda0-7947-4ef4-afab-e1741f3f13d5_coverage-error.log');
INSERT INTO `aff_t_attachment` VALUES ('e6b02e2db4ca48719320cd5337b14092', 'aff_car_info.sql', 'sql', '2019-02-14 10:23:43', '\\\\2019-02-14\\98468f41-7682-4867-a64e-8c880d65b861_aff_car_info.sql');
INSERT INTO `aff_t_attachment` VALUES ('e8405192932a4136ab3c7b6e852088b5', 'logoo.png', 'png', '2019-02-12 14:15:28', '\\\\2019-02-12\\befd0411-c867-41ec-8496-d7e00ced7c57_logoo.png');
INSERT INTO `aff_t_attachment` VALUES ('f2b9e8f8530f47febbc31a2e26a7b964', '20191.mpp', 'mpp', '2019-01-29 10:34:19', '\\\\2019-01-29\\5b57954d-054e-4057-833d-17a1d9ac6b71_20191.mpp');
INSERT INTO `aff_t_attachment` VALUES ('ffc55b4673584fa1a5349f8f3898ecf7', 'aff_t_zdgz.sql', 'sql', '2019-02-14 10:13:07', '\\\\2019-02-14\\9ba5e1f6-a500-4233-8297-a3763c7c4adc_aff_t_zdgz.sql');

-- ----------------------------
-- Table structure for aff_t_journal
-- ----------------------------
DROP TABLE IF EXISTS `aff_t_journal`;
CREATE TABLE `aff_t_journal`  (
  `j_id` int(11) NOT NULL AUTO_INCREMENT COMMENT '',
  `today_work_content` varchar(3000) CHARACTER SET utf8mb4 COLLATE utf8mb4_general_ci NULL DEFAULT NULL COMMENT '',
  `attachment_id` varchar(1000) CHARACTER SET utf8mb4 COLLATE utf8mb4_general_ci NULL DEFAULT NULL COMMENT 'id',
  `submitter` int(255) NULL DEFAULT NULL COMMENT '',
  `submit_time` date NULL DEFAULT NULL COMMENT '',
  `receiver` varchar(255) CHARACTER SET utf8mb4 COLLATE utf8mb4_general_ci NULL DEFAULT NULL COMMENT 'id,',
  `unfinished_work` varchar(3000) CHARACTER SET utf8mb4 COLLATE utf8mb4_general_ci NULL DEFAULT NULL COMMENT '',
  `coordinated_work` varchar(3000) CHARACTER SET utf8mb4 COLLATE utf8mb4_general_ci NULL DEFAULT NULL COMMENT '',
  `uniqueid` varchar(255) CHARACTER SET utf8mb4 COLLATE utf8mb4_general_ci NULL DEFAULT NULL COMMENT '',
  PRIMARY KEY (`j_id`) USING BTREE
) ENGINE = InnoDB AUTO_INCREMENT = 43 CHARACTER SET = utf8mb4 COLLATE = utf8mb4_general_ci ROW_FORMAT = Dynamic;

-- ----------------------------
-- Records of aff_t_journal
-- ----------------------------
INSERT INTO `aff_t_journal` VALUES (28, 'asa', NULL, 2, '2019-01-29', '2', 'asas', 'asas', 'ea19658675634197ba952536d1133c24');
INSERT INTO `aff_t_journal` VALUES (29, 'asa', NULL, 2, '2019-01-29', '1', 'asas', 'asas', 'ea19658675634197ba952536d1133c24');
INSERT INTO `aff_t_journal` VALUES (30, 'asas11111111', NULL, 2, '2019-01-29', '2', 'asas', 'asasaaasasasas', 'b1e5c162738b41cbb9ba97b48ebcf1f7');
INSERT INTO `aff_t_journal` VALUES (31, 'asas11111111', NULL, 2, '2019-01-29', '1', 'asas', 'asasaaasasasas', 'b1e5c162738b41cbb9ba97b48ebcf1f7');
INSERT INTO `aff_t_journal` VALUES (32, '111111', '75ae8f07a4fc42a2846744dc9ff5630f,', 2, '2019-01-29', '2', '11111', '111111', '3c3e2037f67b4ee3ada0599653595353');
INSERT INTO `aff_t_journal` VALUES (33, '111111', '75ae8f07a4fc42a2846744dc9ff5630f,', 2, '2019-01-29', '1', '11111', '111111', '3c3e2037f67b4ee3ada0599653595353');
INSERT INTO `aff_t_journal` VALUES (34, 'asdas', '36108e0dcdf44e75b4a14e65e0dd70b1,,972b83b49e51436196c523f40b2a5c17,', 2, '2019-01-29', '2', 'asdasd', 'asdasdsada', 'a2098c17d7a14a2b95dad827585a4160');
INSERT INTO `aff_t_journal` VALUES (35, 'asdas', '36108e0dcdf44e75b4a14e65e0dd70b1,,972b83b49e51436196c523f40b2a5c17,', 2, '2019-01-29', '1', 'asdasd', 'asdasdsada', 'a2098c17d7a14a2b95dad827585a4160');
INSERT INTO `aff_t_journal` VALUES (36, '2222', 'bbb96d37d1844e66ac7484ea1c817d7d,', 2, '2018-01-30', '2', '2222', '2222', '06b791dbe57445fe914df40a708411c4');
INSERT INTO `aff_t_journal` VALUES (37, '2222', 'bbb96d37d1844e66ac7484ea1c817d7d,', 2, '2018-01-30', '1', '2222', '2222', '06b791dbe57445fe914df40a708411c4');
INSERT INTO `aff_t_journal` VALUES (38, NULL, 'e5aa334a657948128b61c2a898271d68,', 2, '2019-02-11', '1', NULL, NULL, '570a895e6a324bfebe6e6286517158a5');
INSERT INTO `aff_t_journal` VALUES (39, NULL, '4edd5a8dc5b3460984b4d8d68fb13d53,', 2, '2019-02-11', '1', NULL, NULL, '1513149bb8434493909994b8b4da6153');
INSERT INTO `aff_t_journal` VALUES (40, NULL, '6e8618a77b1d4797a9fc969b3fdc17a0,', 2, '2019-02-11', '1', NULL, NULL, '8336498fc8474d8d8f1520a10536b4ab');
INSERT INTO `aff_t_journal` VALUES (41, NULL, NULL, 2, '2019-02-13', '', NULL, NULL, 'b9c609cc7a1a49ddbc4ddcf0ed0c1a2e');
INSERT INTO `aff_t_journal` VALUES (42, NULL, NULL, 2, '2019-02-13', '1', NULL, NULL, 'b9c609cc7a1a49ddbc4ddcf0ed0c1a2e');

-- ----------------------------
-- Table structure for aff_t_notice
-- ----------------------------
DROP TABLE IF EXISTS `aff_t_notice`;
CREATE TABLE `aff_t_notice`  (
  `t_id` int(11) NOT NULL AUTO_INCREMENT COMMENT 'id',
  `t_userid` int(11) NULL DEFAULT NULL COMMENT '',
  `t_tittle` varchar(500) CHARACTER SET utf8mb4 COLLATE utf8mb4_general_ci NULL DEFAULT NULL COMMENT '',
  `t_content` varchar(3000) CHARACTER SET utf8mb4 COLLATE utf8mb4_general_ci NULL DEFAULT NULL COMMENT '',
  `t_time` date NULL DEFAULT NULL COMMENT '',
  `t_receiver` int(255) NULL DEFAULT NULL COMMENT '',
  PRIMARY KEY (`t_id`) USING BTREE
) ENGINE = InnoDB AUTO_INCREMENT = 2 CHARACTER SET = utf8mb4 COLLATE = utf8mb4_general_ci ROW_FORMAT = Dynamic;

-- ----------------------------
-- Records of aff_t_notice
-- ----------------------------
INSERT INTO `aff_t_notice` VALUES (1, 1, '', '2017121920169', '2019-02-25', 1);

-- ----------------------------
-- Table structure for aff_t_stamper
-- ----------------------------
DROP TABLE IF EXISTS `aff_t_stamper`;
CREATE TABLE `aff_t_stamper`  (
  `id` int(25) UNSIGNED NOT NULL AUTO_INCREMENT COMMENT '',
  `stamper_type` varchar(255) CHARACTER SET utf8mb4 COLLATE utf8mb4_general_ci NULL DEFAULT NULL COMMENT '',
  `stamper_name` varchar(255) CHARACTER SET utf8mb4 COLLATE utf8mb4_general_ci NULL DEFAULT NULL COMMENT '',
  `createtime` date NULL DEFAULT NULL COMMENT '',
  PRIMARY KEY (`id`) USING BTREE
) ENGINE = InnoDB AUTO_INCREMENT = 4 CHARACTER SET = utf8mb4 COLLATE = utf8mb4_general_ci ROW_FORMAT = Dynamic;

-- ----------------------------
-- Records of aff_t_stamper
-- ----------------------------
INSERT INTO `aff_t_stamper` VALUES (1, '1', '', '2019-02-25');
INSERT INTO `aff_t_stamper` VALUES (2, '1', '', '2019-02-25');
INSERT INTO `aff_t_stamper` VALUES (3, '2', '', '2019-02-25');

-- ----------------------------
-- Table structure for aff_t_stamper_type
-- ----------------------------
DROP TABLE IF EXISTS `aff_t_stamper_type`;
CREATE TABLE `aff_t_stamper_type`  (
  `id` int(11) NOT NULL AUTO_INCREMENT COMMENT '',
  `type_info` varchar(255) CHARACTER SET utf8mb4 COLLATE utf8mb4_general_ci NULL DEFAULT NULL COMMENT '',
  PRIMARY KEY (`id`) USING BTREE
) ENGINE = InnoDB AUTO_INCREMENT = 3 CHARACTER SET = utf8mb4 COLLATE = utf8mb4_general_ci ROW_FORMAT = Dynamic;

-- ----------------------------
-- Records of aff_t_stamper_type
-- ----------------------------
INSERT INTO `aff_t_stamper_type` VALUES (1, '');
INSERT INTO `aff_t_stamper_type` VALUES (2, '');

-- ----------------------------
-- Table structure for aff_t_stamper_usage_statistics
-- ----------------------------
DROP TABLE IF EXISTS `aff_t_stamper_usage_statistics`;
CREATE TABLE `aff_t_stamper_usage_statistics`  (
  `id` int(10) NOT NULL AUTO_INCREMENT COMMENT '',
  `stamper_id` int(255) NULL DEFAULT NULL COMMENT 'id,',
  `applier` int(255) NULL DEFAULT NULL COMMENT 'iduser',
  `apply_time` date NULL DEFAULT NULL COMMENT '',
  PRIMARY KEY (`id`) USING BTREE
) ENGINE = InnoDB AUTO_INCREMENT = 6 CHARACTER SET = utf8mb4 COLLATE = utf8mb4_general_ci ROW_FORMAT = Dynamic;

-- ----------------------------
-- Records of aff_t_stamper_usage_statistics
-- ----------------------------
INSERT INTO `aff_t_stamper_usage_statistics` VALUES (1, 1, 1, '2019-02-06');
INSERT INTO `aff_t_stamper_usage_statistics` VALUES (2, 1, 2, '2019-02-23');
INSERT INTO `aff_t_stamper_usage_statistics` VALUES (3, 1, 2, '2019-02-12');
INSERT INTO `aff_t_stamper_usage_statistics` VALUES (4, 3, 1, '2019-01-16');
INSERT INTO `aff_t_stamper_usage_statistics` VALUES (5, 3, 1, '2019-01-10');

-- ----------------------------
-- Table structure for aff_t_yearwork
-- ----------------------------
DROP TABLE IF EXISTS `aff_t_yearwork`;
CREATE TABLE `aff_t_yearwork`  (
  `w_id` int(11) NOT NULL COMMENT '',
  `submitter` int(255) NULL DEFAULT NULL COMMENT '',
  `work_content` varchar(255) CHARACTER SET utf8mb4 COLLATE utf8mb4_general_ci NULL DEFAULT NULL COMMENT '',
  `createtime` datetime(0) NULL DEFAULT NULL COMMENT '',
  `attach_id` varchar(0) CHARACTER SET utf8mb4 COLLATE utf8mb4_general_ci NULL DEFAULT NULL COMMENT 'id',
  PRIMARY KEY (`w_id`) USING BTREE
) ENGINE = InnoDB CHARACTER SET = utf8mb4 COLLATE = utf8mb4_general_ci ROW_FORMAT = Dynamic;

-- ----------------------------
-- Table structure for aff_t_zdgz
-- ----------------------------
DROP TABLE IF EXISTS `aff_t_zdgz`;
CREATE TABLE `aff_t_zdgz`  (
  `id` int(11) NOT NULL AUTO_INCREMENT COMMENT '',
  `title` varchar(255) CHARACTER SET utf8mb4 COLLATE utf8mb4_general_ci NULL DEFAULT NULL COMMENT '',
  `content` varchar(2000) CHARACTER SET utf8mb4 COLLATE utf8mb4_general_ci NULL DEFAULT NULL COMMENT '',
  `attach_id` varchar(40) CHARACTER SET utf8mb4 COLLATE utf8mb4_general_ci NULL DEFAULT NULL COMMENT 'id',
  `createtime` date NULL DEFAULT NULL COMMENT '',
  `submitter` int(255) NULL DEFAULT NULL COMMENT 'id',
  `audit_state` int(255) NULL DEFAULT 0 COMMENT '012',
  `distribution_state` int(255) NULL DEFAULT 0 COMMENT '01',
  `principal` varchar(255) CHARACTER SET utf8mb4 COLLATE utf8mb4_general_ci NULL DEFAULT NULL COMMENT 'id',
  `auditter` varchar(255) CHARACTER SET utf8mb4 COLLATE utf8mb4_general_ci NULL DEFAULT NULL COMMENT 'id#id',
  PRIMARY KEY (`id`) USING BTREE
) ENGINE = InnoDB AUTO_INCREMENT = 19 CHARACTER SET = utf8mb4 COLLATE = utf8mb4_general_ci ROW_FORMAT = Dynamic;

-- ----------------------------
-- Records of aff_t_zdgz
-- ----------------------------
INSERT INTO `aff_t_zdgz` VALUES (17, '1111', '1111', '465e18c403694cc3afd0b2ad3765ee2e,', '2019-02-14', 10233, 1, 1, '115#10233', '58#10233');
INSERT INTO `aff_t_zdgz` VALUES (18, '222', '222', 'e6b02e2db4ca48719320cd5337b14092,', '2019-02-14', 10233, 1, 1, '115#10233', '58#10233');

-- ----------------------------
-- Table structure for aff_t_zdgzjz
-- ----------------------------
DROP TABLE IF EXISTS `aff_t_zdgzjz`;
CREATE TABLE `aff_t_zdgzjz`  (
  `id` int(255) NOT NULL AUTO_INCREMENT COMMENT '',
  `zdgz_id` int(255) NULL DEFAULT NULL COMMENT '',
  `work_content` varchar(1000) CHARACTER SET utf8mb4 COLLATE utf8mb4_general_ci NULL DEFAULT NULL COMMENT '',
  `createtime` date NULL DEFAULT NULL COMMENT '',
  `submitter` int(255) NULL DEFAULT NULL COMMENT 'id',
  PRIMARY KEY (`id`) USING BTREE
) ENGINE = InnoDB AUTO_INCREMENT = 2 CHARACTER SET = utf8mb4 COLLATE = utf8mb4_general_ci ROW_FORMAT = Dynamic;

-- ----------------------------
-- Records of aff_t_zdgzjz
-- ----------------------------
INSERT INTO `aff_t_zdgzjz` VALUES (1, 17, 'adasdsaasd ', '2019-02-19', 10233);

-- ----------------------------
-- Table structure for aff_vehicle_usage_statistics
-- ----------------------------
DROP TABLE IF EXISTS `aff_vehicle_usage_statistics`;
CREATE TABLE `aff_vehicle_usage_statistics`  (
  `v_id` int(11) NOT NULL AUTO_INCREMENT COMMENT '',
  `c_id` int(255) NULL DEFAULT NULL COMMENT '',
  `apply_date` varchar(255) CHARACTER SET utf8mb4 COLLATE utf8mb4_general_ci NULL DEFAULT NULL COMMENT '',
  `u_id` int(11) NULL DEFAULT NULL COMMENT 'id',
  `dispatching_department` varchar(255) CHARACTER SET utf8mb4 COLLATE utf8mb4_general_ci NULL DEFAULT NULL COMMENT '',
  `driver_id` int(11) NULL DEFAULT NULL COMMENT '',
  `out_time` varchar(255) CHARACTER SET utf8mb4 COLLATE utf8mb4_general_ci NULL DEFAULT NULL COMMENT '',
  `back_time` varchar(255) CHARACTER SET utf8mb4 COLLATE utf8mb4_general_ci NULL DEFAULT NULL COMMENT '',
  `out_mileage` varchar(255) CHARACTER SET utf8mb4 COLLATE utf8mb4_general_ci NULL DEFAULT NULL COMMENT '',
  `back_mileage` varchar(255) CHARACTER SET utf8mb4 COLLATE utf8mb4_general_ci NULL DEFAULT NULL COMMENT '',
  `route` varchar(255) CHARACTER SET utf8mb4 COLLATE utf8mb4_general_ci NULL DEFAULT NULL COMMENT '',
  `dispatch_reason` varchar(255) CHARACTER SET utf8mb4 COLLATE utf8mb4_general_ci NULL DEFAULT NULL COMMENT '',
  PRIMARY KEY (`v_id`) USING BTREE
) ENGINE = InnoDB AUTO_INCREMENT = 2 CHARACTER SET = utf8mb4 COLLATE = utf8mb4_general_ci ROW_FORMAT = Dynamic;

-- ----------------------------
-- Records of aff_vehicle_usage_statistics
-- ----------------------------
INSERT INTO `aff_vehicle_usage_statistics` VALUES (1, 2, '312', 2, '3', 2, '13123', '312312', '111', '113', '3123', '132');

-- ----------------------------
-- Table structure for ext_act_proctype
-- ----------------------------
DROP TABLE IF EXISTS `ext_act_proctype`;
CREATE TABLE `ext_act_proctype`  (
  `type` varchar(60) CHARACTER SET utf8mb4 COLLATE utf8mb4_general_ci NOT NULL COMMENT '',
  `name` varchar(30) CHARACTER SET utf8mb4 COLLATE utf8mb4_general_ci NOT NULL COMMENT '',
  PRIMARY KEY (`type`) USING BTREE
) ENGINE = InnoDB CHARACTER SET = utf8mb4 COLLATE = utf8mb4_general_ci ROW_FORMAT = Dynamic;

-- ----------------------------
-- Records of ext_act_proctype
-- ----------------------------
INSERT INTO `ext_act_proctype` VALUES ('1', '');
INSERT INTO `ext_act_proctype` VALUES ('2', '');
INSERT INTO `ext_act_proctype` VALUES ('66154396-b14b-4e81-8f63-fc87ecc3afb4', '');

-- ----------------------------
-- Table structure for ext_act_re_procdef
-- ----------------------------
DROP TABLE IF EXISTS `ext_act_re_procdef`;
CREATE TABLE `ext_act_re_procdef`  (
  `id` varchar(64) CHARACTER SET utf8 COLLATE utf8_bin NOT NULL COMMENT 'ID',
  `name` varchar(255) CHARACTER SET utf8 COLLATE utf8_bin NULL DEFAULT NULL COMMENT '',
  `key` varchar(255) CHARACTER SET utf8 COLLATE utf8_bin NULL DEFAULT NULL COMMENT 'KEY',
  `version` int(11) NOT NULL COMMENT '',
  `deployment_id` varchar(64) CHARACTER SET utf8 COLLATE utf8_bin NULL DEFAULT NULL COMMENT 'ID',
  `resource_name` varchar(4000) CHARACTER SET utf8 COLLATE utf8_bin NULL DEFAULT NULL COMMENT 'bpmn',
  `dgrm_resource_name` varchar(4000) CHARACTER SET utf8 COLLATE utf8_bin NULL DEFAULT NULL COMMENT '',
  `description` varchar(4000) CHARACTER SET utf8 COLLATE utf8_bin NULL DEFAULT NULL COMMENT '',
  `createtime` varchar(19) CHARACTER SET utf8 COLLATE utf8_bin NULL DEFAULT NULL COMMENT '',
  `updatetime` varchar(19) CHARACTER SET utf8 COLLATE utf8_bin NULL DEFAULT NULL COMMENT '',
  `createuser` varchar(50) CHARACTER SET utf8 COLLATE utf8_bin NULL DEFAULT NULL COMMENT '',
  `updateuser` varchar(50) CHARACTER SET utf8 COLLATE utf8_bin NULL DEFAULT NULL COMMENT '',
  `protype` varchar(60) CHARACTER SET utf8 COLLATE utf8_bin NULL DEFAULT NULL COMMENT '',
  `zdcxsc` varchar(20) CHARACTER SET utf8 COLLATE utf8_bin NULL DEFAULT NULL COMMENT '',
  PRIMARY KEY (`id`) USING BTREE
) ENGINE = InnoDB CHARACTER SET = utf8 COLLATE = utf8_bin ROW_FORMAT = Dynamic;

-- ----------------------------
-- Records of ext_act_re_procdef
-- ----------------------------
INSERT INTO `ext_act_re_procdef` VALUES ('chapter:1:22544', '', 'chapter', 1, '22540', 'chapter.bpmn', 'chapter.png', '2', '2019-02-25 15:51:16', NULL, 'dev2', NULL, '1', '2');
INSERT INTO `ext_act_re_procdef` VALUES ('chapter:2:25005', '', 'chapter', 2, '25001', 'chapter.bpmn', 'chapter.png', '2222', '2019-02-25 16:37:55', NULL, 'dev2', NULL, '1', '2');
INSERT INTO `ext_act_re_procdef` VALUES ('chapter:3:27506', '', 'chapter', 3, '27501', 'chapter.bpmn', 'chapter.png', '3', '2019-02-25 16:44:23', NULL, 'dev2', NULL, '1', '3');
INSERT INTO `ext_act_re_procdef` VALUES ('chapter:4:27551', '', 'chapter', 4, '27546', 'chapter.bpmn', 'chapter.png', '222133', '2019-02-25 16:51:28', NULL, 'dev2', NULL, '1', '33');
INSERT INTO `ext_act_re_procdef` VALUES ('leave:1:8', '', 'leave', 1, '1', 'leave.bpmn', 'leave.png', 'test', '2019-02-25 10:35:18', '2019-02-25 11:34:34', 'dev2', NULL, '1', '1');

-- ----------------------------
-- Table structure for oa_t_chapter
-- ----------------------------
DROP TABLE IF EXISTS `oa_t_chapter`;
CREATE TABLE `oa_t_chapter`  (
  `bk` varchar(50) CHARACTER SET utf8mb4 COLLATE utf8mb4_general_ci NOT NULL COMMENT '',
  `proid` varchar(64) CHARACTER SET utf8mb4 COLLATE utf8mb4_general_ci NOT NULL COMMENT 'ID',
  `sqr` varchar(50) CHARACTER SET utf8mb4 COLLATE utf8mb4_general_ci NULL DEFAULT NULL COMMENT '',
  `bmmc` varchar(50) CHARACTER SET utf8mb4 COLLATE utf8mb4_general_ci NULL DEFAULT NULL COMMENT '',
  `sqrq` varchar(50) CHARACTER SET utf8mb4 COLLATE utf8mb4_general_ci NULL DEFAULT NULL COMMENT '',
  `yyfs` varchar(20) CHARACTER SET utf8mb4 COLLATE utf8mb4_general_ci NULL DEFAULT NULL COMMENT '',
  `yylx` varchar(50) CHARACTER SET utf8mb4 COLLATE utf8mb4_general_ci NULL DEFAULT NULL COMMENT '',
  `yynr` varchar(50) CHARACTER SET utf8mb4 COLLATE utf8mb4_general_ci NULL DEFAULT NULL COMMENT '',
  `u_id` varchar(11) CHARACTER SET utf8mb4 COLLATE utf8mb4_general_ci NULL DEFAULT NULL COMMENT 'ID',
  PRIMARY KEY (`bk`) USING BTREE
) ENGINE = InnoDB CHARACTER SET = utf8mb4 COLLATE = utf8mb4_general_ci ROW_FORMAT = Dynamic;

-- ----------------------------
-- Records of oa_t_chapter
-- ----------------------------
INSERT INTO `oa_t_chapter` VALUES ('2019022515492910234', '22501', 'dev2', '', '2019-02-25 15:49:29', '22', 'dddddada', '222', '10234');
INSERT INTO `oa_t_chapter` VALUES ('2019022515515710234', '22545', 'dev2', '', '2019-02-25 15:51:57', '2', 'dddddada', '222', '10234');
INSERT INTO `oa_t_chapter` VALUES ('2019022516445910234', '27507', 'dev2', '', '2019-02-25 16:44:59', '2', 'dddddada', '2222', '10234');
INSERT INTO `oa_t_chapter` VALUES ('2019022516520110234', '27552', 'dev2', '', '2019-02-25 16:52:01', '222', 'dddddada', '', '10234');
INSERT INTO `oa_t_chapter` VALUES ('2019022516584910234', '27612', 'dev2', '', '2019-02-25 16:58:49', '2000', 'dddddada', 'dddddada', '10234');
INSERT INTO `oa_t_chapter` VALUES ('2019022517010310234', '27672', 'dev2', '', '2019-02-25 17:01:03', '100', 'eeee', 'eeee', '10234');
INSERT INTO `oa_t_chapter` VALUES ('2019022517050010234', '27732', 'dev2', '', '2019-02-25 17:05:00', '200', 'dddddada', '200', '10234');
INSERT INTO `oa_t_chapter` VALUES ('2019022517054610234', '27792', 'dev2', '', '2019-02-25 17:05:46', '100', 'eeee', '1111', '10234');
INSERT INTO `oa_t_chapter` VALUES ('2019022517084510234', '27852', 'dev2', '', '2019-02-25 17:08:45', '111', 'dddddada', '1', '10234');
INSERT INTO `oa_t_chapter` VALUES ('2019022517470210234', '35001', 'dev2', '', '2019-02-25 17:47:02', '200', '', '200', '10234');
INSERT INTO `oa_t_chapter` VALUES ('2019022609013110234', '40156', 'dev2', '', '2019-02-26 09:01:31', '222', '', '222', '10234');
INSERT INTO `oa_t_chapter` VALUES ('2019022609492710234', '45001', 'dev2', '', '2019-02-26 09:49:27', '2000', '', '', '10234');
INSERT INTO `oa_t_chapter` VALUES ('2019022610054410234', '45061', 'dev2', '', '2019-02-26 10:05:44', '2', '', '2', '10234');
INSERT INTO `oa_t_chapter` VALUES ('2019022613060410234', '50001', 'dev2', '', '2019-02-26 13:06:04', '22', '', '22', '10234');

-- ----------------------------
-- Table structure for oa_t_leave
-- ----------------------------
DROP TABLE IF EXISTS `oa_t_leave`;
CREATE TABLE `oa_t_leave`  (
  `bk` varchar(50) CHARACTER SET utf8mb4 COLLATE utf8mb4_general_ci NOT NULL COMMENT '',
  `proid` varchar(64) CHARACTER SET utf8mb4 COLLATE utf8mb4_general_ci NOT NULL COMMENT 'ID',
  `sqr` varchar(50) CHARACTER SET utf8mb4 COLLATE utf8mb4_general_ci NULL DEFAULT NULL COMMENT '',
  `bmmc` varchar(50) CHARACTER SET utf8mb4 COLLATE utf8mb4_general_ci NULL DEFAULT NULL COMMENT '',
  `sqrq` varchar(50) CHARACTER SET utf8mb4 COLLATE utf8mb4_general_ci NULL DEFAULT NULL COMMENT '',
  `qjlx` varchar(20) CHARACTER SET utf8mb4 COLLATE utf8mb4_general_ci NULL DEFAULT NULL COMMENT '',
  `ksrq` varchar(50) CHARACTER SET utf8mb4 COLLATE utf8mb4_general_ci NULL DEFAULT NULL COMMENT '',
  `jsrq` varchar(50) CHARACTER SET utf8mb4 COLLATE utf8mb4_general_ci NULL DEFAULT NULL COMMENT '',
  `qjly` varchar(500) CHARACTER SET utf8mb4 COLLATE utf8mb4_general_ci NULL DEFAULT NULL COMMENT '',
  `u_id` varchar(11) CHARACTER SET utf8mb4 COLLATE utf8mb4_general_ci NULL DEFAULT NULL COMMENT 'ID',
  PRIMARY KEY (`bk`) USING BTREE
) ENGINE = InnoDB CHARACTER SET = utf8mb4 COLLATE = utf8mb4_general_ci ROW_FORMAT = Dynamic;

-- ----------------------------
-- Records of oa_t_leave
-- ----------------------------
INSERT INTO `oa_t_leave` VALUES ('2019022510353710234', '57', 'dev2', '', '2019-02-25 10:35:37', '', '2019-02-25 00:00:00', '2019-02-28 00:00:00', '22', '10234');
INSERT INTO `oa_t_leave` VALUES ('2019022510384710234', '2501', 'dev2', '', '2019-02-25 10:38:47', '', '2019-02-25 00:00:00', '2019-02-25 00:00:00', '1', '10234');
INSERT INTO `oa_t_leave` VALUES ('2019022510393010234', '2549', 'dev2', '', '2019-02-25 10:39:30', '', '2019-02-25 00:00:00', '2019-02-28 00:00:00', '2', '10234');
INSERT INTO `oa_t_leave` VALUES ('2019022512465010234', '7501', 'dev2', '', '2019-02-25 12:46:50', '', '2019-02-25 00:00:00', '2019-02-25 00:00:00', '22', '');
INSERT INTO `oa_t_leave` VALUES ('2019022514492910234', '10001', 'dev2', '', '2019-02-25 14:49:29', '', '2019-02-25 00:00:00', '2019-02-25 00:00:00', '22222', '');
INSERT INTO `oa_t_leave` VALUES ('2019022514515910234', '15001', 'dev2', '', '2019-02-25 14:51:59', '', '2019-02-25 00:00:00', '2019-02-25 00:00:00', '2222', '10234');
INSERT INTO `oa_t_leave` VALUES ('2019022608341910234', '37501', 'dev2', '', '2019-02-26 08:34:19', '', '2019-02-26 00:00:00', '2019-02-27 00:00:00', '', '10234');
INSERT INTO `oa_t_leave` VALUES ('2019022608392310234', '37619', 'dev2', '', '2019-02-26 08:39:23', '', '2019-02-26 00:00:00', '2019-02-26 00:00:00', '222', '10234');
INSERT INTO `oa_t_leave` VALUES ('2019022608580710234', '40024', 'dev2', '', '2019-02-26 08:58:07', '', '2019-02-26 00:00:00', '2019-02-26 00:00:00', '1', '10234');
INSERT INTO `oa_t_leave` VALUES ('2019022609095010234', '42501', 'dev2', '', '2019-02-26 09:09:50', '', '2019-02-26 00:00:00', '2019-02-27 00:00:00', '2222', '10234');
INSERT INTO `oa_t_leave` VALUES ('2019022610425810234', '47501', 'dev2', '', '2019-02-26 10:42:58', '', '2019-02-26 00:00:00', '2019-02-26 00:00:00', '', '10234');

-- ----------------------------
-- Table structure for oa_t_user_procdef
-- ----------------------------
DROP TABLE IF EXISTS `oa_t_user_procdef`;
CREATE TABLE `oa_t_user_procdef`  (
  `u_id` varchar(300) CHARACTER SET utf8mb4 COLLATE utf8mb4_general_ci NULL DEFAULT NULL COMMENT 'ID',
  `p_id` varchar(64) CHARACTER SET utf8mb4 COLLATE utf8mb4_general_ci NULL DEFAULT NULL COMMENT 'ID'
) ENGINE = InnoDB CHARACTER SET = utf8mb4 COLLATE = utf8mb4_general_ci ROW_FORMAT = Dynamic;

-- ----------------------------
-- Records of oa_t_user_procdef
-- ----------------------------
INSERT INTO `oa_t_user_procdef` VALUES ('115#10233', 'leave:1:8');
INSERT INTO `oa_t_user_procdef` VALUES ('116#10236', 'leave:1:8');
INSERT INTO `oa_t_user_procdef` VALUES ('118#10234', 'leave:1:8');
INSERT INTO `oa_t_user_procdef` VALUES ('117#10237', 'leave:1:8');
INSERT INTO `oa_t_user_procdef` VALUES ('119#10235', 'leave:1:8');
INSERT INTO `oa_t_user_procdef` VALUES ('120#10238', 'leave:1:8');
INSERT INTO `oa_t_user_procdef` VALUES ('118#10234', 'chapter:4:27551');
INSERT INTO `oa_t_user_procdef` VALUES ('117#10237', 'chapter:4:27551');

-- ----------------------------
-- Table structure for oa_t_user_spr
-- ----------------------------
DROP TABLE IF EXISTS `oa_t_user_spr`;
CREATE TABLE `oa_t_user_spr`  (
  `id` varchar(120) CHARACTER SET utf8mb4 COLLATE utf8mb4_general_ci NOT NULL COMMENT '',
  `uid` varchar(11) CHARACTER SET utf8mb4 COLLATE utf8mb4_general_ci NOT NULL COMMENT 'ID',
  `key` varchar(50) CHARACTER SET utf8mb4 COLLATE utf8mb4_general_ci NOT NULL COMMENT 'ID',
  `formkey` varchar(50) CHARACTER SET utf8mb4 COLLATE utf8mb4_general_ci NOT NULL COMMENT 'formkey',
  `sprs` varchar(500) CHARACTER SET utf8mb4 COLLATE utf8mb4_general_ci NOT NULL COMMENT '',
  PRIMARY KEY (`id`) USING BTREE
) ENGINE = InnoDB CHARACTER SET = utf8mb4 COLLATE = utf8mb4_general_ci ROW_FORMAT = Dynamic;

-- ----------------------------
-- Records of oa_t_user_spr
-- ----------------------------
INSERT INTO `oa_t_user_spr` VALUES ('10234chapterchapter_startevent1.html', '10234', 'chapter', 'chapter_startevent1.html', '118#10234');
INSERT INTO `oa_t_user_spr` VALUES ('10234leaveleave_startevent1.html', '10234', 'leave', 'leave_startevent1.html', '118#10234');
INSERT INTO `oa_t_user_spr` VALUES ('10234leaveleave_usertask1.html', '10234', 'leave', 'leave_usertask1.html', '118#10234');
INSERT INTO `oa_t_user_spr` VALUES ('10234leaveleave_usertask2.html', '10234', 'leave', 'leave_usertask2.html', '118#10234');
INSERT INTO `oa_t_user_spr` VALUES ('10235leaveleave_usertask2.html', '10235', 'leave', 'leave_usertask2.html', '120#10238');
INSERT INTO `oa_t_user_spr` VALUES ('10237leaveleave_usertask1.html', '10237', 'leave', 'leave_usertask1.html', '119#10235');

-- ----------------------------
-- Table structure for sys_t_dict
-- ----------------------------
DROP TABLE IF EXISTS `sys_t_dict`;
CREATE TABLE `sys_t_dict`  (
  `d_id` int(11) NOT NULL AUTO_INCREMENT COMMENT '',
  `name` varchar(50) CHARACTER SET utf8 COLLATE utf8_general_ci NULL DEFAULT NULL COMMENT '',
  `value` varchar(50) CHARACTER SET utf8 COLLATE utf8_general_ci NULL DEFAULT NULL COMMENT '',
  `remark` varchar(100) CHARACTER SET utf8 COLLATE utf8_general_ci NULL DEFAULT NULL COMMENT '',
  `gtype` varchar(50) CHARACTER SET utf8 COLLATE utf8_general_ci NULL DEFAULT NULL COMMENT '',
  `g_id` int(11) NULL DEFAULT NULL COMMENT 'ID',
  `sort` int(11) NULL DEFAULT NULL COMMENT '',
  `status` char(1) CHARACTER SET utf8 COLLATE utf8_general_ci NULL DEFAULT NULL COMMENT ':1 0',
  `createtime` varchar(19) CHARACTER SET utf8mb4 COLLATE utf8mb4_general_ci NOT NULL COMMENT '',
  `updatetime` varchar(19) CHARACTER SET utf8mb4 COLLATE utf8mb4_general_ci NULL DEFAULT NULL COMMENT '',
  PRIMARY KEY (`d_id`) USING BTREE,
  UNIQUE INDEX `gtype`(`gtype`) USING BTREE
) ENGINE = InnoDB AUTO_INCREMENT = 43 CHARACTER SET = utf8mb4 COLLATE = utf8mb4_general_ci ROW_FORMAT = Dynamic;

-- ----------------------------
-- Records of sys_t_dict
-- ----------------------------
INSERT INTO `sys_t_dict` VALUES (1, '', NULL, '', 'sys_area_type', NULL, NULL, '1', '2018-12-25 11:46:06', '2019-01-31 11:52:40');
INSERT INTO `sys_t_dict` VALUES (2, '', '0', '', NULL, 1, 100, NULL, '2018-12-25 11:46:06', '2018-12-25 15:58:55');
INSERT INTO `sys_t_dict` VALUES (3, '', '1', '', NULL, 1, 200, NULL, '2018-12-25 11:46:06', '2018-12-25 15:44:22');
INSERT INTO `sys_t_dict` VALUES (4, '', '2', '', NULL, 1, 300, NULL, '2018-12-25 11:46:06', '2018-12-25 15:44:25');
INSERT INTO `sys_t_dict` VALUES (5, '', '4', '', NULL, 1, 400, NULL, '2018-12-25 11:46:06', '2018-12-25 15:55:42');
INSERT INTO `sys_t_dict` VALUES (34, '', NULL, '', 'qjlx_type', NULL, NULL, '1', '2019-01-14 16:04:03', NULL);
INSERT INTO `sys_t_dict` VALUES (35, '', '5', '', NULL, 34, 5, NULL, '2019-01-14 16:04:43', '2019-01-14 16:21:06');
INSERT INTO `sys_t_dict` VALUES (36, '', '2', '', NULL, 34, 2, NULL, '2019-01-14 16:04:59', NULL);
INSERT INTO `sys_t_dict` VALUES (37, '', '3', '', NULL, 34, 3, NULL, '2019-01-14 16:05:11', NULL);
INSERT INTO `sys_t_dict` VALUES (38, '', '4', '', NULL, 34, 4, NULL, '2019-01-14 16:05:28', NULL);
INSERT INTO `sys_t_dict` VALUES (39, '', NULL, '', 'gzsc_type', NULL, NULL, '1', '2019-01-14 16:27:05', NULL);
INSERT INTO `sys_t_dict` VALUES (40, '8', '8', '8', NULL, 39, 1, NULL, '2019-01-14 16:27:32', NULL);
INSERT INTO `sys_t_dict` VALUES (41, '7.5', '7.5', '7.5', NULL, 39, 2, NULL, '2019-01-14 16:28:04', NULL);
INSERT INTO `sys_t_dict` VALUES (42, '6.5', '6.5', '6.5', NULL, 39, 4, NULL, '2019-01-14 16:29:47', '2019-01-14 16:30:09');

-- ----------------------------
-- Table structure for sys_t_icon
-- ----------------------------
DROP TABLE IF EXISTS `sys_t_icon`;
CREATE TABLE `sys_t_icon`  (
  `i_id` int(9) UNSIGNED NOT NULL AUTO_INCREMENT COMMENT '',
  `i_type` char(1) CHARACTER SET utf8mb4 COLLATE utf8mb4_general_ci NOT NULL COMMENT ' 0  1 ',
  `i_name` varchar(30) CHARACTER SET utf8mb4 COLLATE utf8mb4_general_ci NOT NULL COMMENT '',
  `i_icon` varchar(30) CHARACTER SET utf8mb4 COLLATE utf8mb4_general_ci NULL DEFAULT NULL COMMENT '',
  `i_sort` int(11) NULL DEFAULT NULL COMMENT '',
  PRIMARY KEY (`i_id`) USING BTREE,
  UNIQUE INDEX `m_url`(`i_icon`) USING BTREE
) ENGINE = InnoDB AUTO_INCREMENT = 70 CHARACTER SET = utf8mb4 COLLATE = utf8mb4_general_ci ROW_FORMAT = Dynamic;

-- ----------------------------
-- Records of sys_t_icon
-- ----------------------------
INSERT INTO `sys_t_icon` VALUES (1, '0', 'fa-cog', 'fa-cog', 1);
INSERT INTO `sys_t_icon` VALUES (2, '0', 'fa-cogs', 'fa-cogs', 2);
INSERT INTO `sys_t_icon` VALUES (3, '0', 'fa-camera-retro', 'fa-camera-retro', 3);
INSERT INTO `sys_t_icon` VALUES (4, '0', 'fa-home', 'fa-home', 4);
INSERT INTO `sys_t_icon` VALUES (5, '0', 'fa-book', 'fa-book', 5);
INSERT INTO `sys_t_icon` VALUES (6, '0', 'fa-pencil', 'fa-pencil', 6);
INSERT INTO `sys_t_icon` VALUES (7, '0', 'fa-check-square', 'fa-check-square', 7);
INSERT INTO `sys_t_icon` VALUES (9, '1', 'layui-icon-rate-solid', 'layui-icon-rate-solid', 9);
INSERT INTO `sys_t_icon` VALUES (49, '1', 'layui-icon-cellphone', 'layui-icon-cellphone', 10);
INSERT INTO `sys_t_icon` VALUES (50, '1', 'layui-icon-vercode', 'layui-icon-vercode', 11);
INSERT INTO `sys_t_icon` VALUES (51, '1', 'layui-icon-login-wechat', 'layui-icon-login-wechat', 12);
INSERT INTO `sys_t_icon` VALUES (53, '1', 'layui-icon-username', 'layui-icon-username', 14);
INSERT INTO `sys_t_icon` VALUES (54, '0', '', 'fa-binoculars', 18);
INSERT INTO `sys_t_icon` VALUES (55, '1', 'layui-icon-console', 'layui-icon-console', 15);
INSERT INTO `sys_t_icon` VALUES (56, '1', 'layui-icon-template-1', 'layui-icon-template-1', 16);
INSERT INTO `sys_t_icon` VALUES (57, '1', 'layui-icon-theme', 'layui-icon-theme', 17);
INSERT INTO `sys_t_icon` VALUES (58, '1', 'layui-icon-template', 'layui-icon-template', 18);
INSERT INTO `sys_t_icon` VALUES (59, '1', 'layui-icon-tabs', 'layui-icon-tabs', 19);
INSERT INTO `sys_t_icon` VALUES (60, '1', 'layui-icon-friends', 'layui-icon-friends', 20);
INSERT INTO `sys_t_icon` VALUES (61, '1', 'layui-icon-group', 'layui-icon-group', 21);
INSERT INTO `sys_t_icon` VALUES (62, '1', 'layui-icon-chart-screen', 'layui-icon-chart-screen', 22);
INSERT INTO `sys_t_icon` VALUES (63, '0', '', 'fa-bluetooth', 1);
INSERT INTO `sys_t_icon` VALUES (64, '0', '', 'fa-bookmark', 1001);
INSERT INTO `sys_t_icon` VALUES (65, '1', '', 'layui-icon-refresh-3', 111);
INSERT INTO `sys_t_icon` VALUES (66, '0', 'file-text-o', 'fa-file-text-o', 22);
INSERT INTO `sys_t_icon` VALUES (67, '1', 'layui-icon-file-b', 'layui-icon-file-b', 100);
INSERT INTO `sys_t_icon` VALUES (68, '0', 'fa-clipboard', 'fa-clipboard', 20000);
INSERT INTO `sys_t_icon` VALUES (69, '0', 'fa-laptop', 'fa-laptop', 20001);

-- ----------------------------
-- Table structure for sys_t_job
-- ----------------------------
DROP TABLE IF EXISTS `sys_t_job`;
CREATE TABLE `sys_t_job`  (
  `j_id` int(11) UNSIGNED NOT NULL AUTO_INCREMENT COMMENT 'ID',
  `j_name` varchar(20) CHARACTER SET utf8mb4 COLLATE utf8mb4_general_ci NOT NULL COMMENT '',
  `j_sort` int(11) NULL DEFAULT NULL COMMENT '',
  `j_remark` varchar(500) CHARACTER SET utf8mb4 COLLATE utf8mb4_general_ci NULL DEFAULT NULL COMMENT '',
  `j_status` char(1) CHARACTER SET utf8mb4 COLLATE utf8mb4_general_ci NOT NULL DEFAULT '1' COMMENT '1 0 ',
  `createtime` varchar(19) CHARACTER SET utf8mb4 COLLATE utf8mb4_general_ci NOT NULL COMMENT '',
  `updatetime` varchar(19) CHARACTER SET utf8mb4 COLLATE utf8mb4_general_ci NULL DEFAULT NULL COMMENT '',
  PRIMARY KEY (`j_id`) USING BTREE,
  UNIQUE INDEX `j_name`(`j_name`) USING BTREE
) ENGINE = InnoDB AUTO_INCREMENT = 15 CHARACTER SET = utf8mb4 COLLATE = utf8mb4_general_ci ROW_FORMAT = Dynamic;

-- ----------------------------
-- Records of sys_t_job
-- ----------------------------
INSERT INTO `sys_t_job` VALUES (1, '', 300, '', '1', '2018-12-19 08:40:40', '2019-01-28 13:14:03');
INSERT INTO `sys_t_job` VALUES (10, '', 200, '', '1', '2019-01-28 12:47:04', '2019-01-28 13:14:04');
INSERT INTO `sys_t_job` VALUES (12, '', 400, '', '1', '2019-01-29 08:23:25', NULL);
INSERT INTO `sys_t_job` VALUES (13, '', 500, '', '1', '2019-01-29 08:23:41', NULL);
INSERT INTO `sys_t_job` VALUES (14, '', 100, '', '1', '2019-01-29 08:34:06', '2019-02-11 08:20:16');

-- ----------------------------
-- Table structure for sys_t_menu
-- ----------------------------
DROP TABLE IF EXISTS `sys_t_menu`;
CREATE TABLE `sys_t_menu`  (
  `m_id` int(9) UNSIGNED NOT NULL AUTO_INCREMENT COMMENT '',
  `m_name` varchar(20) CHARACTER SET utf8mb4 COLLATE utf8mb4_general_ci NOT NULL COMMENT '',
  `m_icon` varchar(30) CHARACTER SET utf8mb4 COLLATE utf8mb4_general_ci NOT NULL COMMENT 'icon',
  `m_url` varchar(20) CHARACTER SET utf8mb4 COLLATE utf8mb4_general_ci NULL DEFAULT NULL COMMENT '',
  `m_level` char(1) CHARACTER SET utf8mb4 COLLATE utf8mb4_general_ci NOT NULL COMMENT ' 1  2  3',
  `m_status` char(1) CHARACTER SET utf8mb4 COLLATE utf8mb4_general_ci NOT NULL DEFAULT '1' COMMENT ' 1 0',
  `m_parentid` int(9) NOT NULL COMMENT 'ID',
  `m_sort` int(5) NULL DEFAULT NULL COMMENT '',
  PRIMARY KEY (`m_id`) USING BTREE
) ENGINE = InnoDB AUTO_INCREMENT = 141 CHARACTER SET = utf8mb4 COLLATE = utf8mb4_general_ci ROW_FORMAT = Dynamic;

-- ----------------------------
-- Records of sys_t_menu
-- ----------------------------
INSERT INTO `sys_t_menu` VALUES (1, '', 'fa-cog', NULL, '1', '1', 0, 300);
INSERT INTO `sys_t_menu` VALUES (12, '', 'fa-cogs', NULL, '2', '1', 1, 100);
INSERT INTO `sys_t_menu` VALUES (13, '', 'layui-icon-tabs', 'xtgl/xtsz/cdgl', '3', '1', 12, 100);
INSERT INTO `sys_t_menu` VALUES (14, '', ' layui-icon-template', 'xtgl/xtsz/cssz', '3', '1', 12, 200);
INSERT INTO `sys_t_menu` VALUES (15, '', ' layui-icon-template-1', 'xtgl/xtsz/zdgl', '3', '1', 12, 300);
INSERT INTO `sys_t_menu` VALUES (16, '', 'fa-cogs', NULL, '2', '1', 1, 200);
INSERT INTO `sys_t_menu` VALUES (17, '', 'fa-cogs', NULL, '2', '1', 1, 300);
INSERT INTO `sys_t_menu` VALUES (19, '', ' layui-icon-group', 'xtgl/qxgl/jsgl', '3', '1', 17, 100);
INSERT INTO `sys_t_menu` VALUES (78, '', ' fa-binoculars', '', '2', '1', 1, 400);
INSERT INTO `sys_t_menu` VALUES (79, '', ' layui-icon-console', 'druid', '3', '1', 78, 100);
INSERT INTO `sys_t_menu` VALUES (80, '', ' fa-book', NULL, '1', '1', 0, 200);
INSERT INTO `sys_t_menu` VALUES (81, '', ' fa-cog', 'lcgl/lcdy', '2', '1', 80, 100);
INSERT INTO `sys_t_menu` VALUES (82, '', ' layui-icon-template-1', 'xtgl/zzgl/zzjg', '3', '1', 16, 200);
INSERT INTO `sys_t_menu` VALUES (83, '', ' fa-cog', '', '2', '1', 80, 200);
INSERT INTO `sys_t_menu` VALUES (84, '', 'layui-icon-console', 'lcgl/lcsq/fqsq', '3', '1', 83, 100);
INSERT INTO `sys_t_menu` VALUES (85, '', ' layui-icon-theme', 'xtgl/xtsz/tbgl', '3', '1', 12, 400);
INSERT INTO `sys_t_menu` VALUES (86, '', ' fa-home', NULL, '1', '1', 0, 100);
INSERT INTO `sys_t_menu` VALUES (87, '', ' fa-pencil', 'grgzt/fqlc/fqlc', '2', '1', 86, 100);
INSERT INTO `sys_t_menu` VALUES (88, '', ' fa-bookmark', 'grgzt/dbsx/dbsx', '2', '1', 86, 200);
INSERT INTO `sys_t_menu` VALUES (89, '', ' fa-check-square', 'grgzt/wfqd/wfqd', '2', '1', 86, 400);
INSERT INTO `sys_t_menu` VALUES (90, '', 'fa-cog', NULL, '1', '1', 0, 150);
INSERT INTO `sys_t_menu` VALUES (91, '', 'fa-cog', '', '2', '1', 90, 1);
INSERT INTO `sys_t_menu` VALUES (92, '', 'fa-cog', '', '2', '1', 90, 2);
INSERT INTO `sys_t_menu` VALUES (93, '', ' layui-icon-username', 'swgl/clgl/clgl', '3', '1', 91, 1);
INSERT INTO `sys_t_menu` VALUES (94, '', ' layui-icon-file-b', 'swgl/clgl/fqycsq', '3', '1', 91, 2);
INSERT INTO `sys_t_menu` VALUES (95, '', ' layui-icon-rate-solid', 'swgl/clgl/clsytj', '3', '1', 91, 3);
INSERT INTO `sys_t_menu` VALUES (96, '', ' layui-icon-file-b', 'xtgl/zzgl/zwgl', '3', '1', 16, 300);
INSERT INTO `sys_t_menu` VALUES (97, '', 'fa-cog', '', '2', '1', 90, 3);
INSERT INTO `sys_t_menu` VALUES (98, '', ' layui-icon-rate-solid', 'swgl/zdgz/ndzdgzdj', '3', '1', 97, 1);
INSERT INTO `sys_t_menu` VALUES (99, '', ' layui-icon-rate-solid', 'swgl/zdgz/ndzdgzsh', '3', '1', 97, 2);
INSERT INTO `sys_t_menu` VALUES (100, '', ' layui-icon-rate-solid', 'swgl/zdgz/ndzdgzjztx', '3', '1', 97, 3);
INSERT INTO `sys_t_menu` VALUES (101, '', ' layui-icon-rate-solid', 'swgl/gzrz/wdrz', '3', '1', 92, 1);
INSERT INTO `sys_t_menu` VALUES (102, '', ' layui-icon-rate-solid', 'swgl/gzrz/qjrz', '3', '1', 92, 2);
INSERT INTO `sys_t_menu` VALUES (103, '', ' layui-icon-rate-solid', 'swgl/gzrz/rzyb', '3', '1', 92, 3);
INSERT INTO `sys_t_menu` VALUES (104, '', 'fa-cog', '', '2', '1', 90, 4);
INSERT INTO `sys_t_menu` VALUES (105, '', ' layui-icon-rate-solid', 'swgl/yzgl/fqyzsq', '3', '1', 104, 1);
INSERT INTO `sys_t_menu` VALUES (106, '', ' layui-icon-rate-solid', 'swgl/yzgl/gzgl', '3', '1', 104, 2);
INSERT INTO `sys_t_menu` VALUES (107, '', ' layui-icon-rate-solid', 'swgl/yzgl/yzsytj', '3', '1', 104, 3);
INSERT INTO `sys_t_menu` VALUES (108, '', 'fa-cog', '', '2', '1', 90, 5);
INSERT INTO `sys_t_menu` VALUES (109, '', ' layui-icon-rate-solid', 'swgl/zcgl/mlgl', '3', '1', 108, 1);
INSERT INTO `sys_t_menu` VALUES (110, '', ' layui-icon-rate-solid', 'swgl/zcgl/zcgl', '3', '1', 108, 2);
INSERT INTO `sys_t_menu` VALUES (111, '', ' layui-icon-rate-solid', 'swgl/zcgl/fqzcbfsq', '3', '1', 108, 3);
INSERT INTO `sys_t_menu` VALUES (112, '', ' layui-icon-rate-solid', 'swgl/zcgl/fqzcbssq', '3', '1', 108, 4);
INSERT INTO `sys_t_menu` VALUES (113, '', ' layui-icon-rate-solid', 'swgl/zcgl/fqzclysq', '3', '1', 108, 5);
INSERT INTO `sys_t_menu` VALUES (114, '', 'fa-cog', '', '2', '1', 90, 6);
INSERT INTO `sys_t_menu` VALUES (115, '', ' layui-icon-rate-solid', 'swgl/nbyj/xx', '3', '1', 114, 1);
INSERT INTO `sys_t_menu` VALUES (116, '', ' layui-icon-rate-solid', 'swgl/nbyj/sjx', '3', '1', 114, 2);
INSERT INTO `sys_t_menu` VALUES (117, '', ' layui-icon-rate-solid', 'swgl/nbyj/yfs', '3', '1', 114, 3);
INSERT INTO `sys_t_menu` VALUES (118, '', ' layui-icon-rate-solid', 'swgl/nbyj/ljx', '3', '1', 114, 4);
INSERT INTO `sys_t_menu` VALUES (119, '', ' layui-icon-rate-solid', 'swgl/nbyj/ysc', '3', '1', 114, 5);
INSERT INTO `sys_t_menu` VALUES (120, '', 'fa-cog', '', '2', '1', 90, 7);
INSERT INTO `sys_t_menu` VALUES (121, '', ' layui-icon-rate-solid', 'swgl/dctb/cgtj', '3', '1', 120, 1);
INSERT INTO `sys_t_menu` VALUES (122, '', ' layui-icon-rate-solid', 'swgl/dctb/rbtj', '3', '1', 120, 2);
INSERT INTO `sys_t_menu` VALUES (123, '', ' layui-icon-rate-solid', 'swgl/dctb/dmtj', '3', '1', 120, 3);
INSERT INTO `sys_t_menu` VALUES (124, '', 'fa-cog', '', '2', '1', 90, 8);
INSERT INTO `sys_t_menu` VALUES (125, '', ' layui-icon-rate-solid', 'swgl/rcgl/ldrc', '3', '1', 124, 1);
INSERT INTO `sys_t_menu` VALUES (126, '', ' layui-icon-rate-solid', 'swgl/rcgl/wdrc', '3', '1', 124, 2);
INSERT INTO `sys_t_menu` VALUES (127, '', ' layui-icon-rate-solid', 'swgl/rcgl/qjrc', '3', '1', 124, 3);
INSERT INTO `sys_t_menu` VALUES (128, '', 'fa-cog', '', '2', '1', 90, 9);
INSERT INTO `sys_t_menu` VALUES (129, '', ' layui-icon-rate-solid', 'swgl/qjgl/fqqjsq', '3', '1', 128, 1);
INSERT INTO `sys_t_menu` VALUES (130, '', ' layui-icon-rate-solid', 'swgl/qjgl/wdqjtj', '3', '1', 128, 2);
INSERT INTO `sys_t_menu` VALUES (131, '', ' layui-icon-rate-solid', 'swgl/qjgl/qjqjtj', '3', '1', 128, 3);
INSERT INTO `sys_t_menu` VALUES (132, '', 'fa-cog', 'swgl/tzgg', '2', '1', 90, 10);
INSERT INTO `sys_t_menu` VALUES (133, '', ' fa-cogs', '', '2', '1', 80, 300);
INSERT INTO `sys_t_menu` VALUES (134, '', ' layui-icon-tabs', 'lcgl/lcgy/lcsc', '3', '1', 133, 100);
INSERT INTO `sys_t_menu` VALUES (135, '', ' layui-icon-username', 'xtgl/zzgl/yhgl', '3', '1', 16, 100);
INSERT INTO `sys_t_menu` VALUES (139, '', ' fa-laptop', 'grgzt/ybsx/ybsx', '2', '1', 86, 300);
INSERT INTO `sys_t_menu` VALUES (140, '', ' layui-icon-rate-solid', 'xtgl/xtsz/dsrw', '3', '1', 12, 500);

-- ----------------------------
-- Table structure for sys_t_menu_action
-- ----------------------------
DROP TABLE IF EXISTS `sys_t_menu_action`;
CREATE TABLE `sys_t_menu_action`  (
  `ac_id` int(9) UNSIGNED NOT NULL AUTO_INCREMENT COMMENT 'ID',
  `ac_name` varchar(20) CHARACTER SET utf8mb4 COLLATE utf8mb4_general_ci NOT NULL COMMENT '',
  `ac_code` varchar(20) CHARACTER SET utf8mb4 COLLATE utf8mb4_general_ci NOT NULL COMMENT '',
  PRIMARY KEY (`ac_id`) USING BTREE
) ENGINE = InnoDB AUTO_INCREMENT = 1 CHARACTER SET = utf8mb4 COLLATE = utf8mb4_general_ci ROW_FORMAT = Dynamic;

-- ----------------------------
-- Table structure for sys_t_message
-- ----------------------------
DROP TABLE IF EXISTS `sys_t_message`;
CREATE TABLE `sys_t_message`  (
  `m_id` int(11) UNSIGNED NOT NULL AUTO_INCREMENT COMMENT 'ID',
  `m_title` varchar(200) CHARACTER SET utf8mb4 COLLATE utf8mb4_general_ci NOT NULL COMMENT '',
  `m_content` varchar(400) CHARACTER SET utf8mb4 COLLATE utf8mb4_general_ci NOT NULL COMMENT '',
  `m_type` char(1) CHARACTER SET utf8mb4 COLLATE utf8mb4_general_ci NOT NULL COMMENT '  1 ',
  `m_status` char(1) CHARACTER SET utf8mb4 COLLATE utf8mb4_general_ci NOT NULL DEFAULT '0' COMMENT ' 0  1',
  `createtime` varchar(19) CHARACTER SET utf8mb4 COLLATE utf8mb4_general_ci NOT NULL COMMENT '',
  `updatetime` varchar(19) CHARACTER SET utf8mb4 COLLATE utf8mb4_general_ci NULL DEFAULT NULL COMMENT '',
  `m_recipientId` int(11) NOT NULL COMMENT 'ID',
  PRIMARY KEY (`m_id`) USING BTREE
) ENGINE = InnoDB AUTO_INCREMENT = 10340 CHARACTER SET = utf8mb4 COLLATE = utf8mb4_general_ci ROW_FORMAT = Dynamic;

-- ----------------------------
-- Records of sys_t_message
-- ----------------------------
INSERT INTO `sys_t_message` VALUES (10298, 'dev2', '2019022211140810234->dev2->->->  ', '1', '0', '2019-02-22 11:15:48', NULL, 10237);
INSERT INTO `sys_t_message` VALUES (10316, '', '2019022608341910234->->->  fine', '1', '1', '2019-02-26 08:37:05', '2019-02-26 08:38:02', 10234);
INSERT INTO `sys_t_message` VALUES (10317, 'dev2', '2019022608341910234->dev2->->->  fine', '1', '1', '2019-02-26 08:37:05', '2019-02-26 08:38:10', 10234);
INSERT INTO `sys_t_message` VALUES (10318, 'dev2', '2019022608341910234->dev2->->->  fine', '1', '1', '2019-02-26 08:37:05', '2019-02-26 08:38:16', 10234);
INSERT INTO `sys_t_message` VALUES (10319, 'dev2', '2019022608341910234->dev2->->->  fine', '1', '1', '2019-02-26 08:37:05', '2019-02-26 08:38:42', 10234);
INSERT INTO `sys_t_message` VALUES (10320, '', '2019022608392310234->->->  ', '1', '0', '2019-02-26 08:58:24', NULL, 10234);
INSERT INTO `sys_t_message` VALUES (10321, 'dev2', '2019022608392310234->dev2->->->  ', '1', '0', '2019-02-26 08:58:24', NULL, 10234);
INSERT INTO `sys_t_message` VALUES (10322, 'dev2', '2019022608392310234->dev2->->->  ', '1', '0', '2019-02-26 08:58:24', NULL, 10234);
INSERT INTO `sys_t_message` VALUES (10323, 'dev2', '2019022608392310234->dev2->->->  ', '1', '0', '2019-02-26 08:58:24', NULL, 10234);
INSERT INTO `sys_t_message` VALUES (10324, '', '2019022608580710234->->->  ', '1', '0', '2019-02-26 09:00:38', NULL, 10234);
INSERT INTO `sys_t_message` VALUES (10325, 'dev2', '2019022608580710234->dev2->->->  ', '1', '0', '2019-02-26 09:00:38', NULL, 10234);
INSERT INTO `sys_t_message` VALUES (10326, 'dev2', '2019022608580710234->dev2->->->  ', '1', '0', '2019-02-26 09:00:38', NULL, 10234);
INSERT INTO `sys_t_message` VALUES (10327, 'dev2', '2019022608580710234->dev2->->->  ', '1', '0', '2019-02-26 09:00:38', NULL, 10234);
INSERT INTO `sys_t_message` VALUES (10328, '', '2019022609013110234->->->  ', '1', '1', '2019-02-26 09:01:49', '2019-02-26 09:15:21', 10234);
INSERT INTO `sys_t_message` VALUES (10329, 'dev2', '2019022609013110234->dev2->->->  ', '1', '1', '2019-02-26 09:01:49', '2019-02-26 09:15:28', 10234);
INSERT INTO `sys_t_message` VALUES (10330, '', '2019022609095010234->->->  ', '1', '1', '2019-02-26 09:14:13', '2019-02-26 09:15:18', 10234);
INSERT INTO `sys_t_message` VALUES (10331, 'dev2', '2019022609095010234->dev2->->->  ', '1', '0', '2019-02-26 09:14:13', NULL, 10238);
INSERT INTO `sys_t_message` VALUES (10332, 'dev2', '2019022609095010234->dev2->->->  ', '1', '0', '2019-02-26 09:14:13', NULL, 10235);
INSERT INTO `sys_t_message` VALUES (10333, 'dev2', '2019022609095010234->dev2->->->  ', '1', '0', '2019-02-26 09:14:13', NULL, 10237);
INSERT INTO `sys_t_message` VALUES (10334, '', '2019022609492710234->->->  ', '1', '0', '2019-02-26 09:49:56', NULL, 10234);
INSERT INTO `sys_t_message` VALUES (10335, 'dev2', '2019022609492710234->dev2->->->  ', '1', '0', '2019-02-26 09:49:56', NULL, 10234);
INSERT INTO `sys_t_message` VALUES (10336, '', '2019022610054410234->->->  ', '1', '0', '2019-02-26 10:19:53', NULL, 10234);
INSERT INTO `sys_t_message` VALUES (10337, 'dev2', '2019022610054410234->dev2->->->  ', '1', '0', '2019-02-26 10:19:53', NULL, 10234);
INSERT INTO `sys_t_message` VALUES (10338, '', '2019022613060410234->->->  ', '1', '0', '2019-02-26 13:06:36', NULL, 10234);
INSERT INTO `sys_t_message` VALUES (10339, 'dev2', '2019022613060410234->dev2->->->  ', '1', '0', '2019-02-26 13:06:36', NULL, 10234);

-- ----------------------------
-- Table structure for sys_t_org
-- ----------------------------
DROP TABLE IF EXISTS `sys_t_org`;
CREATE TABLE `sys_t_org`  (
  `o_id` int(11) UNSIGNED NOT NULL AUTO_INCREMENT COMMENT 'ID',
  `o_name` varchar(20) CHARACTER SET utf8mb4 COLLATE utf8mb4_general_ci NOT NULL COMMENT '',
  `createtime` varchar(19) CHARACTER SET utf8mb4 COLLATE utf8mb4_general_ci NOT NULL COMMENT '',
  `updatetime` varchar(19) CHARACTER SET utf8mb4 COLLATE utf8mb4_general_ci NULL DEFAULT NULL COMMENT '',
  `o_status` char(1) CHARACTER SET utf8mb4 COLLATE utf8mb4_general_ci NOT NULL DEFAULT '1' COMMENT '1  0 ',
  `o_level` char(1) CHARACTER SET utf8mb4 COLLATE utf8mb4_general_ci NOT NULL COMMENT '',
  `o_remark` varchar(500) CHARACTER SET utf8mb4 COLLATE utf8mb4_general_ci NULL DEFAULT NULL COMMENT '',
  `o_sort` int(11) NOT NULL COMMENT '',
  `p_oid` int(11) NOT NULL COMMENT 'ID',
  PRIMARY KEY (`o_id`) USING BTREE
) ENGINE = InnoDB AUTO_INCREMENT = 121 CHARACTER SET = utf8mb4 COLLATE = utf8mb4_general_ci ROW_FORMAT = Dynamic;

-- ----------------------------
-- Records of sys_t_org
-- ----------------------------
INSERT INTO `sys_t_org` VALUES (1, '', '2018-01-26 15:12:12', '2019-02-20 15:58:08', '1', '1', '', 100, 0);
INSERT INTO `sys_t_org` VALUES (3, '', '2018-01-26 12:12:12', '2019-02-20 15:58:08', '1', '1', '', 300, 0);
INSERT INTO `sys_t_org` VALUES (58, '', '2019-01-26 17:04:23', '2019-02-20 15:58:08', '1', '2', '', 500, 1);
INSERT INTO `sys_t_org` VALUES (59, '', '2019-01-28 08:28:08', '2019-02-20 15:58:08', '1', '2', '', 600, 1);
INSERT INTO `sys_t_org` VALUES (73, '', '2019-01-28 09:57:40', '2019-02-20 15:58:08', '1', '2', '', 300, 1);
INSERT INTO `sys_t_org` VALUES (74, '', '2019-01-28 09:57:58', '2019-02-20 15:58:08', '1', '2', '', 400, 1);
INSERT INTO `sys_t_org` VALUES (75, '', '2019-01-28 09:58:52', '2019-02-20 15:58:08', '1', '2', '', 700, 1);
INSERT INTO `sys_t_org` VALUES (76, '', '2019-01-28 09:59:17', '2019-02-20 15:58:08', '1', '2', '', 800, 1);
INSERT INTO `sys_t_org` VALUES (77, '', '2019-01-28 09:59:36', '2019-02-20 15:58:08', '1', '2', '', 900, 1);
INSERT INTO `sys_t_org` VALUES (78, '', '2019-01-28 09:59:54', '2019-02-20 15:58:08', '1', '2', '', 1000, 1);
INSERT INTO `sys_t_org` VALUES (79, '', '2019-01-28 10:00:28', '2019-02-20 15:58:08', '1', '2', '', 1100, 1);
INSERT INTO `sys_t_org` VALUES (80, '', '2019-01-28 10:00:42', '2019-02-20 15:58:08', '1', '2', '', 1200, 1);
INSERT INTO `sys_t_org` VALUES (81, '', '2019-01-28 10:01:03', '2019-02-20 15:58:08', '1', '1', '', 200, 0);
INSERT INTO `sys_t_org` VALUES (82, '', '2019-01-28 10:01:19', '2019-02-20 15:58:08', '1', '2', '', 100, 81);
INSERT INTO `sys_t_org` VALUES (83, '', '2019-01-28 10:01:34', '2019-02-20 15:58:08', '1', '2', '', 200, 81);
INSERT INTO `sys_t_org` VALUES (84, '', '2019-01-28 10:01:55', '2019-02-20 15:58:08', '1', '2', '', 300, 81);
INSERT INTO `sys_t_org` VALUES (85, '', '2019-01-28 10:02:31', '2019-02-20 15:58:08', '1', '2', '', 400, 81);
INSERT INTO `sys_t_org` VALUES (86, '', '2019-01-28 10:02:46', '2019-02-20 15:58:08', '1', '2', '', 500, 81);
INSERT INTO `sys_t_org` VALUES (87, '', '2019-01-28 10:03:07', '2019-02-20 15:58:08', '1', '2', '', 600, 81);
INSERT INTO `sys_t_org` VALUES (88, '', '2019-01-28 10:03:28', '2019-02-20 15:58:08', '1', '2', '', 700, 81);
INSERT INTO `sys_t_org` VALUES (89, '', '2019-01-28 10:04:26', '2019-02-20 15:58:08', '1', '2', '', 800, 81);
INSERT INTO `sys_t_org` VALUES (90, '', '2019-01-28 10:05:02', '2019-02-20 15:58:08', '1', '2', '', 900, 81);
INSERT INTO `sys_t_org` VALUES (91, '', '2019-01-28 10:05:24', '2019-02-20 15:58:08', '1', '2', '', 1000, 81);
INSERT INTO `sys_t_org` VALUES (92, '', '2019-01-28 10:05:54', '2019-02-20 15:58:08', '1', '2', '', 1100, 81);
INSERT INTO `sys_t_org` VALUES (93, '', '2019-01-28 10:06:13', '2019-02-20 15:58:08', '1', '2', '', 1200, 81);
INSERT INTO `sys_t_org` VALUES (94, '', '2019-01-28 10:06:32', '2019-02-20 15:58:08', '1', '2', '', 1300, 81);
INSERT INTO `sys_t_org` VALUES (95, '', '2019-01-28 10:06:54', '2019-02-20 15:58:08', '1', '2', '', 1400, 81);
INSERT INTO `sys_t_org` VALUES (96, '', '2019-01-28 10:07:09', '2019-02-20 15:58:08', '1', '2', '', 1500, 81);
INSERT INTO `sys_t_org` VALUES (97, '', '2019-01-28 10:07:31', '2019-02-20 15:58:08', '1', '2', '', 1600, 81);
INSERT INTO `sys_t_org` VALUES (98, '', '2019-01-28 10:08:00', '2019-02-20 15:58:08', '1', '2', '', 1700, 81);
INSERT INTO `sys_t_org` VALUES (99, '263', '2019-01-28 10:08:14', '2019-02-20 15:58:08', '1', '2', '263', 1800, 81);
INSERT INTO `sys_t_org` VALUES (100, '', '2019-01-28 10:08:27', '2019-02-20 15:58:08', '1', '2', '', 1900, 81);
INSERT INTO `sys_t_org` VALUES (106, '', '2019-01-28 11:51:57', '2019-02-20 15:58:08', '1', '2', '', 100, 1);
INSERT INTO `sys_t_org` VALUES (111, '', '2019-01-31 08:52:16', '2019-02-20 17:29:20', '1', '2', '', 99, 1);
INSERT INTO `sys_t_org` VALUES (112, '', '2019-02-15 09:36:00', '2019-02-20 15:58:08', '1', '1', '', 400, 0);
INSERT INTO `sys_t_org` VALUES (113, '', '2019-02-15 09:36:13', '2019-02-20 15:58:08', '1', '1', '', 500, 0);
INSERT INTO `sys_t_org` VALUES (114, '', '2019-02-15 09:36:26', '2019-02-20 15:58:08', '1', '1', '', 600, 0);
INSERT INTO `sys_t_org` VALUES (115, '', '2019-02-15 09:45:51', '2019-02-20 15:58:08', '1', '2', '', 100, 112);
INSERT INTO `sys_t_org` VALUES (116, '', '2019-02-15 09:46:07', '2019-02-20 15:58:08', '1', '2', '', 200, 112);
INSERT INTO `sys_t_org` VALUES (117, '', '2019-02-15 09:46:32', '2019-02-20 15:58:08', '1', '2', '', 200, 113);
INSERT INTO `sys_t_org` VALUES (118, '', '2019-02-15 09:46:47', '2019-02-20 15:58:08', '1', '2', '', 100, 113);
INSERT INTO `sys_t_org` VALUES (119, '', '2019-02-15 09:47:00', '2019-02-20 15:58:08', '1', '2', '', 100, 114);
INSERT INTO `sys_t_org` VALUES (120, '', '2019-02-15 09:47:14', '2019-02-20 15:58:08', '1', '2', '', 200, 114);

-- ----------------------------
-- Table structure for sys_t_params
-- ----------------------------
DROP TABLE IF EXISTS `sys_t_params`;
CREATE TABLE `sys_t_params`  (
  `p_id` int(11) UNSIGNED NOT NULL AUTO_INCREMENT COMMENT ' ID',
  `name` varchar(50) CHARACTER SET utf8mb4 COLLATE utf8mb4_general_ci NOT NULL COMMENT '',
  `key` varchar(50) CHARACTER SET utf8mb4 COLLATE utf8mb4_general_ci NOT NULL COMMENT 'KEY',
  `value` varchar(200) CHARACTER SET utf8mb4 COLLATE utf8mb4_general_ci NOT NULL COMMENT '',
  `createtime` varchar(19) CHARACTER SET utf8mb4 COLLATE utf8mb4_general_ci NOT NULL COMMENT '',
  `updatetime` varchar(19) CHARACTER SET utf8mb4 COLLATE utf8mb4_general_ci NULL DEFAULT NULL COMMENT '',
  `remark` varchar(300) CHARACTER SET utf8mb4 COLLATE utf8mb4_general_ci NULL DEFAULT NULL COMMENT '',
  PRIMARY KEY (`p_id`, `key`) USING BTREE,
  UNIQUE INDEX `key`(`key`) USING BTREE
) ENGINE = InnoDB AUTO_INCREMENT = 50 CHARACTER SET = utf8mb4 COLLATE = utf8mb4_general_ci ROW_FORMAT = Dynamic;

-- ----------------------------
-- Records of sys_t_params
-- ----------------------------
INSERT INTO `sys_t_params` VALUES (38, '', 'sysname', '', '2018-12-25 16:06:42', '2019-02-26 10:32:11', ' \n  ');
INSERT INTO `sys_t_params` VALUES (43, '', 'copyright', '', '2018-12-25 17:09:16', NULL, '');
INSERT INTO `sys_t_params` VALUES (44, '', 'companyurl', 'https://www.baidu.com', '2018-12-25 17:14:43', NULL, '');
INSERT INTO `sys_t_params` VALUES (45, '', 'menu', '1', '2018-12-29 14:57:21', '2018-12-29 14:57:34', '1 0');
INSERT INTO `sys_t_params` VALUES (46, 'logo', 'syslogo', '1', '2019-01-21 11:49:38', '2019-02-26 10:32:59', '1logo');
INSERT INTO `sys_t_params` VALUES (47, '', 'image_upload_max_size', '2048', '2019-01-21 17:40:14', '2019-01-21 17:41:23', 'Kb');
INSERT INTO `sys_t_params` VALUES (48, '', 'org_level', '2', '2019-01-31 08:37:15', NULL, '');
INSERT INTO `sys_t_params` VALUES (49, '', 'loginpage', '1', '2019-02-15 10:51:17', '2019-02-15 11:07:23', ' 0 ');

-- ----------------------------
-- Table structure for sys_t_permission
-- ----------------------------
DROP TABLE IF EXISTS `sys_t_permission`;
CREATE TABLE `sys_t_permission`  (
  `url` varchar(200) CHARACTER SET utf8mb4 COLLATE utf8mb4_general_ci NOT NULL COMMENT '',
  `qxlj` varchar(10) CHARACTER SET utf8mb4 COLLATE utf8mb4_general_ci NOT NULL COMMENT '',
  `sort` int(5) NOT NULL COMMENT '',
  `remark` varchar(500) CHARACTER SET utf8mb4 COLLATE utf8mb4_general_ci NULL DEFAULT NULL COMMENT '',
  `sfsx` char(1) CHARACTER SET utf8mb4 COLLATE utf8mb4_general_ci NOT NULL DEFAULT '1' COMMENT ''
) ENGINE = InnoDB CHARACTER SET = utf8mb4 COLLATE = utf8mb4_general_ci ROW_FORMAT = Dynamic;

-- ----------------------------
-- Records of sys_t_permission
-- ----------------------------
INSERT INTO `sys_t_permission` VALUES ('/static/**', 'anon', 1, '', '1');
INSERT INTO `sys_t_permission` VALUES ('/**', 'authc', 1000, '', '1');
INSERT INTO `sys_t_permission` VALUES ('/css/**', 'anon', 2, '', '1');
INSERT INTO `sys_t_permission` VALUES ('/js/**', 'anon', 3, '', '1');
INSERT INTO `sys_t_permission` VALUES ('/img/**', 'anon', 4, '', '1');
INSERT INTO `sys_t_permission` VALUES ('/favicon.ico', 'anon', 0, '', '1');
INSERT INTO `sys_t_permission` VALUES ('/druid/**', 'anon', 5, 'druid', '1');
INSERT INTO `sys_t_permission` VALUES ('/plugins/**', 'anon', 6, '', '1');
INSERT INTO `sys_t_permission` VALUES ('/captcha', 'anon', 7, '', '1');
INSERT INTO `sys_t_permission` VALUES ('/logout', 'logout', 8, '', '1');
INSERT INTO `sys_t_permission` VALUES ('/loginIn', 'anon', 9, '', '1');
INSERT INTO `sys_t_permission` VALUES ('/menus/**', 'anon', 10, '', '1');
INSERT INTO `sys_t_permission` VALUES ('/dict/**', 'anon', 11, '', '1');
INSERT INTO `sys_t_permission` VALUES ('/orgUser/**', 'anon', 12, '', '1');
INSERT INTO `sys_t_permission` VALUES ('/file/**', 'anon', 13, '', '1');

-- ----------------------------
-- Table structure for sys_t_role
-- ----------------------------
DROP TABLE IF EXISTS `sys_t_role`;
CREATE TABLE `sys_t_role`  (
  `r_id` int(11) UNSIGNED NOT NULL AUTO_INCREMENT COMMENT 'ID',
  `rolename` varchar(20) CHARACTER SET utf8mb4 COLLATE utf8mb4_general_ci NOT NULL COMMENT '',
  `createtime` varchar(19) CHARACTER SET utf8mb4 COLLATE utf8mb4_general_ci NOT NULL COMMENT '',
  `updatetime` varchar(19) CHARACTER SET utf8mb4 COLLATE utf8mb4_general_ci NULL DEFAULT NULL COMMENT '',
  `remark` varchar(300) CHARACTER SET utf8mb4 COLLATE utf8mb4_general_ci NULL DEFAULT NULL COMMENT '',
  `status` char(1) CHARACTER SET utf8mb4 COLLATE utf8mb4_general_ci NULL DEFAULT '1' COMMENT ' 0  1 ',
  `rolecode` varchar(30) CHARACTER SET utf8mb4 COLLATE utf8mb4_general_ci NULL DEFAULT NULL COMMENT '',
  PRIMARY KEY (`r_id`, `rolename`) USING BTREE
) ENGINE = InnoDB AUTO_INCREMENT = 9 CHARACTER SET = utf8mb4 COLLATE = utf8mb4_general_ci ROW_FORMAT = Dynamic;

-- ----------------------------
-- Records of sys_t_role
-- ----------------------------
INSERT INTO `sys_t_role` VALUES (1, 'developer', '2018-12-19 08:40:40', '2019-02-13 16:12:54', '', '1', 'dep');
INSERT INTO `sys_t_role` VALUES (6, 'test', '2019-01-30 11:36:12', '2019-02-26 09:13:04', 'test', '1', 'test');
INSERT INTO `sys_t_role` VALUES (7, 'admin', '2019-02-15 11:27:31', '2019-02-26 10:38:44', '', '1', 'admin');
INSERT INTO `sys_t_role` VALUES (8, 'chj', '2019-02-25 10:18:24', '2019-02-26 13:03:07', 'chj', '1', 'chj');

-- ----------------------------
-- Table structure for sys_t_role_menu
-- ----------------------------
DROP TABLE IF EXISTS `sys_t_role_menu`;
CREATE TABLE `sys_t_role_menu`  (
  `r_id` int(11) NOT NULL COMMENT 'ID',
  `m_id` int(9) NOT NULL COMMENT 'ID',
  `ac_id` varchar(100) CHARACTER SET utf8mb4 COLLATE utf8mb4_general_ci NULL DEFAULT NULL COMMENT 'ID',
  UNIQUE INDEX `r_id`(`r_id`, `m_id`) USING BTREE
) ENGINE = InnoDB CHARACTER SET = utf8mb4 COLLATE = utf8mb4_general_ci ROW_FORMAT = Dynamic;

-- ----------------------------
-- Records of sys_t_role_menu
-- ----------------------------
INSERT INTO `sys_t_role_menu` VALUES (1, 1, NULL);
INSERT INTO `sys_t_role_menu` VALUES (1, 12, NULL);
INSERT INTO `sys_t_role_menu` VALUES (1, 13, NULL);
INSERT INTO `sys_t_role_menu` VALUES (1, 14, NULL);
INSERT INTO `sys_t_role_menu` VALUES (1, 15, NULL);
INSERT INTO `sys_t_role_menu` VALUES (1, 16, NULL);
INSERT INTO `sys_t_role_menu` VALUES (1, 17, NULL);
INSERT INTO `sys_t_role_menu` VALUES (1, 19, NULL);
INSERT INTO `sys_t_role_menu` VALUES (1, 78, NULL);
INSERT INTO `sys_t_role_menu` VALUES (1, 79, NULL);
INSERT INTO `sys_t_role_menu` VALUES (1, 80, NULL);
INSERT INTO `sys_t_role_menu` VALUES (1, 81, NULL);
INSERT INTO `sys_t_role_menu` VALUES (1, 82, NULL);
INSERT INTO `sys_t_role_menu` VALUES (1, 83, NULL);
INSERT INTO `sys_t_role_menu` VALUES (1, 84, NULL);
INSERT INTO `sys_t_role_menu` VALUES (1, 85, NULL);
INSERT INTO `sys_t_role_menu` VALUES (1, 86, NULL);
INSERT INTO `sys_t_role_menu` VALUES (1, 87, NULL);
INSERT INTO `sys_t_role_menu` VALUES (1, 88, NULL);
INSERT INTO `sys_t_role_menu` VALUES (1, 89, NULL);
INSERT INTO `sys_t_role_menu` VALUES (1, 90, NULL);
INSERT INTO `sys_t_role_menu` VALUES (1, 91, NULL);
INSERT INTO `sys_t_role_menu` VALUES (1, 92, NULL);
INSERT INTO `sys_t_role_menu` VALUES (1, 93, NULL);
INSERT INTO `sys_t_role_menu` VALUES (1, 94, NULL);
INSERT INTO `sys_t_role_menu` VALUES (1, 95, NULL);
INSERT INTO `sys_t_role_menu` VALUES (1, 96, NULL);
INSERT INTO `sys_t_role_menu` VALUES (1, 97, NULL);
INSERT INTO `sys_t_role_menu` VALUES (1, 98, NULL);
INSERT INTO `sys_t_role_menu` VALUES (1, 99, NULL);
INSERT INTO `sys_t_role_menu` VALUES (1, 100, NULL);
INSERT INTO `sys_t_role_menu` VALUES (1, 101, NULL);
INSERT INTO `sys_t_role_menu` VALUES (1, 102, NULL);
INSERT INTO `sys_t_role_menu` VALUES (1, 103, NULL);
INSERT INTO `sys_t_role_menu` VALUES (1, 104, NULL);
INSERT INTO `sys_t_role_menu` VALUES (1, 105, NULL);
INSERT INTO `sys_t_role_menu` VALUES (1, 106, NULL);
INSERT INTO `sys_t_role_menu` VALUES (1, 107, NULL);
INSERT INTO `sys_t_role_menu` VALUES (1, 108, NULL);
INSERT INTO `sys_t_role_menu` VALUES (1, 109, NULL);
INSERT INTO `sys_t_role_menu` VALUES (1, 110, NULL);
INSERT INTO `sys_t_role_menu` VALUES (1, 111, NULL);
INSERT INTO `sys_t_role_menu` VALUES (1, 112, NULL);
INSERT INTO `sys_t_role_menu` VALUES (1, 113, NULL);
INSERT INTO `sys_t_role_menu` VALUES (1, 114, NULL);
INSERT INTO `sys_t_role_menu` VALUES (1, 115, NULL);
INSERT INTO `sys_t_role_menu` VALUES (1, 116, NULL);
INSERT INTO `sys_t_role_menu` VALUES (1, 117, NULL);
INSERT INTO `sys_t_role_menu` VALUES (1, 118, NULL);
INSERT INTO `sys_t_role_menu` VALUES (1, 119, NULL);
INSERT INTO `sys_t_role_menu` VALUES (1, 120, NULL);
INSERT INTO `sys_t_role_menu` VALUES (1, 121, NULL);
INSERT INTO `sys_t_role_menu` VALUES (1, 122, NULL);
INSERT INTO `sys_t_role_menu` VALUES (1, 123, NULL);
INSERT INTO `sys_t_role_menu` VALUES (1, 124, NULL);
INSERT INTO `sys_t_role_menu` VALUES (1, 125, NULL);
INSERT INTO `sys_t_role_menu` VALUES (1, 126, NULL);
INSERT INTO `sys_t_role_menu` VALUES (1, 127, NULL);
INSERT INTO `sys_t_role_menu` VALUES (1, 128, NULL);
INSERT INTO `sys_t_role_menu` VALUES (1, 129, NULL);
INSERT INTO `sys_t_role_menu` VALUES (1, 130, NULL);
INSERT INTO `sys_t_role_menu` VALUES (1, 131, NULL);
INSERT INTO `sys_t_role_menu` VALUES (1, 132, NULL);
INSERT INTO `sys_t_role_menu` VALUES (1, 133, NULL);
INSERT INTO `sys_t_role_menu` VALUES (1, 134, NULL);
INSERT INTO `sys_t_role_menu` VALUES (1, 135, NULL);
INSERT INTO `sys_t_role_menu` VALUES (1, 139, NULL);
INSERT INTO `sys_t_role_menu` VALUES (6, 1, NULL);
INSERT INTO `sys_t_role_menu` VALUES (6, 12, NULL);
INSERT INTO `sys_t_role_menu` VALUES (6, 13, NULL);
INSERT INTO `sys_t_role_menu` VALUES (6, 14, NULL);
INSERT INTO `sys_t_role_menu` VALUES (6, 15, NULL);
INSERT INTO `sys_t_role_menu` VALUES (6, 16, NULL);
INSERT INTO `sys_t_role_menu` VALUES (6, 17, NULL);
INSERT INTO `sys_t_role_menu` VALUES (6, 19, NULL);
INSERT INTO `sys_t_role_menu` VALUES (6, 78, NULL);
INSERT INTO `sys_t_role_menu` VALUES (6, 79, NULL);
INSERT INTO `sys_t_role_menu` VALUES (6, 80, NULL);
INSERT INTO `sys_t_role_menu` VALUES (6, 81, NULL);
INSERT INTO `sys_t_role_menu` VALUES (6, 82, NULL);
INSERT INTO `sys_t_role_menu` VALUES (6, 83, NULL);
INSERT INTO `sys_t_role_menu` VALUES (6, 84, NULL);
INSERT INTO `sys_t_role_menu` VALUES (6, 85, NULL);
INSERT INTO `sys_t_role_menu` VALUES (6, 86, NULL);
INSERT INTO `sys_t_role_menu` VALUES (6, 87, NULL);
INSERT INTO `sys_t_role_menu` VALUES (6, 88, NULL);
INSERT INTO `sys_t_role_menu` VALUES (6, 89, NULL);
INSERT INTO `sys_t_role_menu` VALUES (6, 96, NULL);
INSERT INTO `sys_t_role_menu` VALUES (6, 133, NULL);
INSERT INTO `sys_t_role_menu` VALUES (6, 134, NULL);
INSERT INTO `sys_t_role_menu` VALUES (6, 135, NULL);
INSERT INTO `sys_t_role_menu` VALUES (6, 139, NULL);
INSERT INTO `sys_t_role_menu` VALUES (6, 140, NULL);
INSERT INTO `sys_t_role_menu` VALUES (7, 1, NULL);
INSERT INTO `sys_t_role_menu` VALUES (7, 12, NULL);
INSERT INTO `sys_t_role_menu` VALUES (7, 13, NULL);
INSERT INTO `sys_t_role_menu` VALUES (7, 14, NULL);
INSERT INTO `sys_t_role_menu` VALUES (7, 15, NULL);
INSERT INTO `sys_t_role_menu` VALUES (7, 16, NULL);
INSERT INTO `sys_t_role_menu` VALUES (7, 17, NULL);
INSERT INTO `sys_t_role_menu` VALUES (7, 19, NULL);
INSERT INTO `sys_t_role_menu` VALUES (7, 78, NULL);
INSERT INTO `sys_t_role_menu` VALUES (7, 79, NULL);
INSERT INTO `sys_t_role_menu` VALUES (7, 80, NULL);
INSERT INTO `sys_t_role_menu` VALUES (7, 81, NULL);
INSERT INTO `sys_t_role_menu` VALUES (7, 82, NULL);
INSERT INTO `sys_t_role_menu` VALUES (7, 83, NULL);
INSERT INTO `sys_t_role_menu` VALUES (7, 84, NULL);
INSERT INTO `sys_t_role_menu` VALUES (7, 85, NULL);
INSERT INTO `sys_t_role_menu` VALUES (7, 86, NULL);
INSERT INTO `sys_t_role_menu` VALUES (7, 87, NULL);
INSERT INTO `sys_t_role_menu` VALUES (7, 88, NULL);
INSERT INTO `sys_t_role_menu` VALUES (7, 89, NULL);
INSERT INTO `sys_t_role_menu` VALUES (7, 90, NULL);
INSERT INTO `sys_t_role_menu` VALUES (7, 91, NULL);
INSERT INTO `sys_t_role_menu` VALUES (7, 92, NULL);
INSERT INTO `sys_t_role_menu` VALUES (7, 93, NULL);
INSERT INTO `sys_t_role_menu` VALUES (7, 94, NULL);
INSERT INTO `sys_t_role_menu` VALUES (7, 95, NULL);
INSERT INTO `sys_t_role_menu` VALUES (7, 96, NULL);
INSERT INTO `sys_t_role_menu` VALUES (7, 97, NULL);
INSERT INTO `sys_t_role_menu` VALUES (7, 98, NULL);
INSERT INTO `sys_t_role_menu` VALUES (7, 99, NULL);
INSERT INTO `sys_t_role_menu` VALUES (7, 100, NULL);
INSERT INTO `sys_t_role_menu` VALUES (7, 101, NULL);
INSERT INTO `sys_t_role_menu` VALUES (7, 102, NULL);
INSERT INTO `sys_t_role_menu` VALUES (7, 103, NULL);
INSERT INTO `sys_t_role_menu` VALUES (7, 104, NULL);
INSERT INTO `sys_t_role_menu` VALUES (7, 105, NULL);
INSERT INTO `sys_t_role_menu` VALUES (7, 106, NULL);
INSERT INTO `sys_t_role_menu` VALUES (7, 107, NULL);
INSERT INTO `sys_t_role_menu` VALUES (7, 108, NULL);
INSERT INTO `sys_t_role_menu` VALUES (7, 109, NULL);
INSERT INTO `sys_t_role_menu` VALUES (7, 110, NULL);
INSERT INTO `sys_t_role_menu` VALUES (7, 111, NULL);
INSERT INTO `sys_t_role_menu` VALUES (7, 112, NULL);
INSERT INTO `sys_t_role_menu` VALUES (7, 113, NULL);
INSERT INTO `sys_t_role_menu` VALUES (7, 114, NULL);
INSERT INTO `sys_t_role_menu` VALUES (7, 115, NULL);
INSERT INTO `sys_t_role_menu` VALUES (7, 116, NULL);
INSERT INTO `sys_t_role_menu` VALUES (7, 117, NULL);
INSERT INTO `sys_t_role_menu` VALUES (7, 118, NULL);
INSERT INTO `sys_t_role_menu` VALUES (7, 119, NULL);
INSERT INTO `sys_t_role_menu` VALUES (7, 120, NULL);
INSERT INTO `sys_t_role_menu` VALUES (7, 121, NULL);
INSERT INTO `sys_t_role_menu` VALUES (7, 122, NULL);
INSERT INTO `sys_t_role_menu` VALUES (7, 123, NULL);
INSERT INTO `sys_t_role_menu` VALUES (7, 124, NULL);
INSERT INTO `sys_t_role_menu` VALUES (7, 125, NULL);
INSERT INTO `sys_t_role_menu` VALUES (7, 126, NULL);
INSERT INTO `sys_t_role_menu` VALUES (7, 127, NULL);
INSERT INTO `sys_t_role_menu` VALUES (7, 128, NULL);
INSERT INTO `sys_t_role_menu` VALUES (7, 129, NULL);
INSERT INTO `sys_t_role_menu` VALUES (7, 130, NULL);
INSERT INTO `sys_t_role_menu` VALUES (7, 131, NULL);
INSERT INTO `sys_t_role_menu` VALUES (7, 132, NULL);
INSERT INTO `sys_t_role_menu` VALUES (7, 133, NULL);
INSERT INTO `sys_t_role_menu` VALUES (7, 134, NULL);
INSERT INTO `sys_t_role_menu` VALUES (7, 135, NULL);
INSERT INTO `sys_t_role_menu` VALUES (7, 139, NULL);
INSERT INTO `sys_t_role_menu` VALUES (7, 140, NULL);
INSERT INTO `sys_t_role_menu` VALUES (8, 1, NULL);
INSERT INTO `sys_t_role_menu` VALUES (8, 12, NULL);
INSERT INTO `sys_t_role_menu` VALUES (8, 13, NULL);
INSERT INTO `sys_t_role_menu` VALUES (8, 14, NULL);
INSERT INTO `sys_t_role_menu` VALUES (8, 15, NULL);
INSERT INTO `sys_t_role_menu` VALUES (8, 16, NULL);
INSERT INTO `sys_t_role_menu` VALUES (8, 17, NULL);
INSERT INTO `sys_t_role_menu` VALUES (8, 19, NULL);
INSERT INTO `sys_t_role_menu` VALUES (8, 78, NULL);
INSERT INTO `sys_t_role_menu` VALUES (8, 79, NULL);
INSERT INTO `sys_t_role_menu` VALUES (8, 80, NULL);
INSERT INTO `sys_t_role_menu` VALUES (8, 81, NULL);
INSERT INTO `sys_t_role_menu` VALUES (8, 82, NULL);
INSERT INTO `sys_t_role_menu` VALUES (8, 83, NULL);
INSERT INTO `sys_t_role_menu` VALUES (8, 84, NULL);
INSERT INTO `sys_t_role_menu` VALUES (8, 85, NULL);
INSERT INTO `sys_t_role_menu` VALUES (8, 86, NULL);
INSERT INTO `sys_t_role_menu` VALUES (8, 87, NULL);
INSERT INTO `sys_t_role_menu` VALUES (8, 88, NULL);
INSERT INTO `sys_t_role_menu` VALUES (8, 89, NULL);
INSERT INTO `sys_t_role_menu` VALUES (8, 90, NULL);
INSERT INTO `sys_t_role_menu` VALUES (8, 91, NULL);
INSERT INTO `sys_t_role_menu` VALUES (8, 92, NULL);
INSERT INTO `sys_t_role_menu` VALUES (8, 93, NULL);
INSERT INTO `sys_t_role_menu` VALUES (8, 94, NULL);
INSERT INTO `sys_t_role_menu` VALUES (8, 95, NULL);
INSERT INTO `sys_t_role_menu` VALUES (8, 96, NULL);
INSERT INTO `sys_t_role_menu` VALUES (8, 97, NULL);
INSERT INTO `sys_t_role_menu` VALUES (8, 98, NULL);
INSERT INTO `sys_t_role_menu` VALUES (8, 99, NULL);
INSERT INTO `sys_t_role_menu` VALUES (8, 100, NULL);
INSERT INTO `sys_t_role_menu` VALUES (8, 101, NULL);
INSERT INTO `sys_t_role_menu` VALUES (8, 102, NULL);
INSERT INTO `sys_t_role_menu` VALUES (8, 103, NULL);
INSERT INTO `sys_t_role_menu` VALUES (8, 104, NULL);
INSERT INTO `sys_t_role_menu` VALUES (8, 105, NULL);
INSERT INTO `sys_t_role_menu` VALUES (8, 106, NULL);
INSERT INTO `sys_t_role_menu` VALUES (8, 107, NULL);
INSERT INTO `sys_t_role_menu` VALUES (8, 108, NULL);
INSERT INTO `sys_t_role_menu` VALUES (8, 109, NULL);
INSERT INTO `sys_t_role_menu` VALUES (8, 110, NULL);
INSERT INTO `sys_t_role_menu` VALUES (8, 111, NULL);
INSERT INTO `sys_t_role_menu` VALUES (8, 112, NULL);
INSERT INTO `sys_t_role_menu` VALUES (8, 113, NULL);
INSERT INTO `sys_t_role_menu` VALUES (8, 114, NULL);
INSERT INTO `sys_t_role_menu` VALUES (8, 115, NULL);
INSERT INTO `sys_t_role_menu` VALUES (8, 116, NULL);
INSERT INTO `sys_t_role_menu` VALUES (8, 117, NULL);
INSERT INTO `sys_t_role_menu` VALUES (8, 118, NULL);
INSERT INTO `sys_t_role_menu` VALUES (8, 119, NULL);
INSERT INTO `sys_t_role_menu` VALUES (8, 120, NULL);
INSERT INTO `sys_t_role_menu` VALUES (8, 121, NULL);
INSERT INTO `sys_t_role_menu` VALUES (8, 122, NULL);
INSERT INTO `sys_t_role_menu` VALUES (8, 123, NULL);
INSERT INTO `sys_t_role_menu` VALUES (8, 124, NULL);
INSERT INTO `sys_t_role_menu` VALUES (8, 125, NULL);
INSERT INTO `sys_t_role_menu` VALUES (8, 126, NULL);
INSERT INTO `sys_t_role_menu` VALUES (8, 127, NULL);
INSERT INTO `sys_t_role_menu` VALUES (8, 128, NULL);
INSERT INTO `sys_t_role_menu` VALUES (8, 129, NULL);
INSERT INTO `sys_t_role_menu` VALUES (8, 130, NULL);
INSERT INTO `sys_t_role_menu` VALUES (8, 131, NULL);
INSERT INTO `sys_t_role_menu` VALUES (8, 132, NULL);
INSERT INTO `sys_t_role_menu` VALUES (8, 133, NULL);
INSERT INTO `sys_t_role_menu` VALUES (8, 134, NULL);
INSERT INTO `sys_t_role_menu` VALUES (8, 135, NULL);
INSERT INTO `sys_t_role_menu` VALUES (8, 139, NULL);
INSERT INTO `sys_t_role_menu` VALUES (8, 140, NULL);

-- ----------------------------
-- Table structure for sys_t_table
-- ----------------------------
DROP TABLE IF EXISTS `sys_t_table`;
CREATE TABLE `sys_t_table`  (
  `procdefkey` varchar(20) CHARACTER SET utf8mb4 COLLATE utf8mb4_general_ci NOT NULL COMMENT 'KEY',
  `cols` varchar(500) CHARACTER SET utf8mb4 COLLATE utf8mb4_general_ci NOT NULL COMMENT '',
  `prefix` varchar(20) CHARACTER SET utf8mb4 COLLATE utf8mb4_general_ci NOT NULL COMMENT '',
  `createtime` varchar(19) CHARACTER SET utf8mb4 COLLATE utf8mb4_general_ci NOT NULL COMMENT '',
  `updatetime` varchar(19) CHARACTER SET utf8mb4 COLLATE utf8mb4_general_ci NULL DEFAULT NULL COMMENT '',
  PRIMARY KEY (`procdefkey`) USING BTREE
) ENGINE = InnoDB CHARACTER SET = utf8mb4 COLLATE = utf8mb4_general_ci ROW_FORMAT = Dynamic;

-- ----------------------------
-- Records of sys_t_table
-- ----------------------------
INSERT INTO `sys_t_table` VALUES ('chapter', 'proid,bk,sqr,bmmc,sqrq,yyfs,yylx,yynr,u_id', 'oa_t_', '2018-12-19 12:12:12', NULL);
INSERT INTO `sys_t_table` VALUES ('leave', 'proid,bk,sqr,bmmc,sqrq,qjlx,ksrq,jsrq,qjly,u_id', 'oa_t_', '2018-12-09 12:12:12', NULL);

-- ----------------------------
-- Table structure for sys_t_task
-- ----------------------------
DROP TABLE IF EXISTS `sys_t_task`;
CREATE TABLE `sys_t_task`  (
  `id` int(11) UNSIGNED NOT NULL AUTO_INCREMENT COMMENT 'ID',
  `taskId` varchar(50) CHARACTER SET utf8mb4 COLLATE utf8mb4_general_ci NOT NULL COMMENT 'ID',
  `taskName` varchar(50) CHARACTER SET utf8mb4 COLLATE utf8mb4_general_ci NOT NULL COMMENT '',
  `remark` varchar(300) CHARACTER SET utf8mb4 COLLATE utf8mb4_general_ci NULL DEFAULT NULL COMMENT '',
  `cron` varchar(50) CHARACTER SET utf8mb4 COLLATE utf8mb4_general_ci NOT NULL DEFAULT '1' COMMENT 'cron',
  `sfzq` char(1) CHARACTER SET utf8mb4 COLLATE utf8mb4_general_ci NOT NULL DEFAULT '0' COMMENT ' 1  0 ',
  `createtime` varchar(19) CHARACTER SET utf8mb4 COLLATE utf8mb4_general_ci NOT NULL COMMENT '',
  `updatetime` varchar(19) CHARACTER SET utf8mb4 COLLATE utf8mb4_general_ci NULL DEFAULT NULL COMMENT '',
  `createId` varchar(11) CHARACTER SET utf8mb4 COLLATE utf8mb4_general_ci NULL DEFAULT NULL COMMENT '',
  PRIMARY KEY (`id`) USING BTREE
) ENGINE = InnoDB AUTO_INCREMENT = 124 CHARACTER SET = utf8mb4 COLLATE = utf8mb4_general_ci ROW_FORMAT = Dynamic;

-- ----------------------------
-- Records of sys_t_task
-- ----------------------------
INSERT INTO `sys_t_task` VALUES (121, 'ProcessExpireTask', '', '', '0 0 0/1 * * ?', '0', '2018-12-12 22:22:22', '2019-02-25 10:20:00', NULL);
INSERT INTO `sys_t_task` VALUES (122, 'CacheClearDirTask', '', '', '0 0 3 * * ?', '0', '2018-12-12 22:22:22', '2019-02-25 09:59:00', NULL);

-- ----------------------------
-- Table structure for sys_t_user
-- ----------------------------
DROP TABLE IF EXISTS `sys_t_user`;
CREATE TABLE `sys_t_user`  (
  `u_id` int(11) UNSIGNED NOT NULL AUTO_INCREMENT COMMENT 'ID',
  `username` varchar(20) CHARACTER SET utf8mb4 COLLATE utf8mb4_general_ci NOT NULL COMMENT '',
  `password` varchar(200) CHARACTER SET utf8mb4 COLLATE utf8mb4_general_ci NOT NULL COMMENT ' ',
  `nickname` varchar(20) CHARACTER SET utf8mb4 COLLATE utf8mb4_general_ci NOT NULL COMMENT '',
  `createtime` varchar(19) CHARACTER SET utf8mb4 COLLATE utf8mb4_general_ci NOT NULL DEFAULT '1' COMMENT '',
  `updatetime` varchar(19) CHARACTER SET utf8mb4 COLLATE utf8mb4_general_ci NULL DEFAULT NULL COMMENT '',
  `bgdh` varchar(30) CHARACTER SET utf8mb4 COLLATE utf8mb4_general_ci NULL DEFAULT NULL COMMENT '',
  `bgxh` varchar(20) CHARACTER SET utf8mb4 COLLATE utf8mb4_general_ci NULL DEFAULT NULL COMMENT '',
  `remark` varchar(300) CHARACTER SET utf8mb4 COLLATE utf8mb4_general_ci NULL DEFAULT NULL COMMENT '',
  `email` varchar(100) CHARACTER SET utf8mb4 COLLATE utf8mb4_general_ci NULL DEFAULT NULL COMMENT '',
  `phonexh` varchar(10) CHARACTER SET utf8mb4 COLLATE utf8mb4_general_ci NULL DEFAULT NULL COMMENT '',
  `phone` varchar(15) CHARACTER SET utf8mb4 COLLATE utf8mb4_general_ci NULL DEFAULT NULL COMMENT '',
  `status` char(1) CHARACTER SET utf8mb4 COLLATE utf8mb4_general_ci NULL DEFAULT '3' COMMENT ' 0 1   3',
  `recentlogin` varchar(19) CHARACTER SET utf8mb4 COLLATE utf8mb4_general_ci NULL DEFAULT NULL COMMENT '',
  `r_id` int(11) NULL DEFAULT NULL COMMENT 'ID',
  PRIMARY KEY (`u_id`, `username`) USING BTREE,
  UNIQUE INDEX `username`(`username`) USING BTREE
) ENGINE = InnoDB AUTO_INCREMENT = 10240 CHARACTER SET = utf8mb4 COLLATE = utf8mb4_general_ci ROW_FORMAT = Dynamic;

-- ----------------------------
-- Records of sys_t_user
-- ----------------------------
INSERT INTO `sys_t_user` VALUES (1, 'superadmin', '5430e8684ff7dc444a47d9da3acc8397', '', '2018-12-19 08:40:40', '2019-01-30 09:32:52', NULL, NULL, '', '897546244@qq.com', NULL, '19913140983', NULL, '2019-01-26 11:15:29', NULL);
INSERT INTO `sys_t_user` VALUES (10233, 'dev1', '821f54610aa480937b0acabeb5e0871e', 'dev1', '2019-02-15 09:39:09', '2019-02-15 09:47:30', 'dev1', 'dev1', NULL, 'dev1', 'dev1', 'dev1', '0', '2019-02-20 11:32:35', 1);
INSERT INTO `sys_t_user` VALUES (10234, 'dev2', '3621f2ec35812265eaa232e84e631cca', 'dev2', '2019-02-15 09:39:35', '2019-02-25 10:18:39', 'dev2', 'dev2', NULL, 'dev2', 'dev2', 'dev2', '0', '2019-02-26 10:50:09', 8);
INSERT INTO `sys_t_user` VALUES (10235, 'dev3', '156a1d62251b7e78f641e3b02737ffcc', 'dev3', '2019-02-15 09:40:15', '2019-02-15 09:47:51', 'dev3', 'dev3', NULL, 'dev3', 'dev3', 'dev3', '0', '2019-02-26 09:13:18', 1);
INSERT INTO `sys_t_user` VALUES (10236, 'test1', '42b72f913c3201fc62660d512f5ac746', 'test1', '2019-02-15 09:48:14', NULL, 'test1', 'test1', NULL, 'test1', 'test1', 'test1', '0', '2019-02-20 08:48:23', 6);
INSERT INTO `sys_t_user` VALUES (10237, 'test2', '48b83a2a920f7284c9f0e1bf03012b68', 'test2', '2019-02-15 09:48:33', '2019-02-26 09:10:59', 'test2', 'test2', NULL, 'test2', 'test2', 'test2', '0', '2019-02-26 09:11:05', 6);
INSERT INTO `sys_t_user` VALUES (10238, 'test3', 'e12234d4575a12bfd61d61294f32b086', 'test3', '2019-02-15 09:48:52', NULL, 'test3', 'test3', NULL, 'test3', 'test3', 'test3', '0', '2019-02-26 09:13:59', 6);
INSERT INTO `sys_t_user` VALUES (10239, 'admin', 'f6fdffe48c908deb0f4c3bd36c032e72', 'admin', '2019-02-15 11:27:50', '2019-02-26 10:49:05', '', '', NULL, '', '', '', '0', '2019-02-26 10:38:52', 7);

-- ----------------------------
-- Table structure for sys_t_user_org_job
-- ----------------------------
DROP TABLE IF EXISTS `sys_t_user_org_job`;
CREATE TABLE `sys_t_user_org_job`  (
  `u_id` int(11) NOT NULL COMMENT 'ID',
  `o_id` int(11) NULL DEFAULT NULL COMMENT 'ID',
  `j_id` int(11) NULL DEFAULT NULL COMMENT 'ID'
) ENGINE = InnoDB CHARACTER SET = utf8mb4 COLLATE = utf8mb4_general_ci ROW_FORMAT = Dynamic;

-- ----------------------------
-- Records of sys_t_user_org_job
-- ----------------------------
INSERT INTO `sys_t_user_org_job` VALUES (10233, 115, 1);
INSERT INTO `sys_t_user_org_job` VALUES (10235, 119, 1);
INSERT INTO `sys_t_user_org_job` VALUES (10236, 116, 12);
INSERT INTO `sys_t_user_org_job` VALUES (10237, 117, 12);
INSERT INTO `sys_t_user_org_job` VALUES (10238, 120, 12);
INSERT INTO `sys_t_user_org_job` VALUES (10234, 118, 1);
INSERT INTO `sys_t_user_org_job` VALUES (10239, 118, 14);

-- ----------------------------
-- Table structure for sys_t_user_procdef
-- ----------------------------
DROP TABLE IF EXISTS `sys_t_user_procdef`;
CREATE TABLE `sys_t_user_procdef`  (
  `u_id` varchar(300) CHARACTER SET utf8mb4 COLLATE utf8mb4_general_ci NULL DEFAULT NULL COMMENT 'ID',
  `p_id` varchar(64) CHARACTER SET utf8mb4 COLLATE utf8mb4_general_ci NULL DEFAULT NULL COMMENT 'ID'
) ENGINE = InnoDB CHARACTER SET = utf8mb4 COLLATE = utf8mb4_general_ci ROW_FORMAT = Dynamic;

-- ----------------------------
-- Records of sys_t_user_procdef
-- ----------------------------
INSERT INTO `sys_t_user_procdef` VALUES ('115#10233', 'leave:1:16');
INSERT INTO `sys_t_user_procdef` VALUES ('116#10236', 'leave:1:16');
INSERT INTO `sys_t_user_procdef` VALUES ('118#10234', 'leave:1:16');
INSERT INTO `sys_t_user_procdef` VALUES ('117#10237', 'leave:1:16');

SET FOREIGN_KEY_CHECKS = 1;
