/*
 Navicat Premium Data Transfer

 Source Server         : 本地
 Source Server Type    : MySQL
 Source Server Version : 50723
 Source Host           : localhost:3306
 Source Schema         : zzoa

 Target Server Type    : MySQL
 Target Server Version : 50723
 File Encoding         : 65001

 Date: 30/01/2019 18:31:53
*/

SET NAMES utf8mb4;
SET FOREIGN_KEY_CHECKS = 0;

-- ----------------------------
-- Table structure for act_evt_log
-- ----------------------------
DROP TABLE IF EXISTS `act_evt_log`;
CREATE TABLE `act_evt_log`  (
  `LOG_NR_` bigint(20) NOT NULL AUTO_INCREMENT,
  `TYPE_` varchar(64) CHARACTER SET utf8 COLLATE utf8_bin NULL DEFAULT NULL,
  `PROC_DEF_ID_` varchar(64) CHARACTER SET utf8 COLLATE utf8_bin NULL DEFAULT NULL,
  `PROC_INST_ID_` varchar(64) CHARACTER SET utf8 COLLATE utf8_bin NULL DEFAULT NULL,
  `EXECUTION_ID_` varchar(64) CHARACTER SET utf8 COLLATE utf8_bin NULL DEFAULT NULL,
  `TASK_ID_` varchar(64) CHARACTER SET utf8 COLLATE utf8_bin NULL DEFAULT NULL,
  `TIME_STAMP_` timestamp(3) NOT NULL DEFAULT CURRENT_TIMESTAMP(3) ON UPDATE CURRENT_TIMESTAMP(3),
  `USER_ID_` varchar(255) CHARACTER SET utf8 COLLATE utf8_bin NULL DEFAULT NULL,
  `DATA_` longblob NULL,
  `LOCK_OWNER_` varchar(255) CHARACTER SET utf8 COLLATE utf8_bin NULL DEFAULT NULL,
  `LOCK_TIME_` timestamp(3) NULL DEFAULT NULL,
  `IS_PROCESSED_` tinyint(4) NULL DEFAULT 0,
  PRIMARY KEY (`LOG_NR_`) USING BTREE
) ENGINE = InnoDB AUTO_INCREMENT = 1 CHARACTER SET = utf8 COLLATE = utf8_bin ROW_FORMAT = Dynamic;

-- ----------------------------
-- Table structure for act_ge_bytearray
-- ----------------------------
DROP TABLE IF EXISTS `act_ge_bytearray`;
CREATE TABLE `act_ge_bytearray`  (
  `ID_` varchar(64) CHARACTER SET utf8 COLLATE utf8_bin NOT NULL,
  `REV_` int(11) NULL DEFAULT NULL,
  `NAME_` varchar(255) CHARACTER SET utf8 COLLATE utf8_bin NULL DEFAULT NULL,
  `DEPLOYMENT_ID_` varchar(64) CHARACTER SET utf8 COLLATE utf8_bin NULL DEFAULT NULL,
  `BYTES_` longblob NULL,
  `GENERATED_` tinyint(4) NULL DEFAULT NULL,
  PRIMARY KEY (`ID_`) USING BTREE,
  INDEX `ACT_FK_BYTEARR_DEPL`(`DEPLOYMENT_ID_`) USING BTREE,
  CONSTRAINT `ACT_FK_BYTEARR_DEPL` FOREIGN KEY (`DEPLOYMENT_ID_`) REFERENCES `act_re_deployment` (`ID_`) ON DELETE RESTRICT ON UPDATE RESTRICT
) ENGINE = InnoDB CHARACTER SET = utf8 COLLATE = utf8_bin ROW_FORMAT = Dynamic;

-- ----------------------------
-- Records of act_ge_bytearray
-- ----------------------------
INSERT INTO `act_ge_bytearray` VALUES ('450215', 1, 'leave.png', '450214', 0x89504E470D0A1A0A0000000D49484452000005860000036F0802000000E6EF99530000325549444154789CECDD7F6CA4779D1F70871FC12010AE7A25A642614EFD231614D62A27EDFE811A07A9AC2BB5C4524FACDB3F8225042C3A1A5655C5995661AB1EE9AA2AA9B942B4D7C29ED52A579F4E0B960EA87B249C0F92DC36846421044C480E73493843089826219364373B7DE221D3617E3C3FC633FECCCCF37AE9ABD57AFCCCF879FC7CBFFE7EBEEF796666A20600000070E026A27700000000282391040000001040240100000004104900000000014412000000400091040000001040240100000004104900000000014412000000400091040000001040240100000004104900000000014412000000400091040000001040240100000004104900C0819AC821FDEE07B6AB000003A5AC0180DEE5C9175A4284CC4CA17DFB9EF30B008061A68E01803EDBE7650E1D3768BF511801008C3AD50C00F4599E4822E592876E776FBE5D1E01008C01050D00F4536F174174DBA087178600008C0A450C00F44D9E8060FF1B00008C07450F00F447CBCB2E325F7FD1ED62878E6F1BE1FA080060FC286500A00F3A060AE96F5439D1F6C91ADDEE95E7DD250000468E520600F62B258648C9170A4512AE920000C68F520600F6257F06D1F2A5AB2400809253CA0040EFF2C40729D183F7920000CA4C290300FD94191314DD6022F55D33A51200C0E852C700403F0D3A9268DF4C2A01008C28450C00F4D37E2289F69763B4FC3FE70B3D00004682220600000008209200000000028824000000800022090000002080480200000008209200000000028824000000800022090000002080480200000008209200000000028824000000800022090000002080480200000008209200A00FAAD5EAE6E6E6C99327E75E54A9542660F4253DB9D1AB931EBEB1B1B1BBBB1B3DE000604C882400D897CDCDCD858585C9C9C9FA826DF345DBDBDBD1BB067D90F4E446AF4E7AF8FCFCFCD4D454D2DBD7D7D7A3770D00469E4802801EEDECECD49F3AB636A36CEA49DCECECECD6D656F4BE00C008134900D08B8D8D8D999999646116BD2310E6FCF9F3B3B3B36B6B6BD13B0200A34A24014061EBEBEB7373735E510FD56A757171717575357A4700602489240028667B7B7B7676561E0175D56A756E6EEEDCB973D13B0200A34724014031478E1CB1FA8266DBDBDB333333D56A357A470060C488240028607D7D7D6161217A2F60E89C3871626565257A2F0060C488240028607E7E7E6363237A2F60E86C6D6DCDCCCC44EF05008C1891040079EDECEC4C4F4F47EF050C29AF690280A2441200E4E5551B90C26B3700A028910400795971410A991D001425920020AFB9B9B9CDCDCDE8BD8021E5ED2400A0289104007979A93CA4D8DEDEAE542AD17B0100A3442401405EC9722B597445EF050CAF89099515001460E20420AFA9A9A9DDDDDDE8BD80E125920080424C9C00E465B905E98C110028C4C409405E965B90CE180180424C9C00E465B905E98C110028C4C409405E965B90CE180180424C9C00E465B905E98C110028C4C409405E965B90CE180180424C9C00E465B905E98C110028C4C409405E965B90CE180180424C9C00E465B905E98C110028C4C409405E965B90CE180180424C9C00E465B905E98C110028C4C409405E965B90CE180180424C9C00E465B905E98C110028C4C409405E965B90CE180180424C9C00E465B905E98C110028C4C409405E965B90CE180180424C9C00E465B905E98C110028C4C409405E965B90CE180180424C9C00E465B905E98C110028C4C409405E965B90CE180180424C9C00E465B905E98C110028C4C409405E965B90CE180180424C9C00E465B905E98C110028C4C409405E965B90CE180180424C9C00E465B905E98C110028C4C409405E965B90CE180180424C9C106F2287F4BB1FD8AE527283EE6CC602A34E270480424C9CBDAB56AB6B6B6B8B8B8B737373954A254F253D9692634F7E030B0B0BABABABBBBBBBD1A765244D6495B02D1B649E9441EE6C678643DDD80F8789C147128536C83C2383D849BDBD6EEC7B7B6F26441200508489B3471B1B1B49359694A4B7DC72CBADB7DDF6E0430F3D77E142395B72ECC96FE0ECD9B3D75D775DF23B496AD3E893337A324BD88E1BB4DF18550A1B0EE5190E83EE63C33F16F4F6F2F4F6FCD6D6D6922E373939393B3B9BFC677A7A3AF9F755AF7AD5D6D656F4AE01C0B0134914B6BBBBBBB4B474F4E8D1871F79F8B90BCF69CDEDB19F3E96D4A6C92F67676727FA448D92FAF2A9DB5391B5EEEBABE6DB43F208C3A16CC3E1602289E11C0B7A7BD97A7B7E9FFFFCE7DBBBEB35D75CB3BEBE1EBD6B0030EC4412C52425E9ECECEC67CF7CE6B90BCF6ADDDA17BEF885C3870F6F6F6F479FAE9151E899E19CD7540F78975F60389470380CD55512073916F4F612F6F6FCAAD5EA2B5EF18AE65EF7D6B7BE757A7ADAEB5900209348A298A5A5A5BD92F4192DBDDD7ADB97AFBEFA1F469FAE91516819363C0C87120E87A18A240E92DE5EC2DE5EC8473FFAD197BDEC658D48E2831FFCE0F2F272F44E01C00818C675CED0DAD8D8387AF49D172E56B53CED23BFFBAF6FBCF1F7A24FDA6868ACB2BA3DC1DBBE0C8BBD3EA266389475381C5824315463416F2F676F2FEA8A2BAEA877BC63C78E552A956AB51ABD4700300244127925B54552613CF2E8F6858B4F6B79DA934FFDFCD0A1B77A73AF3CBA2DB7D29761E90F355086436987C3414612796E4FD9A57EEDAADE5EDADE5ED457BFFAD597BFFCE549C79B9F9FF72E120090934822AFD5D5D5A5A5A50B177FD968D7CCFF939467E79A35DFAB54EDC61BFFBD2B57F3E86D1916789584E150DAE1309C91C440C782DE5EDADEDE8377BCE31D137B9144F48E00C0C81049E4B5B0B070F6737FFCFF4BD2771EFD9B5AED87CFD7BE7FA1F69D676BDF7CB676F79317573EF7953F7BF417773D57FB3FD5DA5DD5DAEDBFAC7DF999DAEFDF7EDFFB8F7F20BC400C69DFB8E7DCECEC6CF4A9DBAFFADBEC0FF45DCA7A5B86A53FD440190EA51D0EC31949A43FD43EE9EDA5EDED3DD8D9D9493A5E09AF1001809E8924F29A9999B9FFFE7B2F5C7CAADE929AE3C95AEDA94BB55F5CACFDECB9DA2F6BB57FF56F3E36F192571F79E7C2A3176A0F3F5B7BF899DA76B5F6E0C5DA9FFCE537F79E2B7BAA84EDC9A71E9F9C9C8C3E75FBB2BBBB7BF5D5577FF6CC99B9B9B9C1A512CDCBAD8E4FF31EFC33C3E90C87720E87C495575E39D0846E08C782DE5EDADEDE9B83F9230C0063A36F2FB55D5F5F3F79F2E4C2C2C2DC8BE6E7E7935BD6D6D6C6E343B0A6A6A67EFAF8A3172E3E596F49CDF1CBE76BCF3EFFC2B72E5E7AE1DF3FFDD2FFFEBB7FEFEFFFDB8F7FE262ADF6C4C5DA2F2ED47E76A1961CF997BFFEADBDAAF4C972B6912ECEEA79C4DDDFB8E7B90B17937F07974A64FE963A3E639CF97CF2E0180E251C0EB50349E886702CE8EDE5ECEDF9A59440ABABAB3B3B3BD13B0800436DBF1543320D27F3EEE4E464321327B3EFD9B39FBBF5B6AFD4DB17BEF8A51B6EF8D8E2E26252CF1D3972249998FBB1C361F62ACB271A2DF9F2A98BB5C79FAE3DF7FCAF36480AF4FFFCA93FF8BDFFF4A9877FF442FD71E152EDB9BD6AF5CE6F7CB3E5BEA56AA35B9536E711F536B854629FCBB0F6CD06FD6B371CCA361C6A0795D00DE158D0DB4BD8DB734A4AA0A4F849B94EA76E7676F6F4E9D33E8003003AEABD62387FFE7C52922693F117BEF8A5C69AAD5BBBFD8E3BAFBBEE3DC9ACBCB9B9D9BF9D3F507B95E5FF6DB417AAD2E76B8FFDB2F6E3276B176AB5E79E7D76E6AAAB26265E3A3131F9DBFFFCBAE63BDE7DCFBD2DF72D551BD1AAB43D8F18682A91F25B6ABF04BDE5FF1DAF543F9048C27028CB70A81D6042378463416F2F5B6FCF2329668E1C3992194634AB542A3E860300DAF558319C3A756A7676F6D6DBBE921946B42CE792A2F6F8F1E3A3F85CC15E65F98B469BD8BB76F7F1A76B3F7AA2F693676A77DFFF57575C71C54B5F76F92B5FFB1B8BFFE2D7AAD2AF7FE39E96FB96AA8D6255DA2D8F18F4B51223C47028CF70A81D7842376CF4F652F5F64C4901B3B4B4D412372415D1473EF2BBCD178A26ED861B3E76F4E8D1962D171616C67EC8004021852B8664325E5C5C5C5E5E2E144634B74FDF7C7352C58EDCAB2BF72ACBDD464BBE7CFA52ED67D5179E287BEC99DA6D5FDF7ACBA1B7FDC6DF79DD6BA7FED61FFCF73F79A6567BF2D9DA2F9F7DE18EB79FFB7ACB7D4BD546AE2A4DCF234AB5124B6138946438D424747A7B997A7BA6A47469B938E2FAEB3FFCE0430FA5CC178FFDF4F1A4EC999E9E6EBE5CE2FCF9F3D1870200C3A258C550AD5693C9786D6DADE73CA2F13A8EE471B6B7B707735003919411172FFEBCD1EAC5565298FEE242EDE7CFD57EF4C4853BEFDB3EF40F7EEB9A7FF48F7FF26CEDC7D5DA4FAAB5C79FAD2575E9ED777DBDE5BEA56AA35595E6C923CAB3124B6138946138D424747BF4F692F4F64C49D152A9541AC9C2FCFC7C7A18D1124CDC70C3C71AF79D9C9C3C77EE5CF40101C0502856312C2E2EEE3F8F6854B1478E1C19A15770B4549673D75CFDADEF7EFFEEFBB6CE9DDFBAE39EAD3BEE7DE0CE6F3DF4E7777DE72FEFFBC157EF79E06BF77CEF8E7BBF77EE9B0FDCF7FDBFBEF9BF9E79F7B177875787AAD24CF9F38892ACC452180E633F1C6A12BA17E9ED65E8ED99EA4FC93432858FDF78630F95CF2DB7FCD1E4E464E35A8991BB5C140006A140C570EAD4A9FDBC5EA3BD9D3DFBB9858585C11D5B7FED55A53F6B6EBFF33B1F687BFBAA0EFED96FFF76CB1D4BD546A52A2D9A4794612596C27018EFE15093D035D1DBC7BEB7E7B1B8B8D838B349F5B29FE763A6A6A6EA8F930C99E8C3028078792B86F3E7CFCFCECEF6318FA8B7F7BFFF03A74F9F1EE811F6CB5E55FAB856B48D4455DA5B1E31F62BB11486C3180F879A84EED7E9EDE3DDDBF3585F5F6FE411BD5D1FD1DCBEF0C52F351E6D656525FAE0002058DE8A617676B6B7055B7A7BF89147DFF8C6CA48BC7CE385AAF4F99F6A45DBF057A5EDABAFA45EBCEAAA996E2F127EECA78F1F3A74E8B367CE8CFD4A2C85E130AEC3A126A16BA3B78F716FCF292981EA09C2FCFC7C5F8A9FC6FB4A4C4F4F8F440904008393AB62585F5F5F5858E87B1E516FD75FFFE191789660AF2A7D4C2BDA86BC2AED9847D45FEBFBC63756DA53897A1E512F25CB9C4A180E63391C6A12BA4EF4F671EDED39ADADADD5FFE62753C3C38F3CDA97CAE789279F6A7C06C7891327A20F110022E5AA1892FAF2D6DBBE32A0482299E0938979D0C7B97F7B55E94FB4A26D98ABD2943CA2AE259568CE234A9E4A180EE3371C6A12BA2EF4F6B1ECEDF9259DB9DEC9AFBFFEC37D2C7E9221537FD8A9A9A9E843048048D91543525626F3E580F2887A3B7CF8F0F07F1AD65E55FA63AD681BDAAAB47DF5D5FCB4557B2AD19E47B43F6936662BB11486C3980D879A84AE3BBD7DFC7A7B7E491F6EF4F07E5D22D168C998AA3FF2E6E666F481024098EC8A61757575696969A091C4C76FBC717979F9008E36D3DADADAF6F676C76FED55A53B395BE6C6F91FADD09629FAF2533A6E967EDF83AF4A534E6243B757CB37BF177AF34AEC9E7BEFED9847246BB6F647189B95586FC3A1F95B997D63A003C770A8E51B0E3509DD3EFEF8F7DC5BF4F6E19172F69312A8FE6B4C3A73DF8B9FF7BFFF571FDD322425100084C8AE188E1F3F7EFAF4E9814612B7DEF69561F828AC071E78A05E1CBCE635AF397BF66CCB77D3D760F5EF36B6C953E4152D04336BCDF43DECCBFE743CC0A1AA4AD34F625DFABBF7754C252EBFFCF2F6D5577B1E318A2BB16EF6331C72F6C9F6CE9CB994321CFA78121B24743DF7F69CBD456F1F66E9673F2981EADFDDFF076D742C7EEA0F7EE4C8919063078061905D31CCCFCF775B7AF5AB3DF8D04349997B00479BAE5AADBEE4252FA9D7072F7FF9CBDFFCE637373F6DB2577BFD4D736B2A0D7FEDC6C6BF1D374ED77EAFF6476BDF2CFDF6BEEF4FCB03A6FCDCFA7787E724D6F27D9A40C79558B3943C62B45662298A0E87949E96BE597BA74A7F70C3A15F27B14E4257DBC71FFF3C5D456F1F72E9673F2981EADF1A442194143FF507AF54E24B200088925D310CE8E33F9BDB134F3E9554B40770B4995A2E547EE52B5FF9DEF7BEB7FE015DC997CF3FFFA3F6D6727BFDCBF68DBBDD3D7D9BC62DEDFFE978F714FBDC9F96876AF956CA631E7C559A7212F37FBA614A2A9199478CD04A2CDDFE8743CE9E56B4431A0E7D398935095D931E7A7BD14EAEB70FAD94B3DFF8F8CF0115428D1F1AFD3B008030D9B3603255F7FD2D9D3ACECA8D37B51E5ACF3FFF687B6BDCDEBC41CAC6F91FBC7E63F3E3A7DFA5DB0FCDB941E6DDD30F36E59087E7CC26ABAFFC9F1DF3E79B7FF1D297BEB4E5112EBBECB23367FE30E723D45F91343C87DF5FF9BB50FBED3DFC8809C3A1DF0E3EA17BFBDBDF7EC0C7D82FFBEC4B457FC484DE3E341A6945B7CFC1DD676B3CFE01147C00309CB267C19999996FDF7FFF0144120770B4995EFBDAD7360A91853D4945B5B5B555FBD513658F345A7BE152BFB1F1DDE68D5B5AF377BB6DD9719BF43BA6FFD0F60D324BB194476839EA941F7DF06736E5249E3F7F3E59833DF6D3C7333B64C777EFABEBF869881D1F21F9B9C94F3CE0C3EFA3FCC3A1509FCFD357537ABBE1D0AF931892D01DF0E1E757A8B7EFA7F3EBED4328E5EC272550FDF60115428D0FB589FE1D004098EC59309998F397ADBDB521792F89C6677D2525C8FBDEF7BEE4DFB5B5B5C677F70AAF87DB5BF3ED8DFF77DBB8E3B75236EEB865F3BFED1B64159A5D7F6EFA97290798BEFF075C69A59FC45ABE5422258FA8CB4C25C6208F28341C1A7D32A5D775ECF999BDD47018DC4994D035F4F6C7BFD0DF70BD7D68A59FFDC6851E8328849271517FF0A9A9A9C0DF0000C4CAAE189696969A3F6D7E10EDF63BEE3C7CF8F0011C6DBA1FFEF087939393F3F3F3954A657979B9E595CF7BB5D75FB7B4174BBDCEB7B77F2BB55EECFA208D0DDAFFCDD3BA6DD9727BFA972DC7DBFCDDF43D39E0AA34FD24D6A5AFC43AAEBE2EBBECB2965B52566243BEFACAA987E190BF23A5F7B16E1B1B0EFD3D893509DD8B7AFEE3DF91DE1ED2DB7B967EF69312A87EEC9FBEF9E6BE173FDFBEFFFEFA83CFCECE461D3E0084CBAE18565656AEBFFEC3038D243E7BE6CC75D7BD67F0079B6D7D7D7D7575B5E3E793A757A51D8BC8FCC562E6F603AA4AD3753BD221AF4A534E6243B79558C7D55752ADFEFE7FF954C74F436C5F890DFFEA2BBFA2C321FFF226BD07E6ECD286C33E4F629D84AEAEB7DE9EE7A4EBEDC32FE5EC9F3A75AA7EF84995D2F7E2E7E337DE587FF0C5C5C5033F68001816D915433249572A95814612478F1EDDD8D83880A3DD8FBDDAEB87CDAD7E4BF3BF2DDF4A6F79B669D932FD27E691B203790EA1654FF21CC8D056A5ED2BB16E7944FDDDFB3ABEC35FCB4A6C54565FFB9772D2F38F85FC43C0701828095DBACC8E9AA727EBED236A6B6BABFE0B4CFAFC134F3ED5DFE2271977F5075F5D5D8D3E50000893AB6218E83B5C26737C32D3373E946E68BD507B5DDA6EB4C6972DB7A7DC58BFBD6BBDD865FBF69FD57263E68FCEB965FA972947DDEDF11BDF8D3E755DB5AFC4AEBBEE3DCD27A5E5D304DA5389A3478F368AD4F1587DE5B4FFEE67380C15095D8AF4739A79D2F5F65157A954EA67EAECD9CFF5B1F849064BA30F0CF947E402C040E5AA1806FADA8D4FDC7453F2E0833ECEFDDBABBD7ED0DE3ADEDE6DE3A2DBB46F56FF32FDBE1DEFD271B374298FDCBC1B2D37B6DF25FAD4A54949253A7EBA61F34AACB47944ADCB70283A160A8D29C361D02474DD64FEADDECF1F7CBD7DF82D2F2FD77F2D870E1DEAE38512EFBAF6DAFAC32E2C2C441F220044CA553154ABD54AA5F2F0238FF63D8F4866F737BEB1B2B3B333E8E3DCBFBD92EBAFDA5BC7DBBB6D5C749B962D9BEF9272F7966FE5DCF33CF76ADE93F6BDEA7697E85397A1E34AAC631ED1BC121BD7D5574EEDE7BAD00069EE455D5644864300095D47997FAB73FEC1D7DB47D4EEEEEEF4F474FDC03F7EE38D7D297E6EBFE3CE4607189B910200BDC95B31ACADADBDFBD8B1BE4712A3728944ED5755E943EDADE3EDED37A6D4A3BF5E9B76FD112DDFEDB671C71F9AB965E603B63C54FBCE74FB41235195B6AFC492B5564ABFFDF6FDF78FEBEA2BA73CBD31B3EF151A5386C3C190D0B5EB767E0BFD31D7DB47DACACA4AFD3093B1B0FF4F037DF0A1871A19C7F1E3C7A30F0E008215A818DE75EDB5FD7D2165B2AEAB5F0639B8C3EBA3BD92EB41AD681B95AA34CFA721B6B7F15B7DE564388CF17090D0B5D0DBC7B8B7E777E4C8917A88303D3D9DFEA9B7E92D192C8D7769491E6A24AE120580812A5031ECEEEE1E3E7CB85FEF73597FEFB4645E1FDCB1F5D75E55FA7DAD681BA1AAB4682A3196ABAF9C0C87F11E0E12BA667AFB78F7F69CB6B7B71B2F539A9E9E4ECFE9BAB5871F79B491474C4E4E6E6E6E461F1600C42B56316C6D6D1D3E7C783FCF0F342AD7775D7BED17BEF8A5011DD520A84ACB5095E65F898DEBEA2B27C361EC878384AE416F1FFBDE9ED3E6E666E3852A9393939FBEF9E64295CFED77DCD978BD4662656525FA8000602814AE18928AF3D0A143C9CCDA731EF1EDFBEF3F7CF8F068E511B5BDAAF4D2A507B4A26DE4AAD23C2BB1315E7DE5643894613848E8EAF4F632F4F69CD6D7D79B3F68262987BABDCD4ACBC511EF3E76ACF9AD46E41100D0D04BC5B0BBBB9BD4A937DCF0B1A297F53EF1E4539FB8E9A6FAAB3FFA7E2483B657957E4F2BDA46B12A4D5F898DF7EA2B27C3A124C3414257D3DB4BD3DB73DADADA9A999969CE170E1D3A945444ED2F6B7DF891473F7DF3CD478F1E6DDE786A6ACAEB3500A0598F1543B55A4D26E0ABAE9AF9C44D37E5FC98EECF9E39936C7FFDF51F4EEAD7FE1EC3C1D8AB4AB7B4A26D44ABD26E2BB1B15F7DE5643894673848E8F4F6F2F4F69C7677774F9E3C39393939D1C9E1C387BB7D6B7171D1FB5902408B7D550CC9CC7AE2C489A9A9A9775D7BED67CF9C697FB7A7E4965B6EF9A3771F3B966C73DD75EFD9DEDEEED36E07D8AB4ABFAB156DA35B95B6AFC4CAB0FACAC97028D570287942A7B797AAB7E79794404B4B4B1DA38776C9483977EE5CF42E03C030EA43C550AD56D7D7D79389B9F13ED2CD5733BEFBD8B1B5B5B5DDDDDDFDFFA0589393934F3F7DEFA54BDFD10AB591AE4A9B576225597DE56438946D389439A1D3DBCBD6DB0B494AA0A4C8494AA0D9D9D99612A852A92C2C2C9C3E7DDA95110090A21415435F24B5C50F7EF067972EDDAF156AA35E95D657620F3EF45049565F39190E251C0EA54DE8F4F612F6F6FD585A5A8ADE0500182525AD187A303F3FFFBF364E5FAA7D5BCBDFBEBBF5A7333333D1A76EBF927557B22629C9EA2B27C3A19CC3A19C099DDE5ECEDEDE9BBBEEBA6B6262620CAE0C0580032392C8EBD4A953CBCBEF0DAFF346ABFDE1EAC7C7E3F9A2F1388A3E321C4A3B1C4A98D0E9EDA5EDED3DB8F2CA2B2726263EF4A10F45EF08008C0C91445EDBDBDB3333BFF974F5EE4BB5FBB49C6D61E11DEBEBEBD1A7AE0F4A7B0572378643998743D9E8ED7A7B4E9FFCE427EBEF22F1FAD7BFBE54B11D00EC87855601275F70FC52ED5B5A9EF63FD7FEE3E2E27CF449EB0F91443BC3A1B4C3A184F476BD3DD3EEEE6EE3B33F2FBFFCF2B7BDED6DD17B0400A3C142AB806AB53A37F75BE7CEFD8F5AED9B5A7ADBD9B96D66E63777776F8F3E69FD21926867389476389490DEAEB7675A585868FEB88D2BAFBC727575357AA7006004586815B3B5B5353B7BD5D6D67AAD765EEBD692923429DF37373F137DBAFA4624D191E150CEE1504E7ABBDE9E62777777A2CD1BDEF0866AB51ABD6B0030EC2CB40A3B77EE5C52989E3AF52F6BB57BB5F6B6BE7ED3CC4C6573F3BF459FA87E12497463389470389496DEAEB777F399CF7CA61E43BCE52D6F6944126F7AD39B363737A3770D00869D85562FAAD5EAF2F2D2DCDCDB5657FFDDCECE976BB57BB4DDDDBF585BFB0F8B8B471716E692FF479FA23E1349A4301CCA361CCA4C6FD7DB3BFADAD7BEF6EA57BFBA52A94C4D4D25F3C5F49ED7BDEE75220900C864A1D5BBA4D4585AFAA7D3D37FBBFD72CD129A9A7ACDE2E23B93C234FAB40CC48448228BE1D06CBC87037A7B33BDBDEEFCF9F3DBDBDBB517E78BE4FF3E740300F2B0D0826C1322090072305F004021264EC8A6C404200FF305001462E2846C4A4C00F2305F004021264EC8A6C404200FF305001462E2846C4A4C00F2305F004021264EC8A6C404200FF305001462E2846C4A4C00F2305F004021264EC8A6C404200FF305001462E2846C4A4C00F2305F004021264EC8A6C404200FF305001462E2846C4A4C00F2305F004021264EC8A6C404200FF305001462E2846C4A4C00F2305F004021264EC8A6C404200FF305001462E2846C4A4C00F2305F004021264EC8A6C404200FF305001462E2846C4A4C00F2305F004021264EC8A6C404200FF305001462E2846C4A4C00F2305F004021264EC8A6C404200FF305001462E2846C4A4C00F2305F004021264EC8A6C404200FF305001462E2846C4A4C00F2305F004021264EC8A6C404200FF305001462E2846C4A4C00F2305F004021264EC8A6C404200FF305001462E2846C4A4C00F2305F004021264EC8A6C404200FF305001462E2846C4A4C00F2305F004021264EC8A6C404200FF305001462E2846C4A4C00F2305F004021264EC8A6C404200FF305001462E2846C4A4C00F2305F004021264EC8A6C404200FF305001462E2846C4A4CCA602287F4BB1FD8AEC2D0321000A01013276453623272F2E40B2D1D3BB39FB76FDF737E01E34ACF0780424C9C904D89C978D8E7650E1D3768BFD178A1CCF47F0028C4C409D994988C873C9144CA250FDDEEDE7CBBC142C919020050888913B229311903BD5D04D16D831E5E180265A0DB034021264EC8A6C464D4E50908F6BF016098004021264EC8A6C464A4B5BCEC22F3F517DD2E76E8F8B611AE8F80663A3F001462E2846C4A4C4657C740A16397EE163DA44712E93F14CA46E70780424C9C904D89C9884A892152F285429184AB24A099CE0F00859838219B129351943F8368F9D25512D0339D1F000A317142B6C9C9C96AB51ABD1750409EF820257AF05E12D01B9D1F000A317142B64AA5B2BDBD1DBD17B02F992BA5A21B4CA4BE6BA68519E5A4E7034021264EC8363B3B7BFEFCF9E8BD807D197424D1BE99B51965B3B3B3333D3D1DBD1700304AD48B906D6E6E6E7373337A2F605FF61349B4BF1CA3E5FF395FE801E36D7B7BBB52A944EF05008C12F522645B5A5A5A5D5D8DDE0B0086DAC6C6C6FCFC7CF45E00C028114940B6D5D5D5A5A5A5E8BD0060A89DDC13BD1700304A4412906D6B6B6B6666267A2F00186AF3F3F31B1B1BD17B0100A3442401B978874B0052ECECEC542A159F180D00858824209795959513274E44EF050043CA3401003D1049402ED56AB552A9ECECEC44EF080043C71C0100BD1149405E9B9B9B737373D17B01C0D0F1C14C00D01B91041470F2E449D7E502D06C6565E5F8F1E3D17B010023492401C52C2F2FCFCFCFEFEEEE46EF0800C1AAD5EAD2D2923C02007A269280C23636362A95CAC99327BD6C18A09C76777757565692B9C0EB3500603F4412D08BA4183D79F264528CCECFCF27FFD9DCDC8CDE2300062EF96B7FEAD4A9858585E4EFFF89132704D300B04F2209E85DB55ADDD8D83879F2E4DCDCDC0400E32EF96BBFBCBCBCBEBEEEE57B00D0172209000000208048020000000820920000000002882400000080002209000000208048020000000820920000000002882400000080002209000000208048020000000820920000000002882400000080002209000000208048020000000820920000000002882400000080002209000000208048020000000820920000000002882400000080002209000000208048020000000820920000000002882400000080002209000000208048020000000820920000000002882400000080002209000000208048020000000820920000000002882400000080002209000000208048020000000820920000000002882400000080002209000000208048020000000820920000000002882400000080002209000000208048020000000820920000000002882400000080002209000000208048020000000820920000000002882400000080002209000000208048020000000820920000000002882400000080002209000000208048020000000820920000000002882400000080002209000000208048020000000820920000000002882400000080002209000000208048020000000820920000000002882400000080002209000000208048020000000820920000000002882400000080002209000000208048020000000820920000000002882400000080002209000000208048020000000820920000000002882400000080002209000000208048020000000820920000000002882400000080002209000000208048020000000820920000000002882400000080002209000000208048020000000820920000000002882400000080002209000000208048020000000820920000000002882400000080002209000000208048020000000820920000000002882400000080002209000000208048020000000820920000000002882400000080002209000000208048020000000820920000000002882400000080002209000000208048020000000820920000000002882400000080002209000000208048020000000820920000000002882400000080002209000000208048020000000820920000000002882400000080002209000000208048020000000820920000000002882400000080002209000000208048020000000820920000000002882400000080002209000000208048020000000820920000000002882400000080002209000000208048020000000820920000000002882400000080002209000000208048020000000820920000000002882400000080002209000000208048020000000820920000000002882400000080002209000000208048020000000820920000000002882400000080002209000000208048020000000820920000000002882400000080002209000000208048020000000820920000000002882400000080002209000000208048020000000820920000000002882400000080002209000000208048020000000820920000000002882400000080002209000000208048020000000820920000000002882400000080002209000000208048020000000820920000000002882400000080002209000000208048020000000820920000000002882400000080002209000000208048020000000820920000000002882400000080002209000000208048020000000820920000000002882400000080002209000000208048020000000820920000000002882400000080002209000000208048020000000820920000000002882400000080002209000000208048020000000820920000000002882400000080002209000000208048020000000820920000000002882400000080002209000000208048020000000820920000000002882400000080002209000000208048020000000820920000000002882400000080002209000000208048020000000820920000000002882400000080002209000000208048020000000820920000000002882400000080002209000000208048020000000820920000000002882400000080002209000000208048020000000820920000000002882400000080002209000000208048020000000820920000000002882400000080002209000000208048020000000820920000000002882400000080002209000000208048020000000820920000000002882400000080002209000000208048020000000820920000000002882400000080002209000000208048020000000820920000000002882400000080002209000000208048020000000820920000000002882400000080002209000000208048020000000820920000000002882400000080002209000000208048020000000820920000000002882400000080002209000000208048020000000820920000000002882400000080002209000000208048020000000820920000000002882400000080002209000000208048020000000820920000000002882400000080002209000000208048020000000820920000000002882400000080002209000000208048020000000820920000000002882400000080002209000000208048020000000820920000000002882400000080002209000000208048020000000820920000000002882400000080002209000000208048020000000820920000000002882400000080002209000000208048020000000820920000000002882400000080002209000000208048020000000820920000000002882400000080002209000000208048020000000820920000000002882400000080002209000000208048020000000820920000000002882400000080002209000000208048020000000820920000000002882400000080002209000000208048020000000820920000000002882400000080002209000000208048020000000820920000000002882400000080002209000000208048020000000820920000000002882400000080002209000000208048020000000820920000000002882400000080002209000000208048020000000820920000000002882400000080002209000000208048020000000820920000000002882400000080002209000000208048020000000820920000000002882400000080002209000000208048020000000820920000000002882400000080002209000000208048020000000820920000000002882400000080002209000000208048020000000820920000000002882400000080002209000000208048020000000820920000000002882400000080002209000000208048020000000820920000000002882400000080002209000000208048020000000820920000000002882400000080002209000000208048020000000820920000000002882400000080002209000000208048020000000820920000000002882400000080002209000000208048020000000820920000000002882400000080002209000000208048020000000820920000000002882400000080002209000000208048020000000820920000000002882400000080002209000000208048020000000820920000000002882400000080002209000000208048020000000820920000000002882400000080002209000000208048020000000820920000000002882400000080002209000000208048020000000820920000000002882400000080002209000000208048020000000820920000000002882400000080002209000000208048020000000820920000000002882400000080002209000000208048020000000820920000000002882400000080002209000000208048020000000820920000000002882400000080002209000000208048020000000820920000000002882400000080002209000000208048020000000820920000000002882400000080002209000000208048020000000820920000000002882400000080002209000000208048020000000820920000000002882400000080002209000000208048020000000820920000000002882400000080002209000000208048020000000820920000000002882400000080002209000000208048020000000820920000000002882400000080002209000000208048020000000820920000000002882400000080002209000000208048020000000820920000000002882400000080002209000000208048020000000820920000000002882400000080002209000000208048020000000820920000000002882400000080002209000000208048020000000820920000000002882400000080002209000000208048020000000820920000000002882400000080002209000000208048020000000820920000000002882400000080002209000000208048020000000820920000000002882400000080002209000000208048020000000820920000000002882400000080002209000000208048020000000820920000000002882400000080002209000000208048020000000820920000000002882400000080002209000000208048020000000820920000000002882400000080002209000000208048020000000820920000000002882400000080002209000000208048020000000820920000000002882400000080002209000000208048020000000820920000000002882400000080002209000000208048020000000820920000000002882400000080002209000000208048020000000820920000000002882400000080002209000000208048020000000820920000000002882400000080002209000000208048020000000820920000000002882400000080002209000000208048020000000820920000000002882400000080002209000000208048020000000820920000000002882400000080002209000000208048020000000820920000000002882400000080002209000000208048020000000820920000000002882400000080002209000000208048020000000820920000000002882400000080002209000000208048020000000820920000000002882400000080002209000000208048020000000820920000000002882400000080002209000000208048020000000820920000000002882400000080002209000000208048020000000820920000000002882400000080002209000000208048020000000820920000000002882400000080002209000000208048020000000820920000000002882400000080002209000000208048020000000820920000000002882400000080002209000000208048020000000820920000000002882400000080002209000000208048020000000820920000FE5F3B762C0000000030C8DF7A187B0A230080819200000000064A0200000018280900000060A02400000080819200000000064A0200000018280900000060A02400000080819200000000064A0200000018280900000060A02400000080819200000000064A0200000018280900000060A02400000080819200000000064A0200000018280900000060A02400000080819200000000064A0200000018280900000060A02400000080819200000000064A0200000018280900000060A02400000080819200000000064A0200000018280900000060A02400000080819200000000064A0200000018280900000060A02400000080819200000000064A0200000018280900000060A02400000080819200000000064A0200000018280900000060A02400000080819200000000064A0200000018280900000060A02400000080819200000000064A0200000018280900000060A02400000080819200000000064A0200000018280900000060A02400000080819200000000064A0200000018280900000060A02400000080819200000000064A0200000018280900000060A02400000080819200000000064A0200000018280900000060A02400000080819200000000064A0200000018280900000060A02400000080819200000000064A0200000018280900000060A02400000080819200000000064A0200000018280900000060A02400000080819200000000064A0200000018280900000060A02400000080819200000000064A0200000018280900000060A02400000080819200000000064A0200000018280900000060A02400000080819200000000064A0200000018280900000060A02400000080819200000000064A0200000018280900000060A02400000080819200000000064A0200000018280900000060A02400000080819200000000064A0200000018280900000060A02400000080819200000000064A020000001828090000006010722945F81F25D6C60000000049454E44AE426082, 0);
INSERT INTO `act_ge_bytearray` VALUES ('450216', 1, 'leave_startevent1.html', '450214', 0x3C666F726D20636C6173733D226C617975692D666F726D206D61696E206C617975692D75706C6F616422206C61792D66696C7465723D226C65617665223E0D0A202020202020203C64697620636C6173733D226C617975692D666F726D2D6974656D223E0D0A20202020202020202020203C6C6162656C20636C6173733D226C617975692D666F726D2D6C6162656C223E3C7370616E207374796C653D22636F6C6F723A7265643B223E2A3C2F7370616E3EE794B3E8AFB7E4BABA3C2F6C6162656C3E0D0A20202020202020202020203C64697620636C6173733D226C617975692D696E7075742D696E6C696E65223E0D0A2020202020202020202020202020203C696E70757420747970653D227465787422206E616D653D2273717222206C61792D7665726966793D2272657175697265642220726561646F6E6C793D22726561646F6E6C792220706C616365686F6C6465723D22E794B3E8AFB7E4BABA22206175746F636F6D706C6574653D226F66662220636C6173733D226C617975692D696E707574223E0D0A20202020202020202020203C2F6469763E0D0A20202020202020202020203C6C6162656C20636C6173733D226C617975692D666F726D2D6C6162656C223E3C7370616E207374796C653D22636F6C6F723A7265643B223E2A3C2F7370616E3EE983A8E997A8E5908DE7A7B03C2F6C6162656C3E0D0A20202020202020202020203C64697620636C6173733D226C617975692D696E7075742D696E6C696E65223E0D0A2020202020202020202020202020203C696E70757420747970653D227465787422206E616D653D22626D6D6322206C61792D7665726966793D2272657175697265642220726561646F6E6C793D22726561646F6E6C792220706C616365686F6C6465723D22E983A8E997A8E5908DE7A7B022206175746F636F6D706C6574653D226F66662220636C6173733D226C617975692D696E707574223E0D0A20202020202020202020203C2F6469763E0D0A202020202020203C2F6469763E0D0A202020202020203C64697620636C6173733D226C617975692D666F726D2D6974656D223E0D0A20202020202020202020203C6C6162656C20636C6173733D226C617975692D666F726D2D6C6162656C223E3C7370616E207374796C653D22636F6C6F723A7265643B223E2A3C2F7370616E3EE794B3E8AFB7E697A5E69C9F3C2F6C6162656C3E0D0A20202020202020202020203C64697620636C6173733D226C617975692D696E7075742D696E6C696E65223E0D0A2020202020202020202020202020203C696E70757420747970653D227465787422206E616D653D22737172712220726561646F6E6C793D22726561646F6E6C7922206C61792D7665726966793D22726571756972656422206175746F636F6D706C6574653D226F66662220636C6173733D226C617975692D696E707574223E0D0A20202020202020202020203C2F6469763E0D0A20202020202020202020203C6C6162656C20636C6173733D226C617975692D666F726D2D6C6162656C223E3C7370616E207374796C653D22636F6C6F723A7265643B223E2A3C2F7370616E3EE8AFB7E58187E7B1BBE588AB3C2F6C6162656C3E0D0A20202020202020202020203C64697620636C6173733D226C617975692D696E7075742D696E6C696E65223E0D0A2020202020202020202020202020203C73656C6563742069643D22716A6C7822206E616D653D22716A6C7822206C61792D7665726966793D227265717569726564223E3C2F73656C6563743E0D0A20202020202020202020203C2F6469763E0D0A202020202020203C2F6469763E0D0A202020202020203C64697620636C6173733D226C617975692D666F726D2D6974656D223E0D0A20202020202020202020203C6C6162656C20636C6173733D226C617975692D666F726D2D6C6162656C223E3C7370616E207374796C653D22636F6C6F723A7265643B223E2A3C2F7370616E3EE5BC80E5A78BE697A5E69C9F3C2F6C6162656C3E0D0A20202020202020202020203C64697620636C6173733D226C617975692D696E7075742D696E6C696E65223E0D0A2020202020202020202020202020203C696E70757420747970653D2274657874222069643D226B73727122206E616D653D226B73727122206C61792D7665726966793D2272657175697265642220706C616365686F6C6465723D22E5BC80E5A78BE697A5E69C9F22206175746F636F6D706C6574653D226F6666220D0A20202020202020202020202020202020202020636C6173733D226C617975692D696E707574223E0D0A20202020202020202020203C2F6469763E0D0A20202020202020202020203C6C6162656C20636C6173733D226C617975692D666F726D2D6C6162656C223E3C7370616E207374796C653D22636F6C6F723A7265643B223E2A3C2F7370616E3EE7BB93E69D9FE697A5E69C9F3C2F6C6162656C3E0D0A20202020202020202020203C64697620636C6173733D226C617975692D696E7075742D696E6C696E65223E0D0A2020202020202020202020202020203C696E70757420747970653D2274657874222069643D226A73727122206E616D653D226A73727122206C61792D7665726966793D2272657175697265642220706C616365686F6C6465723D22E7BB93E69D9FE697A5E69C9F22206175746F636F6D706C6574653D226F6666220D0A20202020202020202020202020202020202020636C6173733D226C617975692D696E707574223E0D0A20202020202020202020203C2F6469763E0D0A202020202020203C2F6469763E0D0A202020202020203C64697620636C6173733D226C617975692D666F726D2D6974656D206C617975692D666F726D2D74657874223E0D0A20202020202020202020203C6C6162656C20636C6173733D226C617975692D666F726D2D6C6162656C223EE8AFB7E58187E79086E794B13C2F6C6162656C3E0D0A20202020202020202020203C64697620636C6173733D226C617975692D696E7075742D626C6F636B223E0D0A2020202020202020202020202020203C7465787461726561206E616D653D22716A6C792220706C616365686F6C6465723D22E8AFB7E58187E79086E794B12220636C6173733D226C617975692D746578746172656122207374796C653D2277696474683A35303070783B6D696E2D6865696768743A20373070783B223E3C2F74657874617265613E0D0A20202020202020202020203C2F6469763E0D0A202020202020203C2F6469763E0D0A202020202020203C64697620636C6173733D226C617975692D666F726D2D6974656D206C617975692D666F726D2D74657874223E0D0A0909093C6C6162656C20636C6173733D226C617975692D666F726D2D6C6162656C223EE59BBEE789873C2F6C6162656C3E0D0A0909093C696E70757420747970653D227465787422206E616D653D27696D674E616D652720636C6173733D226C617975692D68696465222076616C75653D22223E0D0A2020202020202020202020202020203C64697620636C6173733D226C617975692D696E6C696E6520696D672D75702D626F78223E0D0A0909090920203C627574746F6E20747970653D22627574746F6E222069643D22696D675F7570223E3C6920636C6173733D2266612066612D706C7573223E3C2F693E3C2F627574746F6E3E200D0A0909093C2F6469763E0D0A202020202020203C2F6469763E0D0A202020202020203C64697620636C6173733D226C617975692D666F726D2D6974656D206C617975692D666F726D2D74657874223E0D0A2020202020202020202020202020203C6C6162656C20636C6173733D226C617975692D666F726D2D6C6162656C223E3C7370616E207374796C653D22636F6C6F723A7265643B223E2A3C2F7370616E3EE5AEA1E689B9E4BABA3C2F6C6162656C3E0D0A0909093C64697620636C6173733D226C617975692D696E6C696E65222069643D22737072223E0D0A090909093C6469762069643D227370725F616464223E0D0A09090909093C6920636C6173733D2266612066612D706C7573223E3C2F693E0D0A090909093C2F6469763E0D0A0909093C2F6469763E0D0A202020202020203C2F6469763E0D0A202020202020203C64697620636C6173733D226C617975692D666F726D2D6974656D223E0D0A20202020202020202020203C64697620636C6173733D226C617975692D696E7075742D626C6F636B223E0D0A2020202020202020202020202020203C627574746F6E20636C6173733D226C617975692D62746E206C617975692D62746E2D7072696D61727922206C61792D7375626D6974206C61792D66696C7465723D227371222069643D227371223EE794B3E8AFB73C2F627574746F6E3E0D0A20202020202020202020203C2F6469763E0D0A202020202020203C2F6469763E0D0A3C2F666F726D3E, 0);
INSERT INTO `act_ge_bytearray` VALUES ('450217', 1, 'leave_usertask3.html', '450214', 0x3C666F726D20636C6173733D226C617975692D666F726D206D61696E206C617975692D75706C6F616422206C61792D66696C7465723D226C65617665223E0D0A20202020203C64697620636C6173733D226C617975692D666F726D2D6974656D223E0D0A2020202020202020203C6C6162656C20636C6173733D226C617975692D666F726D2D6C6162656C223E3C7370616E207374796C653D22636F6C6F723A7265643B223E2A3C2F7370616E3EE794B3E8AFB7E4BABA3C2F6C6162656C3E0D0A2020202020202020203C64697620636C6173733D226C617975692D696E7075742D696E6C696E65223E0D0A202020202020202020202020203C696E70757420747970653D2274657874222076616C75653D22247B7371727D22206C61792D7665726966793D2272657175697265642220726561646F6E6C793D22726561646F6E6C792220706C616365686F6C6465723D22E794B3E8AFB7E4BABA22206175746F636F6D706C6574653D226F66662220636C6173733D226C617975692D696E707574223E0D0A2020202020202020203C2F6469763E0D0A2020202020202020203C6C6162656C20636C6173733D226C617975692D666F726D2D6C6162656C223E3C7370616E207374796C653D22636F6C6F723A7265643B223E2A3C2F7370616E3EE983A8E997A8E5908DE7A7B03C2F6C6162656C3E0D0A2020202020202020203C64697620636C6173733D226C617975692D696E7075742D696E6C696E65223E0D0A202020202020202020202020203C696E70757420747970653D2274657874222076616C75653D22247B626D6D637D22206C61792D7665726966793D2272657175697265642220726561646F6E6C793D22726561646F6E6C792220706C616365686F6C6465723D22E983A8E997A8E5908DE7A7B022206175746F636F6D706C6574653D226F66662220636C6173733D226C617975692D696E707574223E0D0A2020202020202020203C2F6469763E0D0A20202020203C2F6469763E0D0A20202020203C64697620636C6173733D226C617975692D666F726D2D6974656D223E0D0A2020202020202020203C6C6162656C20636C6173733D226C617975692D666F726D2D6C6162656C223E3C7370616E207374796C653D22636F6C6F723A7265643B223E2A3C2F7370616E3EE794B3E8AFB7E697A5E69C9F3C2F6C6162656C3E0D0A2020202020202020203C64697620636C6173733D226C617975692D696E7075742D696E6C696E65223E0D0A202020202020202020202020203C696E70757420747970653D2274657874222076616C75653D22247B737172717D2220726561646F6E6C793D22726561646F6E6C7922206C61792D7665726966793D22726571756972656422206175746F636F6D706C6574653D226F66662220636C6173733D226C617975692D696E707574223E0D0A2020202020202020203C2F6469763E0D0A2020202020202020203C6C6162656C20636C6173733D226C617975692D666F726D2D6C6162656C223E3C7370616E207374796C653D22636F6C6F723A7265643B223E2A3C2F7370616E3EE8AFB7E58187E7B1BBE588AB3C2F6C6162656C3E0D0A2020202020202020203C64697620636C6173733D226C617975692D696E7075742D696E6C696E65223E0D0A202020202020202020202020203C696E70757420747970653D2274657874222076616C75653D22247B716A6C787D2220726561646F6E6C793D22726561646F6E6C7922206C61792D7665726966793D22726571756972656422206175746F636F6D706C6574653D226F66662220636C6173733D226C617975692D696E707574223E0D0A2020202020202020203C2F6469763E0D0A20202020203C2F6469763E0D0A20202020203C64697620636C6173733D226C617975692D666F726D2D6974656D223E0D0A2020202020202020203C6C6162656C20636C6173733D226C617975692D666F726D2D6C6162656C223E3C7370616E207374796C653D22636F6C6F723A7265643B223E2A3C2F7370616E3EE5BC80E5A78BE697A5E69C9F3C2F6C6162656C3E0D0A2020202020202020203C64697620636C6173733D226C617975692D696E7075742D696E6C696E65223E0D0A202020202020202020202020203C696E70757420747970653D2274657874222069643D226B737271222076616C75653D22247B6B7372717D22206C61792D7665726966793D2272657175697265642220706C616365686F6C6465723D22E5BC80E5A78BE697A5E69C9F22206175746F636F6D706C6574653D226F6666220D0A2020202020202020202020202020202020636C6173733D226C617975692D696E707574223E0D0A2020202020202020203C2F6469763E0D0A2020202020202020203C6C6162656C20636C6173733D226C617975692D666F726D2D6C6162656C223E3C7370616E207374796C653D22636F6C6F723A7265643B223E2A3C2F7370616E3EE7BB93E69D9FE697A5E69C9F3C2F6C6162656C3E0D0A2020202020202020203C64697620636C6173733D226C617975692D696E7075742D696E6C696E65223E0D0A202020202020202020202020203C696E70757420747970653D2274657874222069643D226A737271222076616C75653D22247B6A7372717D22206C61792D7665726966793D2272657175697265642220706C616365686F6C6465723D22E7BB93E69D9FE697A5E69C9F22206175746F636F6D706C6574653D226F6666220D0A2020202020202020202020202020202020636C6173733D226C617975692D696E707574223E0D0A2020202020202020203C2F6469763E0D0A20202020203C2F6469763E0D0A20202020203C64697620636C6173733D226C617975692D666F726D2D6974656D206C617975692D666F726D2D74657874223E0D0A2020202020202020203C6C6162656C20636C6173733D226C617975692D666F726D2D6C6162656C223EE8AFB7E58187E79086E794B13C2F6C6162656C3E0D0A2020202020202020203C64697620636C6173733D226C617975692D696E7075742D626C6F636B223E0D0A202020202020202020202020203C746578746172656120726561646F6E6C793D22726561646F6E6C792220636C6173733D226C617975692D746578746172656122207374796C653D2277696474683A35303070783B6D696E2D6865696768743A20373070783B223E247B716A6C797D3C2F74657874617265613E0D0A2020202020202020203C2F6469763E0D0A20202020203C2F6469763E0D0A20202020203C64697620636C6173733D226C617975692D666F726D2D6974656D206C617975692D666F726D2D74657874223E0D0A2020202020202020203C6C6162656C20636C6173733D226C617975692D666F726D2D6C6162656C223EE7A791E5AEA4EFBC88E58D95E4BD8DEFBC89E5AEA1E689B9E6848FE8A7813C2F6C6162656C3E0D0A2020202020202020203C64697620636C6173733D226C617975692D696E7075742D626C6F636B223E0D0A202020202020202020202020203C746578746172656120726561646F6E6C793D22726561646F6E6C792220636C6173733D226C617975692D746578746172656122207374796C653D2277696474683A35303070783B6D696E2D6865696768743A20373070783B223E247B6B735F7370796A7D3C2F74657874617265613E0D0A2020202020202020203C2F6469763E0D0A20202020203C2F6469763E0D0A20202020203C64697620636C6173733D226C617975692D666F726D2D6974656D206C617975692D666F726D2D74657874223E0D0A2020202020202020203C6C6162656C20636C6173733D226C617975692D666F726D2D6C6162656C223EE58886E7AEA1E9A286E5AFBCE5AEA1E689B9E6848FE8A7813C2F6C6162656C3E0D0A2020202020202020203C64697620636C6173733D226C617975692D696E7075742D626C6F636B223E0D0A202020202020202020202020203C746578746172656120726561646F6E6C793D22726561646F6E6C792220636C6173733D226C617975692D746578746172656122207374796C653D2277696474683A35303070783B6D696E2D6865696768743A20373070783B223E247B66675F7370796A7D3C2F74657874617265613E0D0A2020202020202020203C2F6469763E0D0A20202020203C2F6469763E0D0A093C64697620636C6173733D226C617975692D666F726D2D6974656D206C617975692D666F726D2D74657874223E0D0A09093C6C6162656C20636C6173733D226C617975692D666F726D2D6C6162656C223EE59BBEE789873C2F6C6162656C3E0D0A09093C64697620636C6173733D226C617975692D696E7075742D626C6F636B206C617965722D70686F746F222069643D226C617965722D70686F746F73223E3C2F6469763E0D0A093C2F6469763E0D0A20202020203C64697620636C6173733D226C617975692D666F726D2D6974656D206C617975692D666F726D2D74657874223E0D0A09202020203C6C6162656C20636C6173733D226C617975692D666F726D2D6C6162656C223E3C7370616E207374796C653D22636F6C6F723A7265643B223E2A3C2F7370616E3EE698AFE590A6E5908CE6848F3C2F6C6162656C3E0D0A09202020203C64697620636C6173733D226C617975692D696E7075742D626C6F636B223E0D0A092020202020203C696E70757420747970653D22726164696F22206E616D653D226167726565222076616C75653D227472756522207469746C653D22E5908CE6848F2220636865636B65643D22223E0D0A092020202020203C696E70757420747970653D22726164696F22206E616D653D226167726565222076616C75653D2266616C736522207469746C653D22E4B88DE5908CE6848F223E0D0A09202020203C2F6469763E0D0A202009203C2F6469763E0D0A202009203C64697620636C6173733D226C617975692D666F726D2D6974656D206C617975692D666F726D2D74657874223E0D0A2020202020202020203C6C6162656C20636C6173733D226C617975692D666F726D2D6C6162656C223EE5AEA1E689B9E6848FE8A7813C2F6C6162656C3E0D0A2020202020202020203C64697620636C6173733D226C617975692D696E7075742D626C6F636B223E0D0A202020202020202020202020203C7465787461726561206E616D653D227A675F7370796A2220706C616365686F6C6465723D22E5AEA1E689B9E6848FE8A7812220636C6173733D226C617975692D746578746172656122207374796C653D2277696474683A35303070783B6D696E2D6865696768743A20373070783B223E3C2F74657874617265613E0D0A2020202020202020203C2F6469763E0D0A20202020203C2F6469763E0D0A20202020203C64697620636C6173733D226C617975692D666F726D2D6974656D223E0D0A20202020202020202020203C64697620636C6173733D226C617975692D696E7075742D626C6F636B223E0D0A2020202020202020202020202020203C627574746F6E20636C6173733D226C617975692D62746E206C617975692D62746E2D7072696D61727922206C61792D7375626D6974206C61792D66696C7465723D227370222069643D227370223EE5AEA1E689B93C2F627574746F6E3E0D0A2020202020202020202020202020203C627574746F6E20747970653D22627574746F6E2220636C6173733D226C617975692D62746E206C617975692D62746E2D7072696D617279222069643D22646F776E6C6F6164223EE4B88BE8BDBDE99984E4BBB63C2F627574746F6E3E0D0A20202020202020202020203C2F6469763E0D0A2020202020203C2F6469763E0D0A3C2F666F726D3E, 0);
INSERT INTO `act_ge_bytearray` VALUES ('450218', 1, 'leave.bpmn', '450214', 0x3C3F786D6C2076657273696F6E3D22312E302220656E636F64696E673D225554462D38223F3E0A3C646566696E6974696F6E7320786D6C6E733D22687474703A2F2F7777772E6F6D672E6F72672F737065632F42504D4E2F32303130303532342F4D4F44454C2220786D6C6E733A7873693D22687474703A2F2F7777772E77332E6F72672F323030312F584D4C536368656D612D696E7374616E63652220786D6C6E733A61637469766974693D22687474703A2F2F61637469766974692E6F72672F62706D6E2220786D6C6E733A62706D6E64693D22687474703A2F2F7777772E6F6D672E6F72672F737065632F42504D4E2F32303130303532342F44492220786D6C6E733A6F6D6764633D22687474703A2F2F7777772E6F6D672E6F72672F737065632F44442F32303130303532342F44432220786D6C6E733A6F6D6764693D22687474703A2F2F7777772E6F6D672E6F72672F737065632F44442F32303130303532342F44492220747970654C616E67756167653D22687474703A2F2F7777772E77332E6F72672F323030312F584D4C536368656D61222065787072657373696F6E4C616E67756167653D22687474703A2F2F7777772E77332E6F72672F313939392F585061746822207461726765744E616D6573706163653D22687474703A2F2F7777772E61637469766974692E6F72672F74657374223E0A20203C70726F636573732069643D226C6561766522206E616D653D22E8AFB7E58187E6B581E7A88B2220697345786563757461626C653D2274727565223E0A202020203C657874656E73696F6E456C656D656E74733E0A2020202020203C61637469766974693A657865637574696F6E4C697374656E6572206576656E743D2273746172742220636C6173733D22636F6D2E7A7A68622E7A7A6F612E6C697374656E65722E61637469766974692E437573746F6D457865637574696F6E4C697374656E6572223E3C2F61637469766974693A657865637574696F6E4C697374656E65723E0A2020202020203C61637469766974693A657865637574696F6E4C697374656E6572206576656E743D22656E642220636C6173733D22636F6D2E7A7A68622E7A7A6F612E6C697374656E65722E61637469766974692E437573746F6D457865637574696F6E4C697374656E6572223E3C2F61637469766974693A657865637574696F6E4C697374656E65723E0A202020203C2F657874656E73696F6E456C656D656E74733E0A202020203C73746172744576656E742069643D2273746172746576656E743122206E616D653D22E5A1ABE58699E8AFB7E58187E58D95222061637469766974693A666F726D4B65793D226C656176655F73746172746576656E74312E68746D6C223E3C2F73746172744576656E743E0A202020203C757365725461736B2069643D22757365727461736B3122206E616D653D22E7A791E5AEA4E9A286E5AFBCE5AEA1E689B9222061637469766974693A666F726D4B65793D226C656176655F757365727461736B312E68746D6C223E0A2020202020203C657874656E73696F6E456C656D656E74733E0A20202020202020203C61637469766974693A7461736B4C697374656E6572206576656E743D22616C6C2220636C6173733D22636F6D2E7A7A68622E7A7A6F612E6C697374656E65722E61637469766974692E557365725461736B4C697374656E6572223E3C2F61637469766974693A7461736B4C697374656E65723E0A2020202020203C2F657874656E73696F6E456C656D656E74733E0A202020203C2F757365725461736B3E0A202020203C757365725461736B2069643D22757365727461736B3222206E616D653D22E58886E7AEA1E9A286E5AFBCE5AEA1E689B9222061637469766974693A666F726D4B65793D226C656176655F757365727461736B322E68746D6C223E0A2020202020203C657874656E73696F6E456C656D656E74733E0A20202020202020203C61637469766974693A7461736B4C697374656E6572206576656E743D22616C6C2220636C6173733D22636F6D2E7A7A68622E7A7A6F612E6C697374656E65722E61637469766974692E557365725461736B4C697374656E6572223E3C2F61637469766974693A7461736B4C697374656E65723E0A2020202020203C2F657874656E73696F6E456C656D656E74733E0A202020203C2F757365725461736B3E0A202020203C757365725461736B2069643D22757365727461736B3322206E616D653D22E4B8BBE7AEA1E9A286E5AFBCE5AEA1E689B9222061637469766974693A666F726D4B65793D226C656176655F757365727461736B332E68746D6C223E0A2020202020203C657874656E73696F6E456C656D656E74733E0A20202020202020203C61637469766974693A7461736B4C697374656E6572206576656E743D22616C6C2220636C6173733D22636F6D2E7A7A68622E7A7A6F612E6C697374656E65722E61637469766974692E557365725461736B4C697374656E6572223E3C2F61637469766974693A7461736B4C697374656E65723E0A2020202020203C2F657874656E73696F6E456C656D656E74733E0A202020203C2F757365725461736B3E0A202020203C656E644576656E742069643D22656E646576656E743122206E616D653D22E7BB93E69D9F223E3C2F656E644576656E743E0A202020203C6578636C7573697665476174657761792069643D226578636C7573697665676174657761793122206E616D653D224578636C75736976652047617465776179223E0A2020202020203C646F63756D656E746174696F6E3EE7A791E5AEA4E9A286E5AFBCE5AEA1E689B93C2F646F63756D656E746174696F6E3E0A202020203C2F6578636C7573697665476174657761793E0A202020203C73657175656E6365466C6F772069643D22666C6F77362220736F757263655265663D22757365727461736B3122207461726765745265663D226578636C75736976656761746577617931223E3C2F73657175656E6365466C6F773E0A202020203C73657175656E6365466C6F772069643D22666C6F773722206E616D653D22E5908CE6848F2220736F757263655265663D226578636C7573697665676174657761793122207461726765745265663D22757365727461736B32223E0A2020202020203C636F6E646974696F6E45787072657373696F6E207873693A747970653D2274466F726D616C45787072657373696F6E223E3C215B43444154415B247B6167726565203D3D20747275657D5D5D3E3C2F636F6E646974696F6E45787072657373696F6E3E0A202020203C2F73657175656E6365466C6F773E0A202020203C6578636C7573697665476174657761792069643D226578636C7573697665676174657761793222206E616D653D224578636C75736976652047617465776179223E0A2020202020203C646F63756D656E746174696F6E3EE58886E7AEA1E9A286E5AFBCE5AEA1E689B93C2F646F63756D656E746174696F6E3E0A202020203C2F6578636C7573697665476174657761793E0A202020203C73657175656E6365466C6F772069643D22666C6F77313122206E616D653D22E5908CE6848F2220736F757263655265663D226578636C7573697665676174657761793222207461726765745265663D22757365727461736B33223E0A2020202020203C636F6E646974696F6E45787072657373696F6E207873693A747970653D2274466F726D616C45787072657373696F6E223E3C215B43444154415B247B6167726565203D3D20747275657D5D5D3E3C2F636F6E646974696F6E45787072657373696F6E3E0A202020203C2F73657175656E6365466C6F773E0A202020203C73657175656E6365466C6F772069643D22666C6F7731322220736F757263655265663D22757365727461736B3322207461726765745265663D22656E646576656E7431223E3C2F73657175656E6365466C6F773E0A202020203C73657175656E6365466C6F772069643D22666C6F77313322206E616D653D22E4B88DE5908CE6848F2220736F757263655265663D226578636C7573697665676174657761793122207461726765745265663D22656E646576656E7431223E0A2020202020203C636F6E646974696F6E45787072657373696F6E207873693A747970653D2274466F726D616C45787072657373696F6E223E3C215B43444154415B247B6167726565203D3D2066616C73657D5D5D3E3C2F636F6E646974696F6E45787072657373696F6E3E0A202020203C2F73657175656E6365466C6F773E0A202020203C73657175656E6365466C6F772069643D22666C6F77313422206E616D653D22E4B88DE5908CE6848F2220736F757263655265663D226578636C7573697665676174657761793222207461726765745265663D22656E646576656E7431223E0A2020202020203C636F6E646974696F6E45787072657373696F6E207873693A747970653D2274466F726D616C45787072657373696F6E223E3C215B43444154415B247B6167726565203D3D2066616C73657D5D5D3E3C2F636F6E646974696F6E45787072657373696F6E3E0A202020203C2F73657175656E6365466C6F773E0A202020203C73657175656E6365466C6F772069643D22666C6F7731352220736F757263655265663D22757365727461736B3222207461726765745265663D226578636C75736976656761746577617932223E3C2F73657175656E6365466C6F773E0A202020203C73657175656E6365466C6F772069643D22666C6F7731362220736F757263655265663D2273746172746576656E743122207461726765745265663D22757365727461736B31223E3C2F73657175656E6365466C6F773E0A20203C2F70726F636573733E0A20203C62706D6E64693A42504D4E4469616772616D2069643D2242504D4E4469616772616D5F6C65617665223E0A202020203C62706D6E64693A42504D4E506C616E652062706D6E456C656D656E743D226C65617665222069643D2242504D4E506C616E655F6C65617665223E0A2020202020203C62706D6E64693A42504D4E53686170652062706D6E456C656D656E743D2273746172746576656E7431222069643D2242504D4E53686170655F73746172746576656E7431223E0A20202020202020203C6F6D6764633A426F756E6473206865696768743D2233352E30222077696474683D2233352E302220783D2231312E302220793D2239362E30223E3C2F6F6D6764633A426F756E64733E0A2020202020203C2F62706D6E64693A42504D4E53686170653E0A2020202020203C62706D6E64693A42504D4E53686170652062706D6E456C656D656E743D22757365727461736B31222069643D2242504D4E53686170655F757365727461736B31223E0A20202020202020203C6F6D6764633A426F756E6473206865696768743D2235352E30222077696474683D223130352E302220783D2239392E302220793D2238362E30223E3C2F6F6D6764633A426F756E64733E0A2020202020203C2F62706D6E64693A42504D4E53686170653E0A2020202020203C62706D6E64693A42504D4E53686170652062706D6E456C656D656E743D22757365727461736B32222069643D2242504D4E53686170655F757365727461736B32223E0A20202020202020203C6F6D6764633A426F756E6473206865696768743D2235352E30222077696474683D223130352E302220783D223336302E302220793D2238362E30223E3C2F6F6D6764633A426F756E64733E0A2020202020203C2F62706D6E64693A42504D4E53686170653E0A2020202020203C62706D6E64693A42504D4E53686170652062706D6E456C656D656E743D22757365727461736B33222069643D2242504D4E53686170655F757365727461736B33223E0A20202020202020203C6F6D6764633A426F756E6473206865696768743D2235352E30222077696474683D223130352E302220783D223631302E302220793D2238362E30223E3C2F6F6D6764633A426F756E64733E0A2020202020203C2F62706D6E64693A42504D4E53686170653E0A2020202020203C62706D6E64693A42504D4E53686170652062706D6E456C656D656E743D22656E646576656E7431222069643D2242504D4E53686170655F656E646576656E7431223E0A20202020202020203C6F6D6764633A426F756E6473206865696768743D2233352E30222077696474683D2233352E302220783D223738302E302220793D2239362E30223E3C2F6F6D6764633A426F756E64733E0A2020202020203C2F62706D6E64693A42504D4E53686170653E0A2020202020203C62706D6E64693A42504D4E53686170652062706D6E456C656D656E743D226578636C75736976656761746577617931222069643D2242504D4E53686170655F6578636C75736976656761746577617931223E0A20202020202020203C6F6D6764633A426F756E6473206865696768743D2234302E30222077696474683D2234302E302220783D223234392E302220793D2239332E30223E3C2F6F6D6764633A426F756E64733E0A2020202020203C2F62706D6E64693A42504D4E53686170653E0A2020202020203C62706D6E64693A42504D4E53686170652062706D6E456C656D656E743D226578636C75736976656761746577617932222069643D2242504D4E53686170655F6578636C75736976656761746577617932223E0A20202020202020203C6F6D6764633A426F756E6473206865696768743D2234302E30222077696474683D2234302E302220783D223531302E302220793D2239342E30223E3C2F6F6D6764633A426F756E64733E0A2020202020203C2F62706D6E64693A42504D4E53686170653E0A2020202020203C62706D6E64693A42504D4E456467652062706D6E456C656D656E743D22666C6F7736222069643D2242504D4E456467655F666C6F7736223E0A20202020202020203C6F6D6764693A776179706F696E7420783D223230342E302220793D223131332E30223E3C2F6F6D6764693A776179706F696E743E0A20202020202020203C6F6D6764693A776179706F696E7420783D223234392E302220793D223131332E30223E3C2F6F6D6764693A776179706F696E743E0A2020202020203C2F62706D6E64693A42504D4E456467653E0A2020202020203C62706D6E64693A42504D4E456467652062706D6E456C656D656E743D22666C6F7737222069643D2242504D4E456467655F666C6F7737223E0A20202020202020203C6F6D6764693A776179706F696E7420783D223238392E302220793D223131332E30223E3C2F6F6D6764693A776179706F696E743E0A20202020202020203C6F6D6764693A776179706F696E7420783D223336302E302220793D223131332E30223E3C2F6F6D6764693A776179706F696E743E0A20202020202020203C62706D6E64693A42504D4E4C6162656C3E0A202020202020202020203C6F6D6764633A426F756E6473206865696768743D2231362E30222077696474683D2233322E302220783D223239382E302220793D2238352E30223E3C2F6F6D6764633A426F756E64733E0A20202020202020203C2F62706D6E64693A42504D4E4C6162656C3E0A2020202020203C2F62706D6E64693A42504D4E456467653E0A2020202020203C62706D6E64693A42504D4E456467652062706D6E456C656D656E743D22666C6F773131222069643D2242504D4E456467655F666C6F773131223E0A20202020202020203C6F6D6764693A776179706F696E7420783D223535302E302220793D223131342E30223E3C2F6F6D6764693A776179706F696E743E0A20202020202020203C6F6D6764693A776179706F696E7420783D223631302E302220793D223131332E30223E3C2F6F6D6764693A776179706F696E743E0A20202020202020203C62706D6E64693A42504D4E4C6162656C3E0A202020202020202020203C6F6D6764633A426F756E6473206865696768743D2231362E30222077696474683D2233322E302220783D223535382E302220793D2238362E30223E3C2F6F6D6764633A426F756E64733E0A20202020202020203C2F62706D6E64693A42504D4E4C6162656C3E0A2020202020203C2F62706D6E64693A42504D4E456467653E0A2020202020203C62706D6E64693A42504D4E456467652062706D6E456C656D656E743D22666C6F773132222069643D2242504D4E456467655F666C6F773132223E0A20202020202020203C6F6D6764693A776179706F696E7420783D223731352E302220793D223131332E30223E3C2F6F6D6764693A776179706F696E743E0A20202020202020203C6F6D6764693A776179706F696E7420783D223738302E302220793D223131332E30223E3C2F6F6D6764693A776179706F696E743E0A2020202020203C2F62706D6E64693A42504D4E456467653E0A2020202020203C62706D6E64693A42504D4E456467652062706D6E456C656D656E743D22666C6F773133222069643D2242504D4E456467655F666C6F773133223E0A20202020202020203C6F6D6764693A776179706F696E7420783D223236392E302220793D223133332E30223E3C2F6F6D6764693A776179706F696E743E0A20202020202020203C6F6D6764693A776179706F696E7420783D223236392E302220793D223230302E30223E3C2F6F6D6764693A776179706F696E743E0A20202020202020203C6F6D6764693A776179706F696E7420783D223439332E302220793D223230302E30223E3C2F6F6D6764693A776179706F696E743E0A20202020202020203C6F6D6764693A776179706F696E7420783D223739372E302220793D223230302E30223E3C2F6F6D6764693A776179706F696E743E0A20202020202020203C6F6D6764693A776179706F696E7420783D223739372E302220793D223133312E30223E3C2F6F6D6764693A776179706F696E743E0A20202020202020203C62706D6E64693A42504D4E4C6162656C3E0A202020202020202020203C6F6D6764633A426F756E6473206865696768743D2231362E30222077696474683D2234382E302220783D223439392E302220793D223137342E30223E3C2F6F6D6764633A426F756E64733E0A20202020202020203C2F62706D6E64693A42504D4E4C6162656C3E0A2020202020203C2F62706D6E64693A42504D4E456467653E0A2020202020203C62706D6E64693A42504D4E456467652062706D6E456C656D656E743D22666C6F773134222069643D2242504D4E456467655F666C6F773134223E0A20202020202020203C6F6D6764693A776179706F696E7420783D223533302E302220793D2239342E30223E3C2F6F6D6764693A776179706F696E743E0A20202020202020203C6F6D6764693A776179706F696E7420783D223532392E302220793D2234332E30223E3C2F6F6D6764693A776179706F696E743E0A20202020202020203C6F6D6764693A776179706F696E7420783D223739372E302220793D2234332E30223E3C2F6F6D6764693A776179706F696E743E0A20202020202020203C6F6D6764693A776179706F696E7420783D223739372E302220793D2239362E30223E3C2F6F6D6764693A776179706F696E743E0A20202020202020203C62706D6E64693A42504D4E4C6162656C3E0A202020202020202020203C6F6D6764633A426F756E6473206865696768743D2231362E30222077696474683D2234382E302220783D223632312E302220793D2231372E30223E3C2F6F6D6764633A426F756E64733E0A20202020202020203C2F62706D6E64693A42504D4E4C6162656C3E0A2020202020203C2F62706D6E64693A42504D4E456467653E0A2020202020203C62706D6E64693A42504D4E456467652062706D6E456C656D656E743D22666C6F773135222069643D2242504D4E456467655F666C6F773135223E0A20202020202020203C6F6D6764693A776179706F696E7420783D223436352E302220793D223131332E30223E3C2F6F6D6764693A776179706F696E743E0A20202020202020203C6F6D6764693A776179706F696E7420783D223531302E302220793D223131342E30223E3C2F6F6D6764693A776179706F696E743E0A2020202020203C2F62706D6E64693A42504D4E456467653E0A2020202020203C62706D6E64693A42504D4E456467652062706D6E456C656D656E743D22666C6F773136222069643D2242504D4E456467655F666C6F773136223E0A20202020202020203C6F6D6764693A776179706F696E7420783D2234362E302220793D223131332E30223E3C2F6F6D6764693A776179706F696E743E0A20202020202020203C6F6D6764693A776179706F696E7420783D2239392E302220793D223131332E30223E3C2F6F6D6764693A776179706F696E743E0A2020202020203C2F62706D6E64693A42504D4E456467653E0A202020203C2F62706D6E64693A42504D4E506C616E653E0A20203C2F62706D6E64693A42504D4E4469616772616D3E0A3C2F646566696E6974696F6E733E, 0);
INSERT INTO `act_ge_bytearray` VALUES ('450219', 1, 'leave_usertask2.html', '450214', 0x3C666F726D20636C6173733D226C617975692D666F726D206D61696E206C617975692D75706C6F616422206C61792D66696C7465723D226C65617665223E0D0A20202020203C64697620636C6173733D226C617975692D666F726D2D6974656D223E0D0A2020202020202020203C6C6162656C20636C6173733D226C617975692D666F726D2D6C6162656C223E3C7370616E207374796C653D22636F6C6F723A7265643B223E2A3C2F7370616E3EE794B3E8AFB7E4BABA3C2F6C6162656C3E0D0A2020202020202020203C64697620636C6173733D226C617975692D696E7075742D696E6C696E65223E0D0A202020202020202020202020203C696E70757420747970653D2274657874222076616C75653D22247B7371727D22206C61792D7665726966793D2272657175697265642220726561646F6E6C793D22726561646F6E6C792220706C616365686F6C6465723D22E794B3E8AFB7E4BABA22206175746F636F6D706C6574653D226F66662220636C6173733D226C617975692D696E707574223E0D0A2020202020202020203C2F6469763E0D0A2020202020202020203C6C6162656C20636C6173733D226C617975692D666F726D2D6C6162656C223E3C7370616E207374796C653D22636F6C6F723A7265643B223E2A3C2F7370616E3EE983A8E997A8E5908DE7A7B03C2F6C6162656C3E0D0A2020202020202020203C64697620636C6173733D226C617975692D696E7075742D696E6C696E65223E0D0A202020202020202020202020203C696E70757420747970653D2274657874222076616C75653D22247B626D6D637D22206C61792D7665726966793D2272657175697265642220726561646F6E6C793D22726561646F6E6C792220706C616365686F6C6465723D22E983A8E997A8E5908DE7A7B022206175746F636F6D706C6574653D226F66662220636C6173733D226C617975692D696E707574223E0D0A2020202020202020203C2F6469763E0D0A20202020203C2F6469763E0D0A20202020203C64697620636C6173733D226C617975692D666F726D2D6974656D223E0D0A2020202020202020203C6C6162656C20636C6173733D226C617975692D666F726D2D6C6162656C223E3C7370616E207374796C653D22636F6C6F723A7265643B223E2A3C2F7370616E3EE794B3E8AFB7E697A5E69C9F3C2F6C6162656C3E0D0A2020202020202020203C64697620636C6173733D226C617975692D696E7075742D696E6C696E65223E0D0A202020202020202020202020203C696E70757420747970653D2274657874222076616C75653D22247B737172717D2220726561646F6E6C793D22726561646F6E6C7922206C61792D7665726966793D22726571756972656422206175746F636F6D706C6574653D226F66662220636C6173733D226C617975692D696E707574223E0D0A2020202020202020203C2F6469763E0D0A2020202020202020203C6C6162656C20636C6173733D226C617975692D666F726D2D6C6162656C223E3C7370616E207374796C653D22636F6C6F723A7265643B223E2A3C2F7370616E3EE8AFB7E58187E7B1BBE588AB3C2F6C6162656C3E0D0A2020202020202020203C64697620636C6173733D226C617975692D696E7075742D696E6C696E65223E0D0A202020202020202020202020203C696E70757420747970653D2274657874222076616C75653D22247B716A6C787D2220726561646F6E6C793D22726561646F6E6C7922206C61792D7665726966793D22726571756972656422206175746F636F6D706C6574653D226F66662220636C6173733D226C617975692D696E707574223E0D0A2020202020202020203C2F6469763E0D0A20202020203C2F6469763E0D0A20202020203C64697620636C6173733D226C617975692D666F726D2D6974656D223E0D0A2020202020202020203C6C6162656C20636C6173733D226C617975692D666F726D2D6C6162656C223E3C7370616E207374796C653D22636F6C6F723A7265643B223E2A3C2F7370616E3EE5BC80E5A78BE697A5E69C9F3C2F6C6162656C3E0D0A2020202020202020203C64697620636C6173733D226C617975692D696E7075742D696E6C696E65223E0D0A202020202020202020202020203C696E70757420747970653D2274657874222069643D226B737271222076616C75653D22247B6B7372717D22206C61792D7665726966793D2272657175697265642220706C616365686F6C6465723D22E5BC80E5A78BE697A5E69C9F22206175746F636F6D706C6574653D226F6666220D0A2020202020202020202020202020202020636C6173733D226C617975692D696E707574223E0D0A2020202020202020203C2F6469763E0D0A2020202020202020203C6C6162656C20636C6173733D226C617975692D666F726D2D6C6162656C223E3C7370616E207374796C653D22636F6C6F723A7265643B223E2A3C2F7370616E3EE7BB93E69D9FE697A5E69C9F3C2F6C6162656C3E0D0A2020202020202020203C64697620636C6173733D226C617975692D696E7075742D696E6C696E65223E0D0A202020202020202020202020203C696E70757420747970653D2274657874222069643D226A737271222076616C75653D22247B6A7372717D22206C61792D7665726966793D2272657175697265642220706C616365686F6C6465723D22E7BB93E69D9FE697A5E69C9F22206175746F636F6D706C6574653D226F6666220D0A2020202020202020202020202020202020636C6173733D226C617975692D696E707574223E0D0A2020202020202020203C2F6469763E0D0A20202020203C2F6469763E0D0A20202020203C64697620636C6173733D226C617975692D666F726D2D6974656D206C617975692D666F726D2D74657874223E0D0A2020202020202020203C6C6162656C20636C6173733D226C617975692D666F726D2D6C6162656C223EE8AFB7E58187E79086E794B13C2F6C6162656C3E0D0A2020202020202020203C64697620636C6173733D226C617975692D696E7075742D626C6F636B223E0D0A202020202020202020202020203C746578746172656120726561646F6E6C793D22726561646F6E6C792220636C6173733D226C617975692D746578746172656122207374796C653D2277696474683A35303070783B6D696E2D6865696768743A20373070783B223E247B716A6C797D3C2F74657874617265613E0D0A2020202020202020203C2F6469763E0D0A20202020203C2F6469763E0D0A20202020203C64697620636C6173733D226C617975692D666F726D2D6974656D206C617975692D666F726D2D74657874223E0D0A2020202020202020203C6C6162656C20636C6173733D226C617975692D666F726D2D6C6162656C223EE7A791E5AEA4EFBC88E58D95E4BD8DEFBC89E5AEA1E689B9E6848FE8A7813C2F6C6162656C3E0D0A2020202020202020203C64697620636C6173733D226C617975692D696E7075742D626C6F636B223E0D0A202020202020202020202020203C746578746172656120726561646F6E6C793D22726561646F6E6C792220636C6173733D226C617975692D746578746172656122207374796C653D2277696474683A35303070783B6D696E2D6865696768743A20373070783B223E247B6B735F7370796A7D3C2F74657874617265613E0D0A2020202020202020203C2F6469763E0D0A20202020203C2F6469763E0D0A093C64697620636C6173733D226C617975692D666F726D2D6974656D206C617975692D666F726D2D74657874223E0D0A09093C6C6162656C20636C6173733D226C617975692D666F726D2D6C6162656C223EE59BBEE789873C2F6C6162656C3E0D0A09093C64697620636C6173733D226C617975692D696E7075742D626C6F636B206C617965722D70686F746F222069643D226C617965722D70686F746F73223E3C2F6469763E0D0A093C2F6469763E0D0A20202020203C64697620636C6173733D226C617975692D666F726D2D6974656D206C617975692D666F726D2D74657874223E0D0A09202020203C6C6162656C20636C6173733D226C617975692D666F726D2D6C6162656C223E3C7370616E207374796C653D22636F6C6F723A7265643B223E2A3C2F7370616E3EE698AFE590A6E5908CE6848F3C2F6C6162656C3E0D0A09202020203C64697620636C6173733D226C617975692D696E7075742D626C6F636B223E0D0A092020202020203C696E70757420747970653D22726164696F22206E616D653D226167726565222076616C75653D227472756522207469746C653D22E5908CE6848F2220636865636B65643D22223E0D0A092020202020203C696E70757420747970653D22726164696F22206E616D653D226167726565222076616C75653D2266616C736522207469746C653D22E4B88DE5908CE6848F223E0D0A09202020203C2F6469763E0D0A202009203C2F6469763E0D0A202009203C64697620636C6173733D226C617975692D666F726D2D6974656D206C617975692D666F726D2D74657874223E0D0A2020202020202020203C6C6162656C20636C6173733D226C617975692D666F726D2D6C6162656C223EE5AEA1E689B9E6848FE8A7813C2F6C6162656C3E0D0A2020202020202020203C64697620636C6173733D226C617975692D696E7075742D626C6F636B223E0D0A202020202020202020202020203C7465787461726561206E616D653D2266675F7370796A2220706C616365686F6C6465723D22E5AEA1E689B9E6848FE8A7812220636C6173733D226C617975692D746578746172656122207374796C653D2277696474683A35303070783B6D696E2D6865696768743A20373070783B223E3C2F74657874617265613E0D0A2020202020202020203C2F6469763E0D0A20202020203C2F6469763E0D0A20202020203C64697620636C6173733D226C617975692D666F726D2D6974656D206C617975692D666F726D2D74657874223E0D0A202020202020202020203C6C6162656C20636C6173733D226C617975692D666F726D2D6C6162656C223E3C7370616E207374796C653D22636F6C6F723A7265643B223E2A3C2F7370616E3EE5AEA1E689B9E4BABA3C2F6C6162656C3E0D0A090920203C64697620636C6173733D226C617975692D696E6C696E65222069643D22737072223E0D0A09090920203C6469762069643D227370725F616464223E0D0A090909093C6920636C6173733D2266612066612D706C7573223E3C2F693E0D0A09090920203C2F6469763E0D0A09092020203C2F6469763E0D0A20202020203C2F6469763E0D0A20202020203C64697620636C6173733D226C617975692D666F726D2D6974656D223E0D0A20202020202020202020203C64697620636C6173733D226C617975692D696E7075742D626C6F636B223E0D0A2020202020202020202020202020203C627574746F6E20636C6173733D226C617975692D62746E206C617975692D62746E2D7072696D61727922206C61792D7375626D6974206C61792D66696C7465723D227370222069643D227370223EE5AEA1E689B93C2F627574746F6E3E0D0A2020202020202020202020202020203C627574746F6E20747970653D22627574746F6E2220636C6173733D226C617975692D62746E206C617975692D62746E2D7072696D617279222069643D22646F776E6C6F6164223EE4B88BE8BDBDE99984E4BBB63C2F627574746F6E3E0D0A20202020202020202020203C2F6469763E0D0A2020202020203C2F6469763E0D0A3C2F666F726D3E, 0);
INSERT INTO `act_ge_bytearray` VALUES ('450220', 1, 'leave_usertask1.html', '450214', 0x3C666F726D20636C6173733D226C617975692D666F726D206D61696E206C617975692D75706C6F616422206C61792D66696C7465723D226C65617665223E0D0A20202020203C64697620636C6173733D226C617975692D666F726D2D6974656D223E0D0A2020202020202020203C6C6162656C20636C6173733D226C617975692D666F726D2D6C6162656C223E3C7370616E207374796C653D22636F6C6F723A7265643B223E2A3C2F7370616E3EE794B3E8AFB7E4BABA3C2F6C6162656C3E0D0A2020202020202020203C64697620636C6173733D226C617975692D696E7075742D696E6C696E65223E0D0A202020202020202020202020203C696E70757420747970653D2274657874222076616C75653D22247B7371727D22206C61792D7665726966793D2272657175697265642220726561646F6E6C793D22726561646F6E6C792220706C616365686F6C6465723D22E794B3E8AFB7E4BABA22206175746F636F6D706C6574653D226F66662220636C6173733D226C617975692D696E707574223E0D0A2020202020202020203C2F6469763E0D0A2020202020202020203C6C6162656C20636C6173733D226C617975692D666F726D2D6C6162656C223E3C7370616E207374796C653D22636F6C6F723A7265643B223E2A3C2F7370616E3EE983A8E997A8E5908DE7A7B03C2F6C6162656C3E0D0A2020202020202020203C64697620636C6173733D226C617975692D696E7075742D696E6C696E65223E0D0A202020202020202020202020203C696E70757420747970653D2274657874222076616C75653D22247B626D6D637D22206C61792D7665726966793D2272657175697265642220726561646F6E6C793D22726561646F6E6C792220706C616365686F6C6465723D22E983A8E997A8E5908DE7A7B022206175746F636F6D706C6574653D226F66662220636C6173733D226C617975692D696E707574223E0D0A2020202020202020203C2F6469763E0D0A20202020203C2F6469763E0D0A20202020203C64697620636C6173733D226C617975692D666F726D2D6974656D223E0D0A2020202020202020203C6C6162656C20636C6173733D226C617975692D666F726D2D6C6162656C223E3C7370616E207374796C653D22636F6C6F723A7265643B223E2A3C2F7370616E3EE794B3E8AFB7E697A5E69C9F3C2F6C6162656C3E0D0A2020202020202020203C64697620636C6173733D226C617975692D696E7075742D696E6C696E65223E0D0A202020202020202020202020203C696E70757420747970653D2274657874222076616C75653D22247B737172717D2220726561646F6E6C793D22726561646F6E6C7922206C61792D7665726966793D22726571756972656422206175746F636F6D706C6574653D226F66662220636C6173733D226C617975692D696E707574223E0D0A2020202020202020203C2F6469763E0D0A2020202020202020203C6C6162656C20636C6173733D226C617975692D666F726D2D6C6162656C223E3C7370616E207374796C653D22636F6C6F723A7265643B223E2A3C2F7370616E3EE8AFB7E58187E7B1BBE588AB3C2F6C6162656C3E0D0A2020202020202020203C64697620636C6173733D226C617975692D696E7075742D696E6C696E65223E0D0A202020202020202020202020203C696E70757420747970653D2274657874222076616C75653D22247B716A6C787D2220726561646F6E6C793D22726561646F6E6C7922206C61792D7665726966793D22726571756972656422206175746F636F6D706C6574653D226F66662220636C6173733D226C617975692D696E707574223E0D0A2020202020202020203C2F6469763E0D0A20202020203C2F6469763E0D0A20202020203C64697620636C6173733D226C617975692D666F726D2D6974656D223E0D0A2020202020202020203C6C6162656C20636C6173733D226C617975692D666F726D2D6C6162656C223E3C7370616E207374796C653D22636F6C6F723A7265643B223E2A3C2F7370616E3EE5BC80E5A78BE697A5E69C9F3C2F6C6162656C3E0D0A2020202020202020203C64697620636C6173733D226C617975692D696E7075742D696E6C696E65223E0D0A202020202020202020202020203C696E70757420747970653D2274657874222069643D226B737271222076616C75653D22247B6B7372717D22206C61792D7665726966793D2272657175697265642220706C616365686F6C6465723D22E5BC80E5A78BE697A5E69C9F22206175746F636F6D706C6574653D226F6666220D0A2020202020202020202020202020202020636C6173733D226C617975692D696E707574223E0D0A2020202020202020203C2F6469763E0D0A2020202020202020203C6C6162656C20636C6173733D226C617975692D666F726D2D6C6162656C223E3C7370616E207374796C653D22636F6C6F723A7265643B223E2A3C2F7370616E3EE7BB93E69D9FE697A5E69C9F3C2F6C6162656C3E0D0A2020202020202020203C64697620636C6173733D226C617975692D696E7075742D696E6C696E65223E0D0A202020202020202020202020203C696E70757420747970653D2274657874222069643D226A737271222076616C75653D22247B6A7372717D22206C61792D7665726966793D2272657175697265642220706C616365686F6C6465723D22E7BB93E69D9FE697A5E69C9F22206175746F636F6D706C6574653D226F6666220D0A2020202020202020202020202020202020636C6173733D226C617975692D696E707574223E0D0A2020202020202020203C2F6469763E0D0A20202020203C2F6469763E0D0A20202020203C64697620636C6173733D226C617975692D666F726D2D6974656D206C617975692D666F726D2D74657874223E0D0A2020202020202020203C6C6162656C20636C6173733D226C617975692D666F726D2D6C6162656C223EE8AFB7E58187E79086E794B13C2F6C6162656C3E0D0A2020202020202020203C64697620636C6173733D226C617975692D696E7075742D626C6F636B223E0D0A202020202020202020202020203C746578746172656120726561646F6E6C793D22726561646F6E6C792220636C6173733D226C617975692D746578746172656122207374796C653D2277696474683A35303070783B6D696E2D6865696768743A20373070783B223E247B716A6C797D3C2F74657874617265613E0D0A2020202020202020203C2F6469763E0D0A20202020203C2F6469763E0D0A093C64697620636C6173733D226C617975692D666F726D2D6974656D206C617975692D666F726D2D74657874223E0D0A09093C6C6162656C20636C6173733D226C617975692D666F726D2D6C6162656C223EE59BBEE789873C2F6C6162656C3E0D0A09093C64697620636C6173733D226C617975692D696E7075742D626C6F636B206C617965722D70686F746F222069643D226C617965722D70686F746F73223E3C2F6469763E0D0A093C2F6469763E0D0A20202020203C64697620636C6173733D226C617975692D666F726D2D6974656D206C617975692D666F726D2D74657874223E0D0A09202020203C6C6162656C20636C6173733D226C617975692D666F726D2D6C6162656C223E3C7370616E207374796C653D22636F6C6F723A7265643B223E2A3C2F7370616E3EE698AFE590A6E5908CE6848F3C2F6C6162656C3E0D0A09202020203C64697620636C6173733D226C617975692D696E7075742D626C6F636B223E0D0A092020202020203C696E70757420747970653D22726164696F22206E616D653D226167726565222076616C75653D227472756522207469746C653D22E5908CE6848F2220636865636B65643D22223E0D0A092020202020203C696E70757420747970653D22726164696F22206E616D653D226167726565222076616C75653D2266616C736522207469746C653D22E4B88DE5908CE6848F223E0D0A09202020203C2F6469763E0D0A202009203C2F6469763E0D0A202009203C64697620636C6173733D226C617975692D666F726D2D6974656D206C617975692D666F726D2D74657874223E0D0A2020202020202020203C6C6162656C20636C6173733D226C617975692D666F726D2D6C6162656C223EE5AEA1E689B9E6848FE8A7813C2F6C6162656C3E0D0A2020202020202020203C64697620636C6173733D226C617975692D696E7075742D626C6F636B223E0D0A202020202020202020202020203C7465787461726561206E616D653D226B735F7370796A2220706C616365686F6C6465723D22E5AEA1E689B9E6848FE8A7812220636C6173733D226C617975692D746578746172656122207374796C653D2277696474683A35303070783B6D696E2D6865696768743A20373070783B223E3C2F74657874617265613E0D0A2020202020202020203C2F6469763E0D0A20202020203C2F6469763E0D0A20202020203C64697620636C6173733D226C617975692D666F726D2D6974656D206C617975692D666F726D2D74657874223E0D0A202020202020202020203C6C6162656C20636C6173733D226C617975692D666F726D2D6C6162656C223E3C7370616E207374796C653D22636F6C6F723A7265643B223E2A3C2F7370616E3EE5AEA1E689B9E4BABA3C2F6C6162656C3E0D0A090920203C64697620636C6173733D226C617975692D696E6C696E65222069643D22737072223E0D0A09090920203C6469762069643D227370725F616464223E0D0A090909093C6920636C6173733D2266612066612D706C7573223E3C2F693E0D0A09090920203C2F6469763E0D0A09092020203C2F6469763E0D0A20202020203C2F6469763E0D0A20202020203C64697620636C6173733D226C617975692D666F726D2D6974656D223E0D0A20202020202020202020203C64697620636C6173733D226C617975692D696E7075742D626C6F636B223E0D0A2020202020202020202020202020203C627574746F6E20636C6173733D226C617975692D62746E206C617975692D62746E2D7072696D61727922206C61792D7375626D6974206C61792D66696C7465723D227370222069643D227370223EE5AEA1E689B93C2F627574746F6E3E0D0A2020202020202020202020202020203C627574746F6E20747970653D22627574746F6E2220636C6173733D226C617975692D62746E206C617975692D62746E2D7072696D617279222069643D22646F776E6C6F6164223EE4B88BE8BDBDE99984E4BBB63C2F627574746F6E3E0D0A20202020202020202020203C2F6469763E0D0A2020202020203C2F6469763E0D0A3C2F666F726D3E, 0);
INSERT INTO `act_ge_bytearray` VALUES ('452544', 1, NULL, NULL, 0xFFD8FFE000104A46494600010101004800480000FFDB0043000D090A0B0A080D0B0A0B0E0E0D0F13201513121213271C1E17202E2931302E292D2C333A4A3E333646372C2D405741464C4E525352323E5A615A50604A51524FFFDB0043010E0E0E131113261515264F352D354F4F4F4F4F4F4F4F4F4F4F4F4F4F4F4F4F4F4F4F4F4F4F4F4F4F4F4F4F4F4F4F4F4F4F4F4F4F4F4F4F4F4F4F4F4F4F4F4F4FFFC0001108032A043803012200021101031101FFC4001B00010100030101010000000000000000000001020305040607FFC400431000020201020404040403060503030500000102110304210512314113516171062281911432A1B123C1D11533425253F043628292E12472F10716344454A2B3C2FFC4001A010101010101010100000000000000000000010203040506FFC400251101010101000201050003010101000000000111020321310412134151223261140571FFDA000C03010002110311003F00FBE1565E57E464A3EE78A4AF1C8C29F90A7E46D8C15F566C515E46E71AD4E35E74AC284BCACF4A8FA19289A9E3D6A78DE758AFD0CD605DECDC9245373C723A4E2460B1417645E48F90B2A766A48B2460F0C5F6328E351E88CD02FDB17ED9F289516C3660D97716DC6560C2FD4B64D4D6462D8B2364B52D5B166362C9A9ACAC5ED7D8C5BD8D6A4DE27E64FB8D6D6F7AA27353A3CB3CF4EBCE8D73CF28CDECF952BE6EDD0CFDF293DFC3DFCCBAD8BB39F0D4F89A7724F7B68F44725AEA59D26B7D92CC1485935359D91B31B03535958B311F5269AA0806A68001A6AD84C811562DF71B900192919DDA3524668B2D5946ACD33546E24A36B6259A59AF3833789F61E1BA395E6B97DB58033F0FD48E1E4C994CAC406A9823200000000000000000000000000000000000000000B000B6110A9962CAC922D11345BB3731A86E1752D0A2AAA2912058D4654112D225FA974D64C846C592D4B42A66362C69ACEC8D98D8B169AB6132581A6B2B166165B1A6D6564B31DC5934D64D8B31B1634D5B258B164D4D5B0896131ABACA8518A97A19266A653D010BB651142A410A2E2AAA0824546A2C014960C0100002C59054CB66364B1A9ACEC5987321CC35759D93730E61CC86A6B3218F3139B71A6B292B4696B7E86DE64FB9834998EB2B3D7B61654957997950D918CC63183D982B48865000040000000000006E4CA8C56C54F73B4758CD519A69235A66499B95B95958B31B165D6B595FA8B2584C6A6B2A2A462996CB2C596291B23646C5AB6AB64B0D98D92D66D56C5FA91B164D4D5BF523646C8D92D4B56C598D8B33A9AC9BD8F2EA324A1A79D6CE99E86F6678B5B24B4B91F4D8C777D6A4BEE3E5A5F1469D4D2CF8F3547BC57D4ED6938963CBA2F9A33929A75B76E9FC8F85CB053936ABA3EF5D8FABE1893E1F8D35BEFF00BB3C9E4B649657B38923A38250585786E495EEA48F4E2CB7DCF325CBA6EA9537D58D3C8EFE3EAD9EDC3CD31D583B33B34E27B59B5BA3AEB86AD96FD4C2CA98D359031E6AEE5B1AAC90314CA5000002A20458BAA001B0D648A8C6CA9963519A45495113F32D9B98DC1A48C1CA8CECC1A4C96A56A9CAD6C609D6F66528A4F66615B9C2DAE36DD56ED90343B13590004400000000000000000000000000000000000000000AABCC8120AAA8CD3461B217B1A97165C6C4530524BB8E735B1AD8CC51829F9954C6C5963268C1B6BB15CA88E56B716C4B61D4BD8C13ADC7319959959D92CC6EFD05B5DC6AEB2B2DFA9858B434D677EA4B31BF532B2E9AA0961B1A2D8A25D21CC34D18168C5BF226A6B206362C69AC8BD118D86CABABEA47226EFD056DEA4DA97FE328BDBD4CD3D8D71546699A956564995331099AD6F59D8B30B2A659495958B31B42CBABAB61B2591B26A6B2D83661CC4BB26A6B2B23646F6239519B4B472A6398C1BB1E8676B1ACDBBE863CC4B04DA9B5929139B6201B4DAAE41499280DA6D5E623600DA6800220000000000000000375048AA8A8ED23B4894CC95845358A8C856460A58B2009AC932D9858B1ABAC9B1B98D8B25A6AD82581A2D86C84B26C16C8D8662D8B59B4B164B166759D56F6673B8B668E1D0E594EFA6F5BD6E8E83E8CE471E8A9687241A4EE0F77D7B18EFE179F7D47C36570E59379A174EB677D3D8FA9E099232E190A77BB57BF9B3E2F1EA9BD53D2BF12391AB8B6D34F66FF0091F5B8251D07079655CCE304E6D47ABDFF00F079BC92C91EE8ED35CF87961D6F7B3CDA7CA9C1CF7DBB1CFD071296B7874755863931DE5F0FE695ABAF33D5A672785F3464E4E3DFD8DF8F64F6E1E6F6EC433C6318B7DDA48D92CB152516F77D0E5CE729E3C505092926ADD6C63AFCF9212C33862C992A74D415B4BCDFA1D2F727CB8CE2DF875BC44DB57BA5666A5672239B24750E7384A3CF1A49FA3BFE67BB16552459758B2CBEDB353914145DD6FF007D99B79ADB3C7AA4F3B8E2C6EA49DBBF6FFC99C32A693F32CEB6E2D96732D7B22ECC8D58E57466E4A31B6F646F4D660C549349A769953B0AB62C9DAC016C264006454CC1BA27322EE2EC8DBCD462E7460DD98B6C97B2F4D8A6E8C5E46609833F7DAC7DD46DB00194000100000000000000000000000000000000000000000000000000003000000000B60000000600000000161360051B64B7E6505D344CAFA100D043B80442C58002C5FA0002C580B6EC0D55B99A30B2A66A5C595958B25865D6B56C598DAB2EC34D5B16408BA6AB6C96D862C9A69F4317232BA316EFD096A696C8D81664000190000000000000000000000000000000000006D4CA82E80ED1D6324CB64EDB05D0D468B0C7D050A31064D0A27B46228CA8944C4C4018218016632928EEDA490DCF67FC613CF08BA6F7F21E2A7BA671F1667973644DDA6DD7DCD98F3B692EEB639CEF6E37DF391D6E6B4799E67F8A941BF952E9EA68C5A86F24A2DECADAF630E7BBC9DDE46ABD3A13AEFDC624D7B94D19C649F47678A192DCB7ECFF00632C1954612B6BF33DDB35B124B5ED6FE538BF10C9AE1F91C1AE6E46D7374A5577F4B3DD975908BE5E68B6FD4E4715CB9B3B78F1E3E7C3920D3927F95D797D8CF7D45E39B7A7C7AD569B254A7A5A93DB9A33DEBEA7D860CB178229424E0D6F75E6CF9BC5F0F6AA751962C70BE8DBE9F63BB8B51A5825872E682C98D53524D5DB6FBFB9E7F265931EE9E9EA967C11D34566C29AE7F9126953F3189FFE9D3EFC89FE869CF18E5860587260972CEE494D6CB6374172E9136AB64B7F637E3B31C3CD363D19FE6C2AB669F6F63CF09F324D62D436D6FF00EECDD1973C523D5085F2A4DBE9DCE5E4FF0076BC173973750A96392838D36BE6F647A239258F1292EF467C4E2BC18BF2755D4D138A785272A5B6F7E877E3FD5C3C9FEEDCE2F2710B52A496FF006463093852EB4DA6FEE630925ABCB4D34A9277E8619D3B694A9376DA6679BFE55BEE6F11D059B970B9AEC957DCD93C8E7A6F373497DE8F1426FC1B54DAAA8B569EFD19565558D49D4A53DE31E8B7BDBEC75BD63971CEBD98A75050EF1D8F44256781CF972B5D8F4E29DD51AE6ECD3A9971E94F62913B48A6992C37B128C5B685B8327BA3062DF4062DD66D00040000400000000000000000000000000000000000000000000000000000000000000000000000000000000000000000000000000000000000000003B96C80016C801A362C002A62D90174D5B25B0069AB646C021A00000000000000000000000000000000000000000000DC9992A352664BDCED2BACAD8A8BB1AD33252352B52B2A2D18A65B46B62AD0A258B1B0F48D11A326C8D99B8958B31656E8C14D349A768CD668E4AD2B49BEC7835BA954F1A6953B766CCD9178BCCABE4D9FD51C8D6C97E22726D24DD6EE8E1DF573237C73B66B6E9F1C14B24A2927B6F669C8FC3CA9A95A9FE8CCF1636B1E4D9AB4BF73C5C454E3A46E0E9A9AEDEE70E7AB2BD1E4E363D73CAE3A784AF79FCABEB747A9788B4718B493AE6BBF5B39DAFE6C9A7D3471AB6B2C295EEEACF7439D6151941DF86F6B5D7C8BB6E24E248F267C8E5A7CD16DA4A0DECE9EC7031EBF538B3378F24D4536945EEABEA7662DE6C595CA0E0D2941DBF26D59C8CB8BC06B26484FC172AF1231B4F7676CD72F1CCB5EC871AD528ABF05BF370DCEAF0CC92D4693C6728464E6D52FA23951D0C65A78EA30CBC4C3357CC9538BEE9AF33B1C1F4E96913FF99B31D78FF4EF2BD0E09BB791FD0D32D2695CB9A58D4E4FBB8DB3DCA094927D16ED9162776936DF45D8C4E2C5B5E551C704943124979248D7AFCF18E9A3182737274D4536D6DE87B5634A5CD39A725D92E87CB65D3CF17C42A7094B9659137CB693F9DF5A3A71E3B2B37DCC75345AA793571C7E0664AAF9A70692DD2EACEA63C90E7AE78AA7D99B9C229BAC696F7D0F16A69F13D3C7915B836DD577462F3F75D39E673322718D4E3C5A2F16A738A924D422DBDFD11A56583C58F2412E59A4F755DBC8EAA53AA692D96F473B50DCE526DFCC9FD5F637E3BEB1CFCBC4B763254B2E5518452DB748CB5D29E3C108A5177E6BD8D7C333BD469BC6CB0F0A53FF000B7D29B5FC8DBAC58F511C70534AAEDADCC599D373FD31E44E58D4651953BDCF360CD925F1065C79378431A924FA3B4B7FD59EBCA9431A9C9B4BBEDF43C3A592CBC7B34E12534B1463CBE54A366BA9EED8CF8E64CAEB6A1C5638B8C52BECBEA6FD34A947DACF3E74F2638C31E37CCBAA4AABAFF52E9E6E2D425B35B34CD78AFAC73F34CBAEB41DA4CCE8D385DC51B9C923B38A5D18CB7E8C36D92EF6336B368003280000000000000000003B800122A8C9AE8CB25592A02B8CBC89B8CA600506440000000000000000000000000000000000000000000000000000000000000000000000000000000000000000000000000000000000000000000000000000000000000000000000000000000000001332523145546A2CACD34649982A2A66A56E564996C898B35AD6B24C5A314C3635756C8DFF005309E5847AC92F7660F510A7F327B3EE353293CA9E36D2EB68D0A4B1C1ABA516F72472294229B7B3BD95B3C7A9C8FAC1B572B6ABA9CEDF6DCE363728F8D83364835591A717DA933E578CBCB9A58E393675CCD2DB7A57FBB3EAB4EEB4296C9B4BAFB9F37C56BF152B7BA493FB233CCDB75DA4C91DAE1F19CB87E373B6DC176267D3F3E19271BDD367B34314B458D7941167718369598BCCFB9AD73B2E18CE507CD4E0D35FEFEA7A538B493DD5536BB7A99C21CD8E327D5AA6988E349BDBB761391E3CB8F0E3C59163B716A4DB7DEDB6FF0053C3AF507C130EDB3CCFFF00F474F5514B04DF4D9F73879F2B7A7FC3CD4278E3372519269A7BEE9AF77F73ACB98E7CCF75EDE1EE11E192C69A49C9ECBE876386452D1A7DAD9F210C992334B1C9431276E29B6DBF46FE87D0F0BD7635C3E3CF349B6E935EBD89DF73E5B91D9924DB7CB6AB735CF224F66D5A3CD8B578F2AABE79274A9557B9B259E2A4A2DA4D9CE772AD8BE228AAE76BEE72788E38FE374D9A2E5CD2C8934BA754FF0099D75384AEE99CAE22FF00F51A1517FF00195D7BA3AF366A3BD25EB2B5D77395994A5C7F0C79E54B15D5FF00CEBFA1D74DA6EE5DFC8E54E49FC4714DB5FC1EDFFBCC737E4AE93C716F7B7DBAB353C11BEDF6DCDF6927BB668727CED2935EDFFC1995711E08A57B93C18D6D6C92E67B394FEE6B6A9F575E76CC6CD5C65971C3C295A6ED7767CDF0975F13EB9476A4D7E913A9C59CE1A38BD3A4E7E24124DBDD5EF7B9C0E05A853F8AB5D8E7071C8A0F99736DD21D11AE6FF8DA9995F5537350725269A5D763C58A6DE6B6EDB6DB7F53D7369E377B26AAFC8F0627159DA8CB9926E9D1CFC37DB8FD47A92BB9A697C88DF767934CF647A9743D3B5E5DAA0022000000049B000BCA5514FAB2E2E6B1066A09770E2917EDA658C01695EE671C4DBBEC2736925BF0D6937D1599C3136D36A91BE31496C8C923A4F1CF9AEB3C73F6C54124B632A4BB0075C91D324F84693EA8C5C576464C56C4B254B35A2506DD9838B47A1A77D48E17DCE7D71AE778D79C1B5E2F5278691CFECB18FB2B583271764E57E44C4CA8034D7604F680000000000000000000000000000000000000000000000000000000000000000000000000000000000000000000000000000000000000000000000000000000000000000009168080502AB250937D0CBC29574FD4F4A5B6C8C8EF3C71DE78E3C6E125D9848F5D26612C49B6D3698BE3FE25F1FF001A132EC4C89E3DDADBCD1E77A88AEF6FC9239DD9F2CE5F8C7A6D59AF2CE3E149DF667972E5CED7F0B1DBF36FA1E1D4E0D74D373CED24BF245A49A337B91D39F1F57DB059E76EDDEFB6E8CFC7696E9A4FD1339BE0E64F79CE3E8A5645E2C57CB91A7DED23CF7BF6F4491D5C19A2E52E8A95EDB18ACB8649734175D92673F4F932394F99A7517D2D1E8839B493C76E9746277B4C7B21283A841D452E8D268C250C325528C1FACA0ACF363CBCB924945C6496F6BD519ACF85ECA6D3F765DBAAF6E19F2AE48D35D3674D194B9A506955BF5F5FD4F2C3247C48B52E6ABD93464A4DBBE6DB77D3A165FD8D91738B49EF4A8CE32B9BE55F356EA8F33C8E32ECCCE391BE692D9A46A5465AA8A96195C6E4D7638B3E1B9754A4E31508F4E66BC8EF425704DB76D1BF1C62A1D7B5B565BB66449E9F2B83846459BF89952C69EF4B7675F1E0D2E1C7C98E0A093B57BFEA7425E1F372A5BECEEACC5E38254DECFCCE3D737F75A8E7CF163B5284927D6D3A6271526A4A5F32E8ECDF2C2E2ED34D77B4699F2E3CD184F773DD6DE470F8AA9379229B52BA5BB47CAF16E299B0719E1FA4E77CFE2A94BC9A724BAFD19F530C72864C936E2A391AA8F952A3E6FE24E1D3971BE1DAA838D639C54EDF45CD74957A33BF8BA9F75DA963EE23A85372EDD7A9CBCB91AF89E297FA5E5FF39BDDA7F2DB75BB6CE165D4E687C6508CA6DC1E07FF00F621E3EF6D2C7D673B77EE62DABBEE79E5939A378DD2EFFA1B71C934BBAAD993EF8B8D969F423C6A4B65BF99AE52E59B49B5EA83C928ABE8FCFCC97B9848E6F19C73968E30E6718F8D0DD3A7F98F9CE07CF0F8C75F16EE30C6F7A56F68773E9F89E45934B0DEDF8D1EDEA7CE705A7F1B7124B7FE13FDA05E2ECBFF00E167B8FA77913554DC5F6673673963D46471C75152B4933A8F1FCADBA5F4E879326194A7275D5EDEA71E7ABCFB89DF13A994C1C45412F1138D79A3DF8B88426954D339CB4D69A6D3A5BD6D460B4D8D2BE65CB7D95B7FCCED3CDFD8E17E9E7CCAEE475507DCCD6783EE719638E3C9C9CF3BDBFC4E90F11788A119CDBAB6936EBEBD3B1AFCF3F8C7FE7EBFAED78F0F30F3C175671219639173425271E8936EDBF2A36C6292DDDB7EBD09F9A7F17FF3D757F110445AA827D51CC58E0D6F1BBEF664B142B7857D07E793F4B3E9EFF5D35AB83F53763C9CDBD2A39FA6D2E3926F955FA5AFE67B962718AA93477F1F7BEEA7E1B2FCB6B924BA985D9A651C97B34D1BB1DA5BF53ACFF2F8AC75C59719C217BD7DCDE952A242A919743A73CE46A4C000D9A6B4B16403400B23667595212C363418162CCE952900D907A4F48D230715666D98B5662CD62FB6B6A980D3062C62807D502200000000000000000000000000000000000000000000000000000000000000000000000000000000000000048002D1794B8B8C41544BCA32995883271D8C6B7D8653280B44A18600B5E62861880A90AF418620A2D0A186202D50A186202D0A18620292F702A45A2A5B168B22E31AF406540B8B8F60A00F5BD45060018B49A69A4D7A9CAD5E9671C8F245B492EC75CC271E6473EFC73A98B2E3818F3E552E49AE56FA53BFB9BE7194A0E95BEEDB3DD974F051726ADA345D2A6A8F3FE2B2613A70E791372E5C69463BB949B5CABCFF00DF91AA5CBC8B25A716F677474788619AC49C6369B6DDADBA1CD84945A518524EDAF36793C9CF52B72EB641A8BCC924DA85F9D753E67E23D6E5D3EB712C59A706B1DFCB26B7B67D4E39369B96FBF974BF41A9D2E9B3C94351870E45CAF69413FD68CF1DFDBD7B8D59AC34D93267C18E79249C9E34DBADDEC8E6713D766D165C6F1CE0D357528A7D97F53AB8F12C4A4A116972A8A5D9255FD0E5713E0CF5F921996A678DC6D72BC76BB2F3F437C772DF6963B3A5C98B51834F9E38942738B6EBA1E4D5EAB168A31C9996471936928B33D0629E97160C12939AC5071728A6AFCB639DC734F9F3E9702C3073509372DD2ABE976CB3A9F76265766127931E3C916DC6504D27D4CE2DA86477DBFA1E3D36658E1870C9AE68C14795BA6E97548CE59EA7923BAB5B7E82F527B8B1EA59E519638455B6975F734E7D16A736A5E6C7A8708DAF9527D8D134DCB1CB9DADD275D6ACC27C57262D5BC0B145A53514EDDD52DC9CF92FE8C7473E2C93D2E6C309F2E49628C63277D6BA931639E3D3471E66DC9376FEA68CFAB963C3AAD4356F14212493ABB5665A9E258F4DA05AAD4269BBF956F74D2FE63AEADF44F467535832471CDA938349B75BD6C71385E978A69F5D8FFB4B3F8A9A6E353BAD9FF3A3A3A2E35A5D7E470C319464BFC32557D5FF002667ABCB18F168E1E56963C6E7769DAA6FF91CFDC9655B95CEE2D838CE4D6CA5C372A8E0E549AE75D7EA8DFC46335A6D239414F278D0524B7DEBD0DB9F8A62C5A6C39A58E69656D52A6D34FBD9AA7C47C5D361CB85349E7506A492EAAC5B6CF8326BB3CB95DB51C49EF6926FF73E7F3E7D4CBE30C5A5FE12E4C2E4DA82B7FC44BF91E8D7FC40F47C470E9A1A752595D5B9D774BC8F1CE525F1DCA4B74B4EE9BDBFE2F437E3E7E6D9FA4B5F4CB1B505FC59355BD248CA0D4124ADBF5385A4E29ACC9C65E9F3452D3C6326DF2B5BDD2DFE87A27A9C929C926DABDA9D51CACB3E56575E4DB4A953F530CBA9C38D54B2453F26721BC8E3737249776CD0B2CB2B6B1636FF00E66898BAF471DE210870F94F4F1F1258E71938A5574ECF9EF873598F37C579F50F9F1CF3E2778A5169A6946DDF4AD8FA4D2E832CDA728A727FE67D0EC69784528CF34937D9247A3C5B65E64F966FF5E69E75C94AF9B6478A51C8B23973E576FBB6D2BF43E916830C634A1BF998E2D0C6199E46D3F24D7413E9BA970FBA57CD4DE64DE34D38BDA4E9DA6FBFB7410592314F1C26F93F2CABA6FBD9F4F3C11736E9579518BC1093DCEB3E92FEEA7DCF96939C72C71B4E09BB7157BAD9DBFB3317A872CD0E56E389AF9E292F9FAD7B6E7D43D0E0926A58632F72E2E19A58BB5A7C717E9125FA4BFD3EF7174F8A79549E2826FB37D17FBDCDCF499B65C94BBDBDDFD8EDE3D2E1C49AC78A114F7A48DAE2BD8D4FA49FBA7DF5C9868B34A2BA2ADA99B968A4B77248F7B57D3614D75566BFF3733E53EEAD18B1420B7DDF9A3375D97DCCF9537745A5DD17ECCF44AC39138A6BA9A936B2C97647A6935B1A32AE59A7D8D7124ACF7EE37437361A212B3727B1DB5C8009634D5236404D4D03646C599D4D5B2362CC5B16A6AB685905EC4D2D360D98D8B26A68D8B23164D6741498B09F9903955740E28A061918F298B5466CC592C4C40575E44A262600022000000000000000000000000000000000000000000000000000000000000000000000000A150455B162AA292C235162801156234D8E566628618C3714654418989428CA89430C4A05A1430C405A0D130C46432A1430C625EC0B5DC618C6ACBCA505C3048A2C1635140EBB003D20C2CA99DF5DB592298A32458B10023614693EA69C982391DBEA6E48B44B3531E6FC3F6BDBC9992D3C53DD27F446FA02F109E9E77A4C2DDB845BF548D79B8760CB5704ABBA48F6928CDF1F37F4D6D731708C716DF3C9DF67B9B7FB3F128D72AF7A3DCE8C5B467F0F33E21B5E05C33497B624BD8F2AE0D15925F3D41F4492547564D18F336EBA19BE2E6FBC5DAF96E23F0DCB2F15C3AAC396696169F235B3ABEFF536AE1D9E799AE4A77D59F4D1DDDF70D5DDAFA98EBC1CF4B3AC70E1C1A7371F17272A4D3F977337F0EE19655939D5DA6DF22BFB9D67169D2B32519AA75B0E7C3CCFD1AF1AE0FA67A6C9867725912527D1B48E5717F859EBB1638E2D4528269271EB6ECFA1729A7D0AA524EDA37F8B9BFA676BE1F4FF00086AB4BABC79A39A29637CD496EFD0F6FE0F34F882C99B1C949E3716DECAAA5FD4FADE6BD893C50CB16A714D355BA39F7F4DBF15A9D3E2353A28E5C38704E7C8B136D53EB7B9AA1A2AC70C10949C6399656EADB6B63EC23C1B471FF037EEFA1E9862C381562C718DF92394FA6EBF756F7FC7C4EAF85C32EAF1EA7538F27890DE3BD2EB67AE58A529A9C93E66BFC4B73EB7796CE09FBEE6193029AF9A31696F5566BAFA6B9EAA4E9F351C492E9149F54F7B2CA0D24E31B6FA1DC7A2C7292BC4BE9B1570FC69B937277ED48E17E9BBFD7B6BEE8E263D13CAEF3CAD7F95744743060C69A8C2174BB1EA7A249ED36D7951943038BB4DA13C1D4BEE2DB1B31431C1AA8A4FD4DD746969477EE4E6DBAA3DBC7393D462DD6E7349A4C8E569D1A5E46BBEC8AA6E5D9FD4DCB595777EA64BA6EB7F309EDD107EC6B464B6EE54FA982BAE854DAEA8BA3364639AC8E466D06DA239344E6B0C6873BF2FD48E6AC8F6EC60DD2E866D19B9B5E8613729EC97D48939357F6374628B39FDB37AFD46308D1B53A42920573D5B2580C868D91B0D902164BB0C19D42C8D821352D564B0C84B5357B92C58220D9022D0A20000B62C8000B1D48C2161821028500442800028500000002A8014000A000000000000000500028000050A002850000014000A00002A0625048A55E80C620B45E52C86312A4548C92122C8C522A45A06B171122D0A2A18B89D0751DCA3063BD96D990A18631DCC90A08B22C8A4A32A2171712BD051935B128618842D0A20828B4286338C6851957A048618C41950A18B8881687A9710A01018B8DC8A888A8EB1D629485B34D42850B160504B16361AA058B1AA362C9646C6A6926699B97666C7BA3169AEC4AB2B4A7232E572DEA9F99B54537D0CD452262B4C5CE3B38DFA99C5A7D551B290E545C44545148A5C8252F20CA47D00C5A4F7BA2AD97523236C9AB8B26BBB24547B3316AFA92E82375265A30849B466518B447B75326C8DD2F3160D6E496E6B9658AEB4673B7B72EC6AF0537BBFA18B3DAEB17353DA2DFD08B136EDB6FD0F4431C23D1246749742E1AD0B1255D8CFC34B7337D48668C1A6BA223935D92666DFA18356CCAE273B7D593997B8692EACC1CA2BD7D89B53D334FD0C653A74D322C925D23233529B5F96BEA25A6C8C1645E41E4AECDFB236461D5BEACCD45237919BDB42949FF819796525BAA46FA428992337BD611852466B602CBACAB20B164D4D1B2586C010023203215B2763359D08C0644A3200C20002085BD8800AC8030880000002010A4000022000000000000000000000000000000000000000000000000000000000000054D2EA42D08ACAD3EE54609B41B6FB1AD5D666569773526C3BF52E92B65AF3B23924CD6097AA5EAB3E6439BCB7302936A6D64DD6ED8E6F2310AD0D3592B6CCD1AADA2F33353AC595B1B488A49985A09AF21F71AD89D96CC399766552352B5ACC18F3A414931B1763214051714A21686E31310516850C30AF5142836530A0D18B950E64CCEC3632061606C4D8DE8592C59D35D75958B31B2363535958B30BF52D8D86B2B166362FD46C359DFA16CC2C5975759364B258B434D6454CC2C58D2566994C132F31A95AD644B2265B1A6965BF42581A6B19C9ADD2305953EF4CDAF7354F1ABB4B725A4ACD493EE5A342953A36C649935A5A4C38A664986C7A8314A873A5D5A24A55B9E6C995458D863D5CDDCCAECF3E0CCB227D2D1BACB2EB36B2D88E2BB0B1634D62D3437F232B259361AC69BEC3E65D8CAC58F49AC1F33F231716FB9B1B0D93217AAD5E1A6F7DC786BC8CD827A66D4E5454858B233AA46C8D8B1A6AD91B16426A6AB64B164B269AB62C962C6A69608069AB619084D356C805935000800750088321590000000B002200086140006005000000000000000000000017E80000050A000500000017E8000007500001400000000000EE3B80BF417E800000000004C00014000017E8000005000280000001B8002C26D3006A6B359117C45E46B06BEEAD7DD5B3C44453566006D3EEACFC47E414DB66054C9B4DAC9C98525DF72598F52DB4DACF99323AAB46209A69B80033AF46C2CC2E88E5B1D35DB5B2C8DAF335A6D91DD92F4CDE99F320D98261B667EE4FB99F315335153AD8BABB5B1CABB939D1836417AA97AAD9CE148D765B27DC4EAB3E60E546BEF65B2FDD576B359199299A4B6C7DD53EEADBCE8AA5669EA54E8B3B59DB7A91798D5CC4E6DFA9AFB9AFB9B94837B1A79BD429521F79F7BC9ADCAF0352A755B9306B149F5EAC7115CFA79F9A8BA3E634DAF9E3C8E1296E9A38F5E4CAEBC5D7D9C32A7DD9B39AD1C8D36A9C96C74219135D4B3C9AEB796C93B3C99E36AD1EA6CD3345FBF531E086778325B7517D8EB63C8A714D338DAB824D3ECCDDC3B556DE39495A459D639F531D7B16609DA4CB674D73D5B166362C9A6B2BF517EA6162D0D4D65646CC5B2364B52D6762CC2C5934D6764B31B1635356C598D8B269ACAC598D8B1A6AD86C964B1A9AB62C96086AD8B201A9AB62C80058B000000000082029020000042826080A06080A06080A06080A06080A061880A061880A06080A06080A06080A061880A061880A06080A06080A061880A061880A4186001461880A06080A06080A061880A061880A18C310140C310140C31014830C00030C00030C00030C0140C31002D0C3DA02D1061EC05030F68002802D109800A060B6134BB01455F6377B01428050A1428000284F61D4C6D76DFD8C9AB55D0C1A928A4924FCCC776CF86B992FED7992EA9AF72EDE68915249F334C8D38B4D6C893AB66D5BCCDC6742876B14748C52850A1401014000EC050128A050235E78F36292F43E1F5F178388D79A4D76EC7DD4D7C8FDBEE7C57C41151E258E4F6B8F438F9BD58E9E3B95D7E1D36F0AB76ECEBE176BA9C0E14EF17D4EEE17B1895ECFD3D89AA309EE82646ED1B9DE7A4C78355094A349D6FD4E33CD934F9D644DD6E99DECCF6383C4A4A0E4E9B4D8B77F6979D8FA7D16759B0C5AEAD59E9BD8F98E01C41646F1BD9C17F367D1A927BF63B71DECC796FAB8C9B306DD95B251AB758B756C9628513534B02850D34B0D81440B0285000285000371402EC0A145002853F32001B8A000500162C50A2801428001B8DC8006E37002800250A2FD401285169F980250A280250A2D3F314FCC09428BF50028945A004A1450028945DC53F30250A2FD401285169F980250A2FD46FE604A145004A145004A145004A145FA8A7E604A145A7E6009428BBF98FA812851453F30250A280250A2EFE6009428A3EA0405DFCC0105140128514012851401285140128B4000A25140128514012851453F3020280202802028020280202802028000A0A200C0240D1A9D4434E9269B6D5A48DB3C9082B9C92F46CF0EA3263CDA9C6E1F325B375B1E4FA9F37D9CDFB6FB7A7C1E1FBAED9E97F1F97B60D8C97108AA59314A37DCCE3A3FC4C2D49C5275B167A69618A4E9C7CFA9E39D7D4CE7EEBF0F55F1F86FACF6DF1929C534D35E86473937A6973C15C5F589D1BB4ABA1EEFA7F37E5997E5E3F3787F1DD9F02319BB49776CAE55B2DDFA122AB77BB3B5F7EA39C99EEB240A0D48C5F94050510140101401014011F467C67C489FE2F175E9DFDD1F66FF00233E2FE239736BF152DA8E1E6FD37C7CC7AB853FE175FF0011DDC1D0E1F0A558BFEA3BB87A1CDEDFD3D2BB15A22E8508F3E68DAE871B88E1E6C6D2EA99DCC8AD1CFD4C134EFA58595F2FA2C8F4BC42EE934D3AF63EEB4D914F0C5AF23E17886278E72AEA9ECCFAAE079FC5D2E3DFFC08D78EE5C79BCDCE5D7540A29E970405004050040500405004AF50500405004050040500405004050040500405004050040500405004050040500405004050040500405004050040500405004050040500405004A14500405004050040500405004050040500405A0040500405A00405A004050040500405A140405004050040500405140405A004050041F4145A0202D0A0202D0A0202D0014286E370B851AF50E71C129415B49D23650A2752DE6C9EB578B9D4B5CAD362F1E7CF91DC934A9F63DAF1C71E48A6D38ADF61934B094F9E127097A2B4CD1A8F130AB71E65FF002267CAEBC57C536CDF7F2FA3CF92792E4AE9E3CB89476925F5A356A73E3F0DC534ED3F5471A59B573750C4A17E756170FCFA892F13237DA96E6BAFADEFBE7ECE796E7839977AADF933E1516A5916EAB6DD99E3E2109C630C58F264A4936A3490870750DDAE67EAFF0092339639636924E0D74ADBF4EE72E7F278AEF53255EFF1F5327B7AD34956CBD3A97997ABFA1A306A1CA4E19572CBB57467A2CFA7E2EE77379AF9DDF379B962732F36BE8134DF5450D27B349FB1D32CFDB9FA281395C57CB6FD19534FDFBAF212EFC979285006930A140030A14370063936C727E87C3F1B973F13824BA451F6BA9972E0936EA91F0BA97E2F11727BD5255EC70F2FCC74F1CDAECF0D8A586D799DAC2B6397A08F2E34BD4EBE25B1CDEBFD372E8020118C95A3C59D6CFDCF73E87973AD9FB857CD714C6BAD6CDF53D3F0C6774F1B7F963D3EAC9C5609E17DA9EC78F8064F0F88658B55B09EBA95CBCD3D3EDFA8117F2A7E80F5BCB80A001850A00050A00050A001850A001850A001850A00050A1601850A001850A001850A001850A001850A001850A00050A00050A001850A02C1850A00050A00050A001850A001850A001850A00050A001850A001850A001850A00180001850A001850A001850A001850A001850A001850A001850A001850A00180160180001850A001850A0018016018000180A0000001800018000180001800018000180001800018A0B428A202D0A021E1D7C9A9E3BDA37BBFAA3DF461931C7245C66AD338F9FC77C9C5E67CBAF87A9C75B5A1C31784DACA9BF4A33D2E7C78935374DBDBB9ABFB3B03E9CCBD148CBF03869F2C5A97676DD33C9CF87CDC75F77327A7ABF2F17D5AF5AD4E2B6BA7D0F1EBB538938ABBF3A5D8D0E73C4DACF0717D9A5699AB26A20FF2C5C9D52D8E3E6FAAEFBE6F1D475E3C537626A27FC4C728EEEFFA1D64ED2F36ACE769B4B3CB9164CC9A8AAA5E67497FF077FA0E3A92F5D7C387D575CDC93E4309C9DD455BF533A238A7BF73DDDCB67AAF2F392FB638DE46DB9A4843F3C9F62B8A7D5B6BC9B2A4D2AEC679E2CCB6ADB3F4A0B428E8E680B428080A4420F0F15C9E1E9723BAA8367C4E8578996FADC96C8FA6F8933F269A51BA6E35FAA383C2B0B728BF27BD1E5EEED7A3C33F6FA2D2C525B1D1C6B63C7A68EDF53DD0548CBBD6600083E879B32D99E97D0F366E8C2C71F88A4F1CAD7468E3F0A75C4F6E9CAFA9D9E21BE392AEE8E270E4BFB5134F6E57D3D85F963C9F15F7B89DE38BF43230C3BE28BF43651EB9F11E4A80B428A880B428080B428080B428080B428080B428080B428080B428080B428080B428080B440000000B42808000001680800000B44000168080B4280800000B440000000168080B4280800000000000000000000000000000B428080B4400000001680800000000000000000000000000000000000000000000280000000280014280014000280283401400000000280C5A5254D26BD518AC38E2ED63827E691B28512F3CDF762FDD64CD2EFBB0285167AF84DBFB00A1400014000A14130028503023749B2D1AB539163C32775B0B725A49EDF23F12E7F13538F1A9369ADFEE8CF85634E2E74B7673B5B91EA38837B34924BEC7738763E5C5154BABE878EDDBAF5F8E647534EA91EB8AA3462548F4241BA0002237B1E6CCF667A5B3C7A896CFDC2C72388C9AC4DAF3473383479B8A4A95A499EAE2D9172A8AB4DB1F0CE172D464C8D5A6B6FBB2CF76473F2DF4FB0C6AB1A48C825492147B27C3CC01428898014028050A00050A0980142818014018014281801428180142828050A096000A06005006005006000A0600006000A060050A06005006005006000DC1800281800D0A06005006000A060050A06000060000600006000A0600006000A0600006000060050A060000600006000060000600006000060000600006000A06000060000600006000060000600006000060000600A0B8A80A06080A06080A06080A06080A06080A06080A06080A06080A060947278EEA960D2CE9D3E467566F960DBEC7C67C45A879F591C30769C55FFBFA1CBCBD64C5E66D78B8763793245B5BB7DCFA8D363A4BDCE470CC15527E7B23BF821497B9E79F0F64991E882A46C2456C50801446C0C26E91CFD4E4A4EFCF73D99A548E3711CBCB89BF5AEA17E1C5E2191CA6DAEADFEC7D37C3FA558B4B8DD5370DFEE7CCE8B13D5EBF92AD24DF9F63EEF4B8D63C49574491D3C536EBCFE4BB5B4141EA7240504C10140C10140C10140C10140C10140C10140C10140C10140C10140C10140C10140C10140C10140C10140C10140C10140C10140C10140C10140C10140C10140C10140C10140C10140C10140C10140C10140C1014BD860C4140C10140C128140C10140C10140C10140C10140C10140C10140C10140C10140C10140C10140C10140C10140C10140C10140C10140C10140C10140C10140C10140C168500694A14000A14000A14000A14000A14000A14000A14000A14000140C672518377D17727EB47838AEAE3A6D3CDDD351BDD9F15814F559D4E7773696FD8E8FC45AB967D6BD3C3F2A54DFAFF00B465C2B4F6B9DBEFDCF1F7D7DD5DBC7CE7B74F4983C38A55DCE9E28D23460C7497B9EC4A9198ED557400040C64E9191A724A96E079F513491F39C573A6EAF64DDD1D8D66551836DF4747CD6552D467F0D3B726DFE80EAE476BE19D137FC792DE71BFD59F549524BB23C7C334EB069A114BA452E87B76A3D7E2E726BCB6E942803A2142800042826085A006050A0060510A06088B400C0A1400C0A1400C0A1400C0A1400C0A1400C0A1400C0A1400C0A1400C0A1400C0A1400C0A1400C0A1400C0A1400C0A1400C0A1400C0A1400C0A1400C0A1400C0A1400C0A1400C0A1400C0A1400C0A1400C0A14000A14000A1400C0A1400C0A214010B4000A1400C0A1400C0A1400C0A1400C0A1400C0A1400C0A1400C0A1400C0A1400C0A1400C0A1400C0A1400C0A2140C10B400C0A1400C0A000C0D851450C1281680C10140C1361B140C1361B140C1361B140C129798D8B40608297996851704A5E6297996850136DCE3F1DD7FE1B49912ABAA4BD59D1D5E7860C329C9A54ADDF91F13C4752F5DAF972BBC7174BD6BFF00938F97BC991BE79DAD5A48CF519DE4927CD9256DBEC8FA5D2E151492D92678786697971C64D3B6ED7A1DBC38E9743CD1E993236638D236912A545080018124E91E5CF3A46FC92A473B539124DDF4DC2C72F8AE7E5828A6A9BB6CD3F0F695E7D64F3497CA93A4D79EC7875B9279B22495B6DD23EC38268D69F4D04FAF22B35C73F7572F25F58E94128C52F4322D0A3DB9FA714D852F328A2622502D0A1820A5E65A14304A5E60B4286080B4286083EA5A14304A5E6297996850C1361B1450C1361B1680C1361B140C1361B140C129798A5E65A143041B16850C136145030414BCCB4286094BCC516850C1016BCC50C1016850C129798A5E65A14304A05A1430405A030405A143041EC5A1430405A1430405A143041B1680C128516850C12851680C1286C5A1430405A14304A145A14304145A14304A145A14304A05A14304145A14304A05A1430405A1430405A14304A145A14304A05A20C0145A14304A145A1430405A1430405A1430405A1430405A1430400B430405A14304A145A1430405A1430405A1430405A030014945500A0000A14000A0000A14000A0000A0000A145900C672518B93327B1C7E39C463A5D364519253AA4BD4CF7648B26DC72BE23E24E5296930CADB6AD2ECB7B3C3C3348E538CA49B4B76FD4F3E08CF57ABF1269B9646DBF63E8F45A758F1C62974EE78ADDBAEFC4C8F469B128C6292AA3DB155D8C31469237223744000811B29AE6E901A734E975389C4F50E31493DDDDD9D2D4E44975A3E6788E7792695DBB692F51FAD5BEA37703C0F57AF73716E38D35F73EE30C7931C62FAD51C5F87342B0607271A6D2B7F44774F4F879C9AF375768BA01B8A3BC64001000000000000000000000001400000800000000000000000000000000000000000000000000000000000000000000000000000000000000000000000000000000000000000000000000000000000000000000000000000000000000000000000000000000000000A0A0B82028020280202818202D018202D0A1820280207D0A633928AB7D07C0F3EBF511D3E9A736D2A47C36BB519388710936DBC69D25DB63A5F10F1079724B4B8DBB6D2953DAB73CDC33496E2DC6D2EFEA78FC9DFDD71DB8E7F75EDE19A5518424D2B7FA1D9C18D24B63569B1525B1EC82A48E6EAC92A5450020000233CF9A4D2374E548F0EA67482C73789EA3922A29D3767278769DEBB59B7E583DEFBBB465C4B52A5354DF925EA777E1AE1FE0E294F2455CE9DFD11AE27DD718EEBBD831AC58D4524B65D0DA5147BA4C98F3A02818202D018202802028A0202802028A020BF4280202802028A020BF42D0025FA0BF42802028A0202802028A0202D0A1825FA0BF428025FA0BF428025FA02802028025FA028020280202802028025FA0280202D0A0202D0A0202D0020280202D002028020BF42D00202D0A025FA028A02028A020BF42D0025FA0BF428025FA0BF428025FA028A020BF42D0A025FA0BF42802028A0202D0A020BF42D00202D0A0202D0A0202D0A0202D0A025FA028A0202D0A0202D0A0202D00202D0A0202D000002AE00006000060000600006000060000147238E7105A5D3737AD7EC74B519562C7CCDD6E7C2714D5CB5DAD9C55F2C24DD37B791C3CDDE4C6F99AD5A5C73D56A3C49BB94E4EDBEC8FA4D1E9D63846296C8F0F0CD2F242327D5AE876B063A48F2C7793236E38D246D48254917B04000008D94C26E9303566952A38FC473F263ABDDD9D0D44EB63E738A666E5D6D24F60BF11E7D169E5ADD6A8D6D0A6ED7A9F7DA4C4B162497A7EC7CF7C31A158F1CB2C926E74FF667D4556C7A7C1C64DAE1DDDA5000F43000018000180001800018000180006180006180006180006180006180006180006180006180006180A001850A001850A006180006180006180A0061850A0061850A0061850A0061850A0061850A0061850A006180006180A001850A001850A00180A001850A001800061850A001850001850A001850A001850A001850001850A001850A006186E28018614280061428018614280186142801861428006142801861428018614280EE02850B03028501F5181400061428A0AA9428A009428A009428A009428A009428A00941B4B77D114F26BF3AC385B6D2A6B7336E4D2470BE23E22B1E278F1BB93974B38DC3B4BCF3F995ED6DD1A32659EB78864C8D7CADBAAFF7E877F41A75082D9DB5B9E1EBABD5D77E39C8F6E9B124A3E547B611A48C31469237A465AA74000400001EC8D396549FB1B5BA47973CA93F60B239FADCBCB0BFDBD8F9D78E5AAD5C71ADF7DFC96F47538AE5A8A8F9FF00430F86F4DE3E7C9967D1355F7B2F336E277723EB7438561C2A2952492FD11E9EA22A92453DFCCC98E09428A0A89428A0A25028020A280250A280250A280250A280250A280250A280250A280250A28004280250A28020280250A2802028020A2802028020280202802028020280202802028020A280250280202802028020282080A0080A0080A0080A0A2502802028020A282080B60080A01880A00828A00940A0080A0080A0A20282080A0A202802028020282080B7461932431C6E72515EAC9D75399B564B7D4640E6E5E2D08BFE1E3B5E6DD1E77C6A77B638BFA36796FD6F8A5C9EDBFC7D4F9768553BB388B8DCD3B7862D7A1ECD2F14C3A8972BF925574FA1BE7EAB8EBE19B3F95ED9CE18D5CE4A2BCD9CFCBC5F141B58E2E55DDBA47275BABC9A8CB2B7514DD2FD0F2F73C9E5FA9EFAB9CDC2F7CF3FADAEC3E3136F6504BEE650E2D3E65718C97A6C717B96376ABA9E5BE4F2CF73AF6D71E7E6D92F2FA5D3F10C59A5CAD38C9F66F6072B49A7CB9B242934BAB97903AF8FEAFEA3EDFF005D7A3AF178F7E5F4542803ECE3C850A006050A006050A00600006050A002546F95367C87C4BAE949FE1E0D5F3DBA7E491F45C53551D3E9DC9B5B349D9F0AB9B57AB9E569EEDB8FB7FB479BCDDE7A8DF335ECE19A7E69ADB64BC8FA2C18EB7F43C7A2C3C908C6BA23AB8A3479A3B4F519C55246612A40200000181D80C26E91E2D44AAFD8F664748E6EAA549DF9586A3E7F8AE5FE276E9FC8FA3F8734BE169F75D527FA23E5352BC5D563855A6D6EFDD23EF7866358F052F4FD8EBE19BD6B8F75ECAF51401EDB182850030285003028500302850030285003028500302800302850030286E00C0DC6E00C0DC6E00C0A1400C0A1B8030000302850030371400C0A1B8030371B8030371B803037000C01400C0A000C01B8030371B8030371B8030371B8030371B8030371B80303DC0030371B80303DC003006E00C0F71EC00C0DC0030000300003000030000300003130000C5000300003000030000300003130000C30000C30000C311D7E967CFEB33CF5199B96CA2DA497B9F40EABA1E3CDC370E56E516E0FBD3D99E1FAEF0F93CBCC9C57A7C1DF3C75BD3E6E737293F2462F73B73E0A9EFE22BF4472F3E078DCA3BDA75B9F3AF37C524EA63977E2EBC96F52B40EB4024BFA9A97FEBCBFF17964D7353ABEA96C4FA9DDE11A45F8793CD1B591274FDD98EA782A69CB4D2AF28BEDECCEFF00F9FABCFDD3DB77C771C437E9E4934D2569DF437CB856AD3DF1A6BCD346CC5C37529FF76D5ED6DA3CBE4E3BBCE4975E8F071F6F52DBE9D8D0E55974B19524D6CD2034383F0FA75093B97560FB3E19678E4EA33E5BFE5E9EA05A147A19405A140405A140405A140405A140423749B32A3CBADCCB0E1726D2D9BDFD896E4D247CB7C4FAD791FE1F1B5CDCFBAF6479F85E9D5A6D6C9523C13C93D5710C995A6D36EADFFBF23E83438B9611554F9559F3BABB6D76E67A7BF063A4BD8F6415235628D25B1BD7423540004000003E809D80D595EDF4397AC7F24BFF006B3A599ECFD8E4EBFF00BA9FFED0D47134D1F1389634D5D57EE8FBFD347971255FEE8F83E1494B89AED497AF747DFE2558D1E9FA78E3D7CB305A251EA6000000000000000000000000000000000000000000000000000000000000000000000000000000000000000000000000000000000000000000000000000000000610000000000000000000000000000000000000000000000000000000000000004486F65004AA3C3ADD078CD4F1D29DEF6F667BC95BF539797C3CF979FB7A8DF1D5E6EC7CEBE19A86E9E16BD6D51ECD2F088C5A966AE9D133AE0F3F8FE87C7C7CD5BDEFBC631828C545249254916BCBA941EC924991CD15F7A2D20018895305030502851A500A14000A14000A0000000F97F8A35CB1E38E34F79DA5F667D1EA322C78DB6EAD347C0F12D44B5BAF6DEEB1DAFD4F379FAC98D48CF85604F25D5D2DCFA3D3C12FB1CFE1F83931C7CDAEA75F14697D0F27C3ACF51BA2A923322E8508000000000EC03E8068CCB67EC7275E9BC73AEBCA75F2AB472F58AD3F60D471385543896F5F9575F747DF60778D773F3DD24BC3E238EF64E97EA8FD034AEF0A7FCFD0F4FD3B8F5F2DC003D6C800000000050A000500000000000050A000500000000000000000000000050A0000000000050A000000000000000000000000000020000A000000000000000000000000000000000000000000000000000000000000000000000000000000000000000000000000156850030280000000000000000140C310140C310140C3128B400C1014C66EA2DF90BEA0E2FC43ACF034CEA54DA75F667C96830BC99136ADBA6D9EEF89F52F2E7C7862FBB6FEF46CE1981C549B5D5A4BD8F9FE5EADE9D789E9D6D36349255D8F7C15234608D25EC7A92D8E75AAA80010000000001D80035645B339BAB8DA6BD0EA4D6C787531D9FB06A3E5337F0B578E56DA4D3BFAA3EFB87C94F02FA3FD0F85E271E5C9B2ADAD51F5DC0332C9A64D3BD97EC8EFE0B971CBA8EB80BA14F6B080A06080A061880A018828A01810A0609428A06080A018128A01880A01880A01880A01880A061880A01880A01880A281880A01880B4281880A0080A0010A01880A281880B401880A281880A0080A061880A06080A06080A0080A0080A0080B4281880B4281880A0080A0080A0080A0080A0080A0080B4281880A0080B4281880B4281880B4281880A0080B4281880A0080A0080A0080A0080A0080A0080B4281880B4281880B4018A000000020280A000221E7D5CD63C77EFF00B1E839BC672787A774D2D9BFD199EEE73567BAF88CF27A8D74E4DDA4DA5F7677B458EA0974D91F3FA08B9E56DAB4E57FA9F51A655D3D0F9DBB5DA47BF12692F6371AF1AA46C2200000000000000002495A3C7A88DA7EC7B1AD8F3E6569FB05D7CD716C74D3ED5E47BFE13D45C32637D62D77FA1AF89E2E6C7B5ED7D3D8E7F04CBF87D7B85FCB3AADFD4DF8EE74CF535FA0AE8535E2973413361F465D8E685002000020280A80A0080A00000220280A000220280A80A0085002000020280A00020000251400000020A2802028020280A000220280A00022028025028004A280202802028020280250280000020A280250A280620280202802028020280250A28020280202800428025028020280202800428020A2802028020280202802028020280000004280202800002A8000000A000000707E249F2E99EEBA3FD99DD3E67E2B935A6AB75BF6F4671F35FF00159F2E0709572BE9D3AFD0FA6D3ADBDCF9EE129DB6D2EC96C7D1699523C0EB3E1ED8744666315B232080000000000000000335645699B4C64AD01CAD5E3B4D79AA3E6350DE9F3C2696EA5BDF959F5FA98D9F39C5712E6BAEA9FDC6AD7D970BCEB3604D3554AABD91EE3E57E14D5F3E3963949270A55F63EABA9F43C57798E5605214E88000A0050000020000A00000000000080002805060000000A0100011400000015000050004400000005000114000400000005000114001400140000000040001500000000000841400000201400500000001000014000000040000000500000042900001400000000008114000000500000001000000000000550000000000000F95F8B3FB88D79BDBE8CFAA3E5FE2C4FF000F1AF36FF4671F37FAACF9723852DDED5B23E834E7CFF097BB5E88FA1D3F46781DA7C3DB1E88C8C63D1190668000000000000000046B62803CD9A368E2F12C1CF8EE9DA6CEFE45673B538D34D7B857CFF08CFF0082D734DD466D75F3B3EFF0CD4E09DA7B763F39D763962CB1947669DFEA7DA703D62D4E993F2493F7A47A7E9FBCB8C751D7001EB60001400000000000000000000000000000000000000000000000000000000000000000000000000000000000000000000000000000000000000000000000000000000000000000000000000000000000000000000000000000000000000000000000000000000000000000004000000004000503E73E2985E97CFABBBF467D11C3F8962E5A49525B27FB339797FD5A9F2F9AE1124DD74748FA3D33DBA1F31C21564AB7D17F23E9B4CF63E7BACF87BE2F6464611E88CC20000000000000000000024959E3CF0B5D0F6B34E58DA0B1F35C531572CABCD333F863572C7972619C9A569AB7EA91EDD662528B4D5ECCF9D5925A5D5639A75BA4FEE6B9B9752BF4A4D49266478F419D67C2A49DECBF63D87D1E6ECD720006800010000500000000000000010001000014001400000000000000000000180080000000280002008500000A000000000000000000000000000000000000000000000000000000000000000000000000000000000000000000000000000000000000000000000000000000000202228200282002820007278EC39B4CF6DA9FECCEB1CFE2B1E6D3B4B7D9FEC73F24DE6ACF97C370C9B592DA6F7AFD8FA8D33D8F95D07CBA86AFA4FF0099F51A567823B474A0F64666BC7D0D84280008000000000000000018495A332303C1A986C9F91F35C4F4FC93B5DEDAF43EB33C6D1C5E23879E0A96E9FF0051FA5F98F57C2DAEF1314B1C93B825D7D8FA73F3EE079BF0DC45C5B694E2FB9F7B8A7CD8D3F43DBE0EF663958DA080EECA82002820B02825814504005040050400504B160504015412C58450401541004504015412C584504B0050416050080504015412C0450401541001410014105845040154020450400504015410014105845040154100141001410014100141001410014100141001410045040154100141001410014100141001410A100080504015410014100141001410014100004011410014100141000A3CBC423CD85ADBA3EBEC7A8F3EB13789A5EBFB19EFFD693E5F9E616E3AA956CF9BF99F51A57D3D91F3134E3AE9AFF9BF9B3E974AFA7B23E73BF2E9E2E86DEC6AC4F646D2140004000000000000000003000D5915A39FA9C69A6BCECE9C95A3C79E36163E47591969F24671D9ABA3EE383EA567D26369EFCA9EFF0053E578AE24AA5DAFA9ECF853577781BA708D2F3EACEBE2EB2E31D47D79489DA07BDCD4100354100D35410035410014100D14100D354100D354100D354100D354100D354100D354100D354100D354100D354100D354100D354100D354100D354100D354100D354100D354100D354100D354100D354100D354100D354100D354100D354100D354100D354100D354100D354100D354100D354100D354100D354100D354100D354100D3541058D149646D24DB7497E8688CB2E78DA7E1C5F46B76C2C9FB6F728C7AB4BDDD11648BE924FD99E5CCB0E9313C8F1B936E9F76CC70CF06AE2DC63C925DD2A6BEA56A73B35EF5D01E7D34E4D38B6E4A2DC54BCEBFDFE86FBFDC8C5F4A082D7983DA82732E968585504035354100D354100D354100D354100D354100D354100D34162C580B02C00162C58002C580356A3FBA77BF5FD8DB66ACFB627DBAFEC67AF8A4F97E7DAB49711C8DD7FB6CEEE89DC237E4BD7C8E16BE3CBC4E49F47BEDEECEDE85FF000E3BDECBF91F3AFCBB73F0EBE27B2F6379A31745EC6F200000000000000000000000008FA1A32C6D1E835645682B87C4B1B961A5B3BF2395C272BD3F1376AA334FABA3E8355055D2CF97D5A787339A7BA93459729D7C3F46C12E6C317B3D8DB7B1CEE119D66D363769B704CE8D9F478EB64702C0B1668001602C0B160001602C58B16000002C58B0000002C5816000B16000B160058002C01602C58B002C58002C58002C000058B002C581602C58002C58002C000058002C0160058000000000000002C58002C00010B00058B00058B0005800058B140058000014000B000580000B000F2EBF7C0A3DA5249FEFFC8F42A54BC96C6BD46279B138DD6F699314D65C6AF6924949774CAD7CC5CB930E28396594545AEEFA9CD9E7C6E727A7D167CAABAC7E48BFBB5667A1C5E3EAF36B32372A938E34DB6A09369D2F3748CB89F0C7AE8AE4D566C138D38BC72DAD5F55DFA9726FB6F9CE6E5ADBA4D5E1C8D61717872A8DF85254D25DD767EE8F44F3471A695CA5DA2BAB3C183439B1AC6F599E3963855C7E5A6DA4D26DF9D37B186AB578F0393CDABC7A7C5DD6DCEFEAFA59CFC9DF3CFAF93ECDB9CFB7AB24F33573C98F045FF99DB5EE79F2434B2779388DBF4923953E27C05CEF2678E5937BCA536EFEA91EED22E0FAF83FC3A8495D5C26DEE70EBCBDFF003235D78FCDCCDC6D8E8F0645583571949F6B4DBFB1A964D4E8B2A4DFAD37B35E879388E93F059E0F1374D5C5BEA9AF53D53CD2D56871669D395B56BDD1BF179BEEEBEDEA7B4F1796F57EDE9D8D3668E7C6A71D936F6371E0E129AD25BEF267BD9DAB9F724B90B160064B0000B160500B16000B16000B0001000440000000000000D5A8FEE9FD7F6369AB51FDD3FAFEC4BFEB49F2FCFF00883BE232F357FBB3B7A15FC38F47B2FE47135AEF8949FBFEECEE68B7847CA97F23E75F977E7E1D6C3D17B1BCD38BA2F637100000000000000000000000000C64B632235680F06A6368F9BE2D8B794BBB7FD0FA8CEB6385C531DC2D2B77D455FD3A3F0C6A79F4F18DA6D429AAF567D21F11F0C67F0F57931DB4947A7D59F6D17714D7747B7C1766385F4A003B20000000000000000000000000000000000000000000000000000000000000000000000000000000002C000000000000000000000002C0016000000000000000000002C0000000000160001600016000A035CF3E283A96449F918FE2215694DFAA83FE80CADDEC79F3619733C9829647D6FA33259E1E5917BC1FF422D4616E9E449F93D8B25593A9EF1CFD2649697884F1E66A38F3BB827B72CBAB5F56DBFA1D64F7BBD8D1A8C18B518EB245349DA69D34D7468F13D6FE1DBC516F2462A936B7BF7EE5BEFE1D3EDBE4BE9CCF89F8FF00E0F9B4BA69AF1DA4DED74B7DFF0043E23519F2EA733CD9E6E791EEDB3BFC4B82E4D5EB336A5675CF924E49493492BE9670B57A5CBA3CEF165493AB4D3B4D1DBC3E3E67BF9AFBFF0045E3F1F1CC93E5A6DBEECE9FC39932C38D608C1D294BE7DFB53FFC9CB36E1CF970655970C9C722E8CEDE5E2F7CFDB1ECF2F1F7F179FEBF46E3B1C99258963C739A49B7249B4B75E5EC79F4EF4AF458F0CF51E1CE0DBA926936DDEFFA1F37A1F8A788E0C915A89472E2E65CDF2A4D2F4AD8FB48E2D3712D3F8B3C74DDA525B3DBFF0083E475E3EFC7DED9EDF98F3FD2F93E9FAFBAB5E19EAF0E2AC0B166827BB8BB3761E258E6DACA9E392F347071E4C9A4D47F0323D9AD9747B775F53ABC521153C6D24A6D3724BFDF99D3C3E6FC9B2CF71CFC7D4F2DCB3DBAEA4A4938B4D7A17DCE7709F11639F3FE5B5CBF63A28ED5CFBE7EDB80008C9600000000000000020009A001A7511C8F1B96195648EE95ECFD1FB946E078B45AFC7A97287E5CB074E2F6ED6BF43DAB6EA4D00058D0346B24A385DBD9DAFD0DE78F89C94705B75B37FA19EAE7348F849CBC4D7CDA57BF2FEACFA2D1C546292ED47CDE9BF89A994936EE6DEFEE7D4696355F43C0F448E8625B2371AB1AD8DBD885000100000000000000000000023E9B9401E6CCB638FC4629E26BD4EDE65691C9D6C6E2D74DC2B8BC1A7E1F157E4E2D7E87DF60778A3E88FCF7492F0F89C5F4EABF43EFF4B2BC317E88F4FD3DF971EE7B6E02C59E9D64000D00058D0000D002C0D0000D0000D0000D002C0D002C58D002C58D00058D002C0D0000D00058D002C58D002C58D002C58D002C58D002C0D00058D002C58D002C58D002C58D002C58D002C58D002C58D002C58D002C58D16C12C58D00858B1A29058B28B62C962C94504B1634504B1634504B16345B164B16345BD882C8DD45BF46524DB8D4F34A4DC30454DA74DB7497F52C70BE5ACD3791BEABA25F4461A48A8E04D36ED293AEEE8D2B8960527171C91775BA0DE5B723D327874F8DCDF2E38AEAEB65D8F2E496AB5908F80FC0C4F7E7694A525DA9745F53571952D4F08CAB4D7295AF962ADBDD76356B67C4336830CF834F0DFF0089645D556CBD19A93637CF3BFB7BFF00098DC52CB3C936BBCA6F7FA27449E8B48D2E7C306A2B66D5D1E7E17AECD9DE4C5AB8E3597125CEF1CAD5F75FEFD4E37C67C4B2E9F4D8F069E7284B24DDB5D6953FE64B6FDD399F35BF1F8BBEFC938959712F8838668964C3A3C7CF995C5A82714BD6FB9E7D1F14D3EB629F3A86477CD06F74FBBDFA9F1DE7BF7D82D9A7D1F9A3D73C324FFAFB9C7D071CF3EAFB7D8716D63D2E8A52C5922B26DCB74FAEDD3EE7CBCF267D7EA23E2E452C92A4B99A4BDBC8D0DB7D5B6BD5D93A2F3AEF66B9F1FDBF0F4F8BC13C73D7CBA6B8071470E78692538BEF19C5AF75B9947E1EE28DD4F4F1835D5CF2C525FA9D7F8538865CB8E5A14E4F2C1396395F44ABE57E6BA9F4BA7CF875306F2E257CDCADCA2B67B75FBA3CDD7D4752DE7F6F97E7FAEF378FBBCFF1F2FC338069B0668E4E27A9C73945DC7162B927EED2F3A3BFA9D6659C3C1D24161C75BB9349FD11D5FC2E0FF4617E882D3E14F6C50FB1E7EE75DDFF002AF9BE6FA8EBCD77BAE2693063C694E1079F35DC654D462FF99EDC3C3F2649B9EAA56DBBA4EDBFE874D454552492F4D84649B6935B179E79E3D72E73BFB67F8C1454629452497645162CD39DB68B62D92C5816C82C5802D92C5816C592C59345B04B034018432639BA8CD37E57B997DC2282009AF98F8954F41A9C5C530C9C638927922B6E649A5FA26D9DED06AA3ACD3AC9169EED3A3CDC7B4F1D470BCF19AB5E1B4FEA7CA7FF004EF8864FC1BD2669373C593964DBBD9DB5FB915F7C089DAF2F400538DF106758B4CF7ECFF66763A5B3E4BE2ACFB63C69DDC9DEFF00439F9AE73E967CB95C2F1734F77EBBFD0FA6D32DBA1C1E138EDB74DD56E7D1608EC78A3D13E1EB82A48CC895245080000000000000000000000000EC076034E5397ABE8FDCEA65E873754AD3F713E563E696DAE8BBEADEDF43EFF44EF4F0F647E7F97E5D5A7BBDDEDE5B1F7DC39A7A68537F95753B7D3DF75C7C9F2F58203D8C28200282002820028200282002820028200282002820028200282002820028200282060504005040050400504005040050400504005040050400504005040050400504005040050400504005040345040050400504005040050400514400FDB4431E4C2DA8B538B769374D7B7A15F3B76B045B4ED34D1BA80D6BEF6AC18BC3E67269CA6EDD74F630CD834F4E73C38E4D6E9B8A6ED9E835E78B96292F6FDCB2FB5E6DBD7B73B5B931E1E1B8B2462946534DA8AADA9D2D8F0FC49C1E7C4F0432E9DC54D3E64DEC9A75D4F760E4D4E99E8B33E5714A9BF4679A0B8970E6E118CB2E35B2DAD7FE3A9E7F25EB8EE751D79F277E1F27DD1F20BE1DE2B2CBE1AD33EBD6D57DCE863F8375F2C4E53CD8A12AB5156EDF95FF00F27D1FE278A674D470AC2BBC9C692FAB3CFE0CA5993CDAD7E2F6946DA8BF57D3EC74FF00D5E5EB326BD97FFA7E7EBFD63E335FC3357C3F24A3A8C4D25FE34AE2CF1C53949460B99BD925BB67E933D4E6D2E350D5E15A8C55B655DD76B4C98B5BC3232535A770975FEED75F74749F5D67AEA7B76E3FFAF64FF2E7DB9BF08F09C9A587E3F3FCAE716945ADD275D7EC7AB4997C5D665841350CAB7F4A8B32D7F14FC461787041C60DA4EF66FD2BEC67A4C6F45A4C99332ACD9768AEEBB7F33C77ABE5F2CBCBE5F93CBD79FCBF77F5D1E1D9A59F4F73DE49B4DB3D7D0E7F088B58724FB37D0F74E4A29B7BB3D7D593DB3E49FE5918E59A8C5A4F77B7B1C68F1178B59193FCB29B83F6B5BFEE7BF2CED4A6FB26FF0043E773C5E485F93BA3C3E5F35FBB63BF8FC7332BEC5EDF50733836B7F1581C25B4F1249EFD55753A47AF8EE75363CDDCBCDCAA080DEB2A0800A0800A0100A0003564C38F2A6A704EFBD6EBEA7927A7D469DB9E9B2B9C56FE1CDDFBD33DF609A9AF060E23096458B3C1E3C974EDED67BD34D269A69F7478B88E871EB30495564AB525D6D7438FA5E279786EBA3A0D5A6B1B750C8F64DF95F9ECC1AEF6AD27A4CA9FF959F95703D54B45F174F4FD2395C6F7F2836BF567EADA8929697234ED72BDD1F8D4F2787F1B61976F1B1AFA52FEA42BF69C725920A4B74CC8F2F0E97368E2FD5AFD4F5585D6BCD350C6DDD6CCF83E2B9FF13AFD9DA85DBFA9F55C6F56B069B769269AFD19F1DA1C7E264726EDC9A6F6F33CBE6EB6E37C4D76B86E271C7BAA6E99DBC31A3C5A6C7492AE947431AA47176BE9B56C800100000000000000000000000000BF90006AC8B639DA95FB9D39AD8E7EA56DF50B1F29ADDB3C9DF49B3EE785494B4D06BBC11F13C4E1CB924EEF7B3EC3816452D1627E70475F0DF6E5E47540B167B1CB402C583402C583402C583402C583402C583402C583402C583402C583402C583402C583402C583402C583402C583402C583402C583402C583402C583402C583402C583402C583402C583402C583402C583402C58D3402C58D3402C58D3402C583402C583402C583402C583402C583402C583402C583402C58D3402C58D3402C583402C583402C58D34042F61292BC5A9E1EB349CF1B5195DBB5B3342D16AD3A59A92F29B3A9EA0BF75769E6EA4CAE6AE1B924EF366B5DD2B7FB9E986870471B872A76B76FA9E9B14352F97AAE6CF499F036F4F36E37F91F47F4E8689CB0A6D6AB431E6EEE3B59D8BD849297549AF544B25F98B3C92FFB471A1A8D36257834B184BB4A4EDA1874F9B57954F25F2DD36D76F43AFE1E34ED6385F9D19254599CCF51A9E5E7999CC484238E0A1054976385C4F8C4343C43362CB16D28C376EBAF6AFA9DEEA99F13F16625938DD3C8A0B9636FD959C3CF6CE753C39D75ED788F1D5933E3C309AC78E2D3C893B724DAEFB74A659F10D1E38394B538A92B494B767CE64CB1CDAE9E4C6F9E2A2A9BF6679B5B2E77176AF96E91E0B36FB7B724F877345C6B1E5D4E1869659A19A791452AADAD6CDDF4B68FD14FC87E1E8CA5C6B4CD75F122FF00FE48FD7977F73DDE0924F4F1FD45DA0162CEEF38058B068058B1A68058B000580164EE0111AA797C3CAA3355196CA5EBE472BE24E1B1D7F0CCAA326A4D27192EA9ADD35F5A3ADA8C6B2E09E37DD7EA783499E337934195A738A695F56BB7EE15F33F0B7C45933E8F3F0EE229435506E95EF24D36A933E125373F8A314E0937E363AFB23A5F172C9C37E25C3ABC2B964E0A4976B5B57FBF338DC21BCFC7B46DF579A175E8D7F4096BF6FE156B451BEB6FF73D53928C1B6EB63470F8F2E9229DF57FB9E3E2FAD58B1BC70DE524D25E6C9D5C57CE7C41AB96A7538F1C53514DDFDE8DDC2F4F49BAF2AB35C5C35BCC92B961C9C8DA7D68EC697124924B6A4793BE6CBEDDF8F87A70436DCF5ADBC8D78E348DA738DDA00020000000000000000000000000000319F43C3A9569FB9EF67933C6D3F70B1F2DC571BE66DBA4DFF43BBF0C6752D3423D39615FAB39BC571A718BA7D77F427C359F935397136B65B26BD59AE2E751CFC91F6965B314ED27D6CA7B65705B164051410006C58005B164005B2580C0B62C800365200282002D820028B20028200282002820028B20028200282002820028200282002D82002820028200290002800058200282002820028040282002820028200282002804028040282002820028040280000201A28201A28211CA295B92486C592B206BF121FE743C587F989F74FEAFDB7F8D80D6F2C1777F623CD0F527DFCFF57ECEBF8D9D5D9F9F7C47A84F8D6496649C66941C9BDA3F2AEDF53EE9EA20936DFEA8F9AE33C05F12D5CF247598F163697CAD5B4E96F7F4470F3753A9EABBF825E6ED8F8BD2A58F1646A4DA569793DBFF0025714F03C8DAE9497D0FA0FF00ED2708B8BD7C5AF24D2305F0BE36945EA79ABA56489E79CDB75EAFBA39BF08E39E5E3D8BC349F238B95AECA68FD51743E2784F0CFEC7D4BCDA79A94E7049A9CD35D53ECBD0EC2E27AD75F369E3B774D9E8F1F979E7E5E6F2F8FAEAEC77C1CC8F128F2A539A72ADF956DFA95F138AAA777D363A7E7E7FAE5F87A7441CB7C562BB49FD111F16F28CBEC89FFA39FEAFE0E9D529CA8F1657BA6BE86E8F12C2EAE491679B8BFB4BE1EA3DE0F3435B827D3247EE6D5971B4AA6A8DCEE5F8AC5E2CFD36031E68BEE8176265FE0000C87CE717C8B43C630EAD3A4E718CDF649EDFBD1F467CCFC69072E19AA51FCCB0B927EAADAFD520B1F25FFD4A8C3F1BA69C6F7835F66BFAB3E73E1ECBA7C3C6B4F9B559638F1C24DB94BA274EBF5A3DFF0013713FED3D1F0FD437F335914BDD4925FB1CAE19C2F57C4F24B1E96317C95CCE52A4AEEBF66566FCBF4A5F1A70EC585C56B70B4BFCB0937FB1C3D67C5197886A960E0FA79E6CCD24B2CA2EA0DF7AF4DDEFE473307C2D0C39B97896A65292A7C9815EDEB27D3ECCFA8E0BC370E920E1A5C2B16372B7BDC9FBB673EBBE67CBA73C5AF6F0AD0434BA78E28733AA72949DB94A926FF43B7871A4BA1AB062491EB8C68F377D5EAEBBC98C92A4500C0000000000000000000000000000000008F734658DA67A0C26AC11C3E238B9B14957747134997F09C4164E8A49A93FA1F51A9C69A76AF73E678969E4A724BADDA1FF0053A9B1F75A5CAB2618B4EF6B371F3FF0E71059B14714A4B9A1049FDCFA04FB9EDE3AD931E7BEAE000368000800000000292C0000000000000000000000000000000000000000000000000000000000165200000000000520028200292C000000282002820028200162C0028200282002900028200282002820028200282002D8B202AEB99C475FABD24AD69E0F1374A76D9CC971CD6BDD3C71F68D9F47971C3241C32454A2FAA3E738970ACBA5BC98173E26F65D5A4797CD3C92EF37D3D1E1BE3BEACF6C1718D6DEF9535DD72A475F0E7C9934F8F2A97CD285D3E967CC36A9DA6BD4FA2E0F2E6E1F8D5DF2C9ADFCACF3F8FAB6E5AF475CC9363CD9757A8F1251791A69BB4A8F367D764C50E6C9932B4DA5F2DBEBEC7A35B52D5E4D92A7D91CFE212D3474D286AADC6749462FE66FB52BEB6BF433777E5A9260F8A416558F24B3424E0E4B9D349A49BBBFA33CFA7E2F0CB854B3C324274DB8F2C9ECBBFE8FEC73E3A78C33F89AD8665A678DC71C9CB7842ED275DDEEABD4DD9219B2669EAF269651D2CE3C92C69B535149A6E97AB6FE81AC8E94B52E5A75A8D3E29E68BECAD3ABA7B3FAFD8F3E5E21927A98E9F49879E528DF3646E35D7AAABECCC33E7D14B451969F3CE29292C4B14A4ADFD3D7CCE7C336A70EA31CF2394722872CA592136D6EE9A493BD9F988647416AF5EE59E11C5A76F024E6D4DA4ED5AADBC8D89CF53A6C5A89EA31E26D2946297226E93A6D55F5F23C0F519E39755E1A96459925CD3C3357B56D4B6EBDCDFA6D468F3E8716078A7A9785AC6E2B1B6D34927B6DE5DCD4B67C2593F6DB0E2919E8B3CA4E18B3E38B7CADDA6EB6AF3DD3267E2D0C7A4C3E1CF1CF3E58A6D7324A0EBABDF6DDF432D370F52D5CB367D1C31638C14618D536DDDDBECB6A469D06967A4C9A959B4739A9E472838A8B5CBBF9B337FEB5247AF55AD51E1D2CDA7CD0C9382DDC69C6E9BBFD0E7CB5BAB96AF558E39E38B1A715E24DA4A1DEBEAF63D4F0EB751C3F51872C316394DBF0E2A9545A695D5F99E2CFC33539726B1471A7CF3838DB493493BFDD09893161C4F26397879B54E7186CA78B926DAF36BAF91D6D264865C6E71D53CF175D5255F63CCB1EA63C43F150D2454795C795E45E9BECBD3F53770ED366C11CAF34629CE4E549B756DBAFD49716D7B2926EDEDE64B5E65E56FA457D42C736E9413F624959B609A5D1D19472CE3D26CBE066ABF0655FFB49E0E6FF004A5F62C9D4F889B19AD5665D32340C3C0CDFE94BEC0BBDFF00D4FF0017D358B258B3E9EBE66AB3E6FE2D92FC0EA97969E5FB33E8ECF91F8DB3787C375D2B7FDD722FAEDFCC4595F93B9CA58E106EE30BE55E57BB3EC7E0DC98F4DC2F5191ABC997252F64AABF567CCF0EE1D975991524B12694A5FD0FBAE15C3238F1C71E18258D3BFEA73F27924F51BE39B6ED6FD269B26A333C93DDB6949BEE7D0E9B028A492A5663A5D2A845251A567BE18E8F2DBB75E89EA2C234BA1B089148800000000000000000000000000000000000011AB450C0F36685AE871F88E97C483695B4ECEF4D5A3C99F15DBAEE15F2BA0CF2D07108CEDA8374D791F71A2D4473E084A2D3B567C8713D128DCA2A937BB5E66CE07C4E5A5CF1D2E6934ADA8DFE874F1F7F6DC71EF8FDBECEC59AB0E55971A945DDAEA6CBF33D52EFB715B164B5E40A2D8B25AF2160D2CB64B00D5B0D92C58356C592C58356C592C58356C592C0356C364B160D5B164B160D5B16400D5B164160D5B164B160D5B164B160D5B164B160D5B164B00D5B16400D5B16416BC81AB62C962C1AAD8B25806AD8258B06AD8B2006AD8B20B06AD8B258B06A8B2006AD8B2006AD825806AD8B2006AD825806AD8B258B06AD8B2006AD8B258B06AD82006AD8B2006AD8B2006AD8B2014D5B16400D5164160D5B164B1605B0E89605F6B3FE3C79F86E933A6E589464FA4A3B34CD3834393490963C525931B6DA4DD357FA1D21673BE2E6FBC6F9F2751C0D7C7263C8E7930E48476B7CB6BEE8F0CB2E9DCD4A4AE4BA371DD7B33EB1A4D34D269F67D0F366E1FA4CC9F3E08A6FAB8ECCE1DFD3DF995E8E3EA27C57CE64CB8324529C1CD269A4D27BAEFD48F5506ED464FDF6674B53C0536E5A6C94BB465FD4E767E19ADC29CA789C925771DD7E879FAF1F73E5DB9F271D7ED82D4635F970F2F96C957D91CBE25F12E5D16AE58A1A684D5276E723D94E2EBA2BDECF99E3383265E23518B6DC557AD21E3F772B77E363DF3F8AF5B185AD3E9E29AF395FEE6A5C661861E3FE122B34A4DB8E37C906B676EB76EEFE8711F3CF1AC95F2AE9E9B9967572824F7AE87A39939BF0C5F73DBEC3E10D54B8B6AB3C75B384618E0A508C3E556DFEA7D92E1DA47BF87EDBB3F28E179B2609647866E0DC5275DCFA6D3716D6E9D45BC9269A4E93D85EF997FCA337C7D5F7CD7D9AE1FA55FF00097DDFF52FE034BFE8C7EAD9C5D37C4B89A7E237B2DF9A2D57AEC8F4E93E26E17ABCD1C3873379269B4941B5B2B7D8E9C75E3EBE23CFDF1E4E7E6BA5F81D2FFA31FD49F81D2FFA31FD4F403AFD9CFF001CBEFEBFAD0B45A54FFB883F756670C1861F931417B246CB059C49FA4FBEDFDAAA4A96C8100C89B56C100C86D42984A6A29B6F647835DC5B4FA5C527295B5D93DD99BDC9124B5EDCF9A1871CA726924AF73E3F8EF10C3AE965D2C70C32464D734A51B56BFDA35EBF89E6E239250C7CD0C2DFB366DD070E72E59C952FD59C3BF25BEA3AF1C6FBAF3F0CE1A924A294617BA4A91F45A6D328C52555667834EA2924A959EC8C52EC72779248908248DA911228400001B02D24DBDF639B1D666D7CB263D0351841B8CB3CD369BF28AEFE7E5D0D73CDAB25B3FE3A44B5E67175F2E1DC2B1C67AEE7CD29BAE6C9736DF57B3748C74B2D271084B270ACEF4D9634DA51692BECE2DD767F5F73ACF16CD8E93C57EDD7741E5E1DA896AB478F34924E4BB3D9D3AB5E8EAFEA7A8E365972B9D9940011000000000000000000000000035CE299B094073B53814A2D349A67CF711D14A12728AF9534D35D8FAE9C13478F53A7538C9349A7D455CD71B837189E9F2C34D9DBADD293E9E87D660CF0CD0528B4DB57B33E3F5FC39AE69452E5F3ADD1AF41C4B3F0EC91865729E15B5F923A71E4BCDCBF0E1DF1FB8FB9078343C470EAF14250769AEBEA7BAECF4CB2FC392802CD00162C9A0058B1A0058B1A0058B1A0058B1A0058B1A0058B1A0058B1A0058B1A0058B1A0058B1A0058B1A0058B1A0058B1A0058B1A0058B1A0058B1A0058B1A0058B1A0058B1A0058B1A0058B1A0058B1A0058B1A0058B1A0058B1A0058B1A0058B1A0058B1A0058B1A0058B1A0058B1A0058B1A0058B280162C9A008DA5DEFD8C27971C15CE697BB25EA4F9AD4E6DF88D80F2BD7E993A59A0DFB956B74EFF00E241FF00D467F273FD5FC7D7F1E90685AAC52E924FD9992CF07DCB3BE7FA5F1F53F4DA0D6B2C1F72F8907DCBF74FEA7D9D7F19831E78BFF12FB96D79AFB97654CB3F4D5974D8335ACB86134F6DD2BFB9F01C7F48B4BC774CA2AB1B69349EFBA4BF99FA2773E23E2A8E9E3C6213CD921058D29549D37B2E9F63879649EE47A7C16EE57CA6922FC2D4E16D354B6F5A344F14B1EA62A4D6CAFF0053D1C37245CB2CDBDDD527DF666FCBA3C99F2A9B8CD477DF95F99C76CE9EBB263C7A17FC4C8BCF7FD4EDE96578AA4ABCAD6DD0F27C39C2A7C478966D3BC9E14A10E6B706FBA5D36F33E965F0CEBF4F8FE470CDBF48BA7FA93BE2DF719E7C9CCB96B8BA9838E094A124953B6957633F8220A5F1141B4AA38E4D2FA51AF88E3CB830CA19B1CF149DD464BAECCF5FC078E6B8D4A4F1CD456274DC5A5BD17C52CBECF2F52F2FD080B167B63E67EC02C597400B163400B007C2CF5DC435D37FC49638CBFC315D3EA67A7E17927353C926DBEF2DD9DDC1A28452A8A5F43D50C0951E1F9F97AA71239BA6E1B8E0E2DAB6B7B7E674B1E05149574F437282464911A6318A48C92280800000000F271494E3C3B3BC6AE4A12AAEDB3DCCF4318C34381412AF0D74F646F9454A2E2D5A69A399A09CF4599E8753354ABC093D94A37497AB54BEE759EF9C8E926F391EFCF830EA21C99F143245EF528A691E5C7C1B87E36DC34EA29BB71526A2FE9747BF6EA0CCEBA933599D75266FA48C5422A3149452A492A49141AB51A8C3A6C6F267C91C715B5B74664B6E7ED24B6E4F75B41F2FABF8A32FCF3D1689CB145D2CD2BAFB239EBE29E279724618D604E6E92E575FA9E8E7E97BB35E9F1FD1797B9B8FB807C8C7E25D769B518E1ADC586709573385A693EE7D4E973C353A6C79E17CB38A92F67D8E7E4F175C65AE7E5F077E2F7D4F4DA07707271C000000000000000000001EE6128A6999803C9970269A693472B5BC3A39399A54FCBB1DF68D73C69A615F18F0E7D1677930B94649F4DE99D6E1DF1125258B570706DF56F63A59F4B19A69AB472359C294ADC5F6E94596CF718EBC72BE9B06AB1678DC269F6D9D9BCF81C51D5685DE194A0D3BE47D19D3D27C4B2C7F26AB138BBEA96C76E7CDBF2E1D78EC7D583C3A6E25A7D424E138EEEBA9ED5252E8D3F63B4EA5F863E3E54101450404D14100D14100D14100D14100D14100D14100D14100D14100D14100D14100D14100D14100D14100D14100D14100D14100D1410145040050404D141008282028A0800A0809A28258B1051DC80A2820251412C0D14100D141014504B00535E5CF8F02BCB3514FA7A998694934D26BC992EDF85967EDCFC9C5B1C76841CBF43CD3E299A5F96308FB6E7B3370CC391DC1BC6FD374CE7E7D06A316E929C7CD2FE4797C9F923D9E3BE2BFFEB4CF519B23F9F2CDAF24E8D6F7EADBF7656E49D355E8D12DFF00B479EDBFB7A24FE2525DDBFA96D792FBB16FC90BBEC8CEA97E9FAB2DFA3FBB25AF216BC8A2A9CD749CD7B499566CBDB265FF00B998EDE84DBC93FA8DA646E8EAB511A6B2E4F66D3362D76A3BCD3F78A67969793FB952F56BE859D5FEA7DB2BD8B88665DF1BFA518E4D52CDBE6D369F276F995FEE7997BDFD47FBE83EFBFD3ED9FC59E2E1D91DCF86E14FCE2926BF439B8F1F0ED56A64B1E9A704A2DCD648EEDDAAAB5EE746BD1335E5C4B2E3707B7AD1BE7C97DA5E669A2D360D167966D247C3C9254E4926DABBEEBCCE94388645F9B349FBA8AFE472B069D604D276DF7B48DC9B5B5B5EC49DF53E297C7CDBB8EAFF0069639529C53AF3499B61C430D758AF738D7ECFDD0BF48FD8B3CDD466F8B9AEE2D7617FF121F7325ACC2FFE241FFD4706DBEE87D22CD4F3F518BF4FCBE856A31BFF0012FBA335971BE923E65AFF00917D0C95AE8A6BD8D4FA8A9FF9F97D1BCF863251965826FA27249BFA19A76934ED3EE7E7B9D3C7C4DE4E595AC8A4DBF7B3EF3453F1345827B6F8E2F6F63BF8FC9F73879BC538F86F0440E9AE1AD0A29168A0F13D8000000000000000074E9EC68D56970EAF13C79E0A51BB5E69D356BC99BC165B3DC596CBE9CD79B55A2E58E783D4614ABC4C6BE75E56BBF95AFE67B70EA30E78DE1C919AABD9EEBDD7636FEE78F57A1C199AC8F13F153DA506E32FBA377AE6FBBF2D6CE9EB6E936ED2F33E1B57A85C738AE4C5A9D5434DA6C6E4F1B925E8BBB5E567D0EA67AA8E1708E695746B3C53FB354FF73E670F0D78DE47ABD2E4CB6FE578A69AEA76FA4F2F8675FE5D3DDF4BE2925EADF7FA73F34F360C99347A7CD2CD8D49C62B1EEA6FD11BB0702E31A8C6A78F4B1C69AB4B2CD45BFA1D8F863478F1EA7265CB8A70CD1E650525BA8EDFAEECFA6F6BA3E9CEB9BFEB63C3F5FF00FD0F2F8FBFB3C7EA4FDBF36583518B892D0EB31AC7979926DB554FBDF91FA4F0C847170CC18A1252E4C6936B75D3CCE3718E01A7E259A5AA7A8CB873A872C5A69C1256F755FAD9F29A7D4EB785710CB0C19F99629B8F347F2CDFB1CBCFE2BE5922FD3FD4F7F57CCF1F576C7E9FD81E3E13A9C9AAE178351A88F2E49C6DED57DAFEBFCCF61F27A996CFE31D4B2D9FC0006500000000000000000000000018B8A66B9E24CDC280F065D2C649A6AD7B1CDD470B8493E56D6DE568FA06AFB183C69F60AF8ECFC33363C8A78ED34BAC4CF0F13E23A4D9D645FF0032699F533C117D8F3E5D1425D63659B3E19BC4AF069FE285D35185C3D6F63AB838C6933AF97343EE8E5E5E158DB6D26BD99E0CDC15B69A57FA1A9DF518BE1FE3EBE19F1C95A9A7ECCCD493E8D3FA9F0CB45ABC2FF84F247D9D9B16B78B6054A6DA5B7CD0373CD7F71CEF8AC7DB58DCF90C7F10EBF152CB86325E6B63D78BE27834BC4C538FD2CD4F2F359BC58FA4B62CE2E3F88F452FCD9547DD347A71F1AD06449AD443EE6A772FED9CB1D1B079A1AED2CD271CD077E4CD91CF8E5D3245AF72CEA7F46D1662A707D24BEE54D3EF65D82D8B1B798A0162C0FA30162C00162C0096962C004A58B00296000C962C00D162C0016000C962C00D162C00162C00162C00162C00162C00162C00162C00162C009A58B002962C00162C00162C00162C00162C00162C0016000162FB800D6ACFA7C7A8559229F935B33C39784AEB8727D25FD4E9831D71CDF96F9F2F5CB8AF85EA17783F6918BE1DAA5FE14FDA67708CC7E1E5BFFD3D384F41AA5FF0DBF692317A3D52FF008393E8CEF8DBC89F839FEB53EA7AFE3E79E9F50BAE1CBF6B23C59975C593EB03E8A8BF527FE79FD59F557F8F9BF0F22EB8E6BFE966338CD2B589BFA533E9BEA4FA92FD3C59F557D7A7CC68166D6CDC61A7CB04A9394D525D7FA1E2D5F16D068B593D2EAF24F165855F363754D5ADD1F68ED3EBF53F3CF8BB8763CFC435FA98CA4DE2C78F95DDA7B17AF0F3CFCBA78FCD7BB7D3A98F886872AFE1EB70BF79A4FF005A0965C9A88BC7931431C56EB1E4E7E657E87C2F87258E12A696F7BF5DC9A2D466D2EA65974F3E4974BABEF7DCCCE3D5C75B7DED7E8B6D79AFD45B7D6FEA8F9FF85F8AEA35BC6569F5995E5C4E2928B492BE64BB2F267DE3E1FA5DBF8497D5999E0EAB1D79B9E6E570F6F35F6636F35F6676FF00B3F4DFE47F49323E1DA77DA6BEA2F83A67FF004F0E2DAF34FDA2C5AAE8FF00ED3AEF85E9DAD9CD3F74FF0091AE5C260FF2E46BDD593F0F5FC6A79F8BFB72E9774FF42552BDFEE7BA7C2F32FCB284BEB46B970FD546FF0082DFAA6999BE3EA7E9B9E5E2FEDC0E2FB4E3D7749F5F73EB780E4F1382E965B6D0E5FB36BF91C1D7F0CD4E794630D3E472B5D56DDCEF706D265D170E861CCD732B74BB5BBA3BF86597DC71F3D967AAE8582240F43C4D6003C6F60000000000000000346B3578B458E33CB1C924DD5C15D7AB30C1AEC7A85278B1E5518F494A34A5ECCBAD961587933416453DB95AB4F635BD2E45A78C70B8C296D1AD92AE86B9F77DFC35B24FFADAB2CE4D4553977A5B23D1FA9E5D363CD89A4D7CB5BC79AEBD8F517B997D332EFCA34A4A9A4D793344B47824DBE5717E8CF4038F5E3E7AF98D4EACF8AF0E4E1EEEF1CDFA59AFC1D5637493957934CE90313C3F6DFF000B6357A9D7FB495F3BC4347C475709625A99E3C53A524B1AE9DF75BFEA65C33E19D1E070CD979F2E48BBF9B657E75D7EE7D003D3C79BCBCCCBD6ACF2FDBCE7131229462A314924A925D1228065C8001000000000000000000000000000000000288D5940183827D9183C29F637003CAF4F17B51AE7A44FB1EE250C5D72A7C3F1C9DB826EFC8F3CF8562697C8F6F26775A4C8E29F5407CE4F82E37DA5F56689F04836EAD23EA5E38BEC62F0C5F61E8F4F927C1B245B71934BB53682D16BB1FE4C934974F98FAC7822FB18BD347C833F6CBFA7CB27C520A9669BAF349963ABE318DD29B6BC9C0FA57A58BEC62F4917D86DFE9F673FC7CFAE2DC5A1D541FF00D2D192E3DC4E1F9B1C1FAD1DC7A35E462F4317BB8D9ADBFD4FC7CB90BE24D6C57CDA74FD519C3E26CD5F3E9DAF55B9D17C3E0D5382A307C3717FA6BEC3EEEBFA9F8F97997C4DB6F826BDD1B17C4F86BE6C735FF4994B85E27FF0D187F6461E8F1AFB8FBBAFEA7E19FD6C5F12E9BBA92FFA199AF897457BCEBE8CF2BE1187FC95ECC8F8362FF2BFB8FBFAFEA7E19FD7B57C47A06AFC5497AA664BE21E1EFAE78239CF83627B38BAF2B317C1715553FB96793A3F0CFEBAAB8FF0F6BFFC885FB992E3BC3DBFFF00221F738AF8262F2647C131FA8FC9D1F87FEBB8B8D681BDB510FBA32FED9D07FF00B985FBA3E7DF03C7E462F81E3AE85FC9D27E1FFAFA35C5B44D26B510AE9D5192E29A36AFF110F2FCC8F997C0E15B75F5317C0DDECD0FC9D1F86FF5F54B89691FFC787DD05C4748FA6786FEA8F95FEC3DBF36FE8DFF00522E0725FE2FD58FC9D1F86FF5F58B5FA66AFC6857B97F1DA6DBF8D0DFD4F927C127FE77F761F059DFE76FDDB1F97A4FC37FAFAE5ADD33FF008D0FB87ACD3FFAD0FB9F22F8365492591FDD98AE11995FF11AF6931F96FF000FC37FAFB15ABD3BE99A1F7325A8C3FEA44F8C5C2732BBC8DFFD4CAB85E74ABC597B7332FE5BFC3F0D7D8FE270FF00A91FB8FC4E1FF523F73E3BFB2F53FEB4FE926170CD5A4D78D2FF00B98FCB7F87E1AFB25A8C2FA648FDC78F89FF008E3F73E3970ED5A7FDFCFF00EE1F80D6A6FF008F3AF498FCD7F89F86BECBC6C7FEA47EE55971BFF1C7EE7C67E0B5ABFF00D464FF00B87E175F6BFF00519125FF0032FE83F35FE1F86BECFC5C7FE78FDC78B0FF003AFB9F1AF4FC469A59E7D7FCCBFA11E1E289A6B512DBD50FCD7F87E1E9F66B241FF89179E3FE65F73E2FC3E28AD2CF3AEBD5157F6AA7B669FE85FCDFF0FC3D3ECF9E3FE65F71CD1FF32FB9F189F165BF8EEFD90F178C24FF008D7F443F37FC3F0F4FB3E65E6BEE5BF53E2FF15C61ADF22AF3E443F19C623D269AF588FCDFF13F174FB4B167C67F68F194AEE1FF00608F16E2E9F583FF00A597F34FE1F8BA7D983E3971BE291EB0835ECCC971FE251B4F141BF41F967F0FC7D3EBC1F26BE22D724B9B4F17ECCC97C4BA98BF9B4FFAA2FE589F8FAFE3EA81F32BE269249CB4F35ED466BE2782FCD87225EC87E4E53ECE9F460F9F5F13E9FA38644FFF0069B21F13689AB939A7EB065FC9CFF53EDBFC7701C887C45C3E5BF8B5EEA8DF0E35A09ADB321F939FE9963A00F2AE23A5974CD1FB9B23AAC32E99132FDF2FED1B8182CB8DFF00897DCC9493E8ECB2CA280B716540014000017D80006D0004340803529FC79F5F29C7459A78F69283AA5D3CCF85CFCCB857107A8A795F2AA8B7496D5FBB3EF753CCF064E549CB91D27E747E7FAF52FC3EB20DA5B45B5E6B6FE8CF3F9B75EEFA4B32B973C51970F4EFE657CBEBB9CA834AD7DCEBC232FC2E3B774DDD7B9E1CBA54B073C3ADBB5F439F1D67AAF4F5367A75BE08C2F2F1C528EFC91537FF00744FD3BA9F9B7C0C94B8DB6E4D56254A2EAFE65D4FD292D8F4F0F9FF0051FEC000AF396002EAE97EE001A2918001000235800F1BDC000000000004024DA8C5B7F429E1E2BA85830369D3A6D7BD09FB58F3E8E4F5BAB9CDEF183A5EF7FF00C1D87092EA9A472B8143C3D3732D9BA6FD5D23ADE2C9DAB46B99CD9EFE52EB003ABB309E4843ABDFC96EC9EC8CC18A93693506979BD8C974DC9800000000000000000000000000000000000000000000000000000000000000000000000003EA000D894500362348A009CABC89CABC8C8018F22BE88722F246400C5C17913C38F91980AC3C38F922784BC91B001AFC28F911E28F91B401ABC18F90F063E46D0069F063E43C18F91B8501ABC08F913C08F91BABD457A81A5E08F9227811F246FAF515EA079FF0F1F243F0F1F247A001A3C08F921E047C91BC01E7FC3AF21F875E48F4003CDF878F921F878F923D200F37E1A3E487E1A3D923D201AF27E163E487E163E48F5D006BC9F858F9223D22EB48F6006BC5F8455F949F8457D151EE140D787F06BC8C5E897F94E850D81AE73D127FE1462F430BDE08E96C3606B99F8083EB05F6317C3B1B7BE38BFA1D5A429035C77C331BDBC38D7B183E178DFF00C3476F95790E55E407065C27137FDDAFA1ADF08C4FA42B7F33E85C13EC478E3E40D8F9A9F05C6DDA8D3F5DCD52E07169D249FB1F52F145F623C517D81E9F27FD8D922D72C92F66D11F0ED545DC724D5794D9F58F045F6317A78F920993F8F94F0389E3FCB9F253FF009ACAB3F18C6E9669BF747D43D2C5F6460F489F6454FB39FE3E721C5B8A636D4DA956DE47A21F116AE3FDE606D7FCAECEBBD145FF00851AA5C3A0FAE38BFA0DB3E2A5F1F35E5C5F13E356F2E1C8979D1EAC5F1268A5F9A4E3EE9A344F84E297FC34BD99E6CBC1A12B6AD7A752CEFA9FB63F0CFD3B78B8BE8B37E4CC99EA8EA31C95A92699F253E0CE2FE569FE8697A1D6E26DE3C934BA6D366A793A4BE1BFAAFB6524FA34CA7C3C757C534ED3F1A52AED247AF07C41ABC55E3E2724BAB8B353CB3F6E77C763EB459F3F8BE28D2B69665383EF713A1A7E31A2CE9726556FA2EE6A7939BFB62F363A160C21961249C5DA66766E597E049DB4D2ABAD8F88D4C537C4564846591624E2BAAFCAD9F6D39282727D126DBEA7C3EA723C5A1E2391439A79525069EF14A293BFD4E5E6FE3D7F496ED71B4897E0537BF56BFDFD0D18AB972AC8F67B2F7DCDDA2E6FC34B1369D26D35D29DFF00466A8C39A54FA75A3CDF15EEFD3A1F0CB58B8EE99E3A519A8C5EFDF9E27E929EC91F93E9E4F066D3E48B7192C89EDE49A67EAF1973454BB3567A7C5763E7FD4CCBACAC962C59D5E500B161002C580162C581412C018000F23DE00000000033C7052BB6D79127071EF68D4E6E6A6B13E7FE21C8EA30F36FF99F41E67CCF1E779B1AF7FDCE7E4B9C351D9E14AB4A9FA2FD8F5CE6A0AE4E91E2E199231D0A94AA925D7D8D10CB2E239AD5AC7175BF7DFAFD8D73F10C7AFC59EA1D47E48AEFE66ACBA2CD26F9737CBD525B3FB9EAC98D78718AA49767D0C70251CCF9E4D45F6EC8BD4E7AC96E35CDB3DC6DC2A51C518CEB992A74ECCCDAF1C6AF98D4D53EB7EC5BC7DB318B76E800320000000000000000000000000000000000000000000000000000000000000000000000000000000000000000000000000000000000000000000000000000000000000000000000000000000000000000000000000000000003EC000A23565004715E462F1A7D8CC01A5E24CC1E9D3EC8F480AF0CF489A7693FA1E7C9C3E12BB82FB1D5A0E29F607B7CEE6E138E574A99E2CBC19ABE56BF67F73EB5E34FB184B0A7D86164BF2F8F78359A4778F34E297AB68F460E39ADC0AB34164577717B9F433D2A77B23C99B87E3975847EC3DCF862F8E5FD3CD3F88716A747931A8B8649269292AEBD0F91D6BCB0C2B1A6D6252FE236F76F67FB51F47ADE1AB4F096754D6249F2BEFF0053839F48BF12B4F1C8A4B146DBDEADDBFE44BD5B7DBBF839FB65C68C0E2DEA1E2551A5D3D99ADB78DB6FAF29B70E452D664E569275B2EFB3346B6935252B526D7D4CFCDC7A37D6B5E369EA71BB6FE74FF53F5D8B4D269349AD933F25D1A59388608A56FC48EDF547EB5DCF4787F8F07D5DF71413F40EBBBAF73B3C7FB504B0114100141001410018800F23DE00001E6D5E9F36A2158B532C2AA9A4BAFD7AA3D2177DD2FA0BF059AE2E2E1DABC1A98E57A86A1176DF8ADDFD19D5C195E684A5269BB546BD466C2E2F1ACD8F9FFCBCEAD9CFC5AB5A4D4F85374A5BC5BE8F6DF7353D4F927323B3D2CF99E3AAB341AF5FDCFA086AB1495F357BAB385C76A5E1CE374A4CE5E5F7C5AB23CD975527A6C3A7C72FCD5CCD7AA48FA3D1E28E0C0B6A4925F4A3E574493D5E34FCD7EE8FA3D5E469E1C30EEF77E5D119FA7B7A9B4AF5E34E69E492B4FA22F831B74DA4FB76334A924B7A45675EA4B496CF844A925D68A0040000000000000000000000000000000000000000000000000000000000000000000000000000000000000000000000000000000000000000000000000000000000000000000000000000000000000000000000000000000000000000000000000000000000004A238A7D8B29462AE52497ABA2DDEE9A6BCD6E361AF1711C29F0FD42EBFC37D3B9F138B1F8FC4F3CD5AC0B1D6497FD0E8FBFCED474F9253DE2A0DB4FA743E031E7962C3AE828C5F3B82DFBEC8CDF4EFE2F8AE768E2E4F24E0B75497D8D1AB55CB16EDB7F63D3A24E3926D2A83ADFB743CDA88B9E5493E8EFF524FF00675B3D3D1C3B22D3EBA395AE6719A75ECD33EFB171CD3E4D34F245A724AF96E9DD59F03A44E5AB6F1A72756D74ADCDF3CAF2A78F1A718F35BE575CFDBEDFD45F25E7D4783EA7DD7D367D7F17E21C99343832628C55B7176A4FDDADCE96963AA5A7864D76AB32C8D6F04A31A7F4470F81F11C3A372866C7CB274D49B6EFD12E874B23E23A8D44538C658F25CA352571A5DFB2277DF739FBB9F75C7C5CF37BCEFD476316A20E3572FABB66F4ED5A471E187578E9BC7CC7571DF851B54EBA17E97C9E5EEE79263A7D478F8E64BC5D6CB162C967B5E55B164B1605B04B004309644A6A2ADC9F48A5D4CCD0DC96BB17224E54E93E8F6679F89B72BDF6E364F23845CDE2C892DDB6A8C259F9631C9920E119746DADEF75DCB97C47A7CC946A2EDC9BAB52B56B6EC672862CD874F8323DDC54ABBD24F73D3F879676B52CFCD8DE558DBC6BAC94934BECCC75ABC6C3E04724E2F22A5CA926FEFD0D73BC58E7A78E482C76AA1BB6FA3EABA6E6D9BBD6695BB5F33EAEFC8E57892E45DAE52E13870C94275869A75E1A6DEFD9DBF23D1ABC7A6CD89E34EF6A5F3C7AFD59ECD6CDE2E24B24211E7505F3C9B6A2B7BA5ED66CD5FF000F0645872C21A99AA864CB8EEBEC97A9BFC5CDF925AF9A7C2B5CB1BCDA64A78E29B6E1915EDBD6CCF2CA3A9CB3C78E50CB394DA508C9D26DECBABAEE7D1F0AD14F0704D5619655294B99F3AB6AF952BDCD2F1A5ABD1ADDD4E2D37BB7BA38F7F49CDB24BEAB5BF2E3C71E6D0EBB1C759058674A494B247A5FBFA33AF8B558F26A5CF9E0EB6FEF61B6FEE38962C79FE2BD3C32E19E44B0C269C5D38B591EEFCD6FBAF63DF871BCBC6323CDA6715087C92AA4EA4EBA75BF5F2F537E1F073CEC8C7DD59F8F2F0DE5F064F1DFE6524D75AECFCCDA9A714D746AD186A14BFB2F2A9A517CEDD792E7DBF42E2FEE61E6D21E4E273648B2DACC7634C253CB9B2C2325058EB76AEECD38B51973472BB49625174D3777F53138B4D7B056C79566C92D2CF53CD14A124AABAF4EF7EA259722D34350DC1A9C9AE5E5E9D7BDFA17F1F5FC363D55E83A9E6C997263D3433B945A9B69452AAD9BEB7E827932C3160C9CF17E3CA3149AAABEFD47E3A6C7A41E7CB93263CAB139464E4E294ABA5BAE97B93264C98F52B03945B6D24F97CFD2C7E3BFC363D3560D71725972629352E46A9D55DABF5246729C32E48E550863957E56FB27E7EA49C5B70D8DA2F7343964709CF1E48CDC15CA32C6E2D2ABDB7F43C9CB27A6F1B9A3BE6AFCBBD55D5D97F1DF9363A5F4068E792C1872E5CCA3E324D258DBDDABAEA639324D6194E1359A09B8CB962E2E2EAF7B63F1F46C7A6FD8799E3927A78E9B228C5B9C1BA8469B74BABBDCDEF9E33E49E68AC956E31C6DD7D6CB3C74D8DA0D58A595E4926D38AAE59354DFD09E24E5E24F9A38F141D73C9377BD74F73138B6E1B1BA9F4A079F2649431A9C67CFBADBC271B5EF664E73A8B9E58C39929282C6E4EBCDD33538B4D8DC0F3CF265C785648B864849A4A4934D6F5BA6FCF62B9F2CF1E39EA129CD2924B1B6A9BA5DFCC7E3B4D8DF5B034CDF879A38A5A95CF24A93C4E9DBA5BDF99941CD64962C95CEAB75D3717C764D59636000E70075064DB58E534B99A749374BA1AE79BD5C85B8C7A750650FC9372515CAAD72C9B1CBCD18CE11775BAEE6EF8ACF69B18831CB2517184129CDBDD5ED14654D24DFDCCF5CDE4DD2B7AEE0369758CA56FA2ABFD4CB235E2387872F474ABA7BD979E366DA6B15BF4DC1B251BCD57D7A6D75B058EDCA9BE557B25BB2CF15DF46C6BADC19355B2C3912F3755FBD91F245A525269AB72554BF992F8ACF9362033E58B83945B6BB3A0A378DCB7B4FA0BE3BB86C600B74B7C19D7BB87F5327049C7AA4F6DD6E5BE2EA4D3630A1EA64F9565E4E4C9DBE6DAB7138B8CDAFD4CF5C593692C620030A000000000000000000000000000000000000000000000000000000000000000000000000000000000000000000000000003E802C7A1AF519F0E9704B3EAB2C716185394A4E92B692FD5A1E3E2E6C6B9D73659BC7154FF324DB4FCB68BEBE55D4D4E6DF886B603562D461CE9CB0CDCE356A4A12A6BD1D53FA19432E39BC7C9920FC58B9C29DB9A556D2EEB75F743EDB13598AF434E4D5E0C7053C991E383BA7920E2B64E4FAA5D145BFA161A9C19618A70C89C32BA849A694DD37B37D764DFB21F6DFE2EC6DAF424B9B95F2D39764FA18C3263C993263C73529629A8492ECDC5492F5DA49FD4C5EA30FF1EF2A4B4CEB2B76943E552DFE8D3FA8FB6FC0D59D6AA58A4A50D338B4ED4ADAAF5547CB6A357ADE17A852D2F810C7B378F1B6A2FE8DEDF43E972F118471E3CB8E3CF83236A3915A4D24E4DAEEF64DEDD7B1E3D7716E1B2C78F16ADA51CD7184A78DD5AA6D35249AAB5F739F5C5F973EE6FEDE3C1F11E2E21A4C98324561CF254A2DDA7DD7B9C093715AAE749CA294972F4E9FF83D9AEE1DA686B33695616B5586927824E93694AE9BBD934DBE9D7C8F17859B0E9E4A1970E579E0A7CF195C546DC776F6EB19743339EABB7D3F77DCB5E5C1192D0B4F6B6EFD3A1A7124F2B6F7497F33AB8F85E7C3A9C9C325284B3E2BB92526BF2F3EC926DBA7B249BB35E3E11A8C79E7094A2DA84B24DB864C6B1C135727CD15757DAFA1B9C75BE9E8BDF3FD733066963591C5B4DC69F6DBC8F7F0EC98F0AFE247173BA57953F916DBAF5FE834DC2726593787362C985C2539658DA5151AE6D9A4F6534FA773DBFD9D2C79713E1781EAA591392C936E295357B349AEB17BF999EB8B3F4F1FD465EB626A34F0515CB1CB28BEB29C394F6F09E2D934D93C2CFBC12A8CD26CF1E1C59B2EA3518B26B70E1F0324B1E492A49B4E9A4AADFF00BEE6CD470E9E378DE3D5CF22CB1728BB71D9349B69D56ED75AEA273E4FD38DDEA663EAF1714D1492FF00D4634FD5D7EE7AB1E7C3955E3C9097B4933E1F45834DF8FC9A6D5EA9DC71C66B263949A6A494956DBECD743E8570BE10B971B5939F95C946E7CF49A4DB5D7BAEABB9DF8BE4BF31CAF367A76AD55F62D9CEC3F81C39EB065C91942172C708C9D2D92B54EBAA6B64DEEFA59BE5AED2C723C52CAD6450591C5C2569374B6ABBB69575DCED25FDA7DB5EA0799EB34EA7E1F3C9E4E45914238E4E7CADA49F2A5756FCB636E3CD0C9692CA9D5FCF8A705F769172C4FB6B6022AFA8201AA7092CB1CB0694A1D9F47B35FCCDA3B9E79EAFA7BDA5CB529B4E38E5193E669269DF5F3F62461921A95A96B9E4972F2A754BD0DC57D8DDF2F5E931E7718CA791AD3656F257592495795327879A3930CF25E49636DBAAB7BF91E997E6417427E4BF741A3509E6C926B1644A51517724AFAF6A7E6632C6DF2D69941C7A38C92FE47A5740BA97F25F663462938697261F032AE7BEAD3EAABAEC78755923872E1CEF78E169C926ADD3B75DBB1EFCEDA5B37DBF99C3E2BFDC47DD8EBC97E56498D3C438B4B53AD9E7D1789854B02C529492E6EADB49DBA5BADD6FB7A1BF41AAD5EA71D65CD39F24D73D3A6FEBDBBEDD3739593F323A3C1BF365F75FCCF2787CFDF5E4F67DAEEE494E7A39608C66E4DDB94ABCEFCFE86F82E5845792A2B6E907D4F4F7DDEACD48D4B1CB1E49E4C34DCD252534DA75D0D58B164C519A861C694EAFE76EEBA1EA08B3C9D48B8F32C59160960508421369B6A4DBEABCFD8B3C593C0581A84F1A7693B4D3BF35EECF4104F2746344B1E49E08E07871F245DA4A4FD7BFD58962C9931E384B9211C6D38A56F7575D7DCF42E817425F2F5A63CD3C59259619250C729C124A5CCD74E96ACB38649E7599E2C6E69A76A4EB6E9B1E8EE4459E5E8C79E78B2CF34B2BE56E55B2934952AECC63C3971E9E787994D4DDB936ED74FE87A5F51D9FB89DD31A5E3C9179563E56B2C526DBDD6CD7F3353D34FC05879938A9F3DD3BBAAA3D682EFEE49DD2C8F2CDC27A3D2E350539C229356D72B492EC64B049E2789B863C6DB750B6DBAADDB3D1FE20FB17AF2F5A4E5E79619E68E2864692C71A4E3D5F4FE832432CE4A528C252FF00326E2DFBEE7A19193F275A63CAB066B4DC949552873B497ADDEFFF009338E1C90C5E1A9467197E68CEDAEB7B3F73D1D905D50FC9623C9F879C972B4A09D6EA6DF47E4CCF261C92E552509A82493771925E4DA7FC8F4777EE1F513C9571A1E1C92C0B13942318BE6518A7D6EF76DEE613D3CE79A3964E2A508A8A4BA3A76ACF5761D87E4EB0C79A787264CD1CD271528A5497474D35FB1BA2A72CB3C93A4E55B2E8A919F61D89F7DB30900019281BFE1B872A69EF4DD0EC11AE6E7C1FA63F3A849431C20E4A9BB6FF00A1941F2254ADAF37DC855D4D75E4BE924618E1CA9B695B76CCB27CD08C6A4DAEC9D2455D47627DD6DBAA7FB41B6DDB76DF5D900667570399DDA7F379D20DB6DBE67BF55D9FD00357C961918A8413B50827D6D4527F748C9B6D2B76D746FB004FC9D5D243C4E5B4D6495F551E5AFB3655924E3CB184D27DDD2AFB0EC4F3373C964919CF6924A4DB9A8B6FAB714FF915369249A4974492497E8013F27563585B6EDBB7E741B72DDBB7DD80637D100010000000000000000000000000000000000000000000000000000000000000000000000000000000000000000000000000000078B8CE83FB538567D0F8AB12CAA2B99C39AAA49F4B57D28CF2E939F5BA7D4427CBE16479249A6DCDF24A2A9B74A94DBE8ECF50373BB11E2869F598A31C5A7D4E1C582094609606E71496CADC9AFD0DB83490D3BD3471D787A7C2F147995CEBE5AF9BB6D1DD56FB791E802F7473BF05ABCD925F8DD46973639C2509461A7941A4D5349B9BAEDD8CB1E8A785E0793518D69B48DCB0E38E37171F91C55C9C9DD293E95D8F798CD2962C8A5BAAE8C97BEB0C7065C4B26935DAA962C983510CD3E771C78A769A4A2ADA934E9412D92B7BEDD0F0CF8B644F590CD08CB1EAAF9E11C138BA7151AB72F24BA25E7B1F5918C638D28C5255D122668C5C5DC53FA1CBAEBADBEDCADAF8A7C733E3FC34146B0691A78611872B5517056DB6DECDAEDDBA1E19F12C5AB78E5C461932BC4DF869CE725BA49DB949BDE97468EA714C70FEDE9C7923CB6B6AD8EAE1D1E95C1DE9B0FF00D8893CDDDF5AC6DD7C8EB3593D6F109F118EA638755249378F1CB1BBAE5D9A936AD2AEBFB9E8CD9F5F9B163F1B265D4286371B9649B4BE6936DEFBB69A5EC9791F4F9743A37195E93074FF004D1F3B1C58E32CBCB8E2BE5ECBD196797AB2BD3F4F35CED6EBB51AFD5E4D4EA316094F2D734231928BD947FCD7D12EFD8DB8388EAA181C31C30C712C72C2F1A4EA519A569B6DBE914B66AB7F33760C58DE58DE38F55DBD4E9AD369FC47FC0C5D7FC8BCCD7E4E9E8BCCC7CFC75B953C4E3C989626E51589CE3BBE5B6DDB7FE15D1AE9B1EE8712C795E3C9C433E5CAF1A6B1C53934AE9BB726DB4F956D7DBD4FA2CFA0D126AB49A7E9FE9AFE868D36934BE325F86C35B6DC8BCD13AEFAAF0F97ABAE7F0FE27E064D564C6A1296A324B2B4B1D25393DDEF36DAE9B268F6C17109CA79F2C172E554F269F9F1E47BAADF9DD2DBA2AEDE46E9E8B49CF3FF00D2E0EBFE9AF53CBC29B8EBE58E2DA853F9574EE49DF7BF29CDF6F1EB25AB96AE79B366CB95C231863C799C9AC74926D7CDBB756DF9B7E675B82710966C8A3933618CA306BC28E3718DB69B6EDB6DEDB6FDD8E28938C6D2EA70B1B71D6FCBB75E9EC759E4EA56BC9CCC7DBE9B4DE04279314A12D4E5A7932CA37CEEFBA4D6CADA4AF6546A86833A965C93D63E79E37051C6A50C69B77CCD295B95F56A49D791BF44DBC4AFC91E93BCEEE3CDF75D72A3C160E72CDA99E3D467961F06F2C253C7CBCDCC938CA4DBDF7DD9BF45A0969F3ACD3CB0B58FC28E2C38FC3C718DDAA8DBDFD6FE87B81ABD5C3EEA000C32FFD9, NULL);

-- ----------------------------
-- Table structure for act_ge_property
-- ----------------------------
DROP TABLE IF EXISTS `act_ge_property`;
CREATE TABLE `act_ge_property`  (
  `NAME_` varchar(64) CHARACTER SET utf8 COLLATE utf8_bin NOT NULL,
  `VALUE_` varchar(300) CHARACTER SET utf8 COLLATE utf8_bin NULL DEFAULT NULL,
  `REV_` int(11) NULL DEFAULT NULL,
  PRIMARY KEY (`NAME_`) USING BTREE
) ENGINE = InnoDB CHARACTER SET = utf8 COLLATE = utf8_bin ROW_FORMAT = Dynamic;

-- ----------------------------
-- Records of act_ge_property
-- ----------------------------
INSERT INTO `act_ge_property` VALUES ('cfg.execution-related-entities-count', 'false', 1);
INSERT INTO `act_ge_property` VALUES ('next.dbid', '470001', 189);
INSERT INTO `act_ge_property` VALUES ('schema.history', 'create(6.0.0.4)', 1);
INSERT INTO `act_ge_property` VALUES ('schema.version', '6.0.0.4', 1);

-- ----------------------------
-- Table structure for act_hi_actinst
-- ----------------------------
DROP TABLE IF EXISTS `act_hi_actinst`;
CREATE TABLE `act_hi_actinst`  (
  `ID_` varchar(64) CHARACTER SET utf8 COLLATE utf8_bin NOT NULL,
  `PROC_DEF_ID_` varchar(64) CHARACTER SET utf8 COLLATE utf8_bin NOT NULL,
  `PROC_INST_ID_` varchar(64) CHARACTER SET utf8 COLLATE utf8_bin NOT NULL,
  `EXECUTION_ID_` varchar(64) CHARACTER SET utf8 COLLATE utf8_bin NOT NULL,
  `ACT_ID_` varchar(255) CHARACTER SET utf8 COLLATE utf8_bin NOT NULL,
  `TASK_ID_` varchar(64) CHARACTER SET utf8 COLLATE utf8_bin NULL DEFAULT NULL,
  `CALL_PROC_INST_ID_` varchar(64) CHARACTER SET utf8 COLLATE utf8_bin NULL DEFAULT NULL,
  `ACT_NAME_` varchar(255) CHARACTER SET utf8 COLLATE utf8_bin NULL DEFAULT NULL,
  `ACT_TYPE_` varchar(255) CHARACTER SET utf8 COLLATE utf8_bin NOT NULL,
  `ASSIGNEE_` varchar(255) CHARACTER SET utf8 COLLATE utf8_bin NULL DEFAULT NULL,
  `START_TIME_` datetime(3) NULL DEFAULT NULL,
  `END_TIME_` datetime(3) NULL DEFAULT NULL,
  `DURATION_` bigint(20) NULL DEFAULT NULL,
  `DELETE_REASON_` varchar(4000) CHARACTER SET utf8 COLLATE utf8_bin NULL DEFAULT NULL,
  `TENANT_ID_` varchar(255) CHARACTER SET utf8 COLLATE utf8_bin NULL DEFAULT '',
  PRIMARY KEY (`ID_`) USING BTREE,
  INDEX `ACT_IDX_HI_ACT_INST_START`(`START_TIME_`) USING BTREE,
  INDEX `ACT_IDX_HI_ACT_INST_END`(`END_TIME_`) USING BTREE,
  INDEX `ACT_IDX_HI_ACT_INST_PROCINST`(`PROC_INST_ID_`, `ACT_ID_`) USING BTREE,
  INDEX `ACT_IDX_HI_ACT_INST_EXEC`(`EXECUTION_ID_`, `ACT_ID_`) USING BTREE
) ENGINE = InnoDB CHARACTER SET = utf8 COLLATE = utf8_bin ROW_FORMAT = Dynamic;

-- ----------------------------
-- Records of act_hi_actinst
-- ----------------------------
INSERT INTO `act_hi_actinst` VALUES ('452504', 'leave:1:450221', '452501', '452503', 'startevent1', NULL, NULL, '填写请假单', 'startEvent', NULL, '2019-01-25 18:11:36.632', '2019-01-25 18:11:36.654', 22, NULL, '');
INSERT INTO `act_hi_actinst` VALUES ('452541', 'leave:1:450221', '452501', '452503', 'usertask1', '452542', NULL, '科室领导审批', 'userTask', NULL, '2019-01-25 18:11:36.660', '2019-01-25 18:11:51.442', 14782, NULL, '');
INSERT INTO `act_hi_actinst` VALUES ('452559', 'leave:1:450221', '452501', '452503', 'exclusivegateway1', NULL, NULL, 'Exclusive Gateway', 'exclusiveGateway', NULL, '2019-01-25 18:11:51.443', '2019-01-25 18:11:51.458', 15, NULL, '');
INSERT INTO `act_hi_actinst` VALUES ('452560', 'leave:1:450221', '452501', '452503', 'usertask2', '452561', NULL, '分管领导审批', 'userTask', NULL, '2019-01-25 18:11:51.463', '2019-01-25 18:12:44.658', 53195, NULL, '');
INSERT INTO `act_hi_actinst` VALUES ('452574', 'leave:1:450221', '452501', '452503', 'exclusivegateway2', NULL, NULL, 'Exclusive Gateway', 'exclusiveGateway', NULL, '2019-01-25 18:12:44.659', '2019-01-25 18:12:44.660', 1, NULL, '');
INSERT INTO `act_hi_actinst` VALUES ('452575', 'leave:1:450221', '452501', '452503', 'usertask3', '452576', NULL, '主管领导审批', 'userTask', NULL, '2019-01-25 18:12:44.669', '2019-01-25 18:12:57.897', 13228, NULL, '');
INSERT INTO `act_hi_actinst` VALUES ('452589', 'leave:1:450221', '452501', '452503', 'endevent1', NULL, NULL, '结束', 'endEvent', NULL, '2019-01-25 18:12:57.899', '2019-01-25 18:12:57.899', 0, NULL, '');
INSERT INTO `act_hi_actinst` VALUES ('455005', 'leave:1:450221', '455001', '455004', 'startevent1', NULL, NULL, '填写请假单', 'startEvent', NULL, '2019-01-26 14:32:29.030', '2019-01-26 14:32:29.039', 9, NULL, '');
INSERT INTO `act_hi_actinst` VALUES ('455006', 'leave:1:450221', '455001', '455004', 'usertask1', '455007', NULL, '科室领导审批', 'userTask', NULL, '2019-01-26 14:32:29.050', NULL, NULL, NULL, '');
INSERT INTO `act_hi_actinst` VALUES ('457505', 'leave:1:450221', '457501', '457504', 'startevent1', NULL, NULL, '填写请假单', 'startEvent', NULL, '2019-01-26 14:36:01.720', '2019-01-26 14:36:01.724', 4, NULL, '');
INSERT INTO `act_hi_actinst` VALUES ('457506', 'leave:1:450221', '457501', '457504', 'usertask1', '457507', NULL, '科室领导审批', 'userTask', NULL, '2019-01-26 14:36:01.730', NULL, NULL, NULL, '');

-- ----------------------------
-- Table structure for act_hi_attachment
-- ----------------------------
DROP TABLE IF EXISTS `act_hi_attachment`;
CREATE TABLE `act_hi_attachment`  (
  `ID_` varchar(64) CHARACTER SET utf8 COLLATE utf8_bin NOT NULL,
  `REV_` int(11) NULL DEFAULT NULL,
  `USER_ID_` varchar(255) CHARACTER SET utf8 COLLATE utf8_bin NULL DEFAULT NULL,
  `NAME_` varchar(255) CHARACTER SET utf8 COLLATE utf8_bin NULL DEFAULT NULL,
  `DESCRIPTION_` varchar(4000) CHARACTER SET utf8 COLLATE utf8_bin NULL DEFAULT NULL,
  `TYPE_` varchar(255) CHARACTER SET utf8 COLLATE utf8_bin NULL DEFAULT NULL,
  `TASK_ID_` varchar(64) CHARACTER SET utf8 COLLATE utf8_bin NULL DEFAULT NULL,
  `PROC_INST_ID_` varchar(64) CHARACTER SET utf8 COLLATE utf8_bin NULL DEFAULT NULL,
  `URL_` varchar(4000) CHARACTER SET utf8 COLLATE utf8_bin NULL DEFAULT NULL,
  `CONTENT_ID_` varchar(64) CHARACTER SET utf8 COLLATE utf8_bin NULL DEFAULT NULL,
  `TIME_` datetime(3) NULL DEFAULT NULL,
  PRIMARY KEY (`ID_`) USING BTREE
) ENGINE = InnoDB CHARACTER SET = utf8 COLLATE = utf8_bin ROW_FORMAT = Dynamic;

-- ----------------------------
-- Records of act_hi_attachment
-- ----------------------------
INSERT INTO `act_hi_attachment` VALUES ('452543', 1, '8', 'timg (8).jpg', '201901251811198', 'image', '452542', '452501', NULL, '452544', '2019-01-25 18:11:36.865');

-- ----------------------------
-- Table structure for act_hi_comment
-- ----------------------------
DROP TABLE IF EXISTS `act_hi_comment`;
CREATE TABLE `act_hi_comment`  (
  `ID_` varchar(64) CHARACTER SET utf8 COLLATE utf8_bin NOT NULL,
  `TYPE_` varchar(255) CHARACTER SET utf8 COLLATE utf8_bin NULL DEFAULT NULL,
  `TIME_` datetime(3) NULL DEFAULT NULL,
  `USER_ID_` varchar(255) CHARACTER SET utf8 COLLATE utf8_bin NULL DEFAULT NULL,
  `TASK_ID_` varchar(64) CHARACTER SET utf8 COLLATE utf8_bin NULL DEFAULT NULL,
  `PROC_INST_ID_` varchar(64) CHARACTER SET utf8 COLLATE utf8_bin NULL DEFAULT NULL,
  `ACTION_` varchar(255) CHARACTER SET utf8 COLLATE utf8_bin NULL DEFAULT NULL,
  `MESSAGE_` varchar(4000) CHARACTER SET utf8 COLLATE utf8_bin NULL DEFAULT NULL,
  `FULL_MSG_` longblob NULL,
  PRIMARY KEY (`ID_`) USING BTREE
) ENGINE = InnoDB CHARACTER SET = utf8 COLLATE = utf8_bin ROW_FORMAT = Dynamic;

-- ----------------------------
-- Records of act_hi_comment
-- ----------------------------
INSERT INTO `act_hi_comment` VALUES ('452545', 'event', '2019-01-25 18:11:36.866', '8', '452542', '452501', 'AddAttachment', 'timg (8).jpg', NULL);
INSERT INTO `act_hi_comment` VALUES ('452546', 'comment', '2019-01-25 18:11:51.380', '8', '452542', '452501', 'AddComment', '{\"agree\":\"true\",\"ks_spyj\":\"同意 \",\"sprs\":\"8\",\"id\":\"8leaveleave_usertask1.html\",\"bk\":\"201901251811198\"}', 0x7B226167726565223A2274727565222C226B735F7370796A223A22E5908CE6848F2020222C2273707273223A2238222C226964223A22386C656176656C656176655F757365727461736B312E68746D6C222C22626B223A22323031393031323531383131313938227D);
INSERT INTO `act_hi_comment` VALUES ('452562', 'comment', '2019-01-25 18:12:44.607', '8', '452561', '452501', 'AddComment', '{\"agree\":\"true\",\"fg_spyj\":\"同意 分管领导审批意见\",\"sprs\":\"8\",\"id\":\"8leaveleave_usertask2.html\",\"bk\":\"201901251811198\"}', 0x7B226167726565223A2274727565222C2266675F7370796A223A22E5908CE6848F2020E58886E7AEA1E9A286E5AFBCE5AEA1E689B9E6848FE8A781222C2273707273223A2238222C226964223A22386C656176656C656176655F757365727461736B322E68746D6C222C22626B223A22323031393031323531383131313938227D);
INSERT INTO `act_hi_comment` VALUES ('452577', 'comment', '2019-01-25 18:12:57.851', '8', '452576', '452501', 'AddComment', '{\"agree\":\"false\",\"zg_spyj\":\"不同意 \",\"sprs\":\"\",\"id\":\"8leaveleave_usertask3.html\",\"bk\":\"201901251811198\"}', 0x7B226167726565223A2266616C7365222C227A675F7370796A223A22E4B88DE5908CE6848F2020222C2273707273223A22222C226964223A22386C656176656C656176655F757365727461736B332E68746D6C222C22626B223A22323031393031323531383131313938227D);

-- ----------------------------
-- Table structure for act_hi_detail
-- ----------------------------
DROP TABLE IF EXISTS `act_hi_detail`;
CREATE TABLE `act_hi_detail`  (
  `ID_` varchar(64) CHARACTER SET utf8 COLLATE utf8_bin NOT NULL,
  `TYPE_` varchar(255) CHARACTER SET utf8 COLLATE utf8_bin NOT NULL,
  `PROC_INST_ID_` varchar(64) CHARACTER SET utf8 COLLATE utf8_bin NULL DEFAULT NULL,
  `EXECUTION_ID_` varchar(64) CHARACTER SET utf8 COLLATE utf8_bin NULL DEFAULT NULL,
  `TASK_ID_` varchar(64) CHARACTER SET utf8 COLLATE utf8_bin NULL DEFAULT NULL,
  `ACT_INST_ID_` varchar(64) CHARACTER SET utf8 COLLATE utf8_bin NULL DEFAULT NULL,
  `NAME_` varchar(255) CHARACTER SET utf8 COLLATE utf8_bin NOT NULL,
  `VAR_TYPE_` varchar(255) CHARACTER SET utf8 COLLATE utf8_bin NULL DEFAULT NULL,
  `REV_` int(11) NULL DEFAULT NULL,
  `TIME_` datetime(3) NULL DEFAULT NULL,
  `BYTEARRAY_ID_` varchar(64) CHARACTER SET utf8 COLLATE utf8_bin NULL DEFAULT NULL,
  `DOUBLE_` double NULL DEFAULT NULL,
  `LONG_` bigint(20) NULL DEFAULT NULL,
  `TEXT_` varchar(4000) CHARACTER SET utf8 COLLATE utf8_bin NULL DEFAULT NULL,
  `TEXT2_` varchar(4000) CHARACTER SET utf8 COLLATE utf8_bin NULL DEFAULT NULL,
  PRIMARY KEY (`ID_`) USING BTREE,
  INDEX `ACT_IDX_HI_DETAIL_PROC_INST`(`PROC_INST_ID_`) USING BTREE,
  INDEX `ACT_IDX_HI_DETAIL_ACT_INST`(`ACT_INST_ID_`) USING BTREE,
  INDEX `ACT_IDX_HI_DETAIL_TIME`(`TIME_`) USING BTREE,
  INDEX `ACT_IDX_HI_DETAIL_NAME`(`NAME_`) USING BTREE,
  INDEX `ACT_IDX_HI_DETAIL_TASK_ID`(`TASK_ID_`) USING BTREE
) ENGINE = InnoDB CHARACTER SET = utf8 COLLATE = utf8_bin ROW_FORMAT = Dynamic;

-- ----------------------------
-- Records of act_hi_detail
-- ----------------------------
INSERT INTO `act_hi_detail` VALUES ('452505', 'FormProperty', '452501', '452503', NULL, '452504', 'sqr', NULL, NULL, '2019-01-25 18:11:36.631', NULL, NULL, NULL, 'chj', NULL);
INSERT INTO `act_hi_detail` VALUES ('452506', 'FormProperty', '452501', '452503', NULL, '452504', 'bmmc', NULL, NULL, '2019-01-25 18:11:36.632', NULL, NULL, NULL, '研发部', NULL);
INSERT INTO `act_hi_detail` VALUES ('452507', 'FormProperty', '452501', '452503', NULL, '452504', 'sqrq', NULL, NULL, '2019-01-25 18:11:36.632', NULL, NULL, NULL, '2019-01-25 18:11:19', NULL);
INSERT INTO `act_hi_detail` VALUES ('452508', 'FormProperty', '452501', '452503', NULL, '452504', 'qjlx', NULL, NULL, '2019-01-25 18:11:36.632', NULL, NULL, NULL, '事假', NULL);
INSERT INTO `act_hi_detail` VALUES ('452509', 'FormProperty', '452501', '452503', NULL, '452504', 'ksrq', NULL, NULL, '2019-01-25 18:11:36.632', NULL, NULL, NULL, '2019-01-25 00:00:00', NULL);
INSERT INTO `act_hi_detail` VALUES ('452510', 'FormProperty', '452501', '452503', NULL, '452504', 'jsrq', NULL, NULL, '2019-01-25 18:11:36.632', NULL, NULL, NULL, '2019-01-26 00:00:00', NULL);
INSERT INTO `act_hi_detail` VALUES ('452511', 'FormProperty', '452501', '452503', NULL, '452504', 'qjly', NULL, NULL, '2019-01-25 18:11:36.632', NULL, NULL, NULL, '请假理由', NULL);
INSERT INTO `act_hi_detail` VALUES ('452512', 'FormProperty', '452501', '452503', NULL, '452504', 'imgName', NULL, NULL, '2019-01-25 18:11:36.632', NULL, NULL, NULL, '', NULL);
INSERT INTO `act_hi_detail` VALUES ('452513', 'FormProperty', '452501', '452503', NULL, '452504', 'file', NULL, NULL, '2019-01-25 18:11:36.632', NULL, NULL, NULL, '', NULL);
INSERT INTO `act_hi_detail` VALUES ('452514', 'FormProperty', '452501', '452503', NULL, '452504', 'sprs', NULL, NULL, '2019-01-25 18:11:36.632', NULL, NULL, NULL, '8', NULL);
INSERT INTO `act_hi_detail` VALUES ('452515', 'FormProperty', '452501', '452503', NULL, '452504', 'id', NULL, NULL, '2019-01-25 18:11:36.632', NULL, NULL, NULL, '8leaveleave_startevent1.html', NULL);
INSERT INTO `act_hi_detail` VALUES ('452516', 'FormProperty', '452501', '452503', NULL, '452504', 'bk', NULL, NULL, '2019-01-25 18:11:36.632', NULL, NULL, NULL, '201901251811198', NULL);
INSERT INTO `act_hi_detail` VALUES ('452518', 'VariableUpdate', '452501', '452501', NULL, NULL, 'sqrq', 'string', 0, '2019-01-25 18:11:36.635', NULL, NULL, NULL, '2019-01-25 18:11:19', NULL);
INSERT INTO `act_hi_detail` VALUES ('452520', 'VariableUpdate', '452501', '452501', NULL, NULL, 'bk', 'string', 0, '2019-01-25 18:11:36.637', NULL, NULL, NULL, '201901251811198', NULL);
INSERT INTO `act_hi_detail` VALUES ('452522', 'VariableUpdate', '452501', '452501', NULL, NULL, 'sprs', 'string', 0, '2019-01-25 18:11:36.638', NULL, NULL, NULL, '8', NULL);
INSERT INTO `act_hi_detail` VALUES ('452524', 'VariableUpdate', '452501', '452501', NULL, NULL, 'bmmc', 'string', 0, '2019-01-25 18:11:36.638', NULL, NULL, NULL, '研发部', NULL);
INSERT INTO `act_hi_detail` VALUES ('452526', 'VariableUpdate', '452501', '452501', NULL, NULL, 'imgName', 'string', 0, '2019-01-25 18:11:36.639', NULL, NULL, NULL, '', NULL);
INSERT INTO `act_hi_detail` VALUES ('452528', 'VariableUpdate', '452501', '452501', NULL, NULL, 'qjlx', 'string', 0, '2019-01-25 18:11:36.639', NULL, NULL, NULL, '事假', NULL);
INSERT INTO `act_hi_detail` VALUES ('452530', 'VariableUpdate', '452501', '452501', NULL, NULL, 'qjly', 'string', 0, '2019-01-25 18:11:36.640', NULL, NULL, NULL, '请假理由', NULL);
INSERT INTO `act_hi_detail` VALUES ('452532', 'VariableUpdate', '452501', '452501', NULL, NULL, 'file', 'string', 0, '2019-01-25 18:11:36.640', NULL, NULL, NULL, '', NULL);
INSERT INTO `act_hi_detail` VALUES ('452534', 'VariableUpdate', '452501', '452501', NULL, NULL, 'sqr', 'string', 0, '2019-01-25 18:11:36.640', NULL, NULL, NULL, 'chj', NULL);
INSERT INTO `act_hi_detail` VALUES ('452536', 'VariableUpdate', '452501', '452501', NULL, NULL, 'ksrq', 'string', 0, '2019-01-25 18:11:36.641', NULL, NULL, NULL, '2019-01-25 00:00:00', NULL);
INSERT INTO `act_hi_detail` VALUES ('452538', 'VariableUpdate', '452501', '452501', NULL, NULL, 'jsrq', 'string', 0, '2019-01-25 18:11:36.641', NULL, NULL, NULL, '2019-01-26 00:00:00', NULL);
INSERT INTO `act_hi_detail` VALUES ('452540', 'VariableUpdate', '452501', '452501', NULL, NULL, 'id', 'string', 0, '2019-01-25 18:11:36.642', NULL, NULL, NULL, '8leaveleave_startevent1.html', NULL);
INSERT INTO `act_hi_detail` VALUES ('452547', 'FormProperty', '452501', '452503', '452542', '452541', 'agree', NULL, NULL, '2019-01-25 18:11:51.393', NULL, NULL, NULL, 'true', NULL);
INSERT INTO `act_hi_detail` VALUES ('452548', 'FormProperty', '452501', '452503', '452542', '452541', 'ks_spyj', NULL, NULL, '2019-01-25 18:11:51.398', NULL, NULL, NULL, '同意  ', NULL);
INSERT INTO `act_hi_detail` VALUES ('452549', 'FormProperty', '452501', '452503', '452542', '452541', 'sprs', NULL, NULL, '2019-01-25 18:11:51.398', NULL, NULL, NULL, '8', NULL);
INSERT INTO `act_hi_detail` VALUES ('452550', 'FormProperty', '452501', '452503', '452542', '452541', 'id', NULL, NULL, '2019-01-25 18:11:51.398', NULL, NULL, NULL, '8leaveleave_usertask1.html', NULL);
INSERT INTO `act_hi_detail` VALUES ('452551', 'FormProperty', '452501', '452503', '452542', '452541', 'bk', NULL, NULL, '2019-01-25 18:11:51.398', NULL, NULL, NULL, '201901251811198', NULL);
INSERT INTO `act_hi_detail` VALUES ('452552', 'VariableUpdate', '452501', '452501', NULL, '452541', 'bk', 'string', 1, '2019-01-25 18:11:51.409', NULL, NULL, NULL, '201901251811198', NULL);
INSERT INTO `act_hi_detail` VALUES ('452554', 'VariableUpdate', '452501', '452501', NULL, '452541', 'agree', 'string', 0, '2019-01-25 18:11:51.414', NULL, NULL, NULL, 'true', NULL);
INSERT INTO `act_hi_detail` VALUES ('452555', 'VariableUpdate', '452501', '452501', NULL, '452541', 'sprs', 'string', 1, '2019-01-25 18:11:51.415', NULL, NULL, NULL, '8', NULL);
INSERT INTO `act_hi_detail` VALUES ('452556', 'VariableUpdate', '452501', '452501', NULL, '452541', 'id', 'string', 1, '2019-01-25 18:11:51.419', NULL, NULL, NULL, '8leaveleave_usertask1.html', NULL);
INSERT INTO `act_hi_detail` VALUES ('452558', 'VariableUpdate', '452501', '452501', NULL, '452541', 'ks_spyj', 'string', 0, '2019-01-25 18:11:51.422', NULL, NULL, NULL, '同意  ', NULL);
INSERT INTO `act_hi_detail` VALUES ('452563', 'FormProperty', '452501', '452503', '452561', '452560', 'agree', NULL, NULL, '2019-01-25 18:12:44.621', NULL, NULL, NULL, 'true', NULL);
INSERT INTO `act_hi_detail` VALUES ('452564', 'FormProperty', '452501', '452503', '452561', '452560', 'fg_spyj', NULL, NULL, '2019-01-25 18:12:44.623', NULL, NULL, NULL, '同意  分管领导审批意见', NULL);
INSERT INTO `act_hi_detail` VALUES ('452565', 'FormProperty', '452501', '452503', '452561', '452560', 'sprs', NULL, NULL, '2019-01-25 18:12:44.623', NULL, NULL, NULL, '8', NULL);
INSERT INTO `act_hi_detail` VALUES ('452566', 'FormProperty', '452501', '452503', '452561', '452560', 'id', NULL, NULL, '2019-01-25 18:12:44.623', NULL, NULL, NULL, '8leaveleave_usertask2.html', NULL);
INSERT INTO `act_hi_detail` VALUES ('452567', 'FormProperty', '452501', '452503', '452561', '452560', 'bk', NULL, NULL, '2019-01-25 18:12:44.623', NULL, NULL, NULL, '201901251811198', NULL);
INSERT INTO `act_hi_detail` VALUES ('452568', 'VariableUpdate', '452501', '452501', NULL, '452560', 'bk', 'string', 1, '2019-01-25 18:12:44.632', NULL, NULL, NULL, '201901251811198', NULL);
INSERT INTO `act_hi_detail` VALUES ('452569', 'VariableUpdate', '452501', '452501', NULL, '452560', 'agree', 'string', 1, '2019-01-25 18:12:44.635', NULL, NULL, NULL, 'true', NULL);
INSERT INTO `act_hi_detail` VALUES ('452571', 'VariableUpdate', '452501', '452501', NULL, '452560', 'fg_spyj', 'string', 0, '2019-01-25 18:12:44.638', NULL, NULL, NULL, '同意  分管领导审批意见', NULL);
INSERT INTO `act_hi_detail` VALUES ('452572', 'VariableUpdate', '452501', '452501', NULL, '452560', 'sprs', 'string', 1, '2019-01-25 18:12:44.638', NULL, NULL, NULL, '8', NULL);
INSERT INTO `act_hi_detail` VALUES ('452573', 'VariableUpdate', '452501', '452501', NULL, '452560', 'id', 'string', 2, '2019-01-25 18:12:44.641', NULL, NULL, NULL, '8leaveleave_usertask2.html', NULL);
INSERT INTO `act_hi_detail` VALUES ('452578', 'FormProperty', '452501', '452503', '452576', '452575', 'agree', NULL, NULL, '2019-01-25 18:12:57.862', NULL, NULL, NULL, 'false', NULL);
INSERT INTO `act_hi_detail` VALUES ('452579', 'FormProperty', '452501', '452503', '452576', '452575', 'zg_spyj', NULL, NULL, '2019-01-25 18:12:57.863', NULL, NULL, NULL, '不同意  ', NULL);
INSERT INTO `act_hi_detail` VALUES ('452580', 'FormProperty', '452501', '452503', '452576', '452575', 'sprs', NULL, NULL, '2019-01-25 18:12:57.863', NULL, NULL, NULL, '', NULL);
INSERT INTO `act_hi_detail` VALUES ('452581', 'FormProperty', '452501', '452503', '452576', '452575', 'id', NULL, NULL, '2019-01-25 18:12:57.863', NULL, NULL, NULL, '8leaveleave_usertask3.html', NULL);
INSERT INTO `act_hi_detail` VALUES ('452582', 'FormProperty', '452501', '452503', '452576', '452575', 'bk', NULL, NULL, '2019-01-25 18:12:57.863', NULL, NULL, NULL, '201901251811198', NULL);
INSERT INTO `act_hi_detail` VALUES ('452583', 'VariableUpdate', '452501', '452501', NULL, '452575', 'bk', 'string', 1, '2019-01-25 18:12:57.875', NULL, NULL, NULL, '201901251811198', NULL);
INSERT INTO `act_hi_detail` VALUES ('452584', 'VariableUpdate', '452501', '452501', NULL, '452575', 'agree', 'string', 1, '2019-01-25 18:12:57.877', NULL, NULL, NULL, 'false', NULL);
INSERT INTO `act_hi_detail` VALUES ('452585', 'VariableUpdate', '452501', '452501', NULL, '452575', 'sprs', 'string', 1, '2019-01-25 18:12:57.879', NULL, NULL, NULL, '', NULL);
INSERT INTO `act_hi_detail` VALUES ('452586', 'VariableUpdate', '452501', '452501', NULL, '452575', 'id', 'string', 3, '2019-01-25 18:12:57.881', NULL, NULL, NULL, '8leaveleave_usertask3.html', NULL);
INSERT INTO `act_hi_detail` VALUES ('452588', 'VariableUpdate', '452501', '452501', NULL, '452575', 'zg_spyj', 'string', 0, '2019-01-25 18:12:57.883', NULL, NULL, NULL, '不同意  ', NULL);
INSERT INTO `act_hi_detail` VALUES ('455003', 'VariableUpdate', '455001', '455001', NULL, NULL, 'sprs', 'string', 0, '2019-01-26 14:32:29.011', NULL, NULL, NULL, '3', NULL);
INSERT INTO `act_hi_detail` VALUES ('457503', 'VariableUpdate', '457501', '457501', NULL, NULL, 'sprs', 'string', 0, '2019-01-26 14:36:01.708', NULL, NULL, NULL, '3', NULL);

-- ----------------------------
-- Table structure for act_hi_identitylink
-- ----------------------------
DROP TABLE IF EXISTS `act_hi_identitylink`;
CREATE TABLE `act_hi_identitylink`  (
  `ID_` varchar(64) CHARACTER SET utf8 COLLATE utf8_bin NOT NULL,
  `GROUP_ID_` varchar(255) CHARACTER SET utf8 COLLATE utf8_bin NULL DEFAULT NULL,
  `TYPE_` varchar(255) CHARACTER SET utf8 COLLATE utf8_bin NULL DEFAULT NULL,
  `USER_ID_` varchar(255) CHARACTER SET utf8 COLLATE utf8_bin NULL DEFAULT NULL,
  `TASK_ID_` varchar(64) CHARACTER SET utf8 COLLATE utf8_bin NULL DEFAULT NULL,
  `PROC_INST_ID_` varchar(64) CHARACTER SET utf8 COLLATE utf8_bin NULL DEFAULT NULL,
  PRIMARY KEY (`ID_`) USING BTREE,
  INDEX `ACT_IDX_HI_IDENT_LNK_USER`(`USER_ID_`) USING BTREE,
  INDEX `ACT_IDX_HI_IDENT_LNK_TASK`(`TASK_ID_`) USING BTREE,
  INDEX `ACT_IDX_HI_IDENT_LNK_PROCINST`(`PROC_INST_ID_`) USING BTREE
) ENGINE = InnoDB CHARACTER SET = utf8 COLLATE = utf8_bin ROW_FORMAT = Dynamic;

-- ----------------------------
-- Records of act_hi_identitylink
-- ----------------------------
INSERT INTO `act_hi_identitylink` VALUES ('452502', NULL, 'starter', '8', NULL, '452501');

-- ----------------------------
-- Table structure for act_hi_procinst
-- ----------------------------
DROP TABLE IF EXISTS `act_hi_procinst`;
CREATE TABLE `act_hi_procinst`  (
  `ID_` varchar(64) CHARACTER SET utf8 COLLATE utf8_bin NOT NULL,
  `PROC_INST_ID_` varchar(64) CHARACTER SET utf8 COLLATE utf8_bin NOT NULL,
  `BUSINESS_KEY_` varchar(255) CHARACTER SET utf8 COLLATE utf8_bin NULL DEFAULT NULL,
  `PROC_DEF_ID_` varchar(64) CHARACTER SET utf8 COLLATE utf8_bin NOT NULL,
  `START_TIME_` datetime(3) NULL DEFAULT NULL,
  `END_TIME_` datetime(3) NULL DEFAULT NULL,
  `DURATION_` bigint(20) NULL DEFAULT NULL,
  `START_USER_ID_` varchar(255) CHARACTER SET utf8 COLLATE utf8_bin NULL DEFAULT NULL,
  `START_ACT_ID_` varchar(255) CHARACTER SET utf8 COLLATE utf8_bin NULL DEFAULT NULL,
  `END_ACT_ID_` varchar(255) CHARACTER SET utf8 COLLATE utf8_bin NULL DEFAULT NULL,
  `SUPER_PROCESS_INSTANCE_ID_` varchar(64) CHARACTER SET utf8 COLLATE utf8_bin NULL DEFAULT NULL,
  `DELETE_REASON_` varchar(4000) CHARACTER SET utf8 COLLATE utf8_bin NULL DEFAULT NULL,
  `TENANT_ID_` varchar(255) CHARACTER SET utf8 COLLATE utf8_bin NULL DEFAULT '',
  `NAME_` varchar(255) CHARACTER SET utf8 COLLATE utf8_bin NULL DEFAULT NULL,
  PRIMARY KEY (`ID_`) USING BTREE,
  UNIQUE INDEX `PROC_INST_ID_`(`PROC_INST_ID_`) USING BTREE,
  INDEX `ACT_IDX_HI_PRO_INST_END`(`END_TIME_`) USING BTREE,
  INDEX `ACT_IDX_HI_PRO_I_BUSKEY`(`BUSINESS_KEY_`) USING BTREE
) ENGINE = InnoDB CHARACTER SET = utf8 COLLATE = utf8_bin ROW_FORMAT = Dynamic;

-- ----------------------------
-- Records of act_hi_procinst
-- ----------------------------
INSERT INTO `act_hi_procinst` VALUES ('452501', '452501', '201901251811198', 'leave:1:450221', '2019-01-25 18:11:36.602', '2019-01-25 18:12:57.945', 81343, '8', 'startevent1', 'endevent1', NULL, NULL, '', NULL);
INSERT INTO `act_hi_procinst` VALUES ('455001', '455001', NULL, 'leave:1:450221', '2019-01-26 14:32:28.937', NULL, NULL, NULL, 'startevent1', NULL, NULL, NULL, '', NULL);
INSERT INTO `act_hi_procinst` VALUES ('457501', '457501', NULL, 'leave:1:450221', '2019-01-26 14:36:01.659', NULL, NULL, NULL, 'startevent1', NULL, NULL, NULL, '', NULL);

-- ----------------------------
-- Table structure for act_hi_taskinst
-- ----------------------------
DROP TABLE IF EXISTS `act_hi_taskinst`;
CREATE TABLE `act_hi_taskinst`  (
  `ID_` varchar(64) CHARACTER SET utf8 COLLATE utf8_bin NOT NULL,
  `PROC_DEF_ID_` varchar(64) CHARACTER SET utf8 COLLATE utf8_bin NULL DEFAULT NULL,
  `TASK_DEF_KEY_` varchar(255) CHARACTER SET utf8 COLLATE utf8_bin NULL DEFAULT NULL,
  `PROC_INST_ID_` varchar(64) CHARACTER SET utf8 COLLATE utf8_bin NULL DEFAULT NULL,
  `EXECUTION_ID_` varchar(64) CHARACTER SET utf8 COLLATE utf8_bin NULL DEFAULT NULL,
  `NAME_` varchar(255) CHARACTER SET utf8 COLLATE utf8_bin NULL DEFAULT NULL,
  `PARENT_TASK_ID_` varchar(64) CHARACTER SET utf8 COLLATE utf8_bin NULL DEFAULT NULL,
  `DESCRIPTION_` varchar(4000) CHARACTER SET utf8 COLLATE utf8_bin NULL DEFAULT NULL,
  `OWNER_` varchar(255) CHARACTER SET utf8 COLLATE utf8_bin NULL DEFAULT NULL,
  `ASSIGNEE_` varchar(255) CHARACTER SET utf8 COLLATE utf8_bin NULL DEFAULT NULL,
  `START_TIME_` datetime(3) NULL DEFAULT NULL,
  `CLAIM_TIME_` datetime(3) NULL DEFAULT NULL,
  `END_TIME_` datetime(3) NULL DEFAULT NULL,
  `DURATION_` bigint(20) NULL DEFAULT NULL,
  `DELETE_REASON_` varchar(4000) CHARACTER SET utf8 COLLATE utf8_bin NULL DEFAULT NULL,
  `PRIORITY_` int(11) NULL DEFAULT NULL,
  `DUE_DATE_` datetime(3) NULL DEFAULT NULL,
  `FORM_KEY_` varchar(255) CHARACTER SET utf8 COLLATE utf8_bin NULL DEFAULT NULL,
  `CATEGORY_` varchar(255) CHARACTER SET utf8 COLLATE utf8_bin NULL DEFAULT NULL,
  `TENANT_ID_` varchar(255) CHARACTER SET utf8 COLLATE utf8_bin NULL DEFAULT '',
  PRIMARY KEY (`ID_`) USING BTREE,
  INDEX `ACT_IDX_HI_TASK_INST_PROCINST`(`PROC_INST_ID_`) USING BTREE
) ENGINE = InnoDB CHARACTER SET = utf8 COLLATE = utf8_bin ROW_FORMAT = Dynamic;

-- ----------------------------
-- Records of act_hi_taskinst
-- ----------------------------
INSERT INTO `act_hi_taskinst` VALUES ('452542', 'leave:1:450221', 'usertask1', '452501', '452503', '科室领导审批', NULL, NULL, NULL, '8', '2019-01-25 18:11:36.663', NULL, '2019-01-25 18:11:51.438', 14775, NULL, 50, NULL, 'leave_usertask1.html', NULL, '');
INSERT INTO `act_hi_taskinst` VALUES ('452561', 'leave:1:450221', 'usertask2', '452501', '452503', '分管领导审批', NULL, NULL, NULL, '8', '2019-01-25 18:11:51.464', NULL, '2019-01-25 18:12:44.655', 53191, NULL, 50, NULL, 'leave_usertask2.html', NULL, '');
INSERT INTO `act_hi_taskinst` VALUES ('452576', 'leave:1:450221', 'usertask3', '452501', '452503', '主管领导审批', NULL, NULL, NULL, '8', '2019-01-25 18:12:44.671', NULL, '2019-01-25 18:12:57.895', 13224, NULL, 50, NULL, 'leave_usertask3.html', NULL, '');
INSERT INTO `act_hi_taskinst` VALUES ('455007', 'leave:1:450221', 'usertask1', '455001', '455004', '科室领导审批', NULL, NULL, NULL, NULL, '2019-01-26 14:32:29.117', NULL, NULL, NULL, NULL, 50, NULL, 'leave_usertask1.html', NULL, '');
INSERT INTO `act_hi_taskinst` VALUES ('457507', 'leave:1:450221', 'usertask1', '457501', '457504', '科室领导审批', NULL, NULL, NULL, NULL, '2019-01-26 14:36:01.757', NULL, NULL, NULL, NULL, 50, NULL, 'leave_usertask1.html', NULL, '');

-- ----------------------------
-- Table structure for act_hi_varinst
-- ----------------------------
DROP TABLE IF EXISTS `act_hi_varinst`;
CREATE TABLE `act_hi_varinst`  (
  `ID_` varchar(64) CHARACTER SET utf8 COLLATE utf8_bin NOT NULL,
  `PROC_INST_ID_` varchar(64) CHARACTER SET utf8 COLLATE utf8_bin NULL DEFAULT NULL,
  `EXECUTION_ID_` varchar(64) CHARACTER SET utf8 COLLATE utf8_bin NULL DEFAULT NULL,
  `TASK_ID_` varchar(64) CHARACTER SET utf8 COLLATE utf8_bin NULL DEFAULT NULL,
  `NAME_` varchar(255) CHARACTER SET utf8 COLLATE utf8_bin NOT NULL,
  `VAR_TYPE_` varchar(100) CHARACTER SET utf8 COLLATE utf8_bin NULL DEFAULT NULL,
  `REV_` int(11) NULL DEFAULT NULL,
  `BYTEARRAY_ID_` varchar(64) CHARACTER SET utf8 COLLATE utf8_bin NULL DEFAULT NULL,
  `DOUBLE_` double NULL DEFAULT NULL,
  `LONG_` bigint(20) NULL DEFAULT NULL,
  `TEXT_` varchar(4000) CHARACTER SET utf8 COLLATE utf8_bin NULL DEFAULT NULL,
  `TEXT2_` varchar(4000) CHARACTER SET utf8 COLLATE utf8_bin NULL DEFAULT NULL,
  `CREATE_TIME_` datetime(3) NULL DEFAULT NULL,
  `LAST_UPDATED_TIME_` datetime(3) NULL DEFAULT NULL,
  PRIMARY KEY (`ID_`) USING BTREE,
  INDEX `ACT_IDX_HI_PROCVAR_PROC_INST`(`PROC_INST_ID_`) USING BTREE,
  INDEX `ACT_IDX_HI_PROCVAR_NAME_TYPE`(`NAME_`, `VAR_TYPE_`) USING BTREE,
  INDEX `ACT_IDX_HI_PROCVAR_TASK_ID`(`TASK_ID_`) USING BTREE
) ENGINE = InnoDB CHARACTER SET = utf8 COLLATE = utf8_bin ROW_FORMAT = Dynamic;

-- ----------------------------
-- Records of act_hi_varinst
-- ----------------------------
INSERT INTO `act_hi_varinst` VALUES ('452517', '452501', '452501', NULL, 'sqrq', 'string', 0, NULL, NULL, NULL, '2019-01-25 18:11:19', NULL, '2019-01-25 18:11:36.635', '2019-01-25 18:11:36.635');
INSERT INTO `act_hi_varinst` VALUES ('452519', '452501', '452501', NULL, 'bk', 'string', 3, NULL, NULL, NULL, '201901251811198', NULL, '2019-01-25 18:11:36.637', '2019-01-25 18:12:57.877');
INSERT INTO `act_hi_varinst` VALUES ('452521', '452501', '452501', NULL, 'sprs', 'string', 3, NULL, NULL, NULL, '', NULL, '2019-01-25 18:11:36.638', '2019-01-25 18:12:57.881');
INSERT INTO `act_hi_varinst` VALUES ('452523', '452501', '452501', NULL, 'bmmc', 'string', 0, NULL, NULL, NULL, '研发部', NULL, '2019-01-25 18:11:36.638', '2019-01-25 18:11:36.638');
INSERT INTO `act_hi_varinst` VALUES ('452525', '452501', '452501', NULL, 'imgName', 'string', 0, NULL, NULL, NULL, '', NULL, '2019-01-25 18:11:36.639', '2019-01-25 18:11:36.639');
INSERT INTO `act_hi_varinst` VALUES ('452527', '452501', '452501', NULL, 'qjlx', 'string', 0, NULL, NULL, NULL, '事假', NULL, '2019-01-25 18:11:36.639', '2019-01-25 18:11:36.639');
INSERT INTO `act_hi_varinst` VALUES ('452529', '452501', '452501', NULL, 'qjly', 'string', 0, NULL, NULL, NULL, '请假理由', NULL, '2019-01-25 18:11:36.639', '2019-01-25 18:11:36.639');
INSERT INTO `act_hi_varinst` VALUES ('452531', '452501', '452501', NULL, 'file', 'string', 0, NULL, NULL, NULL, '', NULL, '2019-01-25 18:11:36.640', '2019-01-25 18:11:36.640');
INSERT INTO `act_hi_varinst` VALUES ('452533', '452501', '452501', NULL, 'sqr', 'string', 0, NULL, NULL, NULL, 'chj', NULL, '2019-01-25 18:11:36.640', '2019-01-25 18:11:36.640');
INSERT INTO `act_hi_varinst` VALUES ('452535', '452501', '452501', NULL, 'ksrq', 'string', 0, NULL, NULL, NULL, '2019-01-25 00:00:00', NULL, '2019-01-25 18:11:36.641', '2019-01-25 18:11:36.641');
INSERT INTO `act_hi_varinst` VALUES ('452537', '452501', '452501', NULL, 'jsrq', 'string', 0, NULL, NULL, NULL, '2019-01-26 00:00:00', NULL, '2019-01-25 18:11:36.641', '2019-01-25 18:11:36.641');
INSERT INTO `act_hi_varinst` VALUES ('452539', '452501', '452501', NULL, 'id', 'string', 3, NULL, NULL, NULL, '8leaveleave_usertask3.html', NULL, '2019-01-25 18:11:36.642', '2019-01-25 18:12:57.883');
INSERT INTO `act_hi_varinst` VALUES ('452553', '452501', '452501', NULL, 'agree', 'string', 2, NULL, NULL, NULL, 'false', NULL, '2019-01-25 18:11:51.414', '2019-01-25 18:12:57.879');
INSERT INTO `act_hi_varinst` VALUES ('452557', '452501', '452501', NULL, 'ks_spyj', 'string', 0, NULL, NULL, NULL, '同意  ', NULL, '2019-01-25 18:11:51.422', '2019-01-25 18:11:51.422');
INSERT INTO `act_hi_varinst` VALUES ('452570', '452501', '452501', NULL, 'fg_spyj', 'string', 0, NULL, NULL, NULL, '同意  分管领导审批意见', NULL, '2019-01-25 18:12:44.638', '2019-01-25 18:12:44.638');
INSERT INTO `act_hi_varinst` VALUES ('452587', '452501', '452501', NULL, 'zg_spyj', 'string', 0, NULL, NULL, NULL, '不同意  ', NULL, '2019-01-25 18:12:57.883', '2019-01-25 18:12:57.883');
INSERT INTO `act_hi_varinst` VALUES ('455002', '455001', '455001', NULL, 'sprs', 'string', 0, NULL, NULL, NULL, '3', NULL, '2019-01-26 14:32:29.011', '2019-01-26 14:32:29.011');
INSERT INTO `act_hi_varinst` VALUES ('457502', '457501', '457501', NULL, 'sprs', 'string', 0, NULL, NULL, NULL, '3', NULL, '2019-01-26 14:36:01.708', '2019-01-26 14:36:01.708');

-- ----------------------------
-- Table structure for act_id_group
-- ----------------------------
DROP TABLE IF EXISTS `act_id_group`;
CREATE TABLE `act_id_group`  (
  `ID_` varchar(64) CHARACTER SET utf8 COLLATE utf8_bin NOT NULL,
  `REV_` int(11) NULL DEFAULT NULL,
  `NAME_` varchar(255) CHARACTER SET utf8 COLLATE utf8_bin NULL DEFAULT NULL,
  `TYPE_` varchar(255) CHARACTER SET utf8 COLLATE utf8_bin NULL DEFAULT NULL,
  PRIMARY KEY (`ID_`) USING BTREE
) ENGINE = InnoDB CHARACTER SET = utf8 COLLATE = utf8_bin ROW_FORMAT = Dynamic;

-- ----------------------------
-- Table structure for act_id_info
-- ----------------------------
DROP TABLE IF EXISTS `act_id_info`;
CREATE TABLE `act_id_info`  (
  `ID_` varchar(64) CHARACTER SET utf8 COLLATE utf8_bin NOT NULL,
  `REV_` int(11) NULL DEFAULT NULL,
  `USER_ID_` varchar(64) CHARACTER SET utf8 COLLATE utf8_bin NULL DEFAULT NULL,
  `TYPE_` varchar(64) CHARACTER SET utf8 COLLATE utf8_bin NULL DEFAULT NULL,
  `KEY_` varchar(255) CHARACTER SET utf8 COLLATE utf8_bin NULL DEFAULT NULL,
  `VALUE_` varchar(255) CHARACTER SET utf8 COLLATE utf8_bin NULL DEFAULT NULL,
  `PASSWORD_` longblob NULL,
  `PARENT_ID_` varchar(255) CHARACTER SET utf8 COLLATE utf8_bin NULL DEFAULT NULL,
  PRIMARY KEY (`ID_`) USING BTREE
) ENGINE = InnoDB CHARACTER SET = utf8 COLLATE = utf8_bin ROW_FORMAT = Dynamic;

-- ----------------------------
-- Table structure for act_id_membership
-- ----------------------------
DROP TABLE IF EXISTS `act_id_membership`;
CREATE TABLE `act_id_membership`  (
  `USER_ID_` varchar(64) CHARACTER SET utf8 COLLATE utf8_bin NOT NULL,
  `GROUP_ID_` varchar(64) CHARACTER SET utf8 COLLATE utf8_bin NOT NULL,
  PRIMARY KEY (`USER_ID_`, `GROUP_ID_`) USING BTREE,
  INDEX `ACT_FK_MEMB_GROUP`(`GROUP_ID_`) USING BTREE,
  CONSTRAINT `ACT_FK_MEMB_GROUP` FOREIGN KEY (`GROUP_ID_`) REFERENCES `act_id_group` (`ID_`) ON DELETE RESTRICT ON UPDATE RESTRICT,
  CONSTRAINT `ACT_FK_MEMB_USER` FOREIGN KEY (`USER_ID_`) REFERENCES `act_id_user` (`ID_`) ON DELETE RESTRICT ON UPDATE RESTRICT
) ENGINE = InnoDB CHARACTER SET = utf8 COLLATE = utf8_bin ROW_FORMAT = Dynamic;

-- ----------------------------
-- Table structure for act_id_user
-- ----------------------------
DROP TABLE IF EXISTS `act_id_user`;
CREATE TABLE `act_id_user`  (
  `ID_` varchar(64) CHARACTER SET utf8 COLLATE utf8_bin NOT NULL,
  `REV_` int(11) NULL DEFAULT NULL,
  `FIRST_` varchar(255) CHARACTER SET utf8 COLLATE utf8_bin NULL DEFAULT NULL,
  `LAST_` varchar(255) CHARACTER SET utf8 COLLATE utf8_bin NULL DEFAULT NULL,
  `EMAIL_` varchar(255) CHARACTER SET utf8 COLLATE utf8_bin NULL DEFAULT NULL,
  `PWD_` varchar(255) CHARACTER SET utf8 COLLATE utf8_bin NULL DEFAULT NULL,
  `PICTURE_ID_` varchar(64) CHARACTER SET utf8 COLLATE utf8_bin NULL DEFAULT NULL,
  PRIMARY KEY (`ID_`) USING BTREE
) ENGINE = InnoDB CHARACTER SET = utf8 COLLATE = utf8_bin ROW_FORMAT = Dynamic;

-- ----------------------------
-- Table structure for act_procdef_info
-- ----------------------------
DROP TABLE IF EXISTS `act_procdef_info`;
CREATE TABLE `act_procdef_info`  (
  `ID_` varchar(64) CHARACTER SET utf8 COLLATE utf8_bin NOT NULL,
  `PROC_DEF_ID_` varchar(64) CHARACTER SET utf8 COLLATE utf8_bin NOT NULL,
  `REV_` int(11) NULL DEFAULT NULL,
  `INFO_JSON_ID_` varchar(64) CHARACTER SET utf8 COLLATE utf8_bin NULL DEFAULT NULL,
  PRIMARY KEY (`ID_`) USING BTREE,
  UNIQUE INDEX `ACT_UNIQ_INFO_PROCDEF`(`PROC_DEF_ID_`) USING BTREE,
  INDEX `ACT_IDX_INFO_PROCDEF`(`PROC_DEF_ID_`) USING BTREE,
  INDEX `ACT_FK_INFO_JSON_BA`(`INFO_JSON_ID_`) USING BTREE,
  CONSTRAINT `ACT_FK_INFO_JSON_BA` FOREIGN KEY (`INFO_JSON_ID_`) REFERENCES `act_ge_bytearray` (`ID_`) ON DELETE RESTRICT ON UPDATE RESTRICT,
  CONSTRAINT `ACT_FK_INFO_PROCDEF` FOREIGN KEY (`PROC_DEF_ID_`) REFERENCES `act_re_procdef` (`ID_`) ON DELETE RESTRICT ON UPDATE RESTRICT
) ENGINE = InnoDB CHARACTER SET = utf8 COLLATE = utf8_bin ROW_FORMAT = Dynamic;

-- ----------------------------
-- Table structure for act_re_deployment
-- ----------------------------
DROP TABLE IF EXISTS `act_re_deployment`;
CREATE TABLE `act_re_deployment`  (
  `ID_` varchar(64) CHARACTER SET utf8 COLLATE utf8_bin NOT NULL,
  `NAME_` varchar(255) CHARACTER SET utf8 COLLATE utf8_bin NULL DEFAULT NULL,
  `CATEGORY_` varchar(255) CHARACTER SET utf8 COLLATE utf8_bin NULL DEFAULT NULL,
  `KEY_` varchar(255) CHARACTER SET utf8 COLLATE utf8_bin NULL DEFAULT NULL,
  `TENANT_ID_` varchar(255) CHARACTER SET utf8 COLLATE utf8_bin NULL DEFAULT '',
  `DEPLOY_TIME_` timestamp(3) NULL DEFAULT NULL,
  `ENGINE_VERSION_` varchar(255) CHARACTER SET utf8 COLLATE utf8_bin NULL DEFAULT NULL,
  PRIMARY KEY (`ID_`) USING BTREE
) ENGINE = InnoDB CHARACTER SET = utf8 COLLATE = utf8_bin ROW_FORMAT = Dynamic;

-- ----------------------------
-- Records of act_re_deployment
-- ----------------------------
INSERT INTO `act_re_deployment` VALUES ('450214', 'leave.zip', NULL, NULL, '', '2019-01-25 18:01:07.510', NULL);

-- ----------------------------
-- Table structure for act_re_model
-- ----------------------------
DROP TABLE IF EXISTS `act_re_model`;
CREATE TABLE `act_re_model`  (
  `ID_` varchar(64) CHARACTER SET utf8 COLLATE utf8_bin NOT NULL,
  `REV_` int(11) NULL DEFAULT NULL,
  `NAME_` varchar(255) CHARACTER SET utf8 COLLATE utf8_bin NULL DEFAULT NULL,
  `KEY_` varchar(255) CHARACTER SET utf8 COLLATE utf8_bin NULL DEFAULT NULL,
  `CATEGORY_` varchar(255) CHARACTER SET utf8 COLLATE utf8_bin NULL DEFAULT NULL,
  `CREATE_TIME_` timestamp(3) NULL DEFAULT NULL,
  `LAST_UPDATE_TIME_` timestamp(3) NULL DEFAULT NULL,
  `VERSION_` int(11) NULL DEFAULT NULL,
  `META_INFO_` varchar(4000) CHARACTER SET utf8 COLLATE utf8_bin NULL DEFAULT NULL,
  `DEPLOYMENT_ID_` varchar(64) CHARACTER SET utf8 COLLATE utf8_bin NULL DEFAULT NULL,
  `EDITOR_SOURCE_VALUE_ID_` varchar(64) CHARACTER SET utf8 COLLATE utf8_bin NULL DEFAULT NULL,
  `EDITOR_SOURCE_EXTRA_VALUE_ID_` varchar(64) CHARACTER SET utf8 COLLATE utf8_bin NULL DEFAULT NULL,
  `TENANT_ID_` varchar(255) CHARACTER SET utf8 COLLATE utf8_bin NULL DEFAULT '',
  PRIMARY KEY (`ID_`) USING BTREE,
  INDEX `ACT_FK_MODEL_SOURCE`(`EDITOR_SOURCE_VALUE_ID_`) USING BTREE,
  INDEX `ACT_FK_MODEL_SOURCE_EXTRA`(`EDITOR_SOURCE_EXTRA_VALUE_ID_`) USING BTREE,
  INDEX `ACT_FK_MODEL_DEPLOYMENT`(`DEPLOYMENT_ID_`) USING BTREE,
  CONSTRAINT `ACT_FK_MODEL_DEPLOYMENT` FOREIGN KEY (`DEPLOYMENT_ID_`) REFERENCES `act_re_deployment` (`ID_`) ON DELETE RESTRICT ON UPDATE RESTRICT,
  CONSTRAINT `ACT_FK_MODEL_SOURCE` FOREIGN KEY (`EDITOR_SOURCE_VALUE_ID_`) REFERENCES `act_ge_bytearray` (`ID_`) ON DELETE RESTRICT ON UPDATE RESTRICT,
  CONSTRAINT `ACT_FK_MODEL_SOURCE_EXTRA` FOREIGN KEY (`EDITOR_SOURCE_EXTRA_VALUE_ID_`) REFERENCES `act_ge_bytearray` (`ID_`) ON DELETE RESTRICT ON UPDATE RESTRICT
) ENGINE = InnoDB CHARACTER SET = utf8 COLLATE = utf8_bin ROW_FORMAT = Dynamic;

-- ----------------------------
-- Table structure for act_re_procdef
-- ----------------------------
DROP TABLE IF EXISTS `act_re_procdef`;
CREATE TABLE `act_re_procdef`  (
  `ID_` varchar(64) CHARACTER SET utf8 COLLATE utf8_bin NOT NULL,
  `REV_` int(11) NULL DEFAULT NULL,
  `CATEGORY_` varchar(255) CHARACTER SET utf8 COLLATE utf8_bin NULL DEFAULT NULL,
  `NAME_` varchar(255) CHARACTER SET utf8 COLLATE utf8_bin NULL DEFAULT NULL,
  `KEY_` varchar(255) CHARACTER SET utf8 COLLATE utf8_bin NOT NULL,
  `VERSION_` int(11) NOT NULL,
  `DEPLOYMENT_ID_` varchar(64) CHARACTER SET utf8 COLLATE utf8_bin NULL DEFAULT NULL,
  `RESOURCE_NAME_` varchar(4000) CHARACTER SET utf8 COLLATE utf8_bin NULL DEFAULT NULL,
  `DGRM_RESOURCE_NAME_` varchar(4000) CHARACTER SET utf8 COLLATE utf8_bin NULL DEFAULT NULL,
  `DESCRIPTION_` varchar(4000) CHARACTER SET utf8 COLLATE utf8_bin NULL DEFAULT NULL,
  `HAS_START_FORM_KEY_` tinyint(4) NULL DEFAULT NULL,
  `HAS_GRAPHICAL_NOTATION_` tinyint(4) NULL DEFAULT NULL,
  `SUSPENSION_STATE_` int(11) NULL DEFAULT NULL,
  `TENANT_ID_` varchar(255) CHARACTER SET utf8 COLLATE utf8_bin NULL DEFAULT '',
  `ENGINE_VERSION_` varchar(255) CHARACTER SET utf8 COLLATE utf8_bin NULL DEFAULT NULL,
  PRIMARY KEY (`ID_`) USING BTREE,
  UNIQUE INDEX `ACT_UNIQ_PROCDEF`(`KEY_`, `VERSION_`, `TENANT_ID_`) USING BTREE
) ENGINE = InnoDB CHARACTER SET = utf8 COLLATE = utf8_bin ROW_FORMAT = Dynamic;

-- ----------------------------
-- Records of act_re_procdef
-- ----------------------------
INSERT INTO `act_re_procdef` VALUES ('leave:1:450221', 1, 'http://www.activiti.org/test', '请假流程', 'leave', 1, '450214', 'leave.bpmn', 'leave.png', NULL, 0, 1, 1, '', NULL);

-- ----------------------------
-- Table structure for act_ru_deadletter_job
-- ----------------------------
DROP TABLE IF EXISTS `act_ru_deadletter_job`;
CREATE TABLE `act_ru_deadletter_job`  (
  `ID_` varchar(64) CHARACTER SET utf8 COLLATE utf8_bin NOT NULL,
  `REV_` int(11) NULL DEFAULT NULL,
  `TYPE_` varchar(255) CHARACTER SET utf8 COLLATE utf8_bin NOT NULL,
  `EXCLUSIVE_` tinyint(1) NULL DEFAULT NULL,
  `EXECUTION_ID_` varchar(64) CHARACTER SET utf8 COLLATE utf8_bin NULL DEFAULT NULL,
  `PROCESS_INSTANCE_ID_` varchar(64) CHARACTER SET utf8 COLLATE utf8_bin NULL DEFAULT NULL,
  `PROC_DEF_ID_` varchar(64) CHARACTER SET utf8 COLLATE utf8_bin NULL DEFAULT NULL,
  `EXCEPTION_STACK_ID_` varchar(64) CHARACTER SET utf8 COLLATE utf8_bin NULL DEFAULT NULL,
  `EXCEPTION_MSG_` varchar(4000) CHARACTER SET utf8 COLLATE utf8_bin NULL DEFAULT NULL,
  `DUEDATE_` timestamp(3) NULL DEFAULT NULL,
  `REPEAT_` varchar(255) CHARACTER SET utf8 COLLATE utf8_bin NULL DEFAULT NULL,
  `HANDLER_TYPE_` varchar(255) CHARACTER SET utf8 COLLATE utf8_bin NULL DEFAULT NULL,
  `HANDLER_CFG_` varchar(4000) CHARACTER SET utf8 COLLATE utf8_bin NULL DEFAULT NULL,
  `TENANT_ID_` varchar(255) CHARACTER SET utf8 COLLATE utf8_bin NULL DEFAULT '',
  PRIMARY KEY (`ID_`) USING BTREE,
  INDEX `ACT_FK_DEADLETTER_JOB_EXECUTION`(`EXECUTION_ID_`) USING BTREE,
  INDEX `ACT_FK_DEADLETTER_JOB_PROCESS_INSTANCE`(`PROCESS_INSTANCE_ID_`) USING BTREE,
  INDEX `ACT_FK_DEADLETTER_JOB_PROC_DEF`(`PROC_DEF_ID_`) USING BTREE,
  INDEX `ACT_FK_DEADLETTER_JOB_EXCEPTION`(`EXCEPTION_STACK_ID_`) USING BTREE,
  CONSTRAINT `ACT_FK_DEADLETTER_JOB_EXCEPTION` FOREIGN KEY (`EXCEPTION_STACK_ID_`) REFERENCES `act_ge_bytearray` (`ID_`) ON DELETE RESTRICT ON UPDATE RESTRICT,
  CONSTRAINT `ACT_FK_DEADLETTER_JOB_EXECUTION` FOREIGN KEY (`EXECUTION_ID_`) REFERENCES `act_ru_execution` (`ID_`) ON DELETE RESTRICT ON UPDATE RESTRICT,
  CONSTRAINT `ACT_FK_DEADLETTER_JOB_PROCESS_INSTANCE` FOREIGN KEY (`PROCESS_INSTANCE_ID_`) REFERENCES `act_ru_execution` (`ID_`) ON DELETE RESTRICT ON UPDATE RESTRICT,
  CONSTRAINT `ACT_FK_DEADLETTER_JOB_PROC_DEF` FOREIGN KEY (`PROC_DEF_ID_`) REFERENCES `act_re_procdef` (`ID_`) ON DELETE RESTRICT ON UPDATE RESTRICT
) ENGINE = InnoDB CHARACTER SET = utf8 COLLATE = utf8_bin ROW_FORMAT = Dynamic;

-- ----------------------------
-- Table structure for act_ru_event_subscr
-- ----------------------------
DROP TABLE IF EXISTS `act_ru_event_subscr`;
CREATE TABLE `act_ru_event_subscr`  (
  `ID_` varchar(64) CHARACTER SET utf8 COLLATE utf8_bin NOT NULL,
  `REV_` int(11) NULL DEFAULT NULL,
  `EVENT_TYPE_` varchar(255) CHARACTER SET utf8 COLLATE utf8_bin NOT NULL,
  `EVENT_NAME_` varchar(255) CHARACTER SET utf8 COLLATE utf8_bin NULL DEFAULT NULL,
  `EXECUTION_ID_` varchar(64) CHARACTER SET utf8 COLLATE utf8_bin NULL DEFAULT NULL,
  `PROC_INST_ID_` varchar(64) CHARACTER SET utf8 COLLATE utf8_bin NULL DEFAULT NULL,
  `ACTIVITY_ID_` varchar(64) CHARACTER SET utf8 COLLATE utf8_bin NULL DEFAULT NULL,
  `CONFIGURATION_` varchar(255) CHARACTER SET utf8 COLLATE utf8_bin NULL DEFAULT NULL,
  `CREATED_` timestamp(3) NOT NULL DEFAULT CURRENT_TIMESTAMP(3),
  `PROC_DEF_ID_` varchar(64) CHARACTER SET utf8 COLLATE utf8_bin NULL DEFAULT NULL,
  `TENANT_ID_` varchar(255) CHARACTER SET utf8 COLLATE utf8_bin NULL DEFAULT '',
  PRIMARY KEY (`ID_`) USING BTREE,
  INDEX `ACT_IDX_EVENT_SUBSCR_CONFIG_`(`CONFIGURATION_`) USING BTREE,
  INDEX `ACT_FK_EVENT_EXEC`(`EXECUTION_ID_`) USING BTREE,
  CONSTRAINT `ACT_FK_EVENT_EXEC` FOREIGN KEY (`EXECUTION_ID_`) REFERENCES `act_ru_execution` (`ID_`) ON DELETE RESTRICT ON UPDATE RESTRICT
) ENGINE = InnoDB CHARACTER SET = utf8 COLLATE = utf8_bin ROW_FORMAT = Dynamic;

-- ----------------------------
-- Table structure for act_ru_execution
-- ----------------------------
DROP TABLE IF EXISTS `act_ru_execution`;
CREATE TABLE `act_ru_execution`  (
  `ID_` varchar(64) CHARACTER SET utf8 COLLATE utf8_bin NOT NULL,
  `REV_` int(11) NULL DEFAULT NULL,
  `PROC_INST_ID_` varchar(64) CHARACTER SET utf8 COLLATE utf8_bin NULL DEFAULT NULL,
  `BUSINESS_KEY_` varchar(255) CHARACTER SET utf8 COLLATE utf8_bin NULL DEFAULT NULL,
  `PARENT_ID_` varchar(64) CHARACTER SET utf8 COLLATE utf8_bin NULL DEFAULT NULL,
  `PROC_DEF_ID_` varchar(64) CHARACTER SET utf8 COLLATE utf8_bin NULL DEFAULT NULL,
  `SUPER_EXEC_` varchar(64) CHARACTER SET utf8 COLLATE utf8_bin NULL DEFAULT NULL,
  `ROOT_PROC_INST_ID_` varchar(64) CHARACTER SET utf8 COLLATE utf8_bin NULL DEFAULT NULL,
  `ACT_ID_` varchar(255) CHARACTER SET utf8 COLLATE utf8_bin NULL DEFAULT NULL,
  `IS_ACTIVE_` tinyint(4) NULL DEFAULT NULL,
  `IS_CONCURRENT_` tinyint(4) NULL DEFAULT NULL,
  `IS_SCOPE_` tinyint(4) NULL DEFAULT NULL,
  `IS_EVENT_SCOPE_` tinyint(4) NULL DEFAULT NULL,
  `IS_MI_ROOT_` tinyint(4) NULL DEFAULT NULL,
  `SUSPENSION_STATE_` int(11) NULL DEFAULT NULL,
  `CACHED_ENT_STATE_` int(11) NULL DEFAULT NULL,
  `TENANT_ID_` varchar(255) CHARACTER SET utf8 COLLATE utf8_bin NULL DEFAULT '',
  `NAME_` varchar(255) CHARACTER SET utf8 COLLATE utf8_bin NULL DEFAULT NULL,
  `START_TIME_` datetime(3) NULL DEFAULT NULL,
  `START_USER_ID_` varchar(255) CHARACTER SET utf8 COLLATE utf8_bin NULL DEFAULT NULL,
  `LOCK_TIME_` timestamp(3) NULL DEFAULT NULL,
  `IS_COUNT_ENABLED_` tinyint(4) NULL DEFAULT NULL,
  `EVT_SUBSCR_COUNT_` int(11) NULL DEFAULT NULL,
  `TASK_COUNT_` int(11) NULL DEFAULT NULL,
  `JOB_COUNT_` int(11) NULL DEFAULT NULL,
  `TIMER_JOB_COUNT_` int(11) NULL DEFAULT NULL,
  `SUSP_JOB_COUNT_` int(11) NULL DEFAULT NULL,
  `DEADLETTER_JOB_COUNT_` int(11) NULL DEFAULT NULL,
  `VAR_COUNT_` int(11) NULL DEFAULT NULL,
  `ID_LINK_COUNT_` int(11) NULL DEFAULT NULL,
  PRIMARY KEY (`ID_`) USING BTREE,
  INDEX `ACT_IDX_EXEC_BUSKEY`(`BUSINESS_KEY_`) USING BTREE,
  INDEX `ACT_IDC_EXEC_ROOT`(`ROOT_PROC_INST_ID_`) USING BTREE,
  INDEX `ACT_FK_EXE_PROCINST`(`PROC_INST_ID_`) USING BTREE,
  INDEX `ACT_FK_EXE_PARENT`(`PARENT_ID_`) USING BTREE,
  INDEX `ACT_FK_EXE_SUPER`(`SUPER_EXEC_`) USING BTREE,
  INDEX `ACT_FK_EXE_PROCDEF`(`PROC_DEF_ID_`) USING BTREE,
  CONSTRAINT `ACT_FK_EXE_PARENT` FOREIGN KEY (`PARENT_ID_`) REFERENCES `act_ru_execution` (`ID_`) ON DELETE CASCADE ON UPDATE RESTRICT,
  CONSTRAINT `ACT_FK_EXE_PROCDEF` FOREIGN KEY (`PROC_DEF_ID_`) REFERENCES `act_re_procdef` (`ID_`) ON DELETE RESTRICT ON UPDATE RESTRICT,
  CONSTRAINT `ACT_FK_EXE_PROCINST` FOREIGN KEY (`PROC_INST_ID_`) REFERENCES `act_ru_execution` (`ID_`) ON DELETE CASCADE ON UPDATE CASCADE,
  CONSTRAINT `ACT_FK_EXE_SUPER` FOREIGN KEY (`SUPER_EXEC_`) REFERENCES `act_ru_execution` (`ID_`) ON DELETE CASCADE ON UPDATE RESTRICT
) ENGINE = InnoDB CHARACTER SET = utf8 COLLATE = utf8_bin ROW_FORMAT = Dynamic;

-- ----------------------------
-- Records of act_ru_execution
-- ----------------------------
INSERT INTO `act_ru_execution` VALUES ('455001', 1, '455001', NULL, NULL, 'leave:1:450221', NULL, '455001', NULL, 1, 0, 1, 0, 0, 1, NULL, '', NULL, '2019-01-26 14:32:28.937', NULL, NULL, 0, 0, 0, 0, 0, 0, 0, 0, 0);
INSERT INTO `act_ru_execution` VALUES ('455004', 1, '455001', NULL, '455001', 'leave:1:450221', NULL, '455001', 'usertask1', 1, 0, 0, 0, 0, 1, NULL, '', NULL, '2019-01-26 14:32:29.013', NULL, NULL, 0, 0, 0, 0, 0, 0, 0, 0, 0);
INSERT INTO `act_ru_execution` VALUES ('457501', 1, '457501', NULL, NULL, 'leave:1:450221', NULL, '457501', NULL, 1, 0, 1, 0, 0, 1, NULL, '', NULL, '2019-01-26 14:36:01.659', NULL, NULL, 0, 0, 0, 0, 0, 0, 0, 0, 0);
INSERT INTO `act_ru_execution` VALUES ('457504', 1, '457501', NULL, '457501', 'leave:1:450221', NULL, '457501', 'usertask1', 1, 0, 0, 0, 0, 1, NULL, '', NULL, '2019-01-26 14:36:01.710', NULL, NULL, 0, 0, 0, 0, 0, 0, 0, 0, 0);

-- ----------------------------
-- Table structure for act_ru_identitylink
-- ----------------------------
DROP TABLE IF EXISTS `act_ru_identitylink`;
CREATE TABLE `act_ru_identitylink`  (
  `ID_` varchar(64) CHARACTER SET utf8 COLLATE utf8_bin NOT NULL,
  `REV_` int(11) NULL DEFAULT NULL,
  `GROUP_ID_` varchar(255) CHARACTER SET utf8 COLLATE utf8_bin NULL DEFAULT NULL,
  `TYPE_` varchar(255) CHARACTER SET utf8 COLLATE utf8_bin NULL DEFAULT NULL,
  `USER_ID_` varchar(255) CHARACTER SET utf8 COLLATE utf8_bin NULL DEFAULT NULL,
  `TASK_ID_` varchar(64) CHARACTER SET utf8 COLLATE utf8_bin NULL DEFAULT NULL,
  `PROC_INST_ID_` varchar(64) CHARACTER SET utf8 COLLATE utf8_bin NULL DEFAULT NULL,
  `PROC_DEF_ID_` varchar(64) CHARACTER SET utf8 COLLATE utf8_bin NULL DEFAULT NULL,
  PRIMARY KEY (`ID_`) USING BTREE,
  INDEX `ACT_IDX_IDENT_LNK_USER`(`USER_ID_`) USING BTREE,
  INDEX `ACT_IDX_IDENT_LNK_GROUP`(`GROUP_ID_`) USING BTREE,
  INDEX `ACT_IDX_ATHRZ_PROCEDEF`(`PROC_DEF_ID_`) USING BTREE,
  INDEX `ACT_FK_TSKASS_TASK`(`TASK_ID_`) USING BTREE,
  INDEX `ACT_FK_IDL_PROCINST`(`PROC_INST_ID_`) USING BTREE,
  CONSTRAINT `ACT_FK_ATHRZ_PROCEDEF` FOREIGN KEY (`PROC_DEF_ID_`) REFERENCES `act_re_procdef` (`ID_`) ON DELETE RESTRICT ON UPDATE RESTRICT,
  CONSTRAINT `ACT_FK_IDL_PROCINST` FOREIGN KEY (`PROC_INST_ID_`) REFERENCES `act_ru_execution` (`ID_`) ON DELETE RESTRICT ON UPDATE RESTRICT,
  CONSTRAINT `ACT_FK_TSKASS_TASK` FOREIGN KEY (`TASK_ID_`) REFERENCES `act_ru_task` (`ID_`) ON DELETE RESTRICT ON UPDATE RESTRICT
) ENGINE = InnoDB CHARACTER SET = utf8 COLLATE = utf8_bin ROW_FORMAT = Dynamic;

-- ----------------------------
-- Table structure for act_ru_job
-- ----------------------------
DROP TABLE IF EXISTS `act_ru_job`;
CREATE TABLE `act_ru_job`  (
  `ID_` varchar(64) CHARACTER SET utf8 COLLATE utf8_bin NOT NULL,
  `REV_` int(11) NULL DEFAULT NULL,
  `TYPE_` varchar(255) CHARACTER SET utf8 COLLATE utf8_bin NOT NULL,
  `LOCK_EXP_TIME_` timestamp(3) NULL DEFAULT NULL,
  `LOCK_OWNER_` varchar(255) CHARACTER SET utf8 COLLATE utf8_bin NULL DEFAULT NULL,
  `EXCLUSIVE_` tinyint(1) NULL DEFAULT NULL,
  `EXECUTION_ID_` varchar(64) CHARACTER SET utf8 COLLATE utf8_bin NULL DEFAULT NULL,
  `PROCESS_INSTANCE_ID_` varchar(64) CHARACTER SET utf8 COLLATE utf8_bin NULL DEFAULT NULL,
  `PROC_DEF_ID_` varchar(64) CHARACTER SET utf8 COLLATE utf8_bin NULL DEFAULT NULL,
  `RETRIES_` int(11) NULL DEFAULT NULL,
  `EXCEPTION_STACK_ID_` varchar(64) CHARACTER SET utf8 COLLATE utf8_bin NULL DEFAULT NULL,
  `EXCEPTION_MSG_` varchar(4000) CHARACTER SET utf8 COLLATE utf8_bin NULL DEFAULT NULL,
  `DUEDATE_` timestamp(3) NULL DEFAULT NULL,
  `REPEAT_` varchar(255) CHARACTER SET utf8 COLLATE utf8_bin NULL DEFAULT NULL,
  `HANDLER_TYPE_` varchar(255) CHARACTER SET utf8 COLLATE utf8_bin NULL DEFAULT NULL,
  `HANDLER_CFG_` varchar(4000) CHARACTER SET utf8 COLLATE utf8_bin NULL DEFAULT NULL,
  `TENANT_ID_` varchar(255) CHARACTER SET utf8 COLLATE utf8_bin NULL DEFAULT '',
  PRIMARY KEY (`ID_`) USING BTREE,
  INDEX `ACT_FK_JOB_EXECUTION`(`EXECUTION_ID_`) USING BTREE,
  INDEX `ACT_FK_JOB_PROCESS_INSTANCE`(`PROCESS_INSTANCE_ID_`) USING BTREE,
  INDEX `ACT_FK_JOB_PROC_DEF`(`PROC_DEF_ID_`) USING BTREE,
  INDEX `ACT_FK_JOB_EXCEPTION`(`EXCEPTION_STACK_ID_`) USING BTREE,
  CONSTRAINT `ACT_FK_JOB_EXCEPTION` FOREIGN KEY (`EXCEPTION_STACK_ID_`) REFERENCES `act_ge_bytearray` (`ID_`) ON DELETE RESTRICT ON UPDATE RESTRICT,
  CONSTRAINT `ACT_FK_JOB_EXECUTION` FOREIGN KEY (`EXECUTION_ID_`) REFERENCES `act_ru_execution` (`ID_`) ON DELETE RESTRICT ON UPDATE RESTRICT,
  CONSTRAINT `ACT_FK_JOB_PROCESS_INSTANCE` FOREIGN KEY (`PROCESS_INSTANCE_ID_`) REFERENCES `act_ru_execution` (`ID_`) ON DELETE RESTRICT ON UPDATE RESTRICT,
  CONSTRAINT `ACT_FK_JOB_PROC_DEF` FOREIGN KEY (`PROC_DEF_ID_`) REFERENCES `act_re_procdef` (`ID_`) ON DELETE RESTRICT ON UPDATE RESTRICT
) ENGINE = InnoDB CHARACTER SET = utf8 COLLATE = utf8_bin ROW_FORMAT = Dynamic;

-- ----------------------------
-- Table structure for act_ru_suspended_job
-- ----------------------------
DROP TABLE IF EXISTS `act_ru_suspended_job`;
CREATE TABLE `act_ru_suspended_job`  (
  `ID_` varchar(64) CHARACTER SET utf8 COLLATE utf8_bin NOT NULL,
  `REV_` int(11) NULL DEFAULT NULL,
  `TYPE_` varchar(255) CHARACTER SET utf8 COLLATE utf8_bin NOT NULL,
  `EXCLUSIVE_` tinyint(1) NULL DEFAULT NULL,
  `EXECUTION_ID_` varchar(64) CHARACTER SET utf8 COLLATE utf8_bin NULL DEFAULT NULL,
  `PROCESS_INSTANCE_ID_` varchar(64) CHARACTER SET utf8 COLLATE utf8_bin NULL DEFAULT NULL,
  `PROC_DEF_ID_` varchar(64) CHARACTER SET utf8 COLLATE utf8_bin NULL DEFAULT NULL,
  `RETRIES_` int(11) NULL DEFAULT NULL,
  `EXCEPTION_STACK_ID_` varchar(64) CHARACTER SET utf8 COLLATE utf8_bin NULL DEFAULT NULL,
  `EXCEPTION_MSG_` varchar(4000) CHARACTER SET utf8 COLLATE utf8_bin NULL DEFAULT NULL,
  `DUEDATE_` timestamp(3) NULL DEFAULT NULL,
  `REPEAT_` varchar(255) CHARACTER SET utf8 COLLATE utf8_bin NULL DEFAULT NULL,
  `HANDLER_TYPE_` varchar(255) CHARACTER SET utf8 COLLATE utf8_bin NULL DEFAULT NULL,
  `HANDLER_CFG_` varchar(4000) CHARACTER SET utf8 COLLATE utf8_bin NULL DEFAULT NULL,
  `TENANT_ID_` varchar(255) CHARACTER SET utf8 COLLATE utf8_bin NULL DEFAULT '',
  PRIMARY KEY (`ID_`) USING BTREE,
  INDEX `ACT_FK_SUSPENDED_JOB_EXECUTION`(`EXECUTION_ID_`) USING BTREE,
  INDEX `ACT_FK_SUSPENDED_JOB_PROCESS_INSTANCE`(`PROCESS_INSTANCE_ID_`) USING BTREE,
  INDEX `ACT_FK_SUSPENDED_JOB_PROC_DEF`(`PROC_DEF_ID_`) USING BTREE,
  INDEX `ACT_FK_SUSPENDED_JOB_EXCEPTION`(`EXCEPTION_STACK_ID_`) USING BTREE,
  CONSTRAINT `ACT_FK_SUSPENDED_JOB_EXCEPTION` FOREIGN KEY (`EXCEPTION_STACK_ID_`) REFERENCES `act_ge_bytearray` (`ID_`) ON DELETE RESTRICT ON UPDATE RESTRICT,
  CONSTRAINT `ACT_FK_SUSPENDED_JOB_EXECUTION` FOREIGN KEY (`EXECUTION_ID_`) REFERENCES `act_ru_execution` (`ID_`) ON DELETE RESTRICT ON UPDATE RESTRICT,
  CONSTRAINT `ACT_FK_SUSPENDED_JOB_PROCESS_INSTANCE` FOREIGN KEY (`PROCESS_INSTANCE_ID_`) REFERENCES `act_ru_execution` (`ID_`) ON DELETE RESTRICT ON UPDATE RESTRICT,
  CONSTRAINT `ACT_FK_SUSPENDED_JOB_PROC_DEF` FOREIGN KEY (`PROC_DEF_ID_`) REFERENCES `act_re_procdef` (`ID_`) ON DELETE RESTRICT ON UPDATE RESTRICT
) ENGINE = InnoDB CHARACTER SET = utf8 COLLATE = utf8_bin ROW_FORMAT = Dynamic;

-- ----------------------------
-- Table structure for act_ru_task
-- ----------------------------
DROP TABLE IF EXISTS `act_ru_task`;
CREATE TABLE `act_ru_task`  (
  `ID_` varchar(64) CHARACTER SET utf8 COLLATE utf8_bin NOT NULL,
  `REV_` int(11) NULL DEFAULT NULL,
  `EXECUTION_ID_` varchar(64) CHARACTER SET utf8 COLLATE utf8_bin NULL DEFAULT NULL,
  `PROC_INST_ID_` varchar(64) CHARACTER SET utf8 COLLATE utf8_bin NULL DEFAULT NULL,
  `PROC_DEF_ID_` varchar(64) CHARACTER SET utf8 COLLATE utf8_bin NULL DEFAULT NULL,
  `NAME_` varchar(255) CHARACTER SET utf8 COLLATE utf8_bin NULL DEFAULT NULL,
  `PARENT_TASK_ID_` varchar(64) CHARACTER SET utf8 COLLATE utf8_bin NULL DEFAULT NULL,
  `DESCRIPTION_` varchar(4000) CHARACTER SET utf8 COLLATE utf8_bin NULL DEFAULT NULL,
  `TASK_DEF_KEY_` varchar(255) CHARACTER SET utf8 COLLATE utf8_bin NULL DEFAULT NULL,
  `OWNER_` varchar(255) CHARACTER SET utf8 COLLATE utf8_bin NULL DEFAULT NULL,
  `ASSIGNEE_` varchar(255) CHARACTER SET utf8 COLLATE utf8_bin NULL DEFAULT NULL,
  `DELEGATION_` varchar(64) CHARACTER SET utf8 COLLATE utf8_bin NULL DEFAULT NULL,
  `PRIORITY_` int(11) NULL DEFAULT NULL,
  `CREATE_TIME_` timestamp(3) NULL DEFAULT NULL,
  `DUE_DATE_` datetime(3) NULL DEFAULT NULL,
  `CATEGORY_` varchar(255) CHARACTER SET utf8 COLLATE utf8_bin NULL DEFAULT NULL,
  `SUSPENSION_STATE_` int(11) NULL DEFAULT NULL,
  `TENANT_ID_` varchar(255) CHARACTER SET utf8 COLLATE utf8_bin NULL DEFAULT '',
  `FORM_KEY_` varchar(255) CHARACTER SET utf8 COLLATE utf8_bin NULL DEFAULT NULL,
  `CLAIM_TIME_` datetime(3) NULL DEFAULT NULL,
  PRIMARY KEY (`ID_`) USING BTREE,
  INDEX `ACT_IDX_TASK_CREATE`(`CREATE_TIME_`) USING BTREE,
  INDEX `ACT_FK_TASK_EXE`(`EXECUTION_ID_`) USING BTREE,
  INDEX `ACT_FK_TASK_PROCINST`(`PROC_INST_ID_`) USING BTREE,
  INDEX `ACT_FK_TASK_PROCDEF`(`PROC_DEF_ID_`) USING BTREE,
  CONSTRAINT `ACT_FK_TASK_EXE` FOREIGN KEY (`EXECUTION_ID_`) REFERENCES `act_ru_execution` (`ID_`) ON DELETE RESTRICT ON UPDATE RESTRICT,
  CONSTRAINT `ACT_FK_TASK_PROCDEF` FOREIGN KEY (`PROC_DEF_ID_`) REFERENCES `act_re_procdef` (`ID_`) ON DELETE RESTRICT ON UPDATE RESTRICT,
  CONSTRAINT `ACT_FK_TASK_PROCINST` FOREIGN KEY (`PROC_INST_ID_`) REFERENCES `act_ru_execution` (`ID_`) ON DELETE RESTRICT ON UPDATE RESTRICT
) ENGINE = InnoDB CHARACTER SET = utf8 COLLATE = utf8_bin ROW_FORMAT = Dynamic;

-- ----------------------------
-- Records of act_ru_task
-- ----------------------------
INSERT INTO `act_ru_task` VALUES ('455007', 1, '455004', '455001', 'leave:1:450221', '科室领导审批', NULL, NULL, 'usertask1', NULL, '3', NULL, 50, '2019-01-26 14:32:29.050', NULL, NULL, 1, '', 'leave_usertask1.html', NULL);
INSERT INTO `act_ru_task` VALUES ('457507', 1, '457504', '457501', 'leave:1:450221', '科室领导审批', NULL, NULL, 'usertask1', NULL, '3', NULL, 50, '2019-01-26 14:36:01.730', NULL, NULL, 1, '', 'leave_usertask1.html', NULL);

-- ----------------------------
-- Table structure for act_ru_timer_job
-- ----------------------------
DROP TABLE IF EXISTS `act_ru_timer_job`;
CREATE TABLE `act_ru_timer_job`  (
  `ID_` varchar(64) CHARACTER SET utf8 COLLATE utf8_bin NOT NULL,
  `REV_` int(11) NULL DEFAULT NULL,
  `TYPE_` varchar(255) CHARACTER SET utf8 COLLATE utf8_bin NOT NULL,
  `LOCK_EXP_TIME_` timestamp(3) NULL DEFAULT NULL,
  `LOCK_OWNER_` varchar(255) CHARACTER SET utf8 COLLATE utf8_bin NULL DEFAULT NULL,
  `EXCLUSIVE_` tinyint(1) NULL DEFAULT NULL,
  `EXECUTION_ID_` varchar(64) CHARACTER SET utf8 COLLATE utf8_bin NULL DEFAULT NULL,
  `PROCESS_INSTANCE_ID_` varchar(64) CHARACTER SET utf8 COLLATE utf8_bin NULL DEFAULT NULL,
  `PROC_DEF_ID_` varchar(64) CHARACTER SET utf8 COLLATE utf8_bin NULL DEFAULT NULL,
  `RETRIES_` int(11) NULL DEFAULT NULL,
  `EXCEPTION_STACK_ID_` varchar(64) CHARACTER SET utf8 COLLATE utf8_bin NULL DEFAULT NULL,
  `EXCEPTION_MSG_` varchar(4000) CHARACTER SET utf8 COLLATE utf8_bin NULL DEFAULT NULL,
  `DUEDATE_` timestamp(3) NULL DEFAULT NULL,
  `REPEAT_` varchar(255) CHARACTER SET utf8 COLLATE utf8_bin NULL DEFAULT NULL,
  `HANDLER_TYPE_` varchar(255) CHARACTER SET utf8 COLLATE utf8_bin NULL DEFAULT NULL,
  `HANDLER_CFG_` varchar(4000) CHARACTER SET utf8 COLLATE utf8_bin NULL DEFAULT NULL,
  `TENANT_ID_` varchar(255) CHARACTER SET utf8 COLLATE utf8_bin NULL DEFAULT '',
  PRIMARY KEY (`ID_`) USING BTREE,
  INDEX `ACT_FK_TIMER_JOB_EXECUTION`(`EXECUTION_ID_`) USING BTREE,
  INDEX `ACT_FK_TIMER_JOB_PROCESS_INSTANCE`(`PROCESS_INSTANCE_ID_`) USING BTREE,
  INDEX `ACT_FK_TIMER_JOB_PROC_DEF`(`PROC_DEF_ID_`) USING BTREE,
  INDEX `ACT_FK_TIMER_JOB_EXCEPTION`(`EXCEPTION_STACK_ID_`) USING BTREE,
  CONSTRAINT `ACT_FK_TIMER_JOB_EXCEPTION` FOREIGN KEY (`EXCEPTION_STACK_ID_`) REFERENCES `act_ge_bytearray` (`ID_`) ON DELETE RESTRICT ON UPDATE RESTRICT,
  CONSTRAINT `ACT_FK_TIMER_JOB_EXECUTION` FOREIGN KEY (`EXECUTION_ID_`) REFERENCES `act_ru_execution` (`ID_`) ON DELETE RESTRICT ON UPDATE RESTRICT,
  CONSTRAINT `ACT_FK_TIMER_JOB_PROCESS_INSTANCE` FOREIGN KEY (`PROCESS_INSTANCE_ID_`) REFERENCES `act_ru_execution` (`ID_`) ON DELETE RESTRICT ON UPDATE RESTRICT,
  CONSTRAINT `ACT_FK_TIMER_JOB_PROC_DEF` FOREIGN KEY (`PROC_DEF_ID_`) REFERENCES `act_re_procdef` (`ID_`) ON DELETE RESTRICT ON UPDATE RESTRICT
) ENGINE = InnoDB CHARACTER SET = utf8 COLLATE = utf8_bin ROW_FORMAT = Dynamic;

-- ----------------------------
-- Table structure for act_ru_variable
-- ----------------------------
DROP TABLE IF EXISTS `act_ru_variable`;
CREATE TABLE `act_ru_variable`  (
  `ID_` varchar(64) CHARACTER SET utf8 COLLATE utf8_bin NOT NULL,
  `REV_` int(11) NULL DEFAULT NULL,
  `TYPE_` varchar(255) CHARACTER SET utf8 COLLATE utf8_bin NOT NULL,
  `NAME_` varchar(255) CHARACTER SET utf8 COLLATE utf8_bin NOT NULL,
  `EXECUTION_ID_` varchar(64) CHARACTER SET utf8 COLLATE utf8_bin NULL DEFAULT NULL,
  `PROC_INST_ID_` varchar(64) CHARACTER SET utf8 COLLATE utf8_bin NULL DEFAULT NULL,
  `TASK_ID_` varchar(64) CHARACTER SET utf8 COLLATE utf8_bin NULL DEFAULT NULL,
  `BYTEARRAY_ID_` varchar(64) CHARACTER SET utf8 COLLATE utf8_bin NULL DEFAULT NULL,
  `DOUBLE_` double NULL DEFAULT NULL,
  `LONG_` bigint(20) NULL DEFAULT NULL,
  `TEXT_` varchar(4000) CHARACTER SET utf8 COLLATE utf8_bin NULL DEFAULT NULL,
  `TEXT2_` varchar(4000) CHARACTER SET utf8 COLLATE utf8_bin NULL DEFAULT NULL,
  PRIMARY KEY (`ID_`) USING BTREE,
  INDEX `ACT_IDX_VARIABLE_TASK_ID`(`TASK_ID_`) USING BTREE,
  INDEX `ACT_FK_VAR_EXE`(`EXECUTION_ID_`) USING BTREE,
  INDEX `ACT_FK_VAR_PROCINST`(`PROC_INST_ID_`) USING BTREE,
  INDEX `ACT_FK_VAR_BYTEARRAY`(`BYTEARRAY_ID_`) USING BTREE,
  CONSTRAINT `ACT_FK_VAR_BYTEARRAY` FOREIGN KEY (`BYTEARRAY_ID_`) REFERENCES `act_ge_bytearray` (`ID_`) ON DELETE RESTRICT ON UPDATE RESTRICT,
  CONSTRAINT `ACT_FK_VAR_EXE` FOREIGN KEY (`EXECUTION_ID_`) REFERENCES `act_ru_execution` (`ID_`) ON DELETE RESTRICT ON UPDATE RESTRICT,
  CONSTRAINT `ACT_FK_VAR_PROCINST` FOREIGN KEY (`PROC_INST_ID_`) REFERENCES `act_ru_execution` (`ID_`) ON DELETE RESTRICT ON UPDATE RESTRICT
) ENGINE = InnoDB CHARACTER SET = utf8 COLLATE = utf8_bin ROW_FORMAT = Dynamic;

-- ----------------------------
-- Records of act_ru_variable
-- ----------------------------
INSERT INTO `act_ru_variable` VALUES ('455002', 1, 'string', 'sprs', '455001', '455001', NULL, NULL, NULL, NULL, '3', NULL);
INSERT INTO `act_ru_variable` VALUES ('457502', 1, 'string', 'sprs', '457501', '457501', NULL, NULL, NULL, NULL, '3', NULL);

-- ----------------------------
-- Table structure for aff_car_info
-- ----------------------------
DROP TABLE IF EXISTS `aff_car_info`;
CREATE TABLE `aff_car_info`  (
  `c_id` int(11) NOT NULL AUTO_INCREMENT COMMENT '表主键',
  `car_model` varchar(255) CHARACTER SET utf8mb4 COLLATE utf8mb4_general_ci NULL DEFAULT NULL COMMENT '车型号',
  `car_card` varchar(255) CHARACTER SET utf8mb4 COLLATE utf8mb4_general_ci NULL DEFAULT NULL COMMENT '车牌号',
  `car_type` varchar(255) CHARACTER SET utf8mb4 COLLATE utf8mb4_general_ci NULL DEFAULT NULL COMMENT '车种类',
  `car_limit` int(255) NULL DEFAULT NULL COMMENT '限乘人数',
  `buy_time` varchar(255) CHARACTER SET utf8mb4 COLLATE utf8mb4_general_ci NULL DEFAULT NULL COMMENT '购买时间',
  `kilometres` int(255) NULL DEFAULT NULL COMMENT '行驶里程',
  `next_inspection_time` varchar(255) CHARACTER SET utf8mb4 COLLATE utf8mb4_general_ci NULL DEFAULT NULL COMMENT '下次年检时间',
  `car_status` int(255) NULL DEFAULT NULL COMMENT '车辆状态0使用中1可使用2维修中',
  PRIMARY KEY (`c_id`) USING BTREE
) ENGINE = InnoDB AUTO_INCREMENT = 4 CHARACTER SET = utf8mb4 COLLATE = utf8mb4_general_ci ROW_FORMAT = Dynamic;

-- ----------------------------
-- Records of aff_car_info
-- ----------------------------
INSERT INTO `aff_car_info` VALUES (2, '1212', '3213213', '1', 5, '2019-01-22 00:00:00', 3, '2019-01-02 00:00:00', 1);
INSERT INTO `aff_car_info` VALUES (3, '1231213', '13123', '2', 4, '2019-01-28 00:00:00', 0, '2019-01-08 00:00:00', 2);

-- ----------------------------
-- Table structure for aff_car_info_status
-- ----------------------------
DROP TABLE IF EXISTS `aff_car_info_status`;
CREATE TABLE `aff_car_info_status`  (
  `s_id` int(11) NOT NULL COMMENT '主键',
  `status_info` varchar(255) CHARACTER SET utf8mb4 COLLATE utf8mb4_general_ci NULL DEFAULT NULL COMMENT '状态信息0使用中1可用2维修中',
  PRIMARY KEY (`s_id`) USING BTREE
) ENGINE = InnoDB CHARACTER SET = utf8mb4 COLLATE = utf8mb4_general_ci ROW_FORMAT = Dynamic;

-- ----------------------------
-- Records of aff_car_info_status
-- ----------------------------
INSERT INTO `aff_car_info_status` VALUES (0, '使用中');
INSERT INTO `aff_car_info_status` VALUES (1, '可用');
INSERT INTO `aff_car_info_status` VALUES (2, '维修中');

-- ----------------------------
-- Table structure for aff_car_info_type
-- ----------------------------
DROP TABLE IF EXISTS `aff_car_info_type`;
CREATE TABLE `aff_car_info_type`  (
  `t_id` int(11) NOT NULL AUTO_INCREMENT COMMENT '主键',
  `type_info` varchar(255) CHARACTER SET utf8mb4 COLLATE utf8mb4_general_ci NULL DEFAULT NULL COMMENT '车类型',
  PRIMARY KEY (`t_id`) USING BTREE
) ENGINE = InnoDB AUTO_INCREMENT = 5 CHARACTER SET = utf8mb4 COLLATE = utf8mb4_general_ci ROW_FORMAT = Dynamic;

-- ----------------------------
-- Records of aff_car_info_type
-- ----------------------------
INSERT INTO `aff_car_info_type` VALUES (1, '乘用车');
INSERT INTO `aff_car_info_type` VALUES (2, '客车');
INSERT INTO `aff_car_info_type` VALUES (3, '货车');
INSERT INTO `aff_car_info_type` VALUES (4, '牵引汽车');

-- ----------------------------
-- Table structure for aff_t_attachment
-- ----------------------------
DROP TABLE IF EXISTS `aff_t_attachment`;
CREATE TABLE `aff_t_attachment`  (
  `attach_id` varchar(36) CHARACTER SET utf8mb4 COLLATE utf8mb4_general_ci NOT NULL COMMENT '附件表主键，使用uuid',
  `attach_name` varchar(255) CHARACTER SET utf8mb4 COLLATE utf8mb4_general_ci NULL DEFAULT NULL COMMENT '附件名字',
  `attach_type` varchar(255) CHARACTER SET utf8mb4 COLLATE utf8mb4_general_ci NULL DEFAULT NULL COMMENT '附件类型',
  `createtime` varchar(255) CHARACTER SET utf8mb4 COLLATE utf8mb4_general_ci NULL DEFAULT NULL COMMENT '创建时间',
  `url` varchar(255) CHARACTER SET utf8mb4 COLLATE utf8mb4_general_ci NULL DEFAULT NULL COMMENT '相对路径',
  PRIMARY KEY (`attach_id`) USING BTREE
) ENGINE = InnoDB CHARACTER SET = utf8mb4 COLLATE = utf8mb4_general_ci ROW_FORMAT = Dynamic;

-- ----------------------------
-- Records of aff_t_attachment
-- ----------------------------
INSERT INTO `aff_t_attachment` VALUES ('2ab1689e0bcc4352af1d31490bbcfee7', 'zzcms.sql', 'sql', '2019-01-29 10:40:19', '\\\\2019-01-29\\80046480-d334-4fb0-8989-f01eee334883_zzcms.sql');
INSERT INTO `aff_t_attachment` VALUES ('36108e0dcdf44e75b4a14e65e0dd70b1', 'error.log', 'log', '2019-01-29 17:14:42', '\\\\2019-01-29\\88dea2e2-f683-48bc-a3f3-ad7c42039ab5_error.log');
INSERT INTO `aff_t_attachment` VALUES ('6c9802b0902941e9ac8ebfbedf1a81fa', 'new 2.txt', 'txt', '2019-01-29 10:28:15', '\\\\2019-01-29\\2a4e87d1-22bf-4f6e-8b93-be53a9e5d820_new 2.txt');
INSERT INTO `aff_t_attachment` VALUES ('75ae8f07a4fc42a2846744dc9ff5630f', 'error.log', 'log', '2019-01-29 15:02:48', '\\\\2019-01-29\\d64a151d-fe62-4a21-ae3d-8e04883e993a_error.log');
INSERT INTO `aff_t_attachment` VALUES ('7c46fc90d26643e98ed832761eeac404', 'error.log', 'log', '2019-01-29 10:25:00', '\\\\2019-01-29\\594cc97d-e6ed-42cf-8a2d-fc45fb815db0_error.log');
INSERT INTO `aff_t_attachment` VALUES ('972b83b49e51436196c523f40b2a5c17', 'coverage-error.log', 'log', '2019-01-29 17:14:42', '\\\\2019-01-29\\7998b265-620c-496f-8c39-a4f01de52572_coverage-error.log');
INSERT INTO `aff_t_attachment` VALUES ('a6ce6be1d5194f86855c08fab9087094', 'logoo.png', 'png', '2019-01-29 10:32:58', '\\\\2019-01-29\\6a633077-3935-4a18-81fe-3e33a1e389bb_logoo.png');
INSERT INTO `aff_t_attachment` VALUES ('bbb96d37d1844e66ac7484ea1c817d7d', '2019年1月研发计划.mpp', 'mpp', '2019-01-30 14:40:52', '\\\\2019-01-30\\e89bef7e-5584-4709-801d-856c4e1d9dbf_2019年1月研发计划.mpp');
INSERT INTO `aff_t_attachment` VALUES ('d00bc263488943b584f0f06ae0353066', 'new 2.txt', 'txt', '2019-01-29 10:38:12', '\\\\2019-01-29\\9ac1d041-5a67-406d-b65c-061d49394670_new 2.txt');
INSERT INTO `aff_t_attachment` VALUES ('e5a342c34fed4b45bbb069cfc5129473', 'logoo.png', 'png', '2019-01-29 10:37:13', '\\\\2019-01-29\\365847fd-9aa7-4c4e-980a-d3e329092d38_logoo.png');
INSERT INTO `aff_t_attachment` VALUES ('f2b9e8f8530f47febbc31a2e26a7b964', '2019年1月研发计划.mpp', 'mpp', '2019-01-29 10:34:19', '\\\\2019-01-29\\5b57954d-054e-4057-833d-17a1d9ac6b71_2019年1月研发计划.mpp');

-- ----------------------------
-- Table structure for aff_t_journal
-- ----------------------------
DROP TABLE IF EXISTS `aff_t_journal`;
CREATE TABLE `aff_t_journal`  (
  `j_id` int(11) NOT NULL AUTO_INCREMENT COMMENT '主键',
  `today_work_content` varchar(3000) CHARACTER SET utf8mb4 COLLATE utf8mb4_general_ci NULL DEFAULT NULL COMMENT '工作内容',
  `attachment_id` varchar(1000) CHARACTER SET utf8mb4 COLLATE utf8mb4_general_ci NULL DEFAULT NULL COMMENT '附件id，和附件表关联，多个附件以逗号隔开',
  `submitter` int(255) NULL DEFAULT NULL COMMENT '提交人',
  `submit_time` date NULL DEFAULT NULL COMMENT '提交时间',
  `receiver` varchar(255) CHARACTER SET utf8mb4 COLLATE utf8mb4_general_ci NULL DEFAULT NULL COMMENT '接收人id,多个以逗号隔开',
  `unfinished_work` varchar(3000) CHARACTER SET utf8mb4 COLLATE utf8mb4_general_ci NULL DEFAULT NULL COMMENT '未完成工作',
  `coordinated_work` varchar(3000) CHARACTER SET utf8mb4 COLLATE utf8mb4_general_ci NULL DEFAULT NULL COMMENT '需协调工作',
  `uniqueid` varchar(255) CHARACTER SET utf8mb4 COLLATE utf8mb4_general_ci NULL DEFAULT NULL COMMENT '单独性字段',
  PRIMARY KEY (`j_id`) USING BTREE
) ENGINE = InnoDB AUTO_INCREMENT = 38 CHARACTER SET = utf8mb4 COLLATE = utf8mb4_general_ci ROW_FORMAT = Dynamic;

-- ----------------------------
-- Records of aff_t_journal
-- ----------------------------
INSERT INTO `aff_t_journal` VALUES (28, 'asa', NULL, 2, '2019-01-29', '2', 'asas', 'asas', 'ea19658675634197ba952536d1133c24');
INSERT INTO `aff_t_journal` VALUES (29, 'asa', NULL, 2, '2019-01-29', '1', 'asas', 'asas', 'ea19658675634197ba952536d1133c24');
INSERT INTO `aff_t_journal` VALUES (30, 'asas11111111', NULL, 2, '2019-01-29', '2', 'asas', 'asasaaasasasas', 'b1e5c162738b41cbb9ba97b48ebcf1f7');
INSERT INTO `aff_t_journal` VALUES (31, 'asas11111111', NULL, 2, '2019-01-29', '1', 'asas', 'asasaaasasasas', 'b1e5c162738b41cbb9ba97b48ebcf1f7');
INSERT INTO `aff_t_journal` VALUES (32, '111111', '75ae8f07a4fc42a2846744dc9ff5630f,', 2, '2019-01-29', '2', '11111', '111111', '3c3e2037f67b4ee3ada0599653595353');
INSERT INTO `aff_t_journal` VALUES (33, '111111', '75ae8f07a4fc42a2846744dc9ff5630f,', 2, '2019-01-29', '1', '11111', '111111', '3c3e2037f67b4ee3ada0599653595353');
INSERT INTO `aff_t_journal` VALUES (34, 'asdas', '36108e0dcdf44e75b4a14e65e0dd70b1,,972b83b49e51436196c523f40b2a5c17,', 2, '2019-01-29', '2', 'asdasd', 'asdasdsada', 'a2098c17d7a14a2b95dad827585a4160');
INSERT INTO `aff_t_journal` VALUES (35, 'asdas', '36108e0dcdf44e75b4a14e65e0dd70b1,,972b83b49e51436196c523f40b2a5c17,', 2, '2019-01-29', '1', 'asdasd', 'asdasdsada', 'a2098c17d7a14a2b95dad827585a4160');
INSERT INTO `aff_t_journal` VALUES (36, '2222', 'bbb96d37d1844e66ac7484ea1c817d7d,', 2, '2018-01-30', '2', '2222', '2222', '06b791dbe57445fe914df40a708411c4');
INSERT INTO `aff_t_journal` VALUES (37, '2222', 'bbb96d37d1844e66ac7484ea1c817d7d,', 2, '2018-01-30', '1', '2222', '2222', '06b791dbe57445fe914df40a708411c4');

-- ----------------------------
-- Table structure for aff_vehicle_usage_statistics
-- ----------------------------
DROP TABLE IF EXISTS `aff_vehicle_usage_statistics`;
CREATE TABLE `aff_vehicle_usage_statistics`  (
  `v_id` int(11) NOT NULL AUTO_INCREMENT COMMENT '车辆使用统计表主键',
  `c_id` int(255) NULL DEFAULT NULL COMMENT '车辆表主键',
  `apply_date` varchar(255) CHARACTER SET utf8mb4 COLLATE utf8mb4_general_ci NULL DEFAULT NULL COMMENT '使用日期',
  `u_id` int(11) NULL DEFAULT NULL COMMENT '申请人id',
  `dispatching_department` varchar(255) CHARACTER SET utf8mb4 COLLATE utf8mb4_general_ci NULL DEFAULT NULL COMMENT '派车部门',
  `driver_id` int(11) NULL DEFAULT NULL COMMENT '司机主键',
  `out_time` varchar(255) CHARACTER SET utf8mb4 COLLATE utf8mb4_general_ci NULL DEFAULT NULL COMMENT '出去时间',
  `back_time` varchar(255) CHARACTER SET utf8mb4 COLLATE utf8mb4_general_ci NULL DEFAULT NULL COMMENT '回来时间',
  `out_mileage` varchar(255) CHARACTER SET utf8mb4 COLLATE utf8mb4_general_ci NULL DEFAULT NULL COMMENT '出去时的表里程数',
  `back_mileage` varchar(255) CHARACTER SET utf8mb4 COLLATE utf8mb4_general_ci NULL DEFAULT NULL COMMENT '返回时表的里程数',
  `route` varchar(255) CHARACTER SET utf8mb4 COLLATE utf8mb4_general_ci NULL DEFAULT NULL COMMENT '行驶路线',
  `dispatch_reason` varchar(255) CHARACTER SET utf8mb4 COLLATE utf8mb4_general_ci NULL DEFAULT NULL COMMENT '出车理由',
  PRIMARY KEY (`v_id`) USING BTREE
) ENGINE = InnoDB AUTO_INCREMENT = 2 CHARACTER SET = utf8mb4 COLLATE = utf8mb4_general_ci ROW_FORMAT = Dynamic;

-- ----------------------------
-- Records of aff_vehicle_usage_statistics
-- ----------------------------
INSERT INTO `aff_vehicle_usage_statistics` VALUES (1, 2, '312', 2, '3', 2, '13123', '312312', '111', '113', '3123', '132');

-- ----------------------------
-- Table structure for ext_act_proctype
-- ----------------------------
DROP TABLE IF EXISTS `ext_act_proctype`;
CREATE TABLE `ext_act_proctype`  (
  `type` varchar(60) CHARACTER SET utf8mb4 COLLATE utf8mb4_general_ci NOT NULL COMMENT '流程主键',
  `name` varchar(30) CHARACTER SET utf8mb4 COLLATE utf8mb4_general_ci NOT NULL COMMENT '流程名称',
  PRIMARY KEY (`type`) USING BTREE
) ENGINE = InnoDB CHARACTER SET = utf8mb4 COLLATE = utf8mb4_general_ci ROW_FORMAT = Dynamic;

-- ----------------------------
-- Records of ext_act_proctype
-- ----------------------------
INSERT INTO `ext_act_proctype` VALUES ('1', '研发测试');
INSERT INTO `ext_act_proctype` VALUES ('2', '日常办公');
INSERT INTO `ext_act_proctype` VALUES ('7b31f641-cb8f-4b4b-99a5-e14aebae0e82', 'OA1');
INSERT INTO `ext_act_proctype` VALUES ('9b280467-81e0-4c1e-8389-0f4a9f41a458', '测试01');
INSERT INTO `ext_act_proctype` VALUES ('e2e90d7f-1e92-4058-a9c4-040811da8db3', 'oa');

-- ----------------------------
-- Table structure for ext_act_re_procdef
-- ----------------------------
DROP TABLE IF EXISTS `ext_act_re_procdef`;
CREATE TABLE `ext_act_re_procdef`  (
  `id` varchar(64) CHARACTER SET utf8 COLLATE utf8_bin NOT NULL COMMENT '流程定义ID',
  `name` varchar(255) CHARACTER SET utf8 COLLATE utf8_bin NULL DEFAULT NULL COMMENT '流程定义名称',
  `key` varchar(255) CHARACTER SET utf8 COLLATE utf8_bin NULL DEFAULT NULL COMMENT '流程KEY',
  `version` int(11) NOT NULL COMMENT '流程版本',
  `deployment_id` varchar(64) CHARACTER SET utf8 COLLATE utf8_bin NULL DEFAULT NULL COMMENT '部署ID',
  `resource_name` varchar(4000) CHARACTER SET utf8 COLLATE utf8_bin NULL DEFAULT NULL COMMENT 'bpmn名称',
  `dgrm_resource_name` varchar(4000) CHARACTER SET utf8 COLLATE utf8_bin NULL DEFAULT NULL COMMENT '流程图名称',
  `description` varchar(4000) CHARACTER SET utf8 COLLATE utf8_bin NULL DEFAULT NULL COMMENT '备注',
  `createtime` varchar(19) CHARACTER SET utf8 COLLATE utf8_bin NULL DEFAULT NULL COMMENT '创建时间',
  `updatetime` varchar(19) CHARACTER SET utf8 COLLATE utf8_bin NULL DEFAULT NULL COMMENT '更新时间',
  `createuser` varchar(50) CHARACTER SET utf8 COLLATE utf8_bin NULL DEFAULT NULL COMMENT '创建人',
  `updateuser` varchar(50) CHARACTER SET utf8 COLLATE utf8_bin NULL DEFAULT NULL COMMENT '修改人',
  `protype` varchar(60) CHARACTER SET utf8 COLLATE utf8_bin NULL DEFAULT NULL COMMENT '流程分类',
  PRIMARY KEY (`id`) USING BTREE
) ENGINE = InnoDB CHARACTER SET = utf8 COLLATE = utf8_bin ROW_FORMAT = Dynamic;

-- ----------------------------
-- Records of ext_act_re_procdef
-- ----------------------------
INSERT INTO `ext_act_re_procdef` VALUES ('leave:1:450221', '请假流程', 'leave', 1, '450214', 'leave.bpmn', 'leave.png', 'test', '2019-01-25 18:01:07', NULL, 'chj', NULL, '1');

-- ----------------------------
-- Table structure for oa_t_leave
-- ----------------------------
DROP TABLE IF EXISTS `oa_t_leave`;
CREATE TABLE `oa_t_leave`  (
  `bk` varchar(50) CHARACTER SET utf8mb4 COLLATE utf8mb4_general_ci NOT NULL COMMENT '流程实例业务主键',
  `proid` varchar(64) CHARACTER SET utf8mb4 COLLATE utf8mb4_general_ci NOT NULL COMMENT '流程实例ID',
  `sqr` varchar(50) CHARACTER SET utf8mb4 COLLATE utf8mb4_general_ci NULL DEFAULT NULL COMMENT '申请人',
  `bmmc` varchar(50) CHARACTER SET utf8mb4 COLLATE utf8mb4_general_ci NULL DEFAULT NULL COMMENT '部门名称',
  `sqrq` varchar(50) CHARACTER SET utf8mb4 COLLATE utf8mb4_general_ci NULL DEFAULT NULL COMMENT '申请日期',
  `qjlx` varchar(20) CHARACTER SET utf8mb4 COLLATE utf8mb4_general_ci NULL DEFAULT NULL COMMENT '请假类型',
  `ksrq` varchar(50) CHARACTER SET utf8mb4 COLLATE utf8mb4_general_ci NULL DEFAULT NULL COMMENT '开始日期',
  `jsrq` varchar(50) CHARACTER SET utf8mb4 COLLATE utf8mb4_general_ci NULL DEFAULT NULL COMMENT '结束日期',
  `qjly` varchar(500) CHARACTER SET utf8mb4 COLLATE utf8mb4_general_ci NULL DEFAULT NULL COMMENT '请假理由',
  PRIMARY KEY (`bk`) USING BTREE
) ENGINE = InnoDB CHARACTER SET = utf8mb4 COLLATE = utf8mb4_general_ci ROW_FORMAT = Dynamic;

-- ----------------------------
-- Records of oa_t_leave
-- ----------------------------
INSERT INTO `oa_t_leave` VALUES ('201901231906048', '317560', 'chj', '研发部', '2019-01-23 19:06:04', '2', '2019-01-23 00:00:00', '2019-01-23 00:00:00', '2');
INSERT INTO `oa_t_leave` VALUES ('201901231909088', '317619', 'chj', '研发部', '2019-01-23 19:09:08', '2', '2019-01-23 00:00:00', '2019-01-25 00:00:00', '4');
INSERT INTO `oa_t_leave` VALUES ('201901231922078', '317682', 'chj', '研发部', '2019-01-23 19:22:07', '2', '2019-01-23 00:00:00', '2019-01-23 00:00:00', '2');
INSERT INTO `oa_t_leave` VALUES ('201901240907438', '320007', 'chj', '研发部', '2019-01-24 09:07:43', '2', '2019-01-24 00:00:00', '2019-01-24 00:00:00', '2');
INSERT INTO `oa_t_leave` VALUES ('201901240952008', '322501', 'chj', '研发部', '2019-01-24 09:52:00', '事假', '2019-01-24 00:00:00', '2019-01-24 00:00:00', '1');
INSERT INTO `oa_t_leave` VALUES ('201901241247198', '325007', 'chj', '研发部', '2019-01-24 12:47:19', '事假', '2019-01-24 00:00:00', '2019-01-24 00:00:00', '冬天太冷');
INSERT INTO `oa_t_leave` VALUES ('201901241336238', '327501', 'chj', '研发部', '2019-01-24 13:36:23', '事假', '2019-01-24 00:00:00', '2019-01-25 00:00:00', '2222222');
INSERT INTO `oa_t_leave` VALUES ('201901241346468', '327570', 'chj', '研发部', '2019-01-24 13:46:46', '事假', '2019-01-24 00:00:00', '2019-01-24 00:00:00', '123');
INSERT INTO `oa_t_leave` VALUES ('201901241357258', '327651', 'chj', '研发部', '2019-01-24 13:57:25', '事假', '2019-01-24 00:00:00', '2019-01-24 00:00:00', '22222');
INSERT INTO `oa_t_leave` VALUES ('201901241439598', '330001', 'chj', '研发部', '2019-01-24 14:39:59', '事假', '2019-01-24 00:00:00', '2019-01-24 00:00:00', 'ww');
INSERT INTO `oa_t_leave` VALUES ('201901241440238', '330052', 'chj', '研发部', '2019-01-24 14:40:23', '事假', '2019-01-24 00:00:00', '2019-01-24 00:00:00', '2');
INSERT INTO `oa_t_leave` VALUES ('201901241440548', '330103', 'chj', '研发部', '2019-01-24 14:40:54', '事假', '2019-01-24 00:00:00', '2019-01-24 00:00:00', '2');
INSERT INTO `oa_t_leave` VALUES ('201901241457328', '332507', 'chj', '研发部', '2019-01-24 14:57:32', '事假', '2019-01-24 00:00:00', '2019-01-24 00:00:00', '22');
INSERT INTO `oa_t_leave` VALUES ('201901241505418', '332577', 'chj', '研发部', '2019-01-24 15:05:41', '事假', '2019-01-24 00:00:00', '2019-01-24 00:00:00', '444');
INSERT INTO `oa_t_leave` VALUES ('201901241508068', '335001', 'chj', '研发部', '2019-01-24 15:08:06', '事假', '2019-01-24 00:00:00', '2019-01-24 00:00:00', '22');
INSERT INTO `oa_t_leave` VALUES ('201901241508468', '335058', 'chj', '研发部', '2019-01-24 15:08:46', '事假', '2019-01-24 00:00:00', '2019-01-24 00:00:00', '1111111111111');
INSERT INTO `oa_t_leave` VALUES ('201901241509488', '335122', 'chj', '研发部', '2019-01-24 15:09:48', '事假', '2019-01-24 00:00:00', '2019-01-24 00:00:00', '1112');
INSERT INTO `oa_t_leave` VALUES ('201901241513028', '337501', 'chj', '研发部', '2019-01-24 15:13:02', '事假', '2019-01-24 00:00:00', '2019-01-24 00:00:00', '111');
INSERT INTO `oa_t_leave` VALUES ('201901241519228', '340001', 'chj', '研发部', '2019-01-24 15:19:22', '事假', '2019-01-24 00:00:00', '2019-02-07 00:00:00', '');
INSERT INTO `oa_t_leave` VALUES ('201901241525088', '342501', 'chj', '研发部', '2019-01-24 15:25:08', '事假', '2019-01-24 00:00:00', '2019-01-24 00:00:00', '222');
INSERT INTO `oa_t_leave` VALUES ('201901241527288', '342552', 'chj', '研发部', '2019-01-24 15:27:28', '事假', '2019-01-24 00:00:00', '2019-01-24 00:00:00', '22');
INSERT INTO `oa_t_leave` VALUES ('201901241529488', '342603', 'chj', '研发部', '2019-01-24 15:29:48', '事假', '2019-01-24 00:00:00', '2019-01-25 00:00:00', '22222');
INSERT INTO `oa_t_leave` VALUES ('201901241547008', '350001', 'chj', '研发部', '2019-01-24 15:47:00', '事假', '2019-01-24 00:00:00', '2019-01-24 00:00:00', '222');
INSERT INTO `oa_t_leave` VALUES ('201901241548558', '352501', 'chj', '研发部', '2019-01-24 15:48:55', '事假', '2019-01-24 00:00:00', '2019-01-24 00:00:00', '2');
INSERT INTO `oa_t_leave` VALUES ('201901241609398', '355001', 'chj', '研发部', '2019-01-24 16:09:39', '事假', '2019-01-24 00:00:00', '2019-01-24 00:00:00', '2');
INSERT INTO `oa_t_leave` VALUES ('201901241617468', '355067', 'chj', '研发部', '2019-01-24 16:17:46', '事假', '2019-01-24 00:00:00', '2019-01-24 00:00:00', '2');
INSERT INTO `oa_t_leave` VALUES ('201901241623598', '357508', 'chj', '研发部', '2019-01-24 16:23:59', '事假', '2019-01-24 00:00:00', '2019-01-24 00:00:00', '22');
INSERT INTO `oa_t_leave` VALUES ('201901241629308', '357577', 'chj', '研发部', '2019-01-24 16:29:30', '事假', '2019-01-24 00:00:00', '2019-01-25 00:00:00', '3');
INSERT INTO `oa_t_leave` VALUES ('201901241631038', '360001', 'chj', '研发部', '2019-01-24 16:31:03', '事假', '2019-01-24 00:00:00', '2019-01-24 00:00:00', '2');
INSERT INTO `oa_t_leave` VALUES ('201901241646218', '362501', 'chj', '研发部', '2019-01-24 16:46:21', '事假', '2019-01-24 00:00:00', '2019-01-24 00:00:00', '11');
INSERT INTO `oa_t_leave` VALUES ('201901241647088', '362549', 'chj', '研发部', '2019-01-24 16:47:08', '事假', '2019-01-24 00:00:00', '2019-01-24 00:00:00', '2');
INSERT INTO `oa_t_leave` VALUES ('201901241652338', '365001', 'chj', '研发部', '2019-01-24 16:52:33', '事假', '2019-01-24 00:00:00', '2019-01-24 00:00:00', '2');
INSERT INTO `oa_t_leave` VALUES ('201901241658118', '367502', 'chj', '研发部', '2019-01-24 16:58:11', '事假', '2019-01-24 00:00:00', '2019-01-24 00:00:00', '');
INSERT INTO `oa_t_leave` VALUES ('201901241742028', '370016', 'chj', '研发部', '2019-01-24 17:42:02', '事假', '2019-01-24 00:00:00', '2019-01-24 00:00:00', '2');
INSERT INTO `oa_t_leave` VALUES ('201901241746418', '372501', 'chj', '研发部', '2019-01-24 17:46:41', '事假', '2019-01-24 00:00:00', '2019-01-24 00:00:00', '2');
INSERT INTO `oa_t_leave` VALUES ('201901241751498', '372567', 'chj', '研发部', '2019-01-24 17:51:49', '事假', '2019-01-24 00:00:00', '2019-01-24 00:00:00', '2');
INSERT INTO `oa_t_leave` VALUES ('201901241754008', '372615', 'chj', '研发部', '2019-01-24 17:54:00', '事假', '2019-01-24 00:00:00', '2019-01-24 00:00:00', '4');
INSERT INTO `oa_t_leave` VALUES ('201901241805048', '375017', 'chj', '研发部', '2019-01-24 18:05:04', '事假', '2019-01-24 00:00:00', '2019-01-24 00:00:00', '2');
INSERT INTO `oa_t_leave` VALUES ('201901241814548', '380001', 'chj', '研发部', '2019-01-24 18:14:54', '事假', '2019-01-24 00:00:00', '2019-01-24 00:00:00', '2');
INSERT INTO `oa_t_leave` VALUES ('201901241827158', '385001', 'chj', '研发部', '2019-01-24 18:27:15', '事假', '2019-01-24 00:00:00', '2019-01-24 00:00:00', '2');
INSERT INTO `oa_t_leave` VALUES ('201901241836458', '387501', 'chj', '研发部', '2019-01-24 18:36:45', '事假', '2019-01-24 00:00:00', '2019-01-24 00:00:00', '3');
INSERT INTO `oa_t_leave` VALUES ('201901241840358', '387552', 'chj', '研发部', '2019-01-24 18:40:35', '事假', '2019-01-24 00:00:00', '2019-01-24 00:00:00', '3');
INSERT INTO `oa_t_leave` VALUES ('201901241841008', '387603', 'chj', '研发部', '2019-01-24 18:41:00', '事假', '2019-01-24 00:00:00', '2019-01-24 00:00:00', '');
INSERT INTO `oa_t_leave` VALUES ('201901241859328', '390001', 'chj', '研发部', '2019-01-24 18:59:32', '事假', '2019-01-24 00:00:00', '2019-01-24 00:00:00', '4');
INSERT INTO `oa_t_leave` VALUES ('201901241905228', '390065', 'chj', '研发部', '2019-01-24 19:05:22', '事假', '2019-01-24 00:00:00', '2019-01-24 00:00:00', '3');
INSERT INTO `oa_t_leave` VALUES ('201901241922188', '392501', 'chj', '研发部', '2019-01-24 19:22:18', '事假', '2019-01-24 00:00:00', '2019-01-24 00:00:00', '2');
INSERT INTO `oa_t_leave` VALUES ('201901250831368', '397501', 'chj', '研发部', '2019-01-25 08:31:36', '事假', '2019-01-25 00:00:00', '2019-01-25 00:00:00', '2');
INSERT INTO `oa_t_leave` VALUES ('201901250832598', '397555', 'chj', '研发部', '2019-01-25 08:32:59', '事假', '2019-01-25 00:00:00', '2019-01-25 00:00:00', '2');
INSERT INTO `oa_t_leave` VALUES ('201901250836318', '397612', 'chj', '研发部', '2019-01-25 08:36:31', '事假', '2019-01-25 00:00:00', '2019-01-25 00:00:00', '2');
INSERT INTO `oa_t_leave` VALUES ('201901250841428', '397683', 'chj', '研发部', '2019-01-25 08:41:42', '事假', '2019-01-25 00:00:00', '2019-01-25 00:00:00', '2');
INSERT INTO `oa_t_leave` VALUES ('201901250848188', '397734', 'chj', '研发部', '2019-01-25 08:48:18', '事假', '2019-01-25 00:00:00', '2019-01-25 00:00:00', '2');
INSERT INTO `oa_t_leave` VALUES ('201901250856098', '402501', 'chj', '研发部', '2019-01-25 08:56:09', '事假', '2019-01-25 00:00:00', '2019-01-25 00:00:00', '23');
INSERT INTO `oa_t_leave` VALUES ('201901250910118', '402552', 'chj', '研发部', '2019-01-25 09:10:11', '事假', '2019-01-25 00:00:00', '2019-01-25 00:00:00', '2');
INSERT INTO `oa_t_leave` VALUES ('201901250911388', '402603', 'chj', '研发部', '2019-01-25 09:11:38', '事假', '2019-01-25 00:00:00', '2019-01-25 00:00:00', '11');
INSERT INTO `oa_t_leave` VALUES ('201901250913338', '402654', 'chj', '研发部', '2019-01-25 09:13:33', '事假', '2019-01-25 00:00:00', '2019-01-25 00:00:00', '3');
INSERT INTO `oa_t_leave` VALUES ('201901250914318', '402705', 'chj', '研发部', '2019-01-25 09:14:31', '事假', '2019-01-25 00:00:00', '2019-01-25 00:00:00', '3');
INSERT INTO `oa_t_leave` VALUES ('201901250915248', '402756', 'chj', '研发部', '2019-01-25 09:15:24', '事假', '2019-01-25 00:00:00', '2019-01-25 00:00:00', '2');
INSERT INTO `oa_t_leave` VALUES ('201901250926078', '405049', 'chj', '研发部', '2019-01-25 09:26:07', '事假', '2019-01-25 00:00:00', '2019-01-25 00:00:00', '2');
INSERT INTO `oa_t_leave` VALUES ('201901250927418', '405100', 'chj', '研发部', '2019-01-25 09:27:41', '事假', '2019-01-25 00:00:00', '2019-01-25 00:00:00', '2');
INSERT INTO `oa_t_leave` VALUES ('201901251010308', '412501', 'chj', '研发部', '2019-01-25 10:10:30', '事假', '2019-01-25 00:00:00', '2019-01-25 00:00:00', '1');
INSERT INTO `oa_t_leave` VALUES ('201901251019478', '415001', 'chj', '研发部', '2019-01-25 10:19:47', '事假', '2019-01-25 00:00:00', '2019-01-25 00:00:00', '2');
INSERT INTO `oa_t_leave` VALUES ('201901251020008', '415049', 'chj', '研发部', '2019-01-25 10:20:00', '事假', '2019-01-25 00:00:00', '2019-01-25 00:00:00', '2');
INSERT INTO `oa_t_leave` VALUES ('201901251026198', '415100', 'chj', '研发部', '2019-01-25 10:26:19', '事假', '2019-01-25 00:00:00', '2019-01-25 10:26:22', '2');
INSERT INTO `oa_t_leave` VALUES ('201901251109168', '420001', 'chj', '研发部', '2019-01-25 11:09:16', '事假', '2019-01-25 00:00:00', '2019-01-25 00:00:00', '2');
INSERT INTO `oa_t_leave` VALUES ('201901251300338', '425001', 'chj', '研发部', '2019-01-25 13:00:33', '事假', '2019-01-25 00:00:00', '2019-01-25 00:00:00', '2');
INSERT INTO `oa_t_leave` VALUES ('201901251321018', '427531', 'chj', '研发部', '2019-01-25 13:21:01', '事假', '2019-01-25 00:00:00', '2019-01-25 00:00:00', '1');
INSERT INTO `oa_t_leave` VALUES ('201901251332088', '427609', 'chj', '研发部', '2019-01-25 13:32:08', '事假', '2019-01-25 00:00:00', '2019-01-25 00:00:00', '2');
INSERT INTO `oa_t_leave` VALUES ('201901251335468', '427687', 'chj', '研发部', '2019-01-25 13:35:46', '事假', '2019-01-25 00:00:00', '2019-01-25 00:00:00', '222');
INSERT INTO `oa_t_leave` VALUES ('201901251348328', '427803', 'chj', '研发部', '2019-01-25 13:48:32', '事假', '2019-01-25 00:00:00', '2019-01-25 00:00:00', '2');
INSERT INTO `oa_t_leave` VALUES ('201901251351558', '427862', 'chj', '研发部', '2019-01-25 13:51:55', '事假', '2019-01-25 00:00:00', '2019-01-25 00:00:00', '111111');
INSERT INTO `oa_t_leave` VALUES ('201901251356528', '430001', 'chj', '研发部', '2019-01-25 13:56:52', '事假', '2019-01-24 00:00:00', '2019-01-25 00:00:00', '1');
INSERT INTO `oa_t_leave` VALUES ('201901251359588', '430071', 'chj', '研发部', '2019-01-25 13:59:58', '事假', '2019-01-25 00:00:00', '2019-01-25 00:00:00', '2');
INSERT INTO `oa_t_leave` VALUES ('201901251403438', '430141', 'chj', '研发部', '2019-01-25 14:03:43', '事假', '2019-01-25 00:00:00', '2019-01-25 00:00:00', '1');
INSERT INTO `oa_t_leave` VALUES ('201901251429328', '432509', 'chj', '研发部', '2019-01-25 14:29:32', '事假', '2019-01-25 00:00:00', '2019-01-25 00:00:00', '2');
INSERT INTO `oa_t_leave` VALUES ('201901251458198', '435001', 'chj', '研发部', '2019-01-25 14:58:19', '事假', '2019-01-25 00:00:00', '2019-01-25 00:00:00', '');
INSERT INTO `oa_t_leave` VALUES ('201901251501448', '435052', 'chj', '研发部', '2019-01-25 15:01:44', '事假', '2019-01-25 00:00:00', '2019-01-25 00:00:00', '2');
INSERT INTO `oa_t_leave` VALUES ('201901251505088', '437501', 'chj', '研发部', '2019-01-25 15:05:08', '事假', '2019-01-25 00:00:00', '2019-01-25 00:00:00', '2222');
INSERT INTO `oa_t_leave` VALUES ('201901251533058', '437567', 'chj', '研发部', '2019-01-25 15:33:05', '事假', '2019-01-25 00:00:00', '2019-01-25 00:00:00', 'll');
INSERT INTO `oa_t_leave` VALUES ('201901251644138', '442501', 'chj', '研发部', '2019-01-25 16:44:13', '事假', '2019-01-25 00:00:00', '2019-01-25 00:00:00', '22');
INSERT INTO `oa_t_leave` VALUES ('201901251659188', '445009', 'chj', '研发部', '2019-01-25 16:59:18', '事假', '2019-01-25 00:00:00', '2019-01-25 00:00:00', '22');
INSERT INTO `oa_t_leave` VALUES ('201901251702118', '445096', 'chj', '研发部', '2019-01-25 17:02:11', '事假', '2019-01-25 00:00:00', '2019-01-25 00:00:00', '1111111111111111');
INSERT INTO `oa_t_leave` VALUES ('201901251716148', '445172', 'chj', '研发部', '2019-01-25 17:16:14', '事假', '2019-01-25 00:00:00', '2019-01-25 00:00:00', '22');
INSERT INTO `oa_t_leave` VALUES ('201901251718548', '445264', 'chj', '研发部', '2019-01-25 17:18:54', '事假', '2019-01-25 00:00:00', '2019-01-25 00:00:00', '222');
INSERT INTO `oa_t_leave` VALUES ('201901251721018', '445359', 'chj', '研发部', '2019-01-25 17:21:01', '事假', '2019-01-25 00:00:00', '2019-01-25 00:00:00', '请假理由');
INSERT INTO `oa_t_leave` VALUES ('201901251723468', '445451', 'chj', '研发部', '2019-01-25 17:23:46', '事假', '2019-01-25 00:00:00', '2019-01-25 00:00:00', '请假理由');
INSERT INTO `oa_t_leave` VALUES ('201901251727218', '445499', 'chj', '研发部', '2019-01-25 17:27:21', '事假', '2019-01-25 00:00:00', '2019-01-25 00:00:00', '请假理由');
INSERT INTO `oa_t_leave` VALUES ('201901251734128', '447501', 'chj', '研发部', '2019-01-25 17:34:12', '事假', '2019-01-25 00:00:00', '2019-01-25 00:00:00', '请假理由');
INSERT INTO `oa_t_leave` VALUES ('201901251747328', '447590', 'chj', '研发部', '2019-01-25 17:47:32', '事假', '2019-01-25 00:00:00', '2019-01-25 00:00:00', '请假理由');
INSERT INTO `oa_t_leave` VALUES ('201901251751328', '450001', 'chj', '研发部', '2019-01-25 17:51:32', '事假', '2019-01-25 00:00:00', '2019-01-25 00:00:00', '请假理由');
INSERT INTO `oa_t_leave` VALUES ('201901251752318', '450054', 'chj', '研发部', '2019-01-25 17:52:31', '事假', '2019-01-25 00:00:00', '2019-01-26 00:00:00', '请假理由');
INSERT INTO `oa_t_leave` VALUES ('201901251755128', '450138', 'chj', '研发部', '2019-01-25 17:55:12', '事假', '2019-01-26 00:00:00', '2019-01-26 00:00:00', '请假理由');
INSERT INTO `oa_t_leave` VALUES ('201901251801208', '450222', 'chj', '研发部', '2019-01-25 18:01:20', '事假', '2019-01-25 00:00:00', '2019-01-25 00:00:00', '');
INSERT INTO `oa_t_leave` VALUES ('201901251811198', '452501', 'chj', '研发部', '2019-01-25 18:11:19', '事假', '2019-01-25 00:00:00', '2019-01-26 00:00:00', '请假理由');

-- ----------------------------
-- Table structure for oa_t_user_spr
-- ----------------------------
DROP TABLE IF EXISTS `oa_t_user_spr`;
CREATE TABLE `oa_t_user_spr`  (
  `id` varchar(120) CHARACTER SET utf8mb4 COLLATE utf8mb4_general_ci NOT NULL COMMENT '主键',
  `uid` varchar(11) CHARACTER SET utf8mb4 COLLATE utf8mb4_general_ci NOT NULL COMMENT '用户ID',
  `key` varchar(50) CHARACTER SET utf8mb4 COLLATE utf8mb4_general_ci NOT NULL COMMENT '流程ID',
  `formkey` varchar(50) CHARACTER SET utf8mb4 COLLATE utf8mb4_general_ci NOT NULL COMMENT '任务节点formkey',
  `sprs` varchar(500) CHARACTER SET utf8mb4 COLLATE utf8mb4_general_ci NOT NULL COMMENT '审批人列表',
  PRIMARY KEY (`id`) USING BTREE
) ENGINE = InnoDB CHARACTER SET = utf8mb4 COLLATE = utf8mb4_general_ci ROW_FORMAT = Dynamic;

-- ----------------------------
-- Records of oa_t_user_spr
-- ----------------------------
INSERT INTO `oa_t_user_spr` VALUES ('2journalreceiver', '2', 'journal', 'receiver', '2,9');
INSERT INTO `oa_t_user_spr` VALUES ('8leaveleave_startevent1.html', '8', 'leave', 'leave_startevent1.html', '8');
INSERT INTO `oa_t_user_spr` VALUES ('8leaveleave_usertask1.html', '8', 'leave', 'leave_usertask1.html', '8');
INSERT INTO `oa_t_user_spr` VALUES ('8leaveleave_usertask2.html', '8', 'leave', 'leave_usertask2.html', '8');
INSERT INTO `oa_t_user_spr` VALUES ('9journalprincipal', '9', 'journal', 'principal', '9,9999');
INSERT INTO `oa_t_user_spr` VALUES ('9journalreceiver', '9', 'journal', 'receiver', '9');
INSERT INTO `oa_t_user_spr` VALUES ('9leaveleave_startevent1.html', '9', 'leave', 'leave_startevent1.html', '2,9');

-- ----------------------------
-- Table structure for sys_t_dict
-- ----------------------------
DROP TABLE IF EXISTS `sys_t_dict`;
CREATE TABLE `sys_t_dict`  (
  `d_id` int(11) NOT NULL AUTO_INCREMENT COMMENT '字典编号',
  `name` varchar(50) CHARACTER SET utf8 COLLATE utf8_general_ci NULL DEFAULT NULL COMMENT '字典名称',
  `value` varchar(50) CHARACTER SET utf8 COLLATE utf8_general_ci NULL DEFAULT NULL COMMENT '字典值',
  `remark` varchar(100) CHARACTER SET utf8 COLLATE utf8_general_ci NULL DEFAULT NULL COMMENT '字典描述',
  `gtype` varchar(50) CHARACTER SET utf8 COLLATE utf8_general_ci NULL DEFAULT NULL COMMENT '字典分组',
  `g_id` int(11) NULL DEFAULT NULL COMMENT '字典组ID',
  `sort` int(11) NULL DEFAULT NULL COMMENT '排序',
  `status` char(1) CHARACTER SET utf8 COLLATE utf8_general_ci NULL DEFAULT NULL COMMENT '状态:1、正常 0、作废',
  `createtime` varchar(19) CHARACTER SET utf8mb4 COLLATE utf8mb4_general_ci NOT NULL COMMENT '创建时间',
  `updatetime` varchar(19) CHARACTER SET utf8mb4 COLLATE utf8mb4_general_ci NULL DEFAULT NULL COMMENT '更新时间',
  PRIMARY KEY (`d_id`) USING BTREE,
  UNIQUE INDEX `gtype`(`gtype`) USING BTREE
) ENGINE = InnoDB AUTO_INCREMENT = 43 CHARACTER SET = utf8mb4 COLLATE = utf8mb4_general_ci ROW_FORMAT = Dynamic;

-- ----------------------------
-- Records of sys_t_dict
-- ----------------------------
INSERT INTO `sys_t_dict` VALUES (1, '区域类型', NULL, '111111', 'sys_area_type', NULL, NULL, '1', '2018-12-25 11:46:06', '2018-12-25 16:14:45');
INSERT INTO `sys_t_dict` VALUES (2, '国家', '0', '国家', NULL, 1, 100, NULL, '2018-12-25 11:46:06', '2018-12-25 15:58:55');
INSERT INTO `sys_t_dict` VALUES (3, '省份直辖市', '1', '省份直辖市', NULL, 1, 200, NULL, '2018-12-25 11:46:06', '2018-12-25 15:44:22');
INSERT INTO `sys_t_dict` VALUES (4, '地市', '2', '地市', NULL, 1, 300, NULL, '2018-12-25 11:46:06', '2018-12-25 15:44:25');
INSERT INTO `sys_t_dict` VALUES (5, '区县', '4', '区县', NULL, 1, 400, NULL, '2018-12-25 11:46:06', '2018-12-25 15:55:42');
INSERT INTO `sys_t_dict` VALUES (34, '请假类型', NULL, '请假类型', 'qjlx_type', NULL, NULL, '1', '2019-01-14 16:04:03', NULL);
INSERT INTO `sys_t_dict` VALUES (35, '年假', '5', '年假', NULL, 34, 5, NULL, '2019-01-14 16:04:43', '2019-01-14 16:21:06');
INSERT INTO `sys_t_dict` VALUES (36, '事假', '2', '事假', NULL, 34, 2, NULL, '2019-01-14 16:04:59', NULL);
INSERT INTO `sys_t_dict` VALUES (37, '病假', '3', '病假', NULL, 34, 3, NULL, '2019-01-14 16:05:11', NULL);
INSERT INTO `sys_t_dict` VALUES (38, '调休', '4', '调休', NULL, 34, 4, NULL, '2019-01-14 16:05:28', NULL);
INSERT INTO `sys_t_dict` VALUES (39, '工作时长', NULL, '工作时长', 'gzsc_type', NULL, NULL, '1', '2019-01-14 16:27:05', NULL);
INSERT INTO `sys_t_dict` VALUES (40, '8小时', '8', '8小时', NULL, 39, 1, NULL, '2019-01-14 16:27:32', NULL);
INSERT INTO `sys_t_dict` VALUES (41, '7.5小时', '7.5', '7.5小时', NULL, 39, 2, NULL, '2019-01-14 16:28:04', NULL);
INSERT INTO `sys_t_dict` VALUES (42, '6.5小时', '6.5', '6.5小时', NULL, 39, 4, NULL, '2019-01-14 16:29:47', '2019-01-14 16:30:09');

-- ----------------------------
-- Table structure for sys_t_icon
-- ----------------------------
DROP TABLE IF EXISTS `sys_t_icon`;
CREATE TABLE `sys_t_icon`  (
  `i_id` int(9) UNSIGNED NOT NULL AUTO_INCREMENT COMMENT '图标主键',
  `i_type` char(1) CHARACTER SET utf8mb4 COLLATE utf8mb4_general_ci NOT NULL COMMENT '图标类型 0 用于一二级菜单 1 用于三级菜单',
  `i_name` varchar(30) CHARACTER SET utf8mb4 COLLATE utf8mb4_general_ci NOT NULL COMMENT '图标名称',
  `i_icon` varchar(30) CHARACTER SET utf8mb4 COLLATE utf8mb4_general_ci NULL DEFAULT NULL COMMENT '图标类',
  `i_sort` int(11) NULL DEFAULT NULL COMMENT '排序',
  PRIMARY KEY (`i_id`) USING BTREE,
  UNIQUE INDEX `m_url`(`i_icon`) USING BTREE
) ENGINE = InnoDB AUTO_INCREMENT = 68 CHARACTER SET = utf8mb4 COLLATE = utf8mb4_general_ci ROW_FORMAT = Dynamic;

-- ----------------------------
-- Records of sys_t_icon
-- ----------------------------
INSERT INTO `sys_t_icon` VALUES (1, '0', 'fa-cog', 'fa-cog', 1);
INSERT INTO `sys_t_icon` VALUES (2, '0', 'fa-cogs', 'fa-cogs', 2);
INSERT INTO `sys_t_icon` VALUES (3, '0', 'fa-camera-retro', 'fa-camera-retro', 3);
INSERT INTO `sys_t_icon` VALUES (4, '0', 'fa-home', 'fa-home', 4);
INSERT INTO `sys_t_icon` VALUES (5, '0', 'fa-book', 'fa-book', 5);
INSERT INTO `sys_t_icon` VALUES (6, '0', 'fa-pencil', 'fa-pencil', 6);
INSERT INTO `sys_t_icon` VALUES (7, '0', 'fa-check-square', 'fa-check-square', 7);
INSERT INTO `sys_t_icon` VALUES (9, '1', 'layui-icon-rate-solid', 'layui-icon-rate-solid', 9);
INSERT INTO `sys_t_icon` VALUES (49, '1', 'layui-icon-cellphone', 'layui-icon-cellphone', 10);
INSERT INTO `sys_t_icon` VALUES (50, '1', 'layui-icon-vercode', 'layui-icon-vercode', 11);
INSERT INTO `sys_t_icon` VALUES (51, '1', 'layui-icon-login-wechat', 'layui-icon-login-wechat', 12);
INSERT INTO `sys_t_icon` VALUES (53, '1', 'layui-icon-username', 'layui-icon-username', 14);
INSERT INTO `sys_t_icon` VALUES (54, '0', '望远镜', 'fa-binoculars', 18);
INSERT INTO `sys_t_icon` VALUES (55, '1', 'layui-icon-console', 'layui-icon-console', 15);
INSERT INTO `sys_t_icon` VALUES (56, '1', 'layui-icon-template-1', 'layui-icon-template-1', 16);
INSERT INTO `sys_t_icon` VALUES (57, '1', 'layui-icon-theme', 'layui-icon-theme', 17);
INSERT INTO `sys_t_icon` VALUES (58, '1', 'layui-icon-template', 'layui-icon-template', 18);
INSERT INTO `sys_t_icon` VALUES (59, '1', 'layui-icon-tabs', 'layui-icon-tabs', 19);
INSERT INTO `sys_t_icon` VALUES (60, '1', 'layui-icon-friends', 'layui-icon-friends', 20);
INSERT INTO `sys_t_icon` VALUES (61, '1', 'layui-icon-group', 'layui-icon-group', 21);
INSERT INTO `sys_t_icon` VALUES (62, '1', 'layui-icon-chart-screen', 'layui-icon-chart-screen', 22);
INSERT INTO `sys_t_icon` VALUES (63, '0', '蓝牙', 'fa-bluetooth', 1);
INSERT INTO `sys_t_icon` VALUES (64, '0', '书签', 'fa-bookmark', 1001);
INSERT INTO `sys_t_icon` VALUES (65, '1', '刷新', 'layui-icon-refresh-3', 111);
INSERT INTO `sys_t_icon` VALUES (66, '0', 'file-text-o', 'fa-file-text-o', 22);
INSERT INTO `sys_t_icon` VALUES (67, '1', 'layui-icon-file-b', 'layui-icon-file-b', 100);

-- ----------------------------
-- Table structure for sys_t_job
-- ----------------------------
DROP TABLE IF EXISTS `sys_t_job`;
CREATE TABLE `sys_t_job`  (
  `j_id` int(11) UNSIGNED NOT NULL AUTO_INCREMENT COMMENT '职位ID',
  `j_name` varchar(20) CHARACTER SET utf8mb4 COLLATE utf8mb4_general_ci NOT NULL COMMENT '职位名称',
  `j_sort` int(11) NULL DEFAULT NULL COMMENT '排序',
  `j_remark` varchar(500) CHARACTER SET utf8mb4 COLLATE utf8mb4_general_ci NULL DEFAULT NULL COMMENT '备注',
  `j_status` char(1) CHARACTER SET utf8mb4 COLLATE utf8mb4_general_ci NOT NULL DEFAULT '1' COMMENT '1正常 0 禁用',
  `createtime` varchar(19) CHARACTER SET utf8mb4 COLLATE utf8mb4_general_ci NOT NULL COMMENT '创建时间',
  `updatetime` varchar(19) CHARACTER SET utf8mb4 COLLATE utf8mb4_general_ci NULL DEFAULT NULL COMMENT '更新时间',
  PRIMARY KEY (`j_id`) USING BTREE,
  UNIQUE INDEX `j_name`(`j_name`) USING BTREE
) ENGINE = InnoDB AUTO_INCREMENT = 15 CHARACTER SET = utf8mb4 COLLATE = utf8mb4_general_ci ROW_FORMAT = Dynamic;

-- ----------------------------
-- Records of sys_t_job
-- ----------------------------
INSERT INTO `sys_t_job` VALUES (1, '科长', 300, '科长', '1', '2018-12-19 08:40:40', '2019-01-28 13:14:03');
INSERT INTO `sys_t_job` VALUES (10, '副局长', 200, '副局长', '1', '2019-01-28 12:47:04', '2019-01-28 13:14:04');
INSERT INTO `sys_t_job` VALUES (12, '副科长', 400, '副科长', '1', '2019-01-29 08:23:25', NULL);
INSERT INTO `sys_t_job` VALUES (13, '科员', 500, '科员', '1', '2019-01-29 08:23:41', NULL);
INSERT INTO `sys_t_job` VALUES (14, '局长', 100, '局长', '1', '2019-01-29 08:34:06', '2019-01-30 15:45:47');

-- ----------------------------
-- Table structure for sys_t_menu
-- ----------------------------
DROP TABLE IF EXISTS `sys_t_menu`;
CREATE TABLE `sys_t_menu`  (
  `m_id` int(9) UNSIGNED NOT NULL AUTO_INCREMENT COMMENT '菜单主键',
  `m_name` varchar(20) CHARACTER SET utf8mb4 COLLATE utf8mb4_general_ci NOT NULL COMMENT '菜单名称',
  `m_icon` varchar(30) CHARACTER SET utf8mb4 COLLATE utf8mb4_general_ci NOT NULL COMMENT '菜单icon',
  `m_url` varchar(20) CHARACTER SET utf8mb4 COLLATE utf8mb4_general_ci NULL DEFAULT NULL COMMENT '菜单地址',
  `m_level` char(1) CHARACTER SET utf8mb4 COLLATE utf8mb4_general_ci NOT NULL COMMENT '菜单级别 1 一级菜单 2 二级菜单 3三级菜单',
  `m_status` char(1) CHARACTER SET utf8mb4 COLLATE utf8mb4_general_ci NOT NULL DEFAULT '1' COMMENT '菜单状态 1显示 0隐藏',
  `m_parentid` int(9) NOT NULL COMMENT '菜单上一级ID',
  `m_sort` int(5) NULL DEFAULT NULL COMMENT '菜单排序',
  PRIMARY KEY (`m_id`) USING BTREE
) ENGINE = InnoDB AUTO_INCREMENT = 136 CHARACTER SET = utf8mb4 COLLATE = utf8mb4_general_ci ROW_FORMAT = Dynamic;

-- ----------------------------
-- Records of sys_t_menu
-- ----------------------------
INSERT INTO `sys_t_menu` VALUES (1, '系统管理', 'fa-cog', NULL, '1', '1', 0, 300);
INSERT INTO `sys_t_menu` VALUES (12, '系统设置', 'fa-cogs', NULL, '2', '1', 1, 100);
INSERT INTO `sys_t_menu` VALUES (13, '菜单管理', 'layui-icon-tabs', 'xtgl/xtsz/cdgl', '3', '1', 12, 100);
INSERT INTO `sys_t_menu` VALUES (14, '参数设置', '  layui-icon-template', 'xtgl/xtsz/cssz', '3', '1', 12, 200);
INSERT INTO `sys_t_menu` VALUES (15, '字典管理', '  layui-icon-template-1', 'xtgl/xtsz/zdgl', '3', '1', 12, 300);
INSERT INTO `sys_t_menu` VALUES (16, '组织管理', 'fa-cogs', NULL, '2', '1', 1, 200);
INSERT INTO `sys_t_menu` VALUES (17, '权限管理', 'fa-cogs', NULL, '2', '1', 1, 300);
INSERT INTO `sys_t_menu` VALUES (19, '角色管理', '  layui-icon-group', 'xtgl/qxgl/jsgl', '3', '1', 17, 100);
INSERT INTO `sys_t_menu` VALUES (78, '系统监控', '  fa-binoculars', '', '2', '1', 1, 400);
INSERT INTO `sys_t_menu` VALUES (79, '数据监控', '  layui-icon-console', 'druid', '3', '1', 78, 100);
INSERT INTO `sys_t_menu` VALUES (80, '流程管理', '  fa-book', NULL, '1', '1', 0, 200);
INSERT INTO `sys_t_menu` VALUES (81, '流程定义', '  fa-cog', 'lcgl/lcdy', '2', '1', 80, 100);
INSERT INTO `sys_t_menu` VALUES (82, '组织架构', '  layui-icon-template-1', 'xtgl/zzgl/zzjg', '3', '1', 16, 200);
INSERT INTO `sys_t_menu` VALUES (83, '流程授权', '  fa-cog', '', '2', '1', 80, 200);
INSERT INTO `sys_t_menu` VALUES (84, '发起授权', '  layui-icon-tabs', 'lcgl/lcsq/fqsq', '3', '1', 83, 100);
INSERT INTO `sys_t_menu` VALUES (85, '图标管理', '  layui-icon-theme', 'xtgl/xtsz/tbgl', '3', '1', 12, 400);
INSERT INTO `sys_t_menu` VALUES (86, '个人工作台', '  fa-home', NULL, '1', '1', 0, 100);
INSERT INTO `sys_t_menu` VALUES (87, '发起流程', '  fa-pencil', 'grgzt/fqlc/fqlc', '2', '1', 86, 100);
INSERT INTO `sys_t_menu` VALUES (88, '待办事项', '  fa-bookmark', 'grgzt/dbsx/dbsx', '2', '1', 86, 200);
INSERT INTO `sys_t_menu` VALUES (89, '我发起的', '  fa-check-square', 'grgzt/wfqd/wfqd', '2', '1', 86, 300);
INSERT INTO `sys_t_menu` VALUES (90, '事务管理', 'fa-cog', NULL, '1', '1', 0, 150);
INSERT INTO `sys_t_menu` VALUES (91, '车辆管理', 'fa-cog', '', '2', '1', 90, 1);
INSERT INTO `sys_t_menu` VALUES (92, '工作日志', 'fa-cog', '', '2', '1', 90, 2);
INSERT INTO `sys_t_menu` VALUES (93, '车辆管理', 'layui-icon-rate-soli', 'swgl/clgl/clgl', '3', '1', 91, 1);
INSERT INTO `sys_t_menu` VALUES (94, '发起用车申请', 'layui-icon-rate-soli', 'swgl/clgl/fqycsq', '3', '1', 91, 2);
INSERT INTO `sys_t_menu` VALUES (95, '车辆使用统计', 'layui-icon-rate-soli', 'swgl/clgl/clsytj', '3', '1', 91, 3);
INSERT INTO `sys_t_menu` VALUES (96, '职务管理', '  layui-icon-file-b', 'xtgl/zzgl/zwgl', '3', '1', 16, 300);
INSERT INTO `sys_t_menu` VALUES (97, '重点工作', 'fa-cog', '', '2', '1', 90, 3);
INSERT INTO `sys_t_menu` VALUES (98, '年度重点工作登记', 'layui-icon-rate-soli', 'swgl/zdgz/ndzdgzdj', '3', '1', 97, 1);
INSERT INTO `sys_t_menu` VALUES (99, '年度重点工作审核', 'layui-icon-rate-soli', 'swgl/zdgz/ndzdgzsh', '3', '1', 97, 2);
INSERT INTO `sys_t_menu` VALUES (100, '年度重点工作进展填写', 'layui-icon-rate-soli', 'swgl/zdgz/ndzdgzjztx', '3', '1', 97, 3);
INSERT INTO `sys_t_menu` VALUES (101, '我的日志', 'layui-icon-rate-soli', 'swgl/gzrz/wdrz', '3', '1', 92, 1);
INSERT INTO `sys_t_menu` VALUES (102, '全局日志', 'layui-icon-rate-soli', 'swgl/gzrz/qjrz', '3', '1', 92, 2);
INSERT INTO `sys_t_menu` VALUES (103, '日志月报', 'layui-icon-rate-soli', 'swgl/gzrz/rzyb', '3', '1', 92, 3);
INSERT INTO `sys_t_menu` VALUES (104, '用章管理', 'fa-cog', '', '2', '1', 90, 4);
INSERT INTO `sys_t_menu` VALUES (105, '发起用章申请', 'layui-icon-rate-soli', 'swgl/yzgl/fqyzsq', '3', '1', 104, 1);
INSERT INTO `sys_t_menu` VALUES (106, '公章管理', 'layui-icon-rate-soli', 'swgl/yzgl/gzgl', '3', '1', 104, 2);
INSERT INTO `sys_t_menu` VALUES (107, '用章使用统计', 'layui-icon-rate-soli', 'swgl/yzgl/yzsytj', '3', '1', 104, 3);
INSERT INTO `sys_t_menu` VALUES (108, '资产管理', 'fa-cog', '', '2', '1', 90, 5);
INSERT INTO `sys_t_menu` VALUES (109, '目录管理', 'layui-icon-rate-soli', 'swgl/zcgl/mlgl', '3', '1', 108, 1);
INSERT INTO `sys_t_menu` VALUES (110, '资产管理', 'layui-icon-rate-soli', 'swgl/zcgl/zcgl', '3', '1', 108, 2);
INSERT INTO `sys_t_menu` VALUES (111, '发起资产报废申请', 'layui-icon-rate-soli', 'swgl/zcgl/fqzcbfsq', '3', '1', 108, 3);
INSERT INTO `sys_t_menu` VALUES (112, '发起资产报损申请', 'layui-icon-rate-soli', 'swgl/zcgl/fqzcbssq', '3', '1', 108, 4);
INSERT INTO `sys_t_menu` VALUES (113, '发起资产领用申请', 'layui-icon-rate-soli', 'swgl/zcgl/fqzclysq', '3', '1', 108, 5);
INSERT INTO `sys_t_menu` VALUES (114, '内部邮件', 'fa-cog', '', '2', '1', 90, 6);
INSERT INTO `sys_t_menu` VALUES (115, '写信', 'layui-icon-rate-soli', 'swgl/nbyj/xx', '3', '1', 114, 1);
INSERT INTO `sys_t_menu` VALUES (116, '收件箱', 'layui-icon-rate-soli', 'swgl/nbyj/sjx', '3', '1', 114, 2);
INSERT INTO `sys_t_menu` VALUES (117, '已发送', 'layui-icon-rate-soli', 'swgl/nbyj/yfs', '3', '1', 114, 3);
INSERT INTO `sys_t_menu` VALUES (118, '垃圾箱', 'layui-icon-rate-soli', 'swgl/nbyj/ljx', '3', '1', 114, 4);
INSERT INTO `sys_t_menu` VALUES (119, '已删除', 'layui-icon-rate-soli', 'swgl/nbyj/ysc', '3', '1', 114, 5);
INSERT INTO `sys_t_menu` VALUES (120, '督察通报', 'fa-cog', '', '2', '1', 90, 7);
INSERT INTO `sys_t_menu` VALUES (121, '查岗统计', 'layui-icon-rate-soli', 'swgl/dctb/cgtj', '3', '1', 120, 1);
INSERT INTO `sys_t_menu` VALUES (122, '日报统计', 'layui-icon-rate-soli', 'swgl/dctb/rbtj', '3', '1', 120, 2);
INSERT INTO `sys_t_menu` VALUES (123, '点名统计', 'layui-icon-rate-soli', 'swgl/dctb/dmtj', '3', '1', 120, 3);
INSERT INTO `sys_t_menu` VALUES (124, '日程管理', 'fa-cog', '', '2', '1', 90, 8);
INSERT INTO `sys_t_menu` VALUES (125, '领导日程', 'layui-icon-rate-soli', 'swgl/rcgl/ldrc', '3', '1', 124, 1);
INSERT INTO `sys_t_menu` VALUES (126, '我的日程', 'layui-icon-rate-soli', 'swgl/rcgl/wdrc', '3', '1', 124, 2);
INSERT INTO `sys_t_menu` VALUES (127, '全局日程', 'layui-icon-rate-soli', 'swgl/rcgl/qjrc', '3', '1', 124, 3);
INSERT INTO `sys_t_menu` VALUES (128, '请假管理', 'fa-cog', '', '2', '1', 90, 9);
INSERT INTO `sys_t_menu` VALUES (129, '发起请假申请', 'layui-icon-rate-soli', 'swgl/qjgl/fqqjsq', '3', '1', 128, 1);
INSERT INTO `sys_t_menu` VALUES (130, '我的请假统计', 'layui-icon-rate-soli', 'swgl/qjgl/wdqjtj', '3', '1', 128, 2);
INSERT INTO `sys_t_menu` VALUES (131, '全局请假统计', 'layui-icon-rate-soli', 'swgl/qjgl/qjqjtj', '3', '1', 128, 3);
INSERT INTO `sys_t_menu` VALUES (132, '通知公告', 'fa-cog', 'swgl/tzgg', '2', '1', 90, 10);
INSERT INTO `sys_t_menu` VALUES (133, '流程干预', '  fa-cogs', '', '2', '1', 80, 300);
INSERT INTO `sys_t_menu` VALUES (134, '流程删除', '  layui-icon-tabs', 'lcgl/lcgy/lcsc', '3', '1', 133, 100);
INSERT INTO `sys_t_menu` VALUES (135, '用户管理', '  layui-icon-username', 'xtgl/zzgl/yhgl', '3', '1', 16, 100);

-- ----------------------------
-- Table structure for sys_t_menu_action
-- ----------------------------
DROP TABLE IF EXISTS `sys_t_menu_action`;
CREATE TABLE `sys_t_menu_action`  (
  `ac_id` int(9) UNSIGNED NOT NULL AUTO_INCREMENT COMMENT '菜单功能ID',
  `ac_name` varchar(20) CHARACTER SET utf8mb4 COLLATE utf8mb4_general_ci NOT NULL COMMENT '功能名称',
  `ac_code` varchar(20) CHARACTER SET utf8mb4 COLLATE utf8mb4_general_ci NOT NULL COMMENT '功能编码',
  PRIMARY KEY (`ac_id`) USING BTREE
) ENGINE = InnoDB AUTO_INCREMENT = 1 CHARACTER SET = utf8mb4 COLLATE = utf8mb4_general_ci ROW_FORMAT = Dynamic;

-- ----------------------------
-- Table structure for sys_t_org
-- ----------------------------
DROP TABLE IF EXISTS `sys_t_org`;
CREATE TABLE `sys_t_org`  (
  `o_id` int(11) UNSIGNED NOT NULL AUTO_INCREMENT COMMENT '组织ID',
  `o_name` varchar(20) CHARACTER SET utf8mb4 COLLATE utf8mb4_general_ci NOT NULL COMMENT '组织名称',
  `createtime` varchar(19) CHARACTER SET utf8mb4 COLLATE utf8mb4_general_ci NOT NULL COMMENT '创建时间',
  `updatetime` varchar(19) CHARACTER SET utf8mb4 COLLATE utf8mb4_general_ci NULL DEFAULT NULL COMMENT '更新时间',
  `o_status` char(1) CHARACTER SET utf8mb4 COLLATE utf8mb4_general_ci NOT NULL DEFAULT '1' COMMENT '1 正常 0 禁用',
  `o_level` char(1) CHARACTER SET utf8mb4 COLLATE utf8mb4_general_ci NOT NULL COMMENT '层级',
  `o_remark` varchar(500) CHARACTER SET utf8mb4 COLLATE utf8mb4_general_ci NULL DEFAULT NULL COMMENT '备注',
  `o_sort` int(11) NOT NULL COMMENT '排序',
  `p_oid` int(11) NOT NULL COMMENT '父ID',
  PRIMARY KEY (`o_id`) USING BTREE
) ENGINE = InnoDB AUTO_INCREMENT = 108 CHARACTER SET = utf8mb4 COLLATE = utf8mb4_general_ci ROW_FORMAT = Dynamic;

-- ----------------------------
-- Records of sys_t_org
-- ----------------------------
INSERT INTO `sys_t_org` VALUES (1, '局机关', '2018-01-26 15:12:12', '2019-01-29 17:28:45', '1', '1', '局机关', 100, 0);
INSERT INTO `sys_t_org` VALUES (3, '监测站', '2018-01-26 12:12:12', '2019-01-29 17:28:45', '1', '1', '监测站', 300, 0);
INSERT INTO `sys_t_org` VALUES (58, '法制', '2019-01-26 17:04:23', '2019-01-29 17:28:45', '1', '2', '法制', 500, 1);
INSERT INTO `sys_t_org` VALUES (59, '宣教', '2019-01-28 08:28:08', '2019-01-29 17:28:45', '1', '2', '宣教', 600, 1);
INSERT INTO `sys_t_org` VALUES (71, '办公室', '2019-01-28 09:56:38', '2019-01-29 17:28:45', '1', '2', '办公室', 200, 1);
INSERT INTO `sys_t_org` VALUES (73, '信息', '2019-01-28 09:57:40', '2019-01-29 17:28:45', '1', '2', '信息', 300, 1);
INSERT INTO `sys_t_org` VALUES (74, '计财', '2019-01-28 09:57:58', '2019-01-29 17:28:45', '1', '2', '计财', 400, 1);
INSERT INTO `sys_t_org` VALUES (75, '科技', '2019-01-28 09:58:52', '2019-01-29 17:28:45', '1', '2', '科技', 700, 1);
INSERT INTO `sys_t_org` VALUES (76, '纪检', '2019-01-28 09:59:17', '2019-01-29 17:28:45', '1', '2', '纪检', 800, 1);
INSERT INTO `sys_t_org` VALUES (77, '生态科', '2019-01-28 09:59:36', '2019-01-29 17:28:45', '1', '2', '生态科', 900, 1);
INSERT INTO `sys_t_org` VALUES (78, '综合科', '2019-01-28 09:59:54', '2019-01-29 17:28:45', '1', '2', '综合科', 1000, 1);
INSERT INTO `sys_t_org` VALUES (79, '应急', '2019-01-28 10:00:28', '2019-01-29 17:28:45', '1', '2', '应急', 1100, 1);
INSERT INTO `sys_t_org` VALUES (80, '项目科', '2019-01-28 10:00:42', '2019-01-29 17:28:45', '1', '2', '项目科', 1200, 1);
INSERT INTO `sys_t_org` VALUES (81, '监察大队', '2019-01-28 10:01:03', '2019-01-29 17:28:45', '1', '1', '监察大队', 200, 0);
INSERT INTO `sys_t_org` VALUES (82, '大队', '2019-01-28 10:01:19', '2019-01-29 17:28:45', '1', '2', '大队', 100, 81);
INSERT INTO `sys_t_org` VALUES (83, '办公室', '2019-01-28 10:01:34', '2019-01-29 17:28:45', '1', '2', '办公室', 200, 81);
INSERT INTO `sys_t_org` VALUES (84, '业务室', '2019-01-28 10:01:55', '2019-01-29 17:28:45', '1', '2', '业务室', 300, 81);
INSERT INTO `sys_t_org` VALUES (85, '信访科', '2019-01-28 10:02:31', '2019-01-29 17:28:45', '1', '2', '信访科', 400, 81);
INSERT INTO `sys_t_org` VALUES (86, '建筑', '2019-01-28 10:02:46', '2019-01-29 17:28:45', '1', '2', '建筑', 500, 81);
INSERT INTO `sys_t_org` VALUES (87, '开发区', '2019-01-28 10:03:07', '2019-01-29 17:28:45', '1', '2', '开发区', 600, 81);
INSERT INTO `sys_t_org` VALUES (88, '官湖', '2019-01-28 10:03:28', '2019-01-29 17:28:45', '1', '2', '官湖', 700, 81);
INSERT INTO `sys_t_org` VALUES (89, '高新区', '2019-01-28 10:04:26', '2019-01-29 17:28:45', '1', '2', '高新区', 800, 81);
INSERT INTO `sys_t_org` VALUES (90, '碾庄', '2019-01-28 10:05:02', '2019-01-29 17:28:45', '1', '2', '碾庄', 900, 81);
INSERT INTO `sys_t_org` VALUES (91, '铁富', '2019-01-28 10:05:24', '2019-01-29 17:28:45', '1', '2', '铁富', 1000, 81);
INSERT INTO `sys_t_org` VALUES (92, '运河中队', '2019-01-28 10:05:54', '2019-01-29 17:28:45', '1', '2', '运河中队', 1100, 81);
INSERT INTO `sys_t_org` VALUES (93, '车夫山', '2019-01-28 10:06:13', '2019-01-29 17:28:45', '1', '2', '车夫山', 1200, 81);
INSERT INTO `sys_t_org` VALUES (94, '稽查科', '2019-01-28 10:06:32', '2019-01-29 17:28:45', '1', '2', '稽查科', 1300, 81);
INSERT INTO `sys_t_org` VALUES (95, '土山', '2019-01-28 10:06:54', '2019-01-29 17:28:45', '1', '2', '土山', 1400, 81);
INSERT INTO `sys_t_org` VALUES (96, '固废', '2019-01-28 10:07:09', '2019-01-29 17:28:45', '1', '2', '固废', 1500, 81);
INSERT INTO `sys_t_org` VALUES (97, '拆解', '2019-01-28 10:07:31', '2019-01-29 17:28:45', '1', '2', '拆解', 1600, 81);
INSERT INTO `sys_t_org` VALUES (98, '驻厂', '2019-01-28 10:08:00', '2019-01-29 17:28:45', '1', '2', '驻厂', 1700, 81);
INSERT INTO `sys_t_org` VALUES (99, '263', '2019-01-28 10:08:14', '2019-01-29 17:28:45', '1', '2', '263', 1800, 81);
INSERT INTO `sys_t_org` VALUES (100, '攻坚', '2019-01-28 10:08:27', '2019-01-29 17:28:45', '1', '2', '攻坚', 1900, 81);
INSERT INTO `sys_t_org` VALUES (106, '局领导', '2019-01-28 11:51:57', '2019-01-29 17:28:45', '1', '2', '局领导', 100, 1);

-- ----------------------------
-- Table structure for sys_t_params
-- ----------------------------
DROP TABLE IF EXISTS `sys_t_params`;
CREATE TABLE `sys_t_params`  (
  `p_id` int(11) UNSIGNED NOT NULL AUTO_INCREMENT COMMENT '参数 ID',
  `name` varchar(50) CHARACTER SET utf8mb4 COLLATE utf8mb4_general_ci NOT NULL COMMENT '参数名称',
  `key` varchar(50) CHARACTER SET utf8mb4 COLLATE utf8mb4_general_ci NOT NULL COMMENT '参数KEY',
  `value` varchar(200) CHARACTER SET utf8mb4 COLLATE utf8mb4_general_ci NOT NULL COMMENT '参数值',
  `createtime` varchar(19) CHARACTER SET utf8mb4 COLLATE utf8mb4_general_ci NOT NULL COMMENT '创建时间',
  `updatetime` varchar(19) CHARACTER SET utf8mb4 COLLATE utf8mb4_general_ci NULL DEFAULT NULL COMMENT '更新时间',
  `remark` varchar(300) CHARACTER SET utf8mb4 COLLATE utf8mb4_general_ci NULL DEFAULT NULL COMMENT '备注',
  PRIMARY KEY (`p_id`, `key`) USING BTREE,
  UNIQUE INDEX `key`(`key`) USING BTREE
) ENGINE = InnoDB AUTO_INCREMENT = 48 CHARACTER SET = utf8mb4 COLLATE = utf8mb4_general_ci ROW_FORMAT = Dynamic;

-- ----------------------------
-- Records of sys_t_params
-- ----------------------------
INSERT INTO `sys_t_params` VALUES (38, '系统名称', 'sysname', 'ZZOA办公系统', '2018-12-25 16:06:42', '2018-12-25 17:06:07', '            \n        ');
INSERT INTO `sys_t_params` VALUES (43, '所属公司', 'copyright', '卓正环保', '2018-12-25 17:09:16', NULL, '');
INSERT INTO `sys_t_params` VALUES (44, '公司地址', 'companyurl', 'https://www.baidu.com', '2018-12-25 17:14:43', NULL, '');
INSERT INTO `sys_t_params` VALUES (45, '菜单类型', 'menu', '1', '2018-12-29 14:57:21', '2018-12-29 14:57:34', '1三级菜单 0二级菜单');
INSERT INTO `sys_t_params` VALUES (46, '系统logo', 'syslogo', 'image/logo.png', '2019-01-21 11:49:38', '2019-01-21 11:50:25', 'syslogo');
INSERT INTO `sys_t_params` VALUES (47, '图片附件上传最大值', 'image_upload_max_size', '2048', '2019-01-21 17:40:14', '2019-01-21 17:41:23', '参数单位Kb');

-- ----------------------------
-- Table structure for sys_t_permission
-- ----------------------------
DROP TABLE IF EXISTS `sys_t_permission`;
CREATE TABLE `sys_t_permission`  (
  `url` varchar(200) CHARACTER SET utf8mb4 COLLATE utf8mb4_general_ci NOT NULL COMMENT '地址',
  `qxlj` varchar(10) CHARACTER SET utf8mb4 COLLATE utf8mb4_general_ci NOT NULL COMMENT '权限类型',
  `sort` int(5) NOT NULL COMMENT '排序',
  `remark` varchar(500) CHARACTER SET utf8mb4 COLLATE utf8mb4_general_ci NULL DEFAULT NULL COMMENT '备注',
  `sfsx` char(1) CHARACTER SET utf8mb4 COLLATE utf8mb4_general_ci NOT NULL DEFAULT '1' COMMENT '是否生效'
) ENGINE = InnoDB CHARACTER SET = utf8mb4 COLLATE = utf8mb4_general_ci ROW_FORMAT = Dynamic;

-- ----------------------------
-- Records of sys_t_permission
-- ----------------------------
INSERT INTO `sys_t_permission` VALUES ('/static/**', 'anon', 1, '', '1');
INSERT INTO `sys_t_permission` VALUES ('/**', 'authc', 1000, '需认证后访问', '1');
INSERT INTO `sys_t_permission` VALUES ('/css/**', 'anon', 2, '', '1');
INSERT INTO `sys_t_permission` VALUES ('/js/**', 'anon', 3, '', '1');
INSERT INTO `sys_t_permission` VALUES ('/img/**', 'anon', 4, '', '1');
INSERT INTO `sys_t_permission` VALUES ('/favicon.ico', 'anon', 0, '', '1');
INSERT INTO `sys_t_permission` VALUES ('/druid/**', 'anon', 5, 'druid监控', '1');
INSERT INTO `sys_t_permission` VALUES ('/plugins/**', 'anon', 6, '', '1');
INSERT INTO `sys_t_permission` VALUES ('/captcha', 'anon', 7, '验证码', '1');
INSERT INTO `sys_t_permission` VALUES ('/logout', 'logout', 8, '登出', '1');
INSERT INTO `sys_t_permission` VALUES ('/loginIn', 'anon', 9, '登陆', '1');
INSERT INTO `sys_t_permission` VALUES ('/menus/**', 'anon', 10, '开发', '1');
INSERT INTO `sys_t_permission` VALUES ('/dict/**', 'anon', 11, '开发', '1');
INSERT INTO `sys_t_permission` VALUES ('/orgUser/**', 'anon', 12, '开发', '1');

-- ----------------------------
-- Table structure for sys_t_role
-- ----------------------------
DROP TABLE IF EXISTS `sys_t_role`;
CREATE TABLE `sys_t_role`  (
  `r_id` int(11) UNSIGNED NOT NULL AUTO_INCREMENT COMMENT '角色ID',
  `rolename` varchar(20) CHARACTER SET utf8mb4 COLLATE utf8mb4_general_ci NOT NULL COMMENT '角色名称',
  `createtime` varchar(19) CHARACTER SET utf8mb4 COLLATE utf8mb4_general_ci NOT NULL COMMENT '创建时间',
  `updatetime` varchar(19) CHARACTER SET utf8mb4 COLLATE utf8mb4_general_ci NULL DEFAULT NULL COMMENT '更新时间',
  `remark` varchar(300) CHARACTER SET utf8mb4 COLLATE utf8mb4_general_ci NULL DEFAULT NULL COMMENT '备注',
  `status` char(1) CHARACTER SET utf8mb4 COLLATE utf8mb4_general_ci NULL DEFAULT '1' COMMENT '角色状态 0 禁用 1 正常',
  `rolecode` varchar(30) CHARACTER SET utf8mb4 COLLATE utf8mb4_general_ci NULL DEFAULT NULL COMMENT '角色编号',
  PRIMARY KEY (`r_id`, `rolename`) USING BTREE
) ENGINE = InnoDB AUTO_INCREMENT = 7 CHARACTER SET = utf8mb4 COLLATE = utf8mb4_general_ci ROW_FORMAT = Dynamic;

-- ----------------------------
-- Records of sys_t_role
-- ----------------------------
INSERT INTO `sys_t_role` VALUES (1, 'developer', '2018-12-19 08:40:40', '2019-01-30 09:38:21', '开发者角色', '1', 'dep');
INSERT INTO `sys_t_role` VALUES (6, 'test', '2019-01-30 11:36:12', '2019-01-30 15:44:03', 'test', '1', 'test');

-- ----------------------------
-- Table structure for sys_t_role_menu
-- ----------------------------
DROP TABLE IF EXISTS `sys_t_role_menu`;
CREATE TABLE `sys_t_role_menu`  (
  `r_id` int(11) NOT NULL COMMENT '角色ID',
  `m_id` int(9) NOT NULL COMMENT '菜单ID',
  `ac_id` varchar(100) CHARACTER SET utf8mb4 COLLATE utf8mb4_general_ci NULL DEFAULT NULL COMMENT '动作权限ID',
  UNIQUE INDEX `r_id`(`r_id`, `m_id`) USING BTREE
) ENGINE = InnoDB CHARACTER SET = utf8mb4 COLLATE = utf8mb4_general_ci ROW_FORMAT = Dynamic;

-- ----------------------------
-- Records of sys_t_role_menu
-- ----------------------------
INSERT INTO `sys_t_role_menu` VALUES (1, 1, NULL);
INSERT INTO `sys_t_role_menu` VALUES (1, 12, NULL);
INSERT INTO `sys_t_role_menu` VALUES (1, 13, NULL);
INSERT INTO `sys_t_role_menu` VALUES (1, 14, NULL);
INSERT INTO `sys_t_role_menu` VALUES (1, 15, NULL);
INSERT INTO `sys_t_role_menu` VALUES (1, 16, NULL);
INSERT INTO `sys_t_role_menu` VALUES (1, 17, NULL);
INSERT INTO `sys_t_role_menu` VALUES (1, 19, NULL);
INSERT INTO `sys_t_role_menu` VALUES (1, 78, NULL);
INSERT INTO `sys_t_role_menu` VALUES (1, 79, NULL);
INSERT INTO `sys_t_role_menu` VALUES (1, 80, NULL);
INSERT INTO `sys_t_role_menu` VALUES (1, 81, NULL);
INSERT INTO `sys_t_role_menu` VALUES (1, 82, NULL);
INSERT INTO `sys_t_role_menu` VALUES (1, 83, NULL);
INSERT INTO `sys_t_role_menu` VALUES (1, 84, NULL);
INSERT INTO `sys_t_role_menu` VALUES (1, 85, NULL);
INSERT INTO `sys_t_role_menu` VALUES (1, 86, NULL);
INSERT INTO `sys_t_role_menu` VALUES (1, 87, NULL);
INSERT INTO `sys_t_role_menu` VALUES (1, 88, NULL);
INSERT INTO `sys_t_role_menu` VALUES (1, 89, NULL);
INSERT INTO `sys_t_role_menu` VALUES (1, 90, NULL);
INSERT INTO `sys_t_role_menu` VALUES (1, 91, NULL);
INSERT INTO `sys_t_role_menu` VALUES (1, 92, NULL);
INSERT INTO `sys_t_role_menu` VALUES (1, 93, NULL);
INSERT INTO `sys_t_role_menu` VALUES (1, 94, NULL);
INSERT INTO `sys_t_role_menu` VALUES (1, 95, NULL);
INSERT INTO `sys_t_role_menu` VALUES (1, 96, NULL);
INSERT INTO `sys_t_role_menu` VALUES (1, 97, NULL);
INSERT INTO `sys_t_role_menu` VALUES (1, 98, NULL);
INSERT INTO `sys_t_role_menu` VALUES (1, 99, NULL);
INSERT INTO `sys_t_role_menu` VALUES (1, 100, NULL);
INSERT INTO `sys_t_role_menu` VALUES (1, 101, NULL);
INSERT INTO `sys_t_role_menu` VALUES (1, 102, NULL);
INSERT INTO `sys_t_role_menu` VALUES (1, 103, NULL);
INSERT INTO `sys_t_role_menu` VALUES (1, 104, NULL);
INSERT INTO `sys_t_role_menu` VALUES (1, 105, NULL);
INSERT INTO `sys_t_role_menu` VALUES (1, 106, NULL);
INSERT INTO `sys_t_role_menu` VALUES (1, 107, NULL);
INSERT INTO `sys_t_role_menu` VALUES (1, 108, NULL);
INSERT INTO `sys_t_role_menu` VALUES (1, 109, NULL);
INSERT INTO `sys_t_role_menu` VALUES (1, 110, NULL);
INSERT INTO `sys_t_role_menu` VALUES (1, 111, NULL);
INSERT INTO `sys_t_role_menu` VALUES (1, 112, NULL);
INSERT INTO `sys_t_role_menu` VALUES (1, 113, NULL);
INSERT INTO `sys_t_role_menu` VALUES (1, 114, NULL);
INSERT INTO `sys_t_role_menu` VALUES (1, 115, NULL);
INSERT INTO `sys_t_role_menu` VALUES (1, 116, NULL);
INSERT INTO `sys_t_role_menu` VALUES (1, 117, NULL);
INSERT INTO `sys_t_role_menu` VALUES (1, 118, NULL);
INSERT INTO `sys_t_role_menu` VALUES (1, 119, NULL);
INSERT INTO `sys_t_role_menu` VALUES (1, 120, NULL);
INSERT INTO `sys_t_role_menu` VALUES (1, 121, NULL);
INSERT INTO `sys_t_role_menu` VALUES (1, 122, NULL);
INSERT INTO `sys_t_role_menu` VALUES (1, 123, NULL);
INSERT INTO `sys_t_role_menu` VALUES (1, 124, NULL);
INSERT INTO `sys_t_role_menu` VALUES (1, 125, NULL);
INSERT INTO `sys_t_role_menu` VALUES (1, 126, NULL);
INSERT INTO `sys_t_role_menu` VALUES (1, 127, NULL);
INSERT INTO `sys_t_role_menu` VALUES (1, 128, NULL);
INSERT INTO `sys_t_role_menu` VALUES (1, 129, NULL);
INSERT INTO `sys_t_role_menu` VALUES (1, 130, NULL);
INSERT INTO `sys_t_role_menu` VALUES (1, 131, NULL);
INSERT INTO `sys_t_role_menu` VALUES (1, 132, NULL);
INSERT INTO `sys_t_role_menu` VALUES (1, 133, NULL);
INSERT INTO `sys_t_role_menu` VALUES (1, 134, NULL);
INSERT INTO `sys_t_role_menu` VALUES (1, 135, NULL);
INSERT INTO `sys_t_role_menu` VALUES (6, 1, NULL);
INSERT INTO `sys_t_role_menu` VALUES (6, 12, NULL);
INSERT INTO `sys_t_role_menu` VALUES (6, 13, NULL);
INSERT INTO `sys_t_role_menu` VALUES (6, 14, NULL);
INSERT INTO `sys_t_role_menu` VALUES (6, 15, NULL);
INSERT INTO `sys_t_role_menu` VALUES (6, 16, NULL);
INSERT INTO `sys_t_role_menu` VALUES (6, 17, NULL);
INSERT INTO `sys_t_role_menu` VALUES (6, 19, NULL);
INSERT INTO `sys_t_role_menu` VALUES (6, 78, NULL);
INSERT INTO `sys_t_role_menu` VALUES (6, 79, NULL);
INSERT INTO `sys_t_role_menu` VALUES (6, 80, NULL);
INSERT INTO `sys_t_role_menu` VALUES (6, 81, NULL);
INSERT INTO `sys_t_role_menu` VALUES (6, 82, NULL);
INSERT INTO `sys_t_role_menu` VALUES (6, 83, NULL);
INSERT INTO `sys_t_role_menu` VALUES (6, 84, NULL);
INSERT INTO `sys_t_role_menu` VALUES (6, 85, NULL);
INSERT INTO `sys_t_role_menu` VALUES (6, 86, NULL);
INSERT INTO `sys_t_role_menu` VALUES (6, 87, NULL);
INSERT INTO `sys_t_role_menu` VALUES (6, 88, NULL);
INSERT INTO `sys_t_role_menu` VALUES (6, 89, NULL);
INSERT INTO `sys_t_role_menu` VALUES (6, 96, NULL);
INSERT INTO `sys_t_role_menu` VALUES (6, 133, NULL);
INSERT INTO `sys_t_role_menu` VALUES (6, 134, NULL);
INSERT INTO `sys_t_role_menu` VALUES (6, 135, NULL);

-- ----------------------------
-- Table structure for sys_t_user
-- ----------------------------
DROP TABLE IF EXISTS `sys_t_user`;
CREATE TABLE `sys_t_user`  (
  `u_id` int(11) UNSIGNED NOT NULL AUTO_INCREMENT COMMENT '用户表ID',
  `username` varchar(20) CHARACTER SET utf8mb4 COLLATE utf8mb4_general_ci NOT NULL,
  `password` varchar(200) CHARACTER SET utf8mb4 COLLATE utf8mb4_general_ci NOT NULL,
  `nickname` varchar(20) CHARACTER SET utf8mb4 COLLATE utf8mb4_general_ci NOT NULL,
  `createtime` varchar(19) CHARACTER SET utf8mb4 COLLATE utf8mb4_general_ci NOT NULL DEFAULT '1' COMMENT '创建时间',
  `updatetime` varchar(19) CHARACTER SET utf8mb4 COLLATE utf8mb4_general_ci NULL DEFAULT NULL COMMENT '更新时间',
  `bgdh` varchar(30) CHARACTER SET utf8mb4 COLLATE utf8mb4_general_ci NULL DEFAULT NULL COMMENT '办公电话',
  `bgxh` varchar(20) CHARACTER SET utf8mb4 COLLATE utf8mb4_general_ci NULL DEFAULT NULL COMMENT '办公小号',
  `remark` varchar(300) CHARACTER SET utf8mb4 COLLATE utf8mb4_general_ci NULL DEFAULT NULL COMMENT '备注',
  `email` varchar(100) CHARACTER SET utf8mb4 COLLATE utf8mb4_general_ci NULL DEFAULT NULL COMMENT '邮件',
  `phonexh` varchar(10) CHARACTER SET utf8mb4 COLLATE utf8mb4_general_ci NULL DEFAULT NULL COMMENT '手机号码小号',
  `phone` varchar(15) CHARACTER SET utf8mb4 COLLATE utf8mb4_general_ci NULL DEFAULT NULL COMMENT '手机号码',
  `status` char(1) CHARACTER SET utf8mb4 COLLATE utf8mb4_general_ci NULL DEFAULT '3' COMMENT '账户状态 0正常 1 锁定  3角色已禁用',
  `recentlogin` varchar(19) CHARACTER SET utf8mb4 COLLATE utf8mb4_general_ci NULL DEFAULT NULL COMMENT '最近登录时间',
  `r_id` int(11) NULL DEFAULT NULL COMMENT '角色ID',
  PRIMARY KEY (`u_id`, `username`) USING BTREE,
  UNIQUE INDEX `username`(`username`) USING BTREE
) ENGINE = InnoDB AUTO_INCREMENT = 10230 CHARACTER SET = utf8mb4 COLLATE = utf8mb4_general_ci ROW_FORMAT = Dynamic;

-- ----------------------------
-- Records of sys_t_user
-- ----------------------------
INSERT INTO `sys_t_user` VALUES (1, 'superadmin', '5430e8684ff7dc444a47d9da3acc8397', '超级管理员', '2018-12-19 08:40:40', '2019-01-30 09:32:52', NULL, NULL, '', '897546244@qq.com', NULL, '19913140983', NULL, '2019-01-26 11:15:29', NULL);
INSERT INTO `sys_t_user` VALUES (2, 'dev', 'c43812121e594f158520698ba706118f', '开发者', '2018-12-19 08:40:40', '2019-01-30 09:38:21', '88888888', '8888', '', 'lpf1@qq.com', '3333', '15262889804', '0', '2019-01-30 14:23:57', 1);
INSERT INTO `sys_t_user` VALUES (10221, '11', 'b59c67bf196a4758191e42f76670ceba', '11', '2019-01-30 18:25:13', NULL, '', '', NULL, '', '', '', '0', NULL, 6);
INSERT INTO `sys_t_user` VALUES (10225, '22', '934b535800b1cba8f96a5d72f72f1611', '22', '2019-01-30 18:28:24', NULL, '22', '22', NULL, '22', '22', '22', '0', NULL, 1);
INSERT INTO `sys_t_user` VALUES (10226, '33', '2be9bd7a3434f7038ca27d1918de58bd', '33', '2019-01-30 18:28:50', NULL, '33', '33', NULL, '33', '33', '33', '0', NULL, 6);
INSERT INTO `sys_t_user` VALUES (10227, '44', 'dbc4d84bfcfe2284ba11beffb853a8c4', '44', '2019-01-30 18:30:18', NULL, '44', '44', NULL, '', '44', '44', '0', NULL, 6);
INSERT INTO `sys_t_user` VALUES (10228, '55', '6074c6aa3488f3c2dddff2a7ca821aab', '55', '2019-01-30 18:30:36', NULL, '55', '55', NULL, '55', '55', '55', '0', NULL, 6);
INSERT INTO `sys_t_user` VALUES (10229, '66', 'e9510081ac30ffa83f10b68cde1cac07', '66', '2019-01-30 18:31:06', NULL, '66', '66', NULL, '66', '66', '66', '0', NULL, 6);

-- ----------------------------
-- Table structure for sys_t_user_org_job
-- ----------------------------
DROP TABLE IF EXISTS `sys_t_user_org_job`;
CREATE TABLE `sys_t_user_org_job`  (
  `u_id` int(11) NOT NULL COMMENT '用户ID',
  `o_id` int(11) NULL DEFAULT NULL COMMENT '组织ID',
  `j_id` int(11) NULL DEFAULT NULL COMMENT '职务ID'
) ENGINE = InnoDB CHARACTER SET = utf8mb4 COLLATE = utf8mb4_general_ci ROW_FORMAT = Dynamic;

-- ----------------------------
-- Records of sys_t_user_org_job
-- ----------------------------
INSERT INTO `sys_t_user_org_job` VALUES (2, 58, 1);
INSERT INTO `sys_t_user_org_job` VALUES (2, 59, 1);
INSERT INTO `sys_t_user_org_job` VALUES (10221, 106, 14);
INSERT INTO `sys_t_user_org_job` VALUES (10225, 71, NULL);
INSERT INTO `sys_t_user_org_job` VALUES (10228, 83, 1);
INSERT INTO `sys_t_user_org_job` VALUES (10229, 71, 10);
INSERT INTO `sys_t_user_org_job` VALUES (10229, 82, 1);

-- ----------------------------
-- Table structure for sys_t_user_procdef
-- ----------------------------
DROP TABLE IF EXISTS `sys_t_user_procdef`;
CREATE TABLE `sys_t_user_procdef`  (
  `u_id` int(11) NULL DEFAULT NULL COMMENT '用户ID',
  `p_id` varchar(64) CHARACTER SET utf8mb4 COLLATE utf8mb4_general_ci NULL DEFAULT NULL COMMENT '流程定义ID'
) ENGINE = InnoDB CHARACTER SET = utf8mb4 COLLATE = utf8mb4_general_ci ROW_FORMAT = Dynamic;

-- ----------------------------
-- Records of sys_t_user_procdef
-- ----------------------------
INSERT INTO `sys_t_user_procdef` VALUES (9, 'leave:1:450221');
INSERT INTO `sys_t_user_procdef` VALUES (8, 'leave:1:450221');

-- ----------------------------
-- Table structure for sys_t_user_role
-- ----------------------------
DROP TABLE IF EXISTS `sys_t_user_role`;
CREATE TABLE `sys_t_user_role`  (
  `u_id` int(11) NOT NULL COMMENT '用户ID',
  `r_id` int(11) NULL DEFAULT NULL COMMENT '角色ID',
  PRIMARY KEY (`u_id`) USING BTREE,
  UNIQUE INDEX `u_id`(`u_id`, `r_id`) USING BTREE
) ENGINE = InnoDB CHARACTER SET = utf8mb4 COLLATE = utf8mb4_general_ci ROW_FORMAT = Dynamic;

-- ----------------------------
-- Records of sys_t_user_role
-- ----------------------------
INSERT INTO `sys_t_user_role` VALUES (2, 1);
INSERT INTO `sys_t_user_role` VALUES (9, 1);

SET FOREIGN_KEY_CHECKS = 1;
