/*
 Navicat Premium Data Transfer

 Source Server         : dev
 Source Server Type    : MySQL
 Source Server Version : 50724
 Source Host           : 192.168.1.104:3306
 Source Schema         : zzoa

 Target Server Type    : MySQL
 Target Server Version : 50724
 File Encoding         : 65001

 Date: 26/02/2019 17:29:04
*/

SET NAMES utf8mb4;
SET FOREIGN_KEY_CHECKS = 0;

-- ----------------------------
-- Table structure for act_evt_log
-- ----------------------------
DROP TABLE IF EXISTS `act_evt_log`;
CREATE TABLE `act_evt_log`  (
  `LOG_NR_` bigint(20) NOT NULL AUTO_INCREMENT,
  `TYPE_` varchar(64) CHARACTER SET utf8 COLLATE utf8_bin NULL DEFAULT NULL,
  `PROC_DEF_ID_` varchar(64) CHARACTER SET utf8 COLLATE utf8_bin NULL DEFAULT NULL,
  `PROC_INST_ID_` varchar(64) CHARACTER SET utf8 COLLATE utf8_bin NULL DEFAULT NULL,
  `EXECUTION_ID_` varchar(64) CHARACTER SET utf8 COLLATE utf8_bin NULL DEFAULT NULL,
  `TASK_ID_` varchar(64) CHARACTER SET utf8 COLLATE utf8_bin NULL DEFAULT NULL,
  `TIME_STAMP_` timestamp(3) NOT NULL DEFAULT CURRENT_TIMESTAMP(3) ON UPDATE CURRENT_TIMESTAMP(3),
  `USER_ID_` varchar(255) CHARACTER SET utf8 COLLATE utf8_bin NULL DEFAULT NULL,
  `DATA_` longblob NULL,
  `LOCK_OWNER_` varchar(255) CHARACTER SET utf8 COLLATE utf8_bin NULL DEFAULT NULL,
  `LOCK_TIME_` timestamp(3) NULL DEFAULT NULL,
  `IS_PROCESSED_` tinyint(4) NULL DEFAULT 0,
  PRIMARY KEY (`LOG_NR_`) USING BTREE
) ENGINE = InnoDB AUTO_INCREMENT = 1 CHARACTER SET = utf8 COLLATE = utf8_bin ROW_FORMAT = Dynamic;

-- ----------------------------
-- Table structure for act_ge_bytearray
-- ----------------------------
DROP TABLE IF EXISTS `act_ge_bytearray`;
CREATE TABLE `act_ge_bytearray`  (
  `ID_` varchar(64) CHARACTER SET utf8 COLLATE utf8_bin NOT NULL,
  `REV_` int(11) NULL DEFAULT NULL,
  `NAME_` varchar(255) CHARACTER SET utf8 COLLATE utf8_bin NULL DEFAULT NULL,
  `DEPLOYMENT_ID_` varchar(64) CHARACTER SET utf8 COLLATE utf8_bin NULL DEFAULT NULL,
  `BYTES_` longblob NULL,
  `GENERATED_` tinyint(4) NULL DEFAULT NULL,
  PRIMARY KEY (`ID_`) USING BTREE,
  INDEX `ACT_FK_BYTEARR_DEPL`(`DEPLOYMENT_ID_`) USING BTREE,
  CONSTRAINT `ACT_FK_BYTEARR_DEPL` FOREIGN KEY (`DEPLOYMENT_ID_`) REFERENCES `act_re_deployment` (`ID_`) ON DELETE RESTRICT ON UPDATE RESTRICT
) ENGINE = InnoDB CHARACTER SET = utf8 COLLATE = utf8_bin ROW_FORMAT = Dynamic;

-- ----------------------------
-- Records of act_ge_bytearray
-- ----------------------------
INSERT INTO `act_ge_bytearray` VALUES ('2', 1, 'leave.png', '1', 0x89504E470D0A1A0A0000000D4948445200000920000003AE08020000009207BC1300003D9449444154789CECDD6F8C24679D1FF03160D3201013E5024384EC3EE5854710D85640DA7D81B26DA4B01329C12305E1495E2C232160D111B38A226E48644F94F3DE2A0ACE70016B2FC17BA344BE4C745A18E96C6772D8BE39B07D1BE33F03786130DEA339DBDC806D68E25DBB6DEF7A3BED69DC69BAA7ABEAE97FD5DDF5F9E8D16AA6BBBAA76AEAF74C957EDFADEAA92A00000000000090D854DA2B00000000000000E344C00600000000000001046C0000000000001040C00600000000000001046C0000000000001040C00600000000000001046C0000000000001040C00600000000000001046C0000000000001040C00600000000000001046C0000000000001040C00600000000000001046C0000000000001040C00600000000000001046C0000000000001040C0060043359540F4CB87B6AA00000000C09E34E900A07B49D2B296482C36216B5FBEEB340E0000000018045D3900E8B31E2F41DB7381F607456B000000009016BD3900E8B324015BC4E5689D5EDEFCB8740D0000000052A43D0700FDD4DD056A9D16E8E2169400000000C0A069C90140DF2489BB7A5F00000000004897161E00F447CB0D1E63EFF4D8E942B43D3F6ECDB56B00000000303A34E600A00FF68CC7F60CC03A0569D1015BF40F05000000008649630E007A1511AA45A46541019B2BD800000000607468CC01404F92276A2DDFBA820D00000000C694C61C00742F49181611A4F90C360000000018471A7300D04FB1A157E802F56F63AF7B03000000008646570E00FA69D0015BFB6232360000000018322D3900E8A75E02B6F61B3FB67C9DF0969200000000C04069C90100000000004000011B0000000000000410B00100000000004000011B0000000000000410B00100000000004000011B0000000000000410B00100000000004000011B0000000000000410B00100000000004000011B0000000000000410B00100000000004000011B0000000000000410B00100000000004000011B007D50A9543637379797978BAFC9E7F35330FE6A95DCA8EA5A856F6C6C94CBE5B4271C000000002913B001D093CDCDCDF9F9F95C2E578F1F365F532A95D25E35E8835A2537AABA56E1737373D3D3D3B56A5F5F5F4F7BD500000000488D800D802EEDECECD42FEB91349035F55CB950286C6F6FA7BD2E00000000A440C0064037363636666767373737D35E1148CDD6D656A150585B5B4B7B45000000001836011B00C1D6D7D78BC5A24FA2824AA5B2B0B0B0BABA9AF68A000000003054023600C2944AA542A1205D83BA4AA5522C164F9F3E9DF68A00000000303C023600C21C3870409600CD4AA5D2ECEC6CA552497B45000000001812011B0001D6D7D7E7E7E7D35E0B1839478F1E5D5959497B2D000000001812011B0001E6E6E6363636D25E0B1839DBDBDBB3B3B369AF05000000004322600320A99D9D9D999999B4D7024694BBA7020000006487800D80A4DC1F1222B84B24000000407608D800484A7E001124D000000000D921600320A962B1B8B9B999F65AC088F2316C00000000D921600320291F3105114AA5523E9F4F7B2D000000001806011B0049E5F3F952A994F65AC0E89A9A7266050000009009DA400024353D3D5D2E97D35E0B185D0236000000808CD006022029E1014433470000000032421B0880A4840710CD1C01000000C8086D200092121E403473040000002023B48100484A7800D1CC11000000808CD006022029E1014433470000000032421B0880A4840710CD1C01000000C8086D200092121E403473040000002023B48100484A7800D1CC11000000808CD006022029E1014433470000000032421B0880A4840710CD1C01000000C8086D200092121E403473040000002023B48100484A7800D1CC11000000808CD006022029E1014433470000000032421B0880A4840710CD1C01000000C8086D200092121E403473040000002023B48100484A7800D1CC11000000808CD006022029E1014433470000000032421B0880A4840710CD1C01000000C8086D200092121E403473040000002023B48100484A7800D1CC11000000808CD006022029E1014433470000000032421B0880A4840710CD1C01000000C8086D200092121E403473040000002023B48100484A7800D1CC11000000808CD006022029E1014433470000000032421B0880A4840710CD1C01000000C8086D2048DF5402D12F1FDAAA9271832E36738171A7080100000032421BA87B954A656D6D6D6161A1582CE6F3F9247DE18954DBF6DA6F607E7E7E7575B55C2EA7BD5BC6D2545C43B66581D89D32C895DD9BE95037F1D3616AF0015BD002B17B64102BA9DAEB26BEDABB33256003000000C8066DA02E6D6C6CE4F3F9858585DB6EBBEDAEBBEF7EFCECD9972F5CC8E6A86D7BED3770EAD4A9C3870FD77E27ABABAB69EF9CF113DB90DD7381F607D36AEC9A0ED9990E83AEB1D19F0BAA3D3BD59EDCDADA5AADE472B95CA150A87D31333353FBF7CD6F7EF3F6F676DAAB06000000C0A008D88295CBE5C5C5C543870E3DF1E4132F5F78D9681E4F3FF3F4E1C3876BBF9C9D9D9DB477D438A987019D2E13A9764E0B9A1F4F255D331DB2361D8613B08DE65C50ED59ABF6E4BEFEF5AFB797EB35D75CB3BEBE9EF6AA01000000302802B630E572B95028DC7AF2AB2F5F78C9E8346EBFE3F6FDFBF7974AA5B477D7D808BA6A27E1DDDB06BCCAAF321D32381D46EA0AB661CE05D59EC16A4FAE52A9BCF18D6F6CAEBAF7BDEF7D333333EE9C0900000030C1046C61161717771BAC2F1AD1E3AEBBBF71F0E03F4C7B778D8DA0506174980E199C0E2315B00D936ACF60B507F9C217BEF08637BCA111B07DE6339F595A5A4A7BA50000000018A051ECDA8FAC8D8D8D43873E7CE162C548323EFFBBFFFAD8B1DF4B7BA78D874666D0E9E29BF65021DD6BD7AAA64356A7C3D002B6919A0BAA3D9BD51EEA1DEF7847BDF0AEBBEEBA7C3E5FA954D25E23000000000648C09654A552C9E7F34F3E55BA70F10523C93877FE97FBF6BD6F7B7B3BED5D37063A8507D1A142F45B0D94E990D9E930CC802DC9E311ABD4AF5555ED99ADF650DFFCE6372FBFFCF25AE1CDCDCDF9F435000000808927604B6A7575757171F1C2C5E71BE39AB97F1271E544B3E657656A1C3BF6EFDD232B89EE428514AF60331D323B1D4633601BE85C50ED99ADF62E7CE8431F9ADA0DD8D25E1100000000064EC096D4FCFCFCA9AFFDCFFFDF60FDF0A1BFA9567FF24AF54717AADF7FA9FA9D97AA0F9EBBB8F2B57BFEECA95F3DF072F5FF54AA0F54AAF73E5FFDC68BD53FB8F77B9F3AF2E9D4DB9DA98C871E3E5D2814D2DE75BD2A97CB8B8B8BB57F07F723BA0B15A2DF6AA04C87CC4E87D10CD8A2DFAA47AA3DB3D5DE859D9D9D5AE165F0EA3D000000800C12B025353B3B7BE6CC23172E9EAF8FA9A9A973D5EAF94BD55F5DACFEE2E5EAF3D5EABFFA37374EBDEE2D073E3CFFD485EA132F559F78B15AAA541FBF58FD93BFFCCEEE750CE73338CE9D7F3697CBA5BDEB7A522E970F1E3C78EBC993C5627170195B7378B0E72538C3BF6A279AE990CDE95073E595570E346F1EC1B9A0DA335BEDDD19CE1F610000000052D7B78FA8595F5F5F5E5E9E9F9F2FBE666E6EAEF6C8DADADA402FFD199AE9E9E9679E7DEAC2C573F5313535F5FC2BD5975E79F5A98B975EFDF74FEFFCDF7FF7EFFDFD7F7BD3172F56ABCF5DACFEEA42F51717AAB52DFFC6B7BFBBDB633D97CD31D6ADC67ABAF6E0430FBF7CE162EDDFC1656CB1BFA53DAFE689BDD667704C870C4E87EA50F2E6119C0BAA3D9BD59E5CC429D0EAEAEACECE4EDA2B08000000C040F4DAFF5A5F5F9F9B9BCBE572F3F3F3CBCBCBA74E7DEDAEBBEFA98FDBEFB8F3861B6E5C5858989E9E3E70E0C0EAEA6A3F563835BB7DD2E71AA3F6EDF98BD5675FA8BEFCCAAF172897CBFFE9CB7FF87BFFF1CB4FFCF4D56EDA854BD597777BAFF73FF49D96D7666A8C6F8FB5395DAB8FC1656C3D860AED8B0DFAD76E3A646D3A548795378FE05C50ED19ACF6846AA740B5939F886B28EB0A85C28913272A954ADAEB0B000000403F75DFFFDADADA2A168BF3F3F3B7DF71672381E834EEBDEFFEC3873F5E2814363737FBB7F243B5DB27FDBF8DF16A8FF595EAD3CF577F76AE7AA15A7DF9A59766AFBE7A6AEAF55353B98FFEF3C3CD2F7CF0E1475A5E9BA931A63DD6F6746DA0195BC46FA9FD66772D5FEF794FBCA1046CA64356A643758879F308CE05D59EB56A4FA2763273E0C081D868AD593E9F5F5F5F4F7BC501000000E89B2EFB5FC78F1F2F140A77DD7D4F6CB4D6124E1C3C78F0C89123E3F8FFB877FBA4BF6A8CA9DDBB843DFB42F5A7CF557FFE62F5C1337FF58E77BCE3F56FB8E24D6FFBAD857FF11B3DD66F3FF470CB6B3335C6B1C7DA295D1BF4756C63C474C8CE74A80E3D6F1E35AA3D53D51EAB7602B3B8B8D8129ED5CE883EFFF9DF6DBE88BF366EB8E1C643870EB52C393F3F3FF15306000000202382FB5F954A65616161696929285A6B1E5FB9E59662B138769F4AB2DB272D3746EDDB172E557F5179F52286A75FACDEFDEDEDF7EE7BFF6FFD9DB7BF6DFA6FFDE17FFB9317ABD5732F559F7FE9D517DE7BFADB2DAFCDD418BB1E6B74BA96A95C2182E99091E9509537ABF62C557BACDAA94BCB856BD75FFFB9C7CF9E8D385E3CFDCCB3B5D39E999999E64BD9B6B6B6D2DE14000000007A15D6FFAA542A070E1C585B5BEB3A5D6BDC31B2F63EA55269301B3510535353172FFEB231EAADC3172E557F75A1FACB97AB3F7DEEC2FDDF2BEDFB071FB8E61FFDE39FBF54FD59A5FAF34AF5D997AA2F55ABF73EF0ED96D7666A8C578F3549BA969D5C2182E99085E9509537EF52ED19A9F658B593967C3EDFC8C9E6E6E6A2A3B59698ED861B6E6CBC3697CB9D3E7D3AED0D02000000A02761FDAF858585DED3B5464FF6C081036374AFC8963E69F19A83DFFDC18F1EFCDEF6E9ADEDFB1EDEBEEF91C7EEFFEED93F7FE0FB7FF9BD1F7FF3E1C7BEF5F00FEF7BE487A7BFF3D8F77EF4D7B7FC97931FBBEE63A9F73AF55863254FD732922B44301D267E3A54E5CDAF51ED59A8F658F5FF60D448C86E3A76AC8B339FDB6EFBE35C2ED7B88E6DEC2EE507000000A05940FFEBF8F1E3BDDC19B27D9C3AF5B5F9F9F9C16D5B7FEDF6587FD13C7EE7773E3D95C03FFBE8475B5E98A9312E3DD6D0742D0BB94204D361B2A74355DEDC44B54F7CB527B1B0B0D0D8B3B5B3975EFE77D1F4F474FD7D6A5326EDCD02000000A07B49FB5F5B5B5B8542A18FE95A7D7CEA539F3E71E2C440B7B05F767BACCF1AA1632C7AACDDA56B139F2B44301D26783A54E5CDBF49B54F76B527B1BEBEDE48D7BABB76AD79DC7EC79D8D775B5959497BE300000000E852D2FE57A150E82E7E881E4F3CF9D45557E5C7E24691AFF6585F79C6081DA3DF636DCF126EBFE3CEABAF9EEDF4E13A4F3FF3ECBE7DFB6E3D7972E2738508A6C3A44E87AABCB98D6A9FE06A4FA8760A54CFC3E6E6E6FA72F2D3F83CB6999999B1380502000000A05DA2FED7FAFAFAFCFC7CDFD3B5FAB8FEFACF8DC5FFE0DEEDB13E6D848E11EFB1EE99AED53F23E7AAABF2ED195B3D5DAB3746B39CB1990E13391DAAF2E6BDA8F649ADF684D6D6D6EA7FF36B8786279E7CAA2F673ECF9D3B3F3333537FDBA3478FA6BD8900000000742351FFAB582CDE75F73D030AD89E78F2A9999999416F67EF767BAC3F3742C728F75823D2B5BA968CAD395DCB78C6663A4CDE74A8CA9B3B50ED1359EDC9D58AB95EE4D75FFFB93E9EFCD4A64CFD6DA7A7A7D3DE4400000000BA11DFFF2A97CBD3D3D3034AD7EA63FFFEFDA74F9F1EC2D6F662B7C7FA3323748C6C8FB53D4B68BEA4A03D636B4FD7DA2F6898B05C2182E93061D3A12A6FEE4CB54F5EB52757ABE14685F7EBF2B5C6A8CDA9FA3B6F6E6EA6BDA100000000048BEF7FADAEAE2E2E2E0E3460BBE9D8B1A5A5A5216C6DACB5B5B552A9B4E753BB3DD69D842376E1E4EF16B46484BEFC943D178B7EEDF07BAC113BB1A1D3A74CD51E999E9E6ECFD81E7EE4913DD3B5DBEFB8B3FD1D262657E86E3A343F155B1B039D38A64335D974A8CA9B7BF8E3DF75B5A8F6D111B1F76BA740F55F63AD98FB7EF2F3A94F7DBAFEE623720A040000004090F8FED79123474E9C3831D080EDAEBBEF29168B43D8DA688F3DF658BDD5F5D6B7BEF5D4A9532DCF46270AF5671BCB24695986B635633BA7D16BD897F5D9730347AAC71ABD13EB3AA56B1119DB15575CD19E25B4A76BE3982B74D2CB74485893EDC51C1B0C980E7DDC890DF2E6AEAB3D61B5A8F65116BDF76BA740F5676F3A766C10273FF5373F70E0402ADB0E000000402FE2FB5F7373739D82847E8DC7CF9EBDEAAAFC10B6365AA55279DDEB5E57EF765D7EF9E5EF79CF7B9AFF4BFB6E27F16F9A4753A3F3371E6CFCBBE7C2D1DA5FD5FE6EED8B453FDEF7F56979C3889F5B7F76747662352E5D8BC8159A45A46BE3952B44089D0E119516BD587B5145BFB9E9D0AF9D58276FAEF6F0C73F49A9A8F61117BDF76BA740F5A7067122543BF9A9BF793E9FFE291000000000A1E2FB5F8542213A8DE87D3C77EE7C2E971BC2D6C66AB925DA9BDEF4A64F7CE213954AA5BADB637DE5959FB68F96C7EBDFB62FDCE9E5D1CB341E69FF62CF9747E8717D5ADEAAE5A988F71C7E8F3562272649D76233B6D8746D8C728568BD4F878495165A90A6435F766255DEDCA48B6A0F2D72D53EB222F67EED14A8FEE0804E841A3F34EDDF0100000000C1E27B3A333333CD1FAB33A031B5FB0127D15DC2D4BDF2CA53EDA3F178F302110B277FF3FA83CDEF1FFD924E3F34E102B12F8FDED8884D1E9D3D7BF0E0C1BBEEBE27614DFEF9E65FBCFEF5AF6F7987CB2EBBECE4C93F4AF80EF57B9F8ECEE6F757F2126A7FBC8B1F31653AF4DBF0F3E60F7EF08343DEC67EE9B196427FC4946A1F198DECADFEE9837D1F8DF71FC2091F00000000FD15DFD3999D9D7DF4CC9921046C43D8DA586F7BDBDB1A6DB5F95DC562717B7BBBFAEB8B189E6C8CF6365CFDC1C6B3CD0BB78CE6673B2DB9E732D12F8CFEA1ED0BC4361623DEA165AB237EF4F0F76CC44EDCDADA3A78F0E0D3CF3C1B5B90B565DA3F65AAEEAAABF2493AADB577A8FDDCDA4F1CF2E6F751F2E91054F3496A35A2DA4D877EEDC454F2E6216F7E7241D5DE4BF1ABF61114B1F76BA740F5C707742294CBE5EAEF9FF6EF000000008060F13D9D62B198BC09DBDD1891CF602B97CBF53ED7ECECEC273FF9C9DABF6B6B6B8D6777DB884FB48FE6C71B5F775A78CFA72216DE73C9E67FDB17886B9B76FCB9D1DF466C60F4FA0FB96F18BD13ABC932B68874AD2E36639B80742D683A346A32A2EAF6ACFCD82A351D06B713E5CD0DDDFDF10FFA1BAEDA4756F4DE6F5C84378813A1DABCA8BFF9F4F4748ABF0100000000BA13DFFF5A5C5CBCF5E4C981066CF7DE77FFFEFDFB87B0B5D17EF2939FE472B9B9B9B97C3EBFB4B4D4F28941BB9DC4BF6E19AF352EF77EBCFDA9C8EE67C737692CD0FE6F92D169C996C7A3BF6DD9DEE667A3D764C83DD6E89D58179D2BEC99255C76D9652D8F44E40A239E2524D4C574485E48D135D66961D3A1BF3BB12A6F7E4DD77FFCF7A4DA53A9F6AE45EFFDDA29507DDBBF72CB2D7D3FF979F4CC99FA9B170A85B4361F00000080AEC5F7BF565656AEBFFE73030DD86E3D79F2F0E18F0F7E63E3ADAFAFAFAEAE964AA5F6A7A27BAC7BB64493B73E63971F508F355AA72D1DF11E6BC44E6CE8942BEC9925E472B93FF8CF5F6EFF0CAA3D7385D1CF12920B9D0EC99BF5D11598B0A44D871E77629DBCB9AEBB6A4FB2D355FBE88BD8FBC78F1FAF6F7EED2CA5EF273F371D3B567FF3858585A16F3400000000BD8AEF7F954AA57C3E3FD080EDD0A1431B1B1B43D8DA5EEC76127FD23CEA8F34FFDBF254F448B24CCB92D13F3189881548B2092D6B92644346B6C7DA9E2B744AD76EBFE3CEDAB30F3EF4706CC6362E5942EF22767AF2B9907C0A980E03256F8E165BA8492A59B58FA9EDEDEDFA2FB056F3CF9D3BDFDF939FDABCABBFF9EAEA6ADA1B0A00000040B044FDAFD9D9D947CF9C1950BAF6DCB9F3D3D3D3954A65D09BDAA3573B89974A8DD1F8B6E5F18807EB8F77EC7E7658BEFD67B53C18FBA3132E19FD6DC456777AFFC6B369EFBA8EDA7385C3873FDEBC531AE95A7DB4676C870E1D6AB45C27234B48A8F7F2331D468ABC3942F43E8DDDE9AA7DDCE5F3F9FA9E3A75EA6B7D3CF9A94D96460DEC79376300000000465CA2FED740EF12F9C59B6FAEBDF9A0B7B377BB9DC41FB78F3D1FEFB470E832ED8BD5BF8D7EED9E2FD973B16811EFDCBC1A2D0FB6BF24ED5D172522636B49D7DA33B6CCA66BD50ED321742E04CD29D361D0E4CD9DC4FEADEEE50FBE6A1F7D4B4B4BF55FCBBE7DFBFA7811DB47AEBDB6FEB6F3F3F3696F2200000000DD48D4FFAA542AF97CFE89279FEA7BBAF6DCB9F3575D95DFD9D919F476F66EB781F857ED63CFC73B2D1CBA4CCB92CD2F897879CB5309D73CC9AB9AD7A47DAD3ABD24ED5D1763CF5C61CF74AD395798D42C21A1F67D1D34419AABA8437FDF744881BC794FB17FAB13FEC157ED63AA5C2ECFCCCCD437FCA663C7FA72F273EF7DF7370A6062660A00000040D624ED7FADADAD7DECBAEBFA1EB08DCBE56BD55FF758CFB68F3D1F6F7F30A2BBFA9B9DD68E3FA2E5D94E0BEFF94363978C7DC396B76A5F994E3F682C7AACEDB9C2830F3D1C51B78F9E3933A959424249AA31B6F682E694E9301CF2E6769DF66FD01F73D53ED6565656EA9B599B0B77DD7D4F8F673E8F9F3DDB48EC8E1C3992F6C601000000D0A580FED747AEBDB6BF1F40F2E89933F51B2E0D6EF3FA68B781F8B8113AC6A5C7DA9E2B241993972524643A4CF0749037B750ED135CEDC91D3870A01E89CDCCCC347FD660E8A84D96C6A71BD6DE6A2CAEE007000000604F01FDAF72B9BC7FFFFE47CF9CE94BBAF6F433CFEEDBB7EFF1B36707B76DFDB5DB63FD91113AC6A8C71A9AB14D64969090E930D9D341DEDC4CB54F76B527542A951A37449D9999894E9D3B8D279E7CAA91AEE572B9CDCDCDB4370B00000080EE85F5BFB6B7B7F7EFDFDFCBFFDD6EF4613F72EDB5B7DF71E780B66A10F458B3D0634D9E2B4C6A969090E930F1D341DEDCA0DA27BEDA13DADCDC6CDC123397CB7DE5965B82CE7CEEBDEFFEC69D216B565656D2DE20000000007A12DCFFDADADADAB76FDFBDF7DDDF75BAF6E89933FBF7EF1FAF74ADBADB63BD74E93123748C5D8F3549AE30C1594242A64316A683BCB94EB567A1DA135A5F5F6F5CC756533B1DEAF4F1842D17AE7DECBAEB9A3FA24FBA060000003001BAE97F95CBE583070FDE70C38DA137107BEEDCF92FDE7C73FD3E937DDF9241DBEDB1FED0081DE3D8638DCE15263B4B48C874C8C874903757557B66AA3DA1EDEDEDD9D9D9E6B46CDFBE7DB533A2F61B683FF1E4535FB9E59643870E352F3C3D3DEDCE900000000093A1CBFE57A552B9E1861BAFBE7AF68B37DFFCDCB9F349D2B55B4F9EAC2D7FFDF59F7BFA9967FBBB0DC3B1DB63DD3642C798F6583BE50A139F2524643A64673AC89B557B76AA3DA172B9BCBCBC9CCBE5A6F6B27FFFFE4E4F2D2C2CECECECA4BDFA00000000F4474FFDAF9D9D9DA3478F4E4F4F7FE4DA6B6F3D79F2C1871E6EE9BDD61EB9EDB63FFED875D7D596397CF8E3A552A94FAB9D82DD1EEB0F8CD031BE3DD6F65C210B594242A643A6A643C6F366D59EA96A4FAE760AB4B8B8B86790D6AE36534E9F3E9DF62A03000000D04F7DE87F552A95F5F5F5C5C5C57DFBF6B574946A8F7CECBAEBD6D6D6CAE572EF3F285DB95CEE85171EB974E9FB46D018EB1E6B73AE90912C2121D3216BD321CB79B36ACF5AB507A99D02D54E726AA7408542A1E514289FCFCFCFCF9F3871C2556B00000000132913FDAFBEC8E7F33FFEF19F5DBA74C6081AE3DE63ADE70A8F9F3D9B912C2121D32183D321B379B36ACF60B5F762717131ED5500000000601832DAFFEAC2DCDCDCFFDA3871A9FAA8917CFC60FB4F676767D3DE75BDDADADACAE7F319C91212321DB2391DB29937ABF66C567B771E78E081A9A9A909B86A1F000000805802B6A48E1F3FBEB4F489D4BB96E335FE68F5A6C9F8BFFC93B1157D643A64763A64306F56ED99ADF62E5C79E5955353539FFDEC67D35E1100000000064EC09654A9549A9DFDED172A0F5EAA7ECF4838E6E73FB4BEBE9EF6AEEB83CCDEEBAC13D321CBD3216B54BB6A4FE84B5FFA52FDD3D7DEF9CE77662A8406000000C826B14180E5571DB954FDAE9164FC8FB5FFB0B03097F64EEB0F015B3BD321B3D3218354BB6A8F552E9773B95C3D60BBE28A2BDEFFFEF7A7BD46000000000C96D82040A55229163F70FAF47FAF56BF63448F9D9DBB67677FBB5CBE37ED9DD61F02B676A64366A74306A976D51E6B7E7E7EAAC995575EB9BABA9AF64A010000003040628330DBDBDB85C2D5DBDBEBD5EA96D169ECECDC5D2C7E6073F3AB69EFAEBE11B0EDC974C8E674C826D5AEDA2394CBE5A936EF7AD7BB2A954ADAAB06000000C0A0880D829D3E7DBA50B8FAF8F17F59AD3E62B48FF5F59B6767F39B9BFF35ED1DD54F02B64E4C870C4E87CC52EDAABD93AF7EF5ABF550EDBDEF7D6F23607BF7BBDFBDB9B999F6AA01000000302862836E542A95A5A5C562F1FDABABFF6E67E71BD5EAC346B9FC176B6BBFBFB070687EBE58FB3AED5DD46702B608A643D6A64396A976D5BEA76F7DEB5B6F79CB5BF2F9FCF4F474ED7831B3EBED6F7FBB800D0000006082890DBAB7B9B9B9B8F84F6766FE76FB8DA132687AFAAD0B0B1F5E5BFBFDB477CB404C09D8E2980ECD267B3AA0DA9BA9F6BAADADAD52A9547DED7851FBBAF648CAEB04000000C020890D20DE94800D80041C2F0000000032421B08E26998029084E30500000040466803413C0D53009270BC00000000C8086D2088A7610A40128E170000000019A10D04F1344C0148C2F1020000002023B481209E86290049385E0000000064843610C4D330052009C70B000000808CD00682781AA60024E178010000009011DA40104FC31480241C2F0000000032421B08E26998029084E30500000040466803413C0D53009270BC00000000C8086D2088A7610A40128E170000000019A10D04F1344C0148C2F1020000002023B481209E86290049385E0000000064843610C4D330052009C70B000000808CD00682781AA60024E178010000009011DA40104FC31480241C2F0000000032421B08E26998029084E30500000040466803413C0D53009270BC00000000C8086D2088A7610A40128E170000000019A10D04F1344C0148C2F1020000002023B481209E86290049385E0000000064843610C4D330052009C70B000000808CD00682781AA60024E178010000009011DA40104FC31480241C2F0000000032421B08E26998029084E30500000040466803413C0D53009270BC00000000C8086D2088A7610A40128E170000000019A10D04F1344C0148C2F1020000002023B481209E86290049385E0000000064843610C4D330052009C70B000000808CD00682781AA60024E178010000009011DA40104FC31480241C2F0000000032421B08E26998029084E30500000040466803413C0D53B2602A81E8970F6D55616499080000000019A10D04F1344C193B49D2B296C28EADF3F6E5BB4EE36052A97C000000808CD00682781AA64C861E2F41DB7381F607CD17B24CFD0300000064843610C4D33065322409D8222E47EBF4F2E6C74D1632CE1400000000C8086D2088A761CA04E8EE02B54E0B74710B4AC802650F0000009011DA40104FC394719724EEEA7D01C03401000000C8086D2088A761CA586BB9C163EC9D1E3B5D88B6E7C7ADB9760D9A297E000000808CD00682781AA68CAF3DE3B13D4BBA5390161DB045FF50C81AC50F0000009011DA40104FC394311511AA45A46541019B2BD8A099E207000000C8086D2088A761CA384A9EA8B57CEB0A36E89AE207000000C8086D208897CBE52A954ADA6B010192846111419ACF6083EE287E000000808CD0068278F97CBE542AA5BD16D093D8BE7FE802F56F63AF7B834C51F90000000019A10D04F10A85C2D6D656DA6B013D1974C0D6BE98A481ACD9D9D9999999497B2D000000001806DD4F88572C16373737D35E0BE8492F015BFB8D1F5BBE4E784B49986CA552299FCFA7BD16000000000C83EE27C45B5C5C5C5D5D4D7B2D0018691B1B1B73737369AF0500000000C320608378ABABAB8B8B8B69AF0500236D7957DA6B01000000C03008D820DEF6F6F6ECEC6CDA6B01C0489B9B9BDBD8D8487B2D000000001806011B24522814B6B6B6D25E0B0046D4CECE4E3E9FAF542A69AF0800000000C3206083445656568E1E3D9AF65A0030A21C26000000003245C00689542A957C3EBFB3B393F68A0030721C2300000000B246C006496D6E6E168BC5B4D7028091B3B8B8B8BABA9AF65A00000000303C023608B0BCBCEC0E6000345B59593972E448DA6B01000000C05009D820CCD2D2D2DCDC5CB95C4E7B45004859A552595C5C94AE010000006490800D826D6C6CE4F3F9E5E5651FB703904DE572796565A5762C706748000000806C12B04137CAE5F2F2F2723E9F9F9B9BAB7DB1B9B999F61A013070B5BFF6C78F1F9F9F9FAFFDFD3F7AF4A8FF660100000090590236E85EA552D9D8D8585E5E2E168B53004CBADA5FFBA5A5A5F5F575370A06000000C838011B0000000000000410B00100000000004000011B0000000000000410B00100000000004000011B0000000000000410B00100000000004000011B0000000000000410B00100000000004000011B0000000000000410B00100000000004000011B0000000000000410B00100000000004000011B0000000000000410B00100000000004000011B0000000000000410B00100000000004000011B0000000000000410B00100000000004000011B0000000000000410B00100000000004000011B0000000000000410B00100000000004000011B0000000000000410B00100000000004000011B0000000000000410B00100000000004000011B0000000000000410B00100000000004000011B0000000000000410B00100000000004000011B0000000000000410B00100000000004000011B0000000000000410B00100000000004000011B0000000000000410B00100000000004000011B0000000000000410B00100000000004000011B0000000000000410B00100000000004000011B0000000000000410B00100000000004000011B0000000000000410B00100000000004000011B0000000000000410B00100000000004000011B0000000000000410B00100000000004000011B0000000000000410B00100000000004000011B0000000000000410B00100000000004000011B0000000000000410B00100000000004000011B0000000000000410B00100000000004000011B0000000000000410B00100000000004000011B0000000000000410B00100000000004000011B0000000000000410B00100000000004000011B0000000000000410B00100000000004000011B0000000000000410B00100000000004000011B0000000000000410B00100000000004000011B0000000000000410B00100000000004000011B0000000000000410B00100000000004000011B0000000000000410B00100000000004000011B0000000000000410B00100000000004000011B0000000000000410B00100000000004000011B0000000000000410B00100000000004000011B0000000000000410B00100000000004000011B0000000000000410B00100000000004000011B0000000000000410B00100000000004000011B0000000000000410B00100000000004000011B0000000000000410B00100000000004000011B0000000000000410B00100000000004000011B0000000000000410B00100000000004000011B0000000000000410B00100000000004000011B0000000000000410B00100000000004000011B0000000000000410B00100000000004000011B0000000000000410B00100000000004000011B0000000000000410B00100000000004000011B0000000000000410B00100000000004000011B0000000000000410B00100000000004000011B0000000000000410B00100000000004000011B0000000000000410B00100000000004000011B0000000000000410B00100000000004000011B0000000000000410B00100000000004000011B0000000000000410B00100000000004000011B0000000000000410B00100000000004000011B0000000000000410B00100000000004000011B0000000000000410B00100000000004000011B0000000000000410B00100000000004000011B0000000000000410B00100000000004000011B0000000000000410B00100000000004000011B0000000000000410B00100000000004000011B0000000000000410B00100000000004000011B0000000000000410B00100000000004000011B0000000000000410B00100000000004000011B0000000000000410B00100000000004000011B0000000000000410B00100000000004000011B0000000000000410B00100000000004000011B0000000000000410B00100000000004000011B0000000000000410B00100000000004000011B0000000000000410B00100000000004000011B0000000000000410B00100000000004000011B0000000000000410B00100000000004000011B0000000000000410B00100000000004000011B0000000000000410B00100000000004000011B0000000000000410B00100000000004000011B0000000000000410B00100000000004000011B0000000000000410B00100000000004000011B0000000000000410B00100000000004000011B0000000000000410B00100000000004000011B0000000000000410B00100000000004000011B0000000000000410B00100000000004000011B0000000000000410B00100000000004000011B0000000000000410B00100000000004000011B0000000000000410B00100000000004000011B0000000000000410B00100000000004000011B0000000000000410B00100000000004000011B0000000000000410B00100000000004000011B0000000000000410B00100000000004000011B0000000000000410B00100000000004000011B0000000000000410B00100000000004000011B0000000000000410B00100000000004000011B0000000000000410B00100000000004000011B0000000000000410B00100000000004000011B0000000000000410B00100000000004000011B0000000000000410B00100000000004000011B0000000000000410B00100000000004000011B0000000000000410B00100000000004000011B0000000000000410B00100000000004000011B0000000000000410B00100000000004000011B0000000000000410B00100000000004000011B0000000000000410B00100000000004000011B0000000000000410B00100000000004000011B0000000000000410B00100000000004000011B0000000000000410B00100000000004000011B0000000000000410B00100000000004000011B0000000000000410B00100000000004000011B0000000000000410B00100000000004000011B0000000000000410B00100000000004000011B0000000000000410B00100000000004000011B0000000000000410B00100000000004000011B0000000000000410B00100000000004000011B0000000000000410B00100000000004000011B0000000000000410B00100000000004000011B0000000000000410B00100000000004000011B0000000000000410B00100000000004000011B0000000000000410B00100000000004000011B0000000000000410B00100000000004000011B0000000000000410B00100000000004000011B0000000000000410B00100000000004000011B0000000000000410B00100000000004000011B0000000000000410B00100000000004000011B0000000000000410B00100000000004000011B0000000000000410B00100000000004000011B0000000000000410B00100000000004000011B0000000000000410B001C0FF6BCF8E050000000006F95B8F617F69040000000030083600000000000018041B0000000000000C820D00000000000006C10600000000000083600300000000008041B0010000000000C020D800000000000060106C00000000000030083600000000000018041B0000000000000C820D00000000000006C10600000000000083600300000000008041B0010000000000C020D800000000000060106C00000000000030083600000000000018041B0000000000000C820D00000000000006C10600000000000083600300000000008041B0010000000000C020D800000000000060106C00000000000030083600000000000018041B0000000000000C820D00000000000006C10600000000000083600300000000008041B0010000000000C020D800000000000060106C00000000000030083600000000000018041B0000000000000C820D00000000000006C10600000000000083600300000000008041B0010000000000C020D800000000000060106C00000000000030083600000000000018041B0000000000000C820D00000000000006C10600000000000083600300000000008041B0010000000000C020D800000000000060106C00000000000030083600000000000018041B0000000000000C820D00000000000006C10600000000000083600300000000008041B0010000000000C020D800000000000060106C00000000000030083600000000000018041B0000000000000C820D00000000000006C10600000000000083600300000000008041B0010000000000C020D800000000000060106C00000000000030083600000000000018041B0000000000000C820D00000000000006C10600000000000083600300000000008041B0010000000000C020D800000000000060106C00000000000030083600000000000018041B0000000000000C820D00000000000006C10600000000000083600300000000008041B0010000000000C020D800000000000060106C00000000000030083600000000000018041B0000000000000C820D00000000000006C10600000000000083600300000000008041B0010000000000C020D800000000000060106C00000000000030083600000000000018041B0000000000000C820D00000000000006C10600000000000083600300000000008041B0010000000000C020D800000000000060106C00000000000030083600000000000018041B0000000000000C820D00000000000006C10600000000000083600300000000008041B0010000000000C020D800000000000060106C00000000000030083600000000000018041B0000000000000C820D00000000000006C10600000000000083600300000000008041B0010000000000C020D800000000000060106C00000000000030083600000000000018041B0000000000000C820D00000000000006C10600000000000083600300000000008041B0010000000000C020D800000000000060106C00000000000030083600000000000018041B0000000000000C820D00000000000006C10600000000000083600300000000008041B0010000000000C020D800000000000060106C00000000000030083600000000000018041B0000000000000C820D00000000000006C10600000000000083600300000000008041B0010000000000C020D800000000000060106C00000000000030083600000000000018041B0000000000000C820D00000000000006C10600000000000083600300000000008041B0010000000000C020D800000000000060106C00000000000030083600000000000018041B0000000000000C820D00000000000006C10600000000000083600300000000008041B0010000000000C020D800000000000060106C00000000000030083600000000000018041B0000000000000C820D00000000000006C10600000000000083600300000000008041B0010000000000C020D800000000000060106C00000000000030083600000000000018041B0000000000000C820D00000000000006C10600000000000083600300000000008041B0010000000000C020D800000000000060106C00000000000030083600000000000018041B0000000000000C820D00000000000006C10600000000000083600300000000008041B0010000000000C020D800000000000060106C00000000000030083600000000000018041B0000000000000C820D00000000000006C10600000000000083600300000000008041B0010000000000C020D800000000000060106C00000000000030083600000000000018041B0000000000000C820D00000000000006C10600000000000083600300000000008041B0010000000000C020D800000000000060106C00000000000030083600000000000018041B0000000000000C820D00000000000006C10600000000000083600300000000008041B0010000000000C020D800000000000060106C00000000000030083600000000000018041B0000000000000C820D00000000000006C10600000000000083600300000000008041B0010000000000C020D800000000000060106C00000000000030083600000000000018041B0000000000000C820D00000000000006C10600000000000083600300000000008041B0010000000000C020D800000000000060106C00000000000030083600000000000018041B0000000000000C820D00000000000006C10600000000000083600300000000008041B0010000000000C020D800000000000060106C00000000000030083600000000000018041B0000000000000C820D00000000000006C10600000000000083600300000000008041B0010000000000C020D800000000000060106C00000000000030083600000000000018041B0000000000000C820D00000000000006C10600000000000083600300000000008041B0010000000000C020D800000000000060106C00000000000030083600000000000018041B0000000000000C820D00000000000006C10600000000000083600300000000008041B0010000000000C020D800000000000060106C00000000000030083600000000000018041B0000000000000C820D00000000000006C10600000000000083600300000000008041B0010000000000C020D800000000000060106C00000000000030083600000000000018041B0000000000000C820D00000000000006C10600000000000083600300000000008041B0010000000000C020D800000000000060106C00000000000030083600000000000018041B0000000000000C820D00000000000006C10600000000000083600300000000008041B0010000000000C020D800000000000060106C00000000000030083600000000000018041B0000000000000C820D00000000000006C10600000000000083600300000000008041B0010000000000C020D800000000000060106C00000000000030083600000000000018041B0000000000000C820D00000000000006C10600000000000083600300000000008041B0010000000000C020D800000000000060106C00000000000030083600000000000018041B0000000000000C820D00000000000006C10600000000000083600300000000008041B0010000000000C020D800000000000060106C00000000000030083600000000000018041B0000000000000C820D00000000000006C10600000000000083600300000000008041B0010000000000C020D800000000000060106C00000000000030083600000000000018041B0000000000000C820D00000000000006C10600000000000083600300000000008041B0010000000000C020D800000000000060106C00000000000030083600000000000018041B0000000000000C820D00000000000006C10600000000000083600300000000008041B0010000000000C020D800000000000060106C00000000000030083600000000000018041B0000000000000C820D00000000000006C10600000000000083600300000000008041B0010000000000C020D800000000000060106C00000000000030083600000000000018041B0000000000000C820D00000000000006C10600000000000083600300000000008041B0010000000000C020D800000000000060106C00000000000030083600000000000018041B0000000000000C820D00000000000006C10600000000000083600300000000008041B0010000000000C020D800000000000060106C00000000000030083600000000000018041B0000000000000C820D00000000000006C10600000000000083600300000000008041B0010000000000C020D800000000000060106C00000000000030083600000000000018041B0000000000000C820D00000000000006C10600000000000083600300000000008041B0010000000000C020D800000000000060106C00000000000030083600000000000018041B0000000000000C820D00000000000006C10600000000000083600300000000008041B0010000000000C020D800000000000060106C00000000000030083600000000000018041B0000000000000C820D00000000000006C10600000000000083600300000000008041B0010000000000C020D800000000000060106C00000000000030083600000000000018041B0000000000000C820D00000000000006C10600000000000083600300000000008041B0010000000000C020D800000000000060106C00000000000030083600000000000018041B0000000000000C820D00000000000006C10600000000000083600300000000008041B0010000000000C020D800000000000060106C00000000000030083600000000000018041B0000000000000C820D00000000000006C10600000000000083600300000000008041B0010000000000C020D800000000000060106C00000000000030083600000000000018041B0000000000000C820D00000000000006C10600000000000083600300000000008041B0010000000000C020D800000000000060106C00000000000030083600000000000018041B0000000000000C820D00000000000006C10600000000000083600300000000008041B0010000000000C020D800000000000060106C00000000000030083600000000000018041B0000000000000C820D00000000000006C10600000000000083600300000000008041B0010000000000C020D800000000000060106C00000000000030083600000000000018041B0000000000000C820D00000000000006C10600000000000083600300000000008041B0010000000000C020D800000000000060106C00000000000030083600000000000018041B0000000000000C820D00000000000006C10600000000000083600300000000008041B0010000000000C020D800000000000060106C00000000000030083600000000000018041B0000000000000C820D00000000000006C10600000000000083600300000000008041B0010000000000C020D800000000000060106C00000000000030083600000000000018041B0000000000000C820D00000000000006C10600000000000083600300000000008041B0010000000000C020D800000000000060106C00000000000030083600000000000018041B0000000000000C820D00000000000006C10600000000000083600300000000008041B0010000000000C020D800000000000060106C00000000000030083600000000000018041B0000000000000C820D00000000000006C10600000000000083600300000000008041B0010000000000C020D800000000000060106C00000000000030083600000000000018041B0000000000000C820D00000000000006C10600000000000083600300000000008041B0010000000000C020D800000000000060106C0000000000003008360000000000001802C0C6F11AEE600B0C0000000049454E44AE426082, 0);
INSERT INTO `act_ge_bytearray` VALUES ('22541', 1, 'chapter.png', '22540', 0x89504E470D0A1A0A0000000D4948445200000920000003A20802000000E5C57C6800002F4849444154789CECDD7F6C9CF75DC071AB63E82A51F5108359FC939BF8A39606F8C426D97F911B128D91A03D89A931FC9159AAD6469A482B84360B9406B16611A225426B94C11A2C5087D194CAD2DA12D6A4184832D326A9FB239BD7C6ABBB249DD724DD9524CD357192878B6F1C87939CFD89CF7EECBBD74B1F59B1EFEEEBFBDE73CF3F79EB397724000000000000C08275A4FD04000000000000603511D80000000000002040600300000000008000810D0000000000000204360000000000000810D80000000000002040600300000000008000810D0000000000000204360000000000000810D80000000000002040600300000000008000810D0000000000000204360000000000000810D80000000000002040600300000000008000810D0000000000000204360000000000000810D80000000000002040600300000000008000810D0000000000000204360000000000000810D80000000000002040600300000000008000810D0000000000000204360000000000000810D80000000000002040600300000000008000810D0000000000000204360000000000000810D80000000000002040600300000000008000810D0000000000000204360000000000000810D80000000000002040600300000000008000810D0000000000000204360000000000000810D80000000000002040600300000000008000810D0000000000000204360000000000000810D80000000000002040600300000000008000810D0000000000000204360000000000000810D80000000000002040600300000000008000810D0000000000000204360000000000000810D80000000000002040600300000000008000810D0000000000000204360000000000000810D80000000000002040600300000000008000810D0000000000000204360000000000000810D80000000000002040600300000000008000810D0000000000000204360000000000000810D80000000000002040600300000000008000810D0000000000000204360000000000000810D80000000000002040600300000000008000810D0000000000000204360000000000000810D8DA57B95C1E1E1EEEEFEF2F140AB95CAEA35D55F65E79058AC5E2D0D050A9544AFBB00000000000002B9DC0D6A6F6ECD993CBE5FAFBFB9F7AEAA9BDFBF61D9B9CBC3433D39E53D97BE515D8BD7BF7860D1B2AAFC9D0D050DA0707000000000058D104B6B6532A95060606D6AD5B77FCC4F14B33974CFD9C3A7D6AC3860D9517677A7A3AED03050000000000AC50025B7B29954AF97CFEC95D5FBF3473D1DC6C9E79F6999E9E9EA9A9A9B40F170000000000B012096CED65606060B6AE7D681ACFDE7DCFAF5DFB9B691F2E0000000000602512D8DAC89E3D7BD6ADBB7BE672D92C64BEF8A53FD9BAF5CB691F34000000000060C511D8DA45B95CCEE572274E4ECD5CBE601632E7CEFFA4BBFBD7272626D23E740000000000C0CA22B0B58BA1A1A181818199CB1FD4E6337DBFDBB130F58F6AABD9BAF52F060707D33E740000000000C0CA22B0B58B62B1B8FBE97FFEBFBA76F7BA1F25C9DB5792376792EF5E4C5EB9981C3A7779FBD32F7CFBE4FB2F5E4AFEAB9CBC584EF67F903CFF61F237FB5F7B60E383A9B7AE54E6F091B17C3E9FF6A1030000000000561681AD5D7475751D3DFAF2CCE5F3D5E9E8E8389724E7AF26EF5F4EDEBB947C90247FFCA78F74DCF673BD77174FCE24C72F26C73F4CA6CAC9B1CBC937BFF3CAEC456CE7DB70CE9D3F93C964D23E740000000000C0CA22B05D532E97474646B66CD9522C160BFFABAFAFAFF293E1E1E152A994F6136C826C367BFACCC999CBE7AAD3D1D1F1C195E4E2956B375DBE7AEDEBB79EFBD75FFE955FFDB3471FBB9C24672F27EFCF24EFCD24959D3FFFD2ABB381ED5C7B4E65EFE91EB8E5D4E044181A1A9A9E9E4EFB090200000000C08AD046F1E086464646FAFAFA32994CB158DCB265CBEEDD4FEFDDF742759E79F6B9CD9B1FE9EFEFCF66B3BDBDBD434343693FD945998D64676B53F9F6FCE5E4CC85E4D2959FDEA1542AFDF557BFF6E5BFFAEAF177AE759499ABC9A5D9F076F0F02B731EDB56D32681AD7222544E8179FF1A5F3E9FDFB97367B95C4EFBF90200000000409ADA221EDCD0F8F878A15028168BCF3CFBDCA599CB8D67FF81831B367C2E9FCF8F8E8EA6FDC46FD16C24FBEFDA5C0B6C5792531F243F3E97CC24C9A58B17BBEEBAABA3E3231D1D99CFFEC186FA071E3AF2F29CC7B6D5B47C60ABBCA57B7B7BE74D6BF572B9DCC8C848DA4F1C000000000052D3E2F1E066B66DDB96CFE7F7EE7B61DEB4563F870E1F59BB76EDC68D1B57E3153CB391ECFDDA543F22F2CC85E49DB3C9BB1F26878EFEE0E31FFFF8477EE6676FBFF363FD7FF8FF02DB4B878FCC796C5B4D0B07B6CADB786060E0FA6BD4BEF8C52FD55FCA5999CD9B1F59B76EDD9C7B168BC5D6F8F4540000000000886AD9787033E572B9BFBF7F70703094D6EAE7891D3B0A85C2AAFB7B54B391AC549BCAB717AE26EF95AF5DC176EAC364DF4B13BFD6FDA98FFDE22FDD99FDF9AFFDC3373F4C927317930F2E5E7BE0FEB197E63CB6ADA655035BE50D3CE7C2B54D9B1E3A3639D9E09D7FEAF499CA9BBFB3B3B3FE52B6F1F1F1B4B7020000000000CBAD35E3C1CD94CBE5DEDEDEE1E1E15BAE6BB54F8CACAC33353595F686023A3A3A2E5FFE496DAADDE8C2D5E4FD99E427979277CECE1C7C6DAAFB373EFD99DFFE9D772F263F2E27EF96933317938B49B2FFC597E63CB6ADA625035BE5AD9BCBE56A9DACAFAFAF715A9B93D9366F7EA4F6D84C2633363696F68600000000006059B5603C68A0BFBF7FF175ADF67191BDBDBDABE8B322E744B2C267D6BEFABD370FBD3631363E71E0C8C48197DF38F8EAE4BFBDF8DDEFBCF6D67F1C79E33F8F7CFFC0CBDF1F7BE58DD7DEFCE18EBFDD75DFFAFB520F5D025BB3543373AD903DBA75EB2DBCFF9F7AEA1B994CA6761DDBAABBA013000000000016A3D5E24103DBB66D5BCC27435E3FBB773F5D2C16D3DED642CD06B6F7EAE70B5F78B063017EFFB39F9DF3C0B69AD60B6CFDFDFDB5835B790F2FA63167B3D9EA3A854221ED6D0100000000C0F269B5787033E3E3E3F97CBE8975AD3A0F3CF0E0CE9D3BD3DEDC82CC06B633263A2D16D84646461679ED5AFD3CF3EC73B5D5B66FDF9EF6E600000000006099B4543C68209FCF1F3A7CA4E981EDF889936BD6E456C507455E0B6C574E9BE8B45860AB9C08B5BFBBD69453A0F6F7D83A3B3B57C5890000000000008BD752F1E0664646468AC562D3EB5A75366D7A68555CBB331BD84E99E8B452601B1E1EAEC6B04C2673FCC4C9A6BCFFCF9E3BDFD9D9595DF6E1871F4E7B8B0000000000B01C5A271E34502814F6EE7B618902DBF113273B3B3BD3DEE2FC6603DBBB263AAD14D82A2742B5846DDAF450134F812777EDAA2E9BCD66D3DE2200000000002C87D6890737532A95B2D9EC12D5B5EAF4F4F48C8D8DA5BDD179CC06B61F9BE8B44C60AB9C08B5BF97D6ACCBD76AB3664DAEBAF2E8E868DA1B05000000008025D722F1A081A1A1A1818181250D6C8F6EDD3A383898F646AF191E1E9E9A9ABAE14DB3816D7AF1B3F0753A1A6ACA6FB9E1DD9AB5D3DA6ACB7B0C17A5C11BA07222545FF942A1D0F453E081071EAC2EBE424E0400000000005852AB291EDC9A8D1B37EEDCB9734903DBDE7D2F140A85B4379ABCF1C61BD5C871C71D77ECDEBD7BCEAD4D0F6CF366B306BF71214F26749FFA3BB76D606BFC06A89C08D55B1FDDBA75294E81EAE2BDBDBDA9EC1D000000000096D3AA8907B7ACAFAFEF99679F5BD2C0766C7272CD9A5CDA1B4DCAE5F26DB7DD56ED1C1FFDE8473FF9C94FD65FCC349B9D7EB4C8A92E3267A99BADDCE0375E7F53E3CBDDEA02DE8DD7A9BFA9293BAD5F2DBD431AD3F80D503911AA372DC5E9503905AA8BE772E99F080000000000B0D4564D3CB865F97CFED0E1234B1AD8CE9E3B9FC964D2DEE8359D9D9DF539EAF6DB6FBFFFFEFBCBE572321BD8AE5C796791535BE4FA7FDCF0CE0DDC6CE585FCF6398B5F7FD3C2D75CC82F4DFBA806347803544E84EA0F97E874A8FDD2B45F0300000000005872ADFFBFE19D9D9DC74F9C5CD2C056AD0B854261DE0BB0D275E5CAC9C54C7585DA3AF3AE3FEF6F6C7C87853CE1FA2773B3E7B9F85DAFFC23BB10B5F6766C7272294E81DAFA699FF10000000000B0E45AFF7FC3BBBABA5E3F7A7419025BDA1BBDE6CE3BEFAC0595E2AC42A130313191FCF40AB613B73CF50FAFFDFB863F6CF093C6779837113558A1FE3E37BBF32D6F3CEDA31AD0E00D503911AA3F5FA2D32193C9086C0000000000B489D6FFDFF042A1B077DF0B4B5AD756C8DF602B954AD5C2D1D5D5F5F9CF7FBEF2757878B876EB6C733ADEDCA9AE59FFF5FA3BCCD7CCE6AEB6C06FE7FCB0FED6E6EE741515A3C66F80DA75784B713A9C3A7DA6BA78369B4DF115000000000080E5B16AE2C12D1B18187872D7AE250D6CFB0F1CECE9E9497BA3C9DB6FBF9DC964FAFAFA72B9DCE0E060A954AABF75363BFD7031735D1BFBE1F55F17B8CE427EDEF8DBFAA734E7D6C5EF74CEAF48EB8046357E03544E84EACBF5C48E1D4D3F055E3F7AB4BA783E9F4F6BFB0000000000B06C564D3CB865DBB76FDFB4E9A1250D6C4FEEDAB561C3E7D2DEE835232323434343535353D7DFD4F4ECB414816DBECBDD6E70E7EBD76CDBC096347C036CDBB6ADFA8A55DEAB4D3F051EDDBAB5BA787F7FFFB26F1A000000000096DB6A8A07B7666A6A2A97CB2D69605BB76EDD9E3D7BD2DEE83C66B3D3DB4D99DA52D57FD47FADBFCF42DC70D9857C7BC367D2E09E8BD96CDA87AE39262626AAAF79369B3D7BEE7C734F81B56BD756171F1A1A4A7BA30000000000B0E45A241E34D6D5D5F5FAD1A34B54D7CE9E3B9FCD66CBE572DABB9CC7B5EC74756A91535DA4B654FDB7375BFFFA9F2FF09E8DBF9DF3C3FA5B9BB2D3FAD5D23E744D93CBE5AA196CF7EEA79B780A1C9B9CAC15D3399F4B0900000000002DA975E241034BFA29918F3DFE7865F1B4B738BFD9ECF4D6E267CE3AD56F1B2F7EC387DCF06EF35CEE76F395EB9FC69C1F2E7EBF691FBAA6191C1CACBE92DDDDDD4DBC88ED9E7BEFAD2E5B2C16D3DE2200000000002C87D689070D94CBE55C2E77FCC4C9A5B87C6DCD9ADCF4F474DA5B9CDF6C6DFA4153A6B654FD9A0DD69F73D3CDEED9F86E377C54FD33B9FE593565CBAD14D84AA552676767F5B57A74EBD6A69C02FB0F1CAC15D0F1F1F1B4B7080000000000CBA175E24163C3C3C3F7AD5FDFB697AF253F0D6C934D99EA5273165CC8FA75D7A22DF4B72C70A9EB9FCCC27FD1BC4F23ED43D74CDBB76FAFBE32994C66EFBE1716F9FE3F3639592B761B376E4C7B730000000000B04C5A2A1E3476CFBDF736F74F4FBD7EF468F5A3F6D2DED982CCD6A663263A2D16D82A7A7B7BAB49ACB3B3F3D8E4E4622EDFACBCFF6B4BAD8AEB380100000000A0295A2D1E34502A957A7A7A5E3F7AB42975EDD4E933DDDDDDC72627D3DED642CD06B6374D745A2FB04D4D4D65B3D95A183B74F8C82DBCFF8F9F3859AB6B994C66747434ED6D0100000000C0F269B578D0D8C4C4444F4FCF62AEDAA9D5B57BEEBDF799679F4B7B4301029BC056333A3A5AFB14CD4C26F3C48E1DA1F7FFFE03076B9F0C59B17DFBF6B437040000000000CBAA05E34163E3E3E3DDDDDDFB0F1C5CCC2743F6F4F4ACAEBA96CC06B6AB57DF30D169C9C05631323252BB8EADA2725254DED20BB970EDBEF5EB3BEAA86B0000000000B4A1D68C078D954AA5B56BD76EDEFCC8A9D367A27F74EAB1C71FAF7ECE64DA9B089B0D6CDF37D169D5C096CC5ED0D9D5D5555FCBBABBBB2BE7C5F51FA37AFCC4C92776EC58B76E5DFD9DB3D9AC4F860400000000A03DB56C3C68AC5C2E6FDEFCC85D77753DF6F8E367CF9D5F485D7B72D7AECAFD376D7AE8D4E933693FFD5B311BD8264C745A38B025B3B179CB962D994CA6E3467A7A7A6E76537F7FFFF4F474DA4F1F0000000000D2D1CAF1605ED3D3D30F3FFC70369BBDE7DE7B9FDCB5EBD0E12373A25AE5274F3DF58DFBD6AFAFDC67C386CF4D4D4DA5FD946FDD6C60FB9E894E6B07B6AACA8930303070C39076BD42A130363696F65306000000008034B57E3C9857B95C1E1919191818E8EEEE9ED3122A3FB96FFDFAE1E1E152A994F6D35CAC4C2673E1C2CB57AF7ED784A61D025B55E544A8BCD52B27423E9F9F7322E472B962B1B873E74E57AD01000000004022B0B58F5C2EF7D65BDFBE7AF5A8094DFB043600000000006081C48376D1D7D7F72F7B765E4D5E370B9FEF4D7CABABAB2BED43070000000000AC2C025BBBD8B66DDBE0E0FDA927ABD5357F3FF4E8C0C040DA870E0000000000585904B676313535D5D5F5890BE5435793D7CC02A758FCAD919191B40F1D0000000000B0B2086C6D64CB351BAF26AF9A85CC3F0DFF657F7F5FDA070D0000000000587104B636522E970B854F8F8DFD6392BC621ACFF4F4BEAEAE4F944AFBD33E680000000000C08A23B0B5978989897CFEAE898991241937379BE9E97D85C2A74747BF9EF6E1020000000000562281ADED8C8D8DE5F3776DDBF64749F2B2B97E46461EEFEACA8D8EFE5DDA070A000000000058A104B676542E970707070A854F0D0DFDF9F4F4F34972C4944AFF3E3CFC95FEFE75C562A1F2EFB40F110000000000B072096CED6B74747460E0F73A3B7FA1838E8E6CF68EFEFEBB8787BF92F661010000000000563A810D0000000000000204360000000000000810D80000000000002040600300000000008000810D0000000000000204360000000000000810D80000000000002040600300000000008000810D0000000000000204360000000000000810D80000000000002040600300000000008000810D0000000000000204360000000000000810D80000000000002040600300000000008000810D0000000000000204360000000000000810D80000000000002040600300000000008000810D0000000000000204360000000000000810D80000000000002040600300000000008000810D0000000000000204360000000000000810D80000000000002040600300000000008000810D0000000000000204360000000000000810D80000000000002040600300000000008000810D0000000000000204360000000000000810D80000000000002040600300000000008000810D0000000000000204360000000000000810D80000000000002040600300000000008000810D0000000000000204360000000000000810D80000000000002040600300000000008000810D0000000000000204360000000000000810D80000000000002040600300000000008000810D0000000000000204360000000000000810D80000000000002040600300000000008000810D0000000000000204360000000000000810D80000000000002040600300000000008000810D0000000000000204360000000000000810D80000000000002040600300000000008000810D0000000000000204360000000000000810D80000000000002040600300000000008000810D0000000000000204360000000000000810D80000000000002040600300000000008000810D0000000000000204360000000000000810D80000000000002040600300000000008000810D0000000000000204360000000000000810D80000000000002040600300000000008000810D0000000000000204360000000000000810D80000000000002040600300000000008000810D0000000000000204360000000000000810D80000000000002040600300000000008000810D0000000000000204360000000000000810D80000000000002040600300000000008000810D0000000000000204360000000000000810D80000000000002040600300000000008000810D0000000000000204360000000000000810D80000000000002040600300000000008000810D0000000000000204360000000000000810D80000000000002040600300000000008000810D0000000000000204360000000000000810D80000000000002040600300000000008000810D0000000000000204360000000000000810D80000000000002040600300000000008000810D0000000000000204360000000000000810D80000000000002040600300000000008000810D0000000000000204360000000000000810D80000000000002040600300000000008000810D0000000000000204360000000000000810D80000000000002040600300000000008000810D0000000000000204360000000000000810D80000000000002040600300000000008000810D0000000000000204360000000000000810D80000000000002040600300000000008000810D0000000000000204360000000000000810D80000000000002040600300000000008000810D0000000000000204360000000000000810D80000000000002040600300000000008000810D0000000000000204360000000000000810D80000000000002040600300000000008000810D0000000000000204360000000000000810D80000000000002040600300000000008000810D0000000000000204360000000000000810D80000000000002040600300000000008000810D0000000000000204360000000000000810D80000000000002040600300000000008000810D0000000000000204360000000000000810D80000000000002040600300000000008000810D0000000000000204360000000000000810D80000000000002040600300000000008000810D0000000000000204360000000000000810D80000000000002040600300000000008000810D0000000000000204360000000000000810D80000000000002040600300000000008000810D0000000000000204360000000000000810D80000000000002040600300000000008000810D0000000000000204360000000000000810D80000000000002040600300000000008000810D0000000000000204360000000000000810D80000000000002040600300000000008000810D0000000000000204360000000000000810D80000000000002040600300000000008000810D0000000000000204360000000000000810D80000000000002040600300000000008000810D0000000000000204360000000000000810D80000000000002040600300000000008000810D0000000000000204360000000000000810D80000000000002040600300000000008000810D0000000000000204360000000000000810D80000000000002040600300000000008000810D0000000000000204360000000000000810D80000000000002040600300000000008000810D0000000000000204360000000000000810D80000000000002040600300000000008000810D0000000000000204360000000000000810D80000000000002040600300000000008000810D0000000000000204360000000000000810D80000000000002040600300000000008000810D0000000000000204360000000000000810D80000000000002040600300000000008000810D0000000000000204360000000000000810D80000000000002040600300000000008000810D0000000000000204360000000000000810D80000000000002040600300000000008000810D0000000000000204360000000000000810D80000000000002040600300000000008000810D0000000000000204360000000000000810D80000000000002040600300000000008000810D0000000000000204360000000000000810D80000000000002040600300000000008000810D0000000000000204360000000000000810D80000000000002040600300000000008000810D0000000000000204360000000000000810D80000000000002040600300000000008000810D0000000000000204360000000000000810D80000000000002040600300000000008000810D0000000000000204360000000000000810D80000000000002040600300000000008000810D0000000000000204360000000000000810D80000000000002040600300000000008000810D0000000000000204360000000000000810D80000000000002040600300000000008000810D0000000000000204360000000000000810D80000000000002040600300000000008000810D0000000000000204360000000000000810D80000000000002040600300000000008000810D0000000000000204360000000000000810D80000000000002040600300000000008000810D0000000000000204360000000000000810D80000000000002040600300000000008000810D0000000000000204360000000000000810D80000000000002040600300000000008000810D0000000000000204360000000000000810D80000000000002040600300000000008000810D0000000000000204360000000000000810D80000000000002040600300000000008000810D0000000000000204360000000000000810D80000000000002040600300000000008000810D0000000000000204360000000000000810D80000000000002040600300000000008000810D0000000000000204360000000000000810D80000000000002040600300000000008000810D0000000000000204360000000000000810D80000000000002040600300000000008000810D0000000000000204360000000000000810D80000000000002040600300000000008000810D0000000000000204360000000000000810D80000000000002040600300000000008000810D0000000000000204360000000000000810D80000000000002040600300000000008000810D0000000000000204360000000000000810D80000000000002040600300000000008000810D0000000000000204360000000000000810D80000000000002040600300000000008000810D0000000000000204360000000000000810D80000000000002040600300000000008000810D0000000000000204360000000000000810D80000000000002040600300000000008000810D0000000000000204360000000000000810D80000000000002040600300000000008000810D0000000000000204360000000000000810D80000000000002040600300000000008000810D0000000000000204360000000000000810D80000000000002040600300000000008000810D0000000000000204360000000000000810D80000000000002040600300000000008000810D0000000000000204360000000000000810D80000000000002040600300000000008000810D0000000000000204360000000000000810D80000000000002040600300000000008000810D0000000000000204360000000000000810D80000000000002040600300000000008000810D0000000000000204360000000000000810D80000000000002040600300000000008000810D0000000000000204360000000000000810D80000000000002040600300000000008000810D0000000000000204360000000000000810D80000000000002040600300000000008000810D0000000000000204360000000000000810D80000000000002040600300000000008000810D000000000000020436000000FEA73D3B160000000018E46F3D86FDA51100000083600300000000008041B0010000000000C020D800000000000060106C00000000000030083600000000000018041B0000000000000C820D00000000000006C10600000000000083600300000000008041B0010000000000C020D800000000000060106C00000000000030083600000000000018041B0000000000000C820D00000000000006C10600000000000083600300000000008041B0010000000000C020D800000000000060106C00000000000030083600000000000018041B0000000000000C820D00000000000006C10600000000000083600300000000008041B0010000000000C020D800000000000060106C00000000000030083600000000000018041B0000000000000C820D00000000000006C10600000000000083600300000000008041B0010000000000C020D800000000000060106C00000000000030083600000000000018041B0000000000000C820D00000000000006C10600000000000083600300000000008041B0010000000000C020D800000000000060106C00000000000030083600000000000018041B0000000000000C820D00000000000006C10600000000000083600300000000008041B0010000000000C020D800000000000060106C00000000000030083600000000000018041B0000000000000C820D00000000000006C10600000000000083600300000000008041B0010000000000C020D800000000000060106C00000000000030083600000000000018041B0000000000000C820D00000000000006C10600000000000083600300000000008041B0010000000000C020D800000000000060106C00000000000030083600000000000018041B0000000000000C820D00000000000006C10600000000000083600300000000008041B0010000000000C020D800000000000060106C00000000000030083600000000000018041B0000000000000C820D00000000000006C10600000000000083600300000000008041B0010000000000C020D800000000000060106C00000000000030083600000000000018041B0000000000000C820D00000000000006C10600000000000083600300000000008041B0010000000000C020D800000000000060106C00000000000030083600000000000018041B0000000000000C820D00000000000006C10600000000000083600300000000008041B0010000000000C020D800000000000060106C00000000000030083600000000000018041B0000000000000C820D00000000000006C10600000000000083600300000000008041B0010000000000C020D800000000000060106C00000000000030083600000000000018041B0000000000000C820D00000000000006C10600000000000083600300000000008041B0010000000000C020D800000000000060106C00000000000030083600000000000018041B0000000000000C820D00000000000006C10600000000000083600300000000008041B0010000000000C020D800000000000060106C00000000000030083600000000000018041B0000000000000C820D00000000000006C10600000000000083600300000000008041B0010000000000C020D800000000000060106C00000000000030083600000000000018041B0000000000000C820D00000000000006C10600000000000083600300000000008041B0010000000000C020D800000000000060106C00000000000030083600000000000018041B0000000000000C820D00000000000006C10600000000000083600300000000008041B0010000000000C020D800000000000060106C00000000000030083600000000000018041B0000000000000C820D00000000000006C10600000000000083600300000000008041B0010000000000C020D800000000000060106C00000000000030083600000000000018041B0000000000000C820D00000000000006C10600000000000083600300000000008041B0010000000000C020D800000000000060106C00000000000030083600000000000018041B0000000000000C820D00000000000006C10600000000000083600300000000008041B0010000000000C020D800000000000060106C00000000000030083600000000000018041B0000000000000C820D00000000000006C10600000000000083600300000000008041B0010000000000C020D800000000000060106C00000000000030083600000000000018041B0000000000000C820D00000000000006C10600000000000083600300000000008041B0010000000000C020D800000000000060106C00000000000030083600000000000018041B0000000000000C820D00000000000006C10600000000000083600300000000008041B0010000000000C020D800000000000060106C00000000000030083600000000000018041B0000000000000C820D00000000000006C10600000000000083600300000000008041B0010000000000C020D800000000000060106C00000000000030083600000000000018041B0000000000000C820D00000000000006C10600000000000083600300000000008041B0010000000000C020D800000000000060106C00000000000030083600000000000018041B0000000000000C820D00000000000006C10600000000000083600300000000008041B0010000000000C020D800000000000060106C00000000000030083600000000000018041B0000000000000C820D00000000000006C10600000000000083600300000000008041B0010000000000C020D800000000000060106C00000000000030083600000000000018041B0000000000000C820D00000000000006C10600000000000083600300000000008041B0010000000000C020D800000000000060106C00000000000030083600000000000018041B0000000000000C820D00000000000006C10600000000000083600300000000008041B0010000000000C020D800000000000060106C00000000000030083600000000000018041B0000000000000C820D00000000000006C10600000000000083600300000000008041B0010000000000C020D800000000000060106C00000000000030083600000000000018041B0000000000000C820D00000000000006C10600000000000083600300000000008041B0010000000000C020D800000000000060106C00000000000030083600000000000018041B0000000000000C820D00000000000006C10600000000000083600300000000008041B0010000000000C020D800000000000060106C00000000000030083600000000000018041B0000000000000C820D00000000000006C10600000000000083600300000000008041B0010000000000C020D800000000000060106C00000000000030083600000000000018041B0000000000000C820D00000000000006C10600000000000083600300000000008041B0010000000000C020D800000000000060106C00000000000030083600000000000018041B0000000000000C820D00000000000006C10600000000000083600300000000008041B0010000000000C020D800000000000060106C00000000000030083600000000000018041B0000000000000C820D00000000000006C10600000000000083600300000000008041B0010000000000C020D800000000000060106C00000000000030083600000000000018041B0000000000000C820D00000000000006C10600000000000083600300000000008041B0010000000000C020D800000000000060106C00000000000030083600000000000018041B0000000000000C820D00000000000006C10600000000000083600300000000008041B0010000000000C020D800000000000060106C00000000000030083600000000000018041B0000000000000C820D00000000000006C10600000000000083600300000000008041B0010000000000C020D800000000000060106C00000000000030083600000000000018041B0000000000000C820D00000000000006C10600000000000083600300000000008041B0010000000000C020D800000000000060106C00000000000030083600000000000018041B0000000000000C820D00000000000006C10600000000000083600300000000008041B0010000000000C020D800000000000060106C00000000000030083600000000000018041B0000000000000C820D00000000000006C10600000000000083600300000000008041B0010000000000C020D800000000000060106C00000000000030083600000000000018041B0000000000000C820D00000000000006C10600000000000083600300000000008041B0010000000000C020D800000000000060106C00000000000030083600000000000018041B0000000000000C820D00000000000006C10600000000000083600300000000008041B0010000000000C020D800000000000060106C00000000000030083600000000000018041B0000000000000C820D00000000000006C10600000000000083600300000000008041B0010000000000C020D800000000000060106C00000000000030083600000000000018041B0000000000000C820D00000000000006C10600000000000083600300000000008041B0010000000000C020D800000000000060106C00000000000030083600000000000018041B0000000000000C820D00000000000006C10600000000000083600300000000008041B0010000000000C020D800000000000060106C00000000000030083600000000000018041B0000000000000C820D00000000000006C10600000000000083600300000000008041B0010000000000C020D800000000000060106C00000000000030083600000000000018041B0000000000000C820D00000000000006C10600000000000083600300000000008041B0010000000000C020D800000000000060106C00000000000030083600000000000018041B0000000000000C820D00000000000006C10600000000000083600300000000008041B0010000000000C020D800000000000060106C00000000000030083600000000000018041B0000000000000C820D00000000000006C10600000000000083600300000000008041B0010000000000C020D800000000000060106C00000000000030083600000000000018041B0000000000000C820D000000000000860071649439132BBC380000000049454E44AE426082, 0);
INSERT INTO `act_ge_bytearray` VALUES ('22542', 1, 'chapter_startevent1.html', '22540', 0x3C666F726D20636C6173733D226C617975692D666F726D206D61696E206C617975692D75706C6F616422206C61792D66696C7465723D2263686170746572223E0D0A202020202020203C64697620636C6173733D226C617975692D666F726D2D6974656D223E0D0A20202020202020202020203C6C6162656C20636C6173733D226C617975692D666F726D2D6C6162656C223E3C7370616E207374796C653D22636F6C6F723A7265643B223E2A3C2F7370616E3EE7BB8FE6898BE4BABA3C2F6C6162656C3E0D0A20202020202020202020203C64697620636C6173733D226C617975692D696E7075742D696E6C696E65223E0D0A2020202020202020202020202020203C696E70757420747970653D227465787422206E616D653D2273717222206C61792D7665726966793D2272657175697265642220726561646F6E6C793D22726561646F6E6C792220706C616365686F6C6465723D22E7BB8FE6898BE4BABA22206175746F636F6D706C6574653D226F66662220636C6173733D226C617975692D696E707574223E0D0A2020202020202020202020092020203C696E70757420747970653D2268696464656E22206E616D653D22755F6964223E0D0A20202020202020202020203C2F6469763E0D0A20202020202020202020203C6C6162656C20636C6173733D226C617975692D666F726D2D6C6162656C223E3C7370616E207374796C653D22636F6C6F723A7265643B223E2A3C2F7370616E3EE983A8E997A8E5908DE7A7B03C2F6C6162656C3E0D0A20202020202020202020203C64697620636C6173733D226C617975692D696E7075742D696E6C696E65223E0D0A092020202020202020202020203C73656C65637420636C6173733D226C617975692D696E70757422206E616D653D22626D6D63222069643D22626D6D6322206C61792D7665726966793D22726571756972656422206C61792D7365617263683E3C2F73656C6563743E0D0A2020202020202020093C2F6469763E0D0A202020202020203C2F6469763E0D0A202020202020203C64697620636C6173733D226C617975692D666F726D2D6974656D223E0D0A20202020202020202020203C6C6162656C20636C6173733D226C617975692D666F726D2D6C6162656C223E3C7370616E207374796C653D22636F6C6F723A7265643B223E2A3C2F7370616E3EE794B3E8AFB7E697A5E69C9F3C2F6C6162656C3E0D0A20202020202020202020203C64697620636C6173733D226C617975692D696E7075742D696E6C696E65223E0D0A2020202020202020202020202020203C696E70757420747970653D227465787422206E616D653D22737172712220726561646F6E6C793D22726561646F6E6C7922206C61792D7665726966793D22726571756972656422206175746F636F6D706C6574653D226F66662220636C6173733D226C617975692D696E707574223E0D0A20202020202020202020203C2F6469763E0D0A20202020202020202020203C6C6162656C20636C6173733D226C617975692D666F726D2D6C6162656C223E3C7370616E207374796C653D22636F6C6F723A7265643B223E2A3C2F7370616E3EE794A8E58DB0E4BBBDE695B03C2F6C6162656C3E0D0A20202020202020202020203C64697620636C6173733D226C617975692D696E7075742D696E6C696E65223E0D0A2020202020202020202020202020203C696E70757420747970653D227465787422206E616D653D227979667322206C61792D7665726966793D2272657175697265647C6E756D62657222206175746F636F6D706C6574653D226F66662220636C6173733D226C617975692D696E707574223E0D0A20202020202020202020203C2F6469763E0D0A202020202020203C2F6469763E0D0A202020202020203C64697620636C6173733D226C617975692D666F726D2D6974656D223E0D0A2020202020202020093C6C6162656C20636C6173733D226C617975692D666F726D2D6C6162656C223E3C7370616E207374796C653D22636F6C6F723A7265643B223E2A3C2F7370616E3EE794A8E58DB0E7B1BBE588AB3C2F6C6162656C3E0D0A2020202020202020202020203C64697620636C6173733D226C617975692D696E7075742D696E6C696E6520747265652D79796C78223E0D0A0909092020203C696E70757420747970653D227465787422206E616D653D2279796C782220706C616365686F6C6465723D22E794A8E58DB0E7B1BBE588AB2220726561646F6E6C793D22726561646F6E6C7922206C61792D7665726966793D22726571756972656422206175746F636F6D706C6574653D226F66662220636C6173733D226C617975692D696E707574223E0D0A0909092020203C756C2069643D2279796C782220636C6173733D227A74726565223E3C2F756C3E0D0A0909093C2F6469763E0D0A202020202020203C2F6469763E0D0A202020202020203C64697620636C6173733D226C617975692D666F726D2D6974656D206C617975692D666F726D2D74657874223E0D0A20202020202020202020203C6C6162656C20636C6173733D226C617975692D666F726D2D6C6162656C223EE794A8E58DB0E58685E5AEB93C2F6C6162656C3E0D0A20202020202020202020203C64697620636C6173733D226C617975692D696E7075742D626C6F636B223E0D0A2020202020202020202020202020203C7465787461726561206E616D653D2279796E722220706C616365686F6C6465723D22E794A8E58DB0E58685E5AEB92220636C6173733D226C617975692D746578746172656122207374796C653D2277696474683A35303070783B6D696E2D6865696768743A20373070783B223E3C2F74657874617265613E0D0A20202020202020202020203C2F6469763E0D0A202020202020203C2F6469763E0D0A202020202020203C64697620636C6173733D226C617975692D666F726D2D6974656D206C617975692D666F726D2D74657874223E0D0A2020202020202020202020202020203C6C6162656C20636C6173733D226C617975692D666F726D2D6C6162656C223E3C7370616E207374796C653D22636F6C6F723A7265643B223E2A3C2F7370616E3EE5AEA1E689B9E4BABA3C2F6C6162656C3E0D0A0909093C64697620636C6173733D226C617975692D696E6C696E65222069643D22737072223E0D0A090909093C6469762069643D227370725F616464223E0D0A09090909093C6920636C6173733D2266612066612D706C7573223E3C2F693E0D0A090909093C2F6469763E0D0A0909093C2F6469763E0D0A202020202020203C2F6469763E0D0A202020202020203C64697620636C6173733D226C617975692D666F726D2D6974656D223E0D0A20202020202020202020203C64697620636C6173733D226C617975692D696E7075742D626C6F636B223E0D0A2020202020202020202020202020203C627574746F6E20636C6173733D226C617975692D62746E206C617975692D62746E2D7072696D61727922206C61792D7375626D6974206C61792D66696C7465723D227371222069643D227371223EE794B3E8AFB73C2F627574746F6E3E0D0A20202020202020202020203C2F6469763E0D0A202020202020203C2F6469763E0D0A3C2F666F726D3E, 0);
INSERT INTO `act_ge_bytearray` VALUES ('22543', 1, 'chapter.bpmn', '22540', 0x3C3F786D6C2076657273696F6E3D22312E302220656E636F64696E673D225554462D38223F3E0A3C646566696E6974696F6E7320786D6C6E733D22687474703A2F2F7777772E6F6D672E6F72672F737065632F42504D4E2F32303130303532342F4D4F44454C2220786D6C6E733A7873693D22687474703A2F2F7777772E77332E6F72672F323030312F584D4C536368656D612D696E7374616E63652220786D6C6E733A61637469766974693D22687474703A2F2F61637469766974692E6F72672F62706D6E2220786D6C6E733A62706D6E64693D22687474703A2F2F7777772E6F6D672E6F72672F737065632F42504D4E2F32303130303532342F44492220786D6C6E733A6F6D6764633D22687474703A2F2F7777772E6F6D672E6F72672F737065632F44442F32303130303532342F44432220786D6C6E733A6F6D6764693D22687474703A2F2F7777772E6F6D672E6F72672F737065632F44442F32303130303532342F44492220747970654C616E67756167653D22687474703A2F2F7777772E77332E6F72672F323030312F584D4C536368656D61222065787072657373696F6E4C616E67756167653D22687474703A2F2F7777772E77332E6F72672F313939392F585061746822207461726765744E616D6573706163653D22687474703A2F2F7777772E61637469766974692E6F72672F74657374223E0A20203C70726F636573732069643D226368617074657222206E616D653D22E794A8E58DB0E6B581E7A88B2220697345786563757461626C653D2274727565223E0A202020203C657874656E73696F6E456C656D656E74733E0A2020202020203C61637469766974693A657865637574696F6E4C697374656E6572206576656E743D2273746172742220636C6173733D22636F6D2E7A7A68622E6C697374656E65722E61637469766974692E50726F63657373457865637574696F6E4C697374656E6572223E3C2F61637469766974693A657865637574696F6E4C697374656E65723E0A2020202020203C61637469766974693A657865637574696F6E4C697374656E6572206576656E743D22656E642220636C6173733D22636F6D2E7A7A68622E6C697374656E65722E61637469766974692E50726F63657373457865637574696F6E4C697374656E6572223E3C2F61637469766974693A657865637574696F6E4C697374656E65723E0A202020203C2F657874656E73696F6E456C656D656E74733E0A202020203C73746172744576656E742069643D2273746172746576656E743122206E616D653D22E5A1ABE58699E8AFB7E58187E58D95222061637469766974693A666F726D4B65793D22636861707465725F73746172746576656E74312E68746D6C223E3C2F73746172744576656E743E0A202020203C757365725461736B2069643D22757365727461736B3122206E616D653D22E9A286E5AFBCE5AEA1E689B9222061637469766974693A666F726D4B65793D22636861707465725F757365727461736B312E68746D6C223E0A2020202020203C657874656E73696F6E456C656D656E74733E0A20202020202020203C61637469766974693A7461736B4C697374656E6572206576656E743D226372656174652220636C6173733D22636F6D2E7A7A68622E6C697374656E65722E61637469766974692E557365725461736B4C697374656E6572223E3C2F61637469766974693A7461736B4C697374656E65723E0A2020202020203C2F657874656E73696F6E456C656D656E74733E0A202020203C2F757365725461736B3E0A202020203C656E644576656E742069643D22656E646576656E743122206E616D653D22E7BB93E69D9F223E3C2F656E644576656E743E0A202020203C73657175656E6365466C6F772069643D22666C6F7731362220736F757263655265663D2273746172746576656E743122207461726765745265663D22757365727461736B31223E3C2F73657175656E6365466C6F773E0A202020203C73657175656E6365466C6F772069643D22666C6F7731372220736F757263655265663D22757365727461736B3122207461726765745265663D22656E646576656E7431223E3C2F73657175656E6365466C6F773E0A20203C2F70726F636573733E0A20203C62706D6E64693A42504D4E4469616772616D2069643D2242504D4E4469616772616D5F63686170746572223E0A202020203C62706D6E64693A42504D4E506C616E652062706D6E456C656D656E743D2263686170746572222069643D2242504D4E506C616E655F63686170746572223E0A2020202020203C62706D6E64693A42504D4E53686170652062706D6E456C656D656E743D2273746172746576656E7431222069643D2242504D4E53686170655F73746172746576656E7431223E0A20202020202020203C6F6D6764633A426F756E6473206865696768743D2233352E30222077696474683D2233352E302220783D2237352E302220793D2238302E30223E3C2F6F6D6764633A426F756E64733E0A2020202020203C2F62706D6E64693A42504D4E53686170653E0A2020202020203C62706D6E64693A42504D4E53686170652062706D6E456C656D656E743D22757365727461736B31222069643D2242504D4E53686170655F757365727461736B31223E0A20202020202020203C6F6D6764633A426F756E6473206865696768743D2235352E30222077696474683D223130352E302220783D223136332E302220793D2237302E30223E3C2F6F6D6764633A426F756E64733E0A2020202020203C2F62706D6E64693A42504D4E53686170653E0A2020202020203C62706D6E64693A42504D4E53686170652062706D6E456C656D656E743D22656E646576656E7431222069643D2242504D4E53686170655F656E646576656E7431223E0A20202020202020203C6F6D6764633A426F756E6473206865696768743D2233352E30222077696474683D2233352E302220783D223333342E302220793D2238302E30223E3C2F6F6D6764633A426F756E64733E0A2020202020203C2F62706D6E64693A42504D4E53686170653E0A2020202020203C62706D6E64693A42504D4E456467652062706D6E456C656D656E743D22666C6F773136222069643D2242504D4E456467655F666C6F773136223E0A20202020202020203C6F6D6764693A776179706F696E7420783D223131302E302220793D2239372E30223E3C2F6F6D6764693A776179706F696E743E0A20202020202020203C6F6D6764693A776179706F696E7420783D223136332E302220793D2239372E30223E3C2F6F6D6764693A776179706F696E743E0A2020202020203C2F62706D6E64693A42504D4E456467653E0A2020202020203C62706D6E64693A42504D4E456467652062706D6E456C656D656E743D22666C6F773137222069643D2242504D4E456467655F666C6F773137223E0A20202020202020203C6F6D6764693A776179706F696E7420783D223236382E302220793D2239372E30223E3C2F6F6D6764693A776179706F696E743E0A20202020202020203C6F6D6764693A776179706F696E7420783D223333342E302220793D2239372E30223E3C2F6F6D6764693A776179706F696E743E0A2020202020203C2F62706D6E64693A42504D4E456467653E0A202020203C2F62706D6E64693A42504D4E506C616E653E0A20203C2F62706D6E64693A42504D4E4469616772616D3E0A3C2F646566696E6974696F6E733E, 0);
INSERT INTO `act_ge_bytearray` VALUES ('25002', 1, 'chapter.png', '25001', 0x89504E470D0A1A0A0000000D4948445200000920000003A20802000000E5C57C6800002F4849444154789CECDD7F6C9CF75DC071AB63E82A51F5108359FC939BF8A39606F8C426D97F911B128D91A03D89A931FC9159AAD6469A482B84360B9406B16611A225426B94C11A2C5087D194CAD2DA12D6A4184832D326A9FB239BD7C6ABBB249DD724DD9524CD357192878B6F1C87939CFD89CF7EECBBD74B1F59B1EFEEEBFBDE73CF3F79EB397724000000000000C08275A4FD04000000000000603511D80000000000002040600300000000008000810D0000000000000204360000000000000810D80000000000002040600300000000008000810D0000000000000204360000000000000810D80000000000002040600300000000008000810D0000000000000204360000000000000810D80000000000002040600300000000008000810D0000000000000204360000000000000810D80000000000002040600300000000008000810D0000000000000204360000000000000810D80000000000002040600300000000008000810D0000000000000204360000000000000810D80000000000002040600300000000008000810D0000000000000204360000000000000810D80000000000002040600300000000008000810D0000000000000204360000000000000810D80000000000002040600300000000008000810D0000000000000204360000000000000810D80000000000002040600300000000008000810D0000000000000204360000000000000810D80000000000002040600300000000008000810D0000000000000204360000000000000810D80000000000002040600300000000008000810D0000000000000204360000000000000810D80000000000002040600300000000008000810D0000000000000204360000000000000810D80000000000002040600300000000008000810D0000000000000204360000000000000810D80000000000002040600300000000008000810D0000000000000204360000000000000810D80000000000002040600300000000008000810D0000000000000204360000000000000810D80000000000002040600300000000008000810D0000000000000204360000000000000810D8DA57B95C1E1E1EEEEFEF2F140AB95CAEA35D55F65E79058AC5E2D0D050A9544AFBB00000000000002B9DC0D6A6F6ECD993CBE5FAFBFB9F7AEAA9BDFBF61D9B9CBC3433D39E53D97BE515D8BD7BF7860D1B2AAFC9D0D050DA0707000000000058D104B6B6532A95060606D6AD5B77FCC4F14B33974CFD9C3A7D6AC3860D9517677A7A3AED03050000000000AC50025B7B29954AF97CFEC95D5FBF3473D1DC6C9E79F6999E9E9EA9A9A9B40F170000000000B012096CED65606060B6AE7D681ACFDE7DCFAF5DFB9B691F2E0000000000602512D8DAC89E3D7BD6ADBB7BE672D92C64BEF8A53FD9BAF5CB691F34000000000060C511D8DA45B95CCEE572274E4ECD5CBE601632E7CEFFA4BBFBD7272626D23E740000000000C0CA22B0B58BA1A1A181818199CB1FD4E6337DBFDBB130F58F6AABD9BAF52F060707D33E740000000000C0CA22B0B58B62B1B8FBE97FFEBFBA76F7BA1F25C9DB5792376792EF5E4C5EB9981C3A7779FBD32F7CFBE4FB2F5E4AFEAB9CBC584EF67F903CFF61F237FB5F7B60E383A9B7AE54E6F091B17C3E9FF6A1030000000000561681AD5D7475751D3DFAF2CCE5F3D5E9E8E8389724E7AF26EF5F4EDEBB947C90247FFCA78F74DCF673BD77174FCE24C72F26C73F4CA6CAC9B1CBC937BFF3CAEC456CE7DB70CE9D3F93C964D23E740000000000C0CA22B05D532E97474646B66CD9522C160BFFABAFAFAFF293E1E1E152A994F6136C826C367BFACCC999CBE7AAD3D1D1F1C195E4E2956B375DBE7AEDEBB79EFBD75FFE955FFDB3471FBB9C24672F27EFCF24EFCD24959D3FFFD2ABB381ED5C7B4E65EFE91EB8E5D4E044181A1A9A9E9E4EFB090200000000C08AD046F1E086464646FAFAFA32994CB158DCB265CBEEDD4FEFDDF742759E79F6B9CD9B1FE9EFEFCF66B3BDBDBD434343693FD945998D64676B53F9F6FCE5E4CC85E4D2959FDEA1542AFDF557BFF6E5BFFAEAF177AE759499ABC9A5D9F076F0F02B731EDB56D32681AD7222544E8179FF1A5F3E9FDFB97367B95C4EFBF90200000000409ADA221EDCD0F8F878A15028168BCF3CFBDCA599CB8D67FF81831B367C2E9FCF8F8E8EA6FDC46FD16C24FBEFDA5C0B6C5792531F243F3E97CC24C9A58B17BBEEBAABA3E3231D1D99CFFEC186FA071E3AF2F29CC7B6D5B47C60ABBCA57B7B7BE74D6BF572B9DCC8C848DA4F1C000000000052D3E2F1E066B66DDB96CFE7F7EE7B61DEB4563F870E1F59BB76EDC68D1B57E3153CB391ECFDDA543F22F2CC85E49DB3C9BB1F26878EFEE0E31FFFF8477EE6676FBFF363FD7FF8FF02DB4B878FCC796C5B4D0B07B6CADB786060E0FA6BD4BEF8C52FD55FCA5999CD9B1F59B76EDD9C7B168BC5D6F8F4540000000000886AD9787033E572B9BFBF7F70703094D6EAE7891D3B0A85C2AAFB7B54B391AC549BCAB717AE26EF95AF5DC176EAC364DF4B13BFD6FDA98FFDE22FDD99FDF9AFFDC3373F4C927317930F2E5E7BE0FEB197E63CB6ADA655035BE50D3CE7C2B54D9B1E3A3639D9E09D7FEAF499CA9BBFB3B3B3FE52B6F1F1F1B4B7020000000000CBAD35E3C1CD94CBE5DEDEDEE1E1E15BAE6BB54F8CACAC33353595F686023A3A3A2E5FFE496DAADDE8C2D5E4FD99E427979277CECE1C7C6DAAFB373EFD99DFFE9D772F263F2E27EF96933317938B49B2FFC597E63CB6ADA625035BE5AD9BCBE56A9DACAFAFAF715A9B93D9366F7EA4F6D84C2633363696F68600000000006059B5603C68A0BFBF7FF175ADF67191BDBDBDABE8B322E744B2C267D6BEFABD370FBD3631363E71E0C8C48197DF38F8EAE4BFBDF8DDEFBCF6D67F1C79E33F8F7CFFC0CBDF1F7BE58DD7DEFCE18EBFDD75DFFAFB520F5D025BB3543373AD903DBA75EB2DBCFF9F7AEA1B994CA6761DDBAABBA013000000000016A3D5E24103DBB66D5BCC27435E3FBB773F5D2C16D3DED642CD06B6F7EAE70B5F78B063017EFFB39F9DF3C0B69AD60B6CFDFDFDB5835B790F2FA63167B3D9EA3A854221ED6D0100000000C0F269B5787033E3E3E3F97CBE8975AD3A0F3CF0E0CE9D3BD3DEDC82CC06B633263A2D16D84646461679ED5AFD3CF3EC73B5D5B66FDF9EF6E600000000006099B4543C68209FCF1F3A7CA4E981EDF889936BD6E456C507455E0B6C574E9BE8B45860AB9C08B5BFBBD69453A0F6F7D83A3B3B57C5890000000000008BD752F1E0664646468AC562D3EB5A75366D7A68555CBB331BD84E99E8B452601B1E1EAEC6B04C2673FCC4C9A6BCFFCF9E3BDFD9D9595DF6E1871F4E7B8B0000000000B01C5A271E34502814F6EE7B618902DBF113273B3B3BD3DEE2FC6603DBBB263AAD14D82A2742B5846DDAF450134F812777EDAA2E9BCD66D3DE2200000000002C87D6890737532A95B2D9EC12D5B5EAF4F4F48C8D8DA5BDD179CC06B61F9BE8B44C60AB9C08B5BF97D6ACCBD76AB3664DAEBAF2E8E868DA1B05000000008025D722F1A081A1A1A1818181250D6C8F6EDD3A383898F646AF191E1E9E9A9ABAE14DB3816D7AF1B3F0753A1A6ACA6FB9E1DD9AB5D3DA6ACB7B0C17A5C11BA07222545FF942A1D0F453E081071EAC2EBE424E0400000000005852AB291EDC9A8D1B37EEDCB9734903DBDE7D2F140A85B4379ABCF1C61BD5C871C71D77ECDEBD7BCEAD4D0F6CF366B306BF71214F26749FFA3BB76D606BFC06A89C08D55B1FDDBA75294E81EAE2BDBDBDA9EC1D000000000096D3AA8907B7ACAFAFEF99679F5BD2C0766C7272CD9A5CDA1B4DCAE5F26DB7DD56ED1C1FFDE8473FF9C94FD65FCC349B9D7EB4C8A92E3267A99BADDCE0375E7F53E3CBDDEA02DE8DD7A9BFA9293BAD5F2DBD431AD3F80D503911AA372DC5E9503905AA8BE772E99F080000000000B0D4564D3CB865F97CFED0E1234B1AD8CE9E3B9FC964D2DEE8359D9D9DF539EAF6DB6FBFFFFEFBCBE572321BD8AE5C796791535BE4FA7FDCF0CE0DDC6CE585FCF6398B5F7FD3C2D75CC82F4DFBA806347803544E84EA0F97E874A8FDD2B45F0300000000005872ADFFBFE19D9D9DC74F9C5CD2C056AD0B854261DE0BB0D275E5CAC9C54C7585DA3AF3AE3FEF6F6C7C87853CE1FA2773B3E7B9F85DAFFC23BB10B5F6766C7272294E81DAFA699FF10000000000B0E45AFF7FC3BBBABA5E3F7A7419025BDA1BBDE6CE3BEFAC0595E2AC42A130313191FCF40AB613B73CF50FAFFDFB863F6CF093C6779837113558A1FE3E37BBF32D6F3CEDA31AD0E00D503911AA3F5FA2D32193C9086C0000000000B489D6FFDFF042A1B077DF0B4B5AD756C8DF602B954AD5C2D1D5D5F5F9CF7FBEF2757878B876EB6C733ADEDCA9AE59FFF5FA3BCCD7CCE6AEB6C06FE7FCB0FED6E6EE741515A3C66F80DA75784B713A9C3A7DA6BA78369B4DF115000000000080E5B16AE2C12D1B18187872D7AE250D6CFB0F1CECE9E9497BA3C9DB6FBF9DC964FAFAFA72B9DCE0E060A954AABF75363BFD7031735D1BFBE1F55F17B8CE427EDEF8DBFAA734E7D6C5EF74CEAF48EB8046357E03544E84EACBF5C48E1D4D3F055E3F7AB4BA783E9F4F6BFB0000000000B06C564D3CB865DBB76FDFB4E9A1250D6C4FEEDAB561C3E7D2DEE835232323434343535353D7DFD4F4ECB414816DBECBDD6E70E7EBD76CDBC096347C036CDBB6ADFA8A55DEAB4D3F051EDDBAB5BA787F7FFFB26F1A000000000096DB6A8A07B7666A6A2A97CB2D69605BB76EDD9E3D7BD2DEE83C66B3D3DB4D99DA52D57FD47FADBFCF42DC70D9857C7BC367D2E09E8BD96CDA87AE39262626AAAF79369B3D7BEE7C734F81B56BD756171F1A1A4A7BA30000000000B0E45A241E34D6D5D5F5FAD1A34B54D7CE9E3B9FCD66CBE572DABB9CC7B5EC74756A91535DA4B654FDB7375BFFFA9F2FF09E8DBF9DF3C3FA5B9BB2D3FAD5D23E744D93CBE5AA196CF7EEA79B780A1C9B9CAC15D3399F4B0900000000002DA975E241034BFA29918F3DFE7865F1B4B738BFD9ECF4D6E267CE3AD56F1B2F7EC387DCF06EF35CEE76F395EB9FC69C1F2E7EBF691FBAA6191C1CACBE92DDDDDD4DBC88ED9E7BEFAD2E5B2C16D3DE2200000000002C87D689070D94CBE55C2E77FCC4C9A5B87C6DCD9ADCF4F474DA5B9CDF6C6DFA4153A6B654FD9A0DD69F73D3CDEED9F86E377C54FD33B9FE593565CBAD14D84AA552676767F5B57A74EBD6A69C02FB0F1CAC15D0F1F1F1B4B7080000000000CBA175E24163C3C3C3F7AD5FDFB697AF253F0D6C934D99EA5273165CC8FA75D7A22DF4B72C70A9EB9FCCC27FD1BC4F23ED43D74CDBB76FAFBE32994C66EFBE1716F9FE3F3639592B761B376E4C7B730000000000B04C5A2A1E3476CFBDF736F74F4FBD7EF468F5A3F6D2DED982CCD6A663263A2D16D82A7A7B7BAB49ACB3B3F3D8E4E4622EDFACBCFF6B4BAD8AEB380100000000A0295A2D1E34502A957A7A7A5E3F7AB42975EDD4E933DDDDDDC72627D3DED642CD06B6374D745A2FB04D4D4D65B3D95A183B74F8C82DBCFF8F9F3859AB6B994C66747434ED6D0100000000C0F269B578D0D8C4C4444F4FCF62AEDAA9D5B57BEEBDF799679F4B7B4301029BC056333A3A5AFB14CD4C26F3C48E1DA1F7FFFE03076B9F0C59B17DFBF6B437040000000000CBAA05E34163E3E3E3DDDDDDFB0F1C5CCC2743F6F4F4ACAEBA96CC06B6AB57DF30D169C9C05631323252BB8EADA2725254DED20BB970EDBEF5EB3BEAA86B0000000000B4A1D68C078D954AA5B56BD76EDEFCC8A9D367A27F74EAB1C71FAF7ECE64DA9B089B0D6CDF37D169D5C096CC5ED0D9D5D5555FCBBABBBB2BE7C5F51FA37AFCC4C92776EC58B76E5DFD9DB3D9AC4F860400000000A03DB56C3C68AC5C2E6FDEFCC85D77753DF6F8E367CF9D5F485D7B72D7AECAFD376D7AE8D4E933693FFD5B311BD8264C745A38B025B3B179CB962D994CA6E3467A7A7A6E76537F7FFFF4F474DA4F1F0000000000D2D1CAF1605ED3D3D30F3FFC70369BBDE7DE7B9FDCB5EBD0E12373A25AE5274F3DF58DFBD6AFAFDC67C386CF4D4D4DA5FD946FDD6C60FB9E894E6B07B6AACA8930303070C39076BD42A130363696F65306000000008034B57E3C9857B95C1E1919191818E8EEEE9ED3122A3FB96FFDFAE1E1E152A994F6D35CAC4C2673E1C2CB57AF7ED784A61D025B55E544A8BCD52B27423E9F9F7322E472B962B1B873E74E57AD01000000004022B0B58F5C2EF7D65BDFBE7AF5A8094DFB043600000000006081C48376D1D7D7F72F7B765E4D5E370B9FEF4D7CABABAB2BED43070000000000AC2C025BBBD8B66DDBE0E0FDA927ABD5357F3FF4E8C0C040DA870E0000000000585904B676313535D5D5F5890BE5435793D7CC02A758FCAD919191B40F1D0000000000B0B2086C6D64CB351BAF26AF9A85CC3F0DFF657F7F5FDA070D0000000000587104B636522E970B854F8F8DFD6392BC621ACFF4F4BEAEAE4F944AFBD33E680000000000C08A23B0B5978989897CFEAE898991241937379BE9E97D85C2A74747BF9EF6E1020000000000562281ADED8C8D8DE5F3776DDBF64749F2B2B97E46461EEFEACA8D8EFE5DDA070A000000000058A104B676542E970707070A854F0D0DFDF9F4F4F34972C4944AFF3E3CFC95FEFE75C562A1F2EFB40F110000000000B072096CED6B74747460E0F73A3B7FA1838E8E6CF68EFEFEBB8787BF92F661010000000000563A810D0000000000000204360000000000000810D80000000000002040600300000000008000810D0000000000000204360000000000000810D80000000000002040600300000000008000810D0000000000000204360000000000000810D80000000000002040600300000000008000810D0000000000000204360000000000000810D80000000000002040600300000000008000810D0000000000000204360000000000000810D80000000000002040600300000000008000810D0000000000000204360000000000000810D80000000000002040600300000000008000810D0000000000000204360000000000000810D80000000000002040600300000000008000810D0000000000000204360000000000000810D80000000000002040600300000000008000810D0000000000000204360000000000000810D80000000000002040600300000000008000810D0000000000000204360000000000000810D80000000000002040600300000000008000810D0000000000000204360000000000000810D80000000000002040600300000000008000810D0000000000000204360000000000000810D80000000000002040600300000000008000810D0000000000000204360000000000000810D80000000000002040600300000000008000810D0000000000000204360000000000000810D80000000000002040600300000000008000810D0000000000000204360000000000000810D80000000000002040600300000000008000810D0000000000000204360000000000000810D80000000000002040600300000000008000810D0000000000000204360000000000000810D80000000000002040600300000000008000810D0000000000000204360000000000000810D80000000000002040600300000000008000810D0000000000000204360000000000000810D80000000000002040600300000000008000810D0000000000000204360000000000000810D80000000000002040600300000000008000810D0000000000000204360000000000000810D80000000000002040600300000000008000810D0000000000000204360000000000000810D80000000000002040600300000000008000810D0000000000000204360000000000000810D80000000000002040600300000000008000810D0000000000000204360000000000000810D80000000000002040600300000000008000810D0000000000000204360000000000000810D80000000000002040600300000000008000810D0000000000000204360000000000000810D80000000000002040600300000000008000810D0000000000000204360000000000000810D80000000000002040600300000000008000810D0000000000000204360000000000000810D80000000000002040600300000000008000810D0000000000000204360000000000000810D80000000000002040600300000000008000810D0000000000000204360000000000000810D80000000000002040600300000000008000810D0000000000000204360000000000000810D80000000000002040600300000000008000810D0000000000000204360000000000000810D80000000000002040600300000000008000810D0000000000000204360000000000000810D80000000000002040600300000000008000810D0000000000000204360000000000000810D80000000000002040600300000000008000810D0000000000000204360000000000000810D80000000000002040600300000000008000810D0000000000000204360000000000000810D80000000000002040600300000000008000810D0000000000000204360000000000000810D80000000000002040600300000000008000810D0000000000000204360000000000000810D80000000000002040600300000000008000810D0000000000000204360000000000000810D80000000000002040600300000000008000810D0000000000000204360000000000000810D80000000000002040600300000000008000810D0000000000000204360000000000000810D80000000000002040600300000000008000810D0000000000000204360000000000000810D80000000000002040600300000000008000810D0000000000000204360000000000000810D80000000000002040600300000000008000810D0000000000000204360000000000000810D80000000000002040600300000000008000810D0000000000000204360000000000000810D80000000000002040600300000000008000810D0000000000000204360000000000000810D80000000000002040600300000000008000810D0000000000000204360000000000000810D80000000000002040600300000000008000810D0000000000000204360000000000000810D80000000000002040600300000000008000810D0000000000000204360000000000000810D80000000000002040600300000000008000810D0000000000000204360000000000000810D80000000000002040600300000000008000810D0000000000000204360000000000000810D80000000000002040600300000000008000810D0000000000000204360000000000000810D80000000000002040600300000000008000810D0000000000000204360000000000000810D80000000000002040600300000000008000810D0000000000000204360000000000000810D80000000000002040600300000000008000810D0000000000000204360000000000000810D80000000000002040600300000000008000810D0000000000000204360000000000000810D80000000000002040600300000000008000810D0000000000000204360000000000000810D80000000000002040600300000000008000810D0000000000000204360000000000000810D80000000000002040600300000000008000810D0000000000000204360000000000000810D80000000000002040600300000000008000810D0000000000000204360000000000000810D80000000000002040600300000000008000810D0000000000000204360000000000000810D80000000000002040600300000000008000810D0000000000000204360000000000000810D80000000000002040600300000000008000810D0000000000000204360000000000000810D80000000000002040600300000000008000810D0000000000000204360000000000000810D80000000000002040600300000000008000810D0000000000000204360000000000000810D80000000000002040600300000000008000810D0000000000000204360000000000000810D80000000000002040600300000000008000810D0000000000000204360000000000000810D80000000000002040600300000000008000810D0000000000000204360000000000000810D80000000000002040600300000000008000810D0000000000000204360000000000000810D80000000000002040600300000000008000810D0000000000000204360000000000000810D80000000000002040600300000000008000810D0000000000000204360000000000000810D80000000000002040600300000000008000810D0000000000000204360000000000000810D80000000000002040600300000000008000810D0000000000000204360000000000000810D80000000000002040600300000000008000810D0000000000000204360000000000000810D80000000000002040600300000000008000810D0000000000000204360000000000000810D80000000000002040600300000000008000810D0000000000000204360000000000000810D80000000000002040600300000000008000810D0000000000000204360000000000000810D80000000000002040600300000000008000810D0000000000000204360000000000000810D80000000000002040600300000000008000810D0000000000000204360000000000000810D80000000000002040600300000000008000810D0000000000000204360000000000000810D80000000000002040600300000000008000810D0000000000000204360000000000000810D80000000000002040600300000000008000810D0000000000000204360000000000000810D80000000000002040600300000000008000810D0000000000000204360000000000000810D80000000000002040600300000000008000810D0000000000000204360000000000000810D80000000000002040600300000000008000810D0000000000000204360000000000000810D80000000000002040600300000000008000810D0000000000000204360000000000000810D80000000000002040600300000000008000810D0000000000000204360000000000000810D80000000000002040600300000000008000810D0000000000000204360000000000000810D80000000000002040600300000000008000810D0000000000000204360000000000000810D80000000000002040600300000000008000810D0000000000000204360000000000000810D80000000000002040600300000000008000810D0000000000000204360000000000000810D80000000000002040600300000000008000810D0000000000000204360000000000000810D80000000000002040600300000000008000810D0000000000000204360000000000000810D80000000000002040600300000000008000810D0000000000000204360000000000000810D80000000000002040600300000000008000810D0000000000000204360000000000000810D80000000000002040600300000000008000810D000000000000020436000000FEA73D3B160000000018E46F3D86FDA51100000083600300000000008041B0010000000000C020D800000000000060106C00000000000030083600000000000018041B0000000000000C820D00000000000006C10600000000000083600300000000008041B0010000000000C020D800000000000060106C00000000000030083600000000000018041B0000000000000C820D00000000000006C10600000000000083600300000000008041B0010000000000C020D800000000000060106C00000000000030083600000000000018041B0000000000000C820D00000000000006C10600000000000083600300000000008041B0010000000000C020D800000000000060106C00000000000030083600000000000018041B0000000000000C820D00000000000006C10600000000000083600300000000008041B0010000000000C020D800000000000060106C00000000000030083600000000000018041B0000000000000C820D00000000000006C10600000000000083600300000000008041B0010000000000C020D800000000000060106C00000000000030083600000000000018041B0000000000000C820D00000000000006C10600000000000083600300000000008041B0010000000000C020D800000000000060106C00000000000030083600000000000018041B0000000000000C820D00000000000006C10600000000000083600300000000008041B0010000000000C020D800000000000060106C00000000000030083600000000000018041B0000000000000C820D00000000000006C10600000000000083600300000000008041B0010000000000C020D800000000000060106C00000000000030083600000000000018041B0000000000000C820D00000000000006C10600000000000083600300000000008041B0010000000000C020D800000000000060106C00000000000030083600000000000018041B0000000000000C820D00000000000006C10600000000000083600300000000008041B0010000000000C020D800000000000060106C00000000000030083600000000000018041B0000000000000C820D00000000000006C10600000000000083600300000000008041B0010000000000C020D800000000000060106C00000000000030083600000000000018041B0000000000000C820D00000000000006C10600000000000083600300000000008041B0010000000000C020D800000000000060106C00000000000030083600000000000018041B0000000000000C820D00000000000006C10600000000000083600300000000008041B0010000000000C020D800000000000060106C00000000000030083600000000000018041B0000000000000C820D00000000000006C10600000000000083600300000000008041B0010000000000C020D800000000000060106C00000000000030083600000000000018041B0000000000000C820D00000000000006C10600000000000083600300000000008041B0010000000000C020D800000000000060106C00000000000030083600000000000018041B0000000000000C820D00000000000006C10600000000000083600300000000008041B0010000000000C020D800000000000060106C00000000000030083600000000000018041B0000000000000C820D00000000000006C10600000000000083600300000000008041B0010000000000C020D800000000000060106C00000000000030083600000000000018041B0000000000000C820D00000000000006C10600000000000083600300000000008041B0010000000000C020D800000000000060106C00000000000030083600000000000018041B0000000000000C820D00000000000006C10600000000000083600300000000008041B0010000000000C020D800000000000060106C00000000000030083600000000000018041B0000000000000C820D00000000000006C10600000000000083600300000000008041B0010000000000C020D800000000000060106C00000000000030083600000000000018041B0000000000000C820D00000000000006C10600000000000083600300000000008041B0010000000000C020D800000000000060106C00000000000030083600000000000018041B0000000000000C820D00000000000006C10600000000000083600300000000008041B0010000000000C020D800000000000060106C00000000000030083600000000000018041B0000000000000C820D00000000000006C10600000000000083600300000000008041B0010000000000C020D800000000000060106C00000000000030083600000000000018041B0000000000000C820D00000000000006C10600000000000083600300000000008041B0010000000000C020D800000000000060106C00000000000030083600000000000018041B0000000000000C820D00000000000006C10600000000000083600300000000008041B0010000000000C020D800000000000060106C00000000000030083600000000000018041B0000000000000C820D00000000000006C10600000000000083600300000000008041B0010000000000C020D800000000000060106C00000000000030083600000000000018041B0000000000000C820D00000000000006C10600000000000083600300000000008041B0010000000000C020D800000000000060106C00000000000030083600000000000018041B0000000000000C820D00000000000006C10600000000000083600300000000008041B0010000000000C020D800000000000060106C00000000000030083600000000000018041B0000000000000C820D00000000000006C10600000000000083600300000000008041B0010000000000C020D800000000000060106C00000000000030083600000000000018041B0000000000000C820D00000000000006C10600000000000083600300000000008041B0010000000000C020D800000000000060106C00000000000030083600000000000018041B0000000000000C820D00000000000006C10600000000000083600300000000008041B0010000000000C020D800000000000060106C00000000000030083600000000000018041B0000000000000C820D00000000000006C10600000000000083600300000000008041B0010000000000C020D800000000000060106C00000000000030083600000000000018041B0000000000000C820D00000000000006C10600000000000083600300000000008041B0010000000000C020D800000000000060106C00000000000030083600000000000018041B0000000000000C820D00000000000006C10600000000000083600300000000008041B0010000000000C020D800000000000060106C00000000000030083600000000000018041B0000000000000C820D00000000000006C10600000000000083600300000000008041B0010000000000C020D800000000000060106C00000000000030083600000000000018041B0000000000000C820D00000000000006C10600000000000083600300000000008041B0010000000000C020D800000000000060106C00000000000030083600000000000018041B0000000000000C820D00000000000006C10600000000000083600300000000008041B0010000000000C020D800000000000060106C00000000000030083600000000000018041B0000000000000C820D00000000000006C10600000000000083600300000000008041B0010000000000C020D800000000000060106C00000000000030083600000000000018041B0000000000000C820D00000000000006C10600000000000083600300000000008041B0010000000000C020D800000000000060106C00000000000030083600000000000018041B0000000000000C820D00000000000006C10600000000000083600300000000008041B0010000000000C020D800000000000060106C00000000000030083600000000000018041B0000000000000C820D00000000000006C10600000000000083600300000000008041B0010000000000C020D800000000000060106C00000000000030083600000000000018041B0000000000000C820D00000000000006C10600000000000083600300000000008041B0010000000000C020D800000000000060106C00000000000030083600000000000018041B0000000000000C820D00000000000006C10600000000000083600300000000008041B0010000000000C020D800000000000060106C00000000000030083600000000000018041B0000000000000C820D00000000000006C10600000000000083600300000000008041B0010000000000C020D800000000000060106C00000000000030083600000000000018041B0000000000000C820D00000000000006C10600000000000083600300000000008041B0010000000000C020D800000000000060106C00000000000030083600000000000018041B0000000000000C820D00000000000006C10600000000000083600300000000008041B0010000000000C020D800000000000060106C00000000000030083600000000000018041B0000000000000C820D00000000000006C10600000000000083600300000000008041B0010000000000C020D800000000000060106C00000000000030083600000000000018041B0000000000000C820D00000000000006C10600000000000083600300000000008041B0010000000000C020D800000000000060106C00000000000030083600000000000018041B0000000000000C820D00000000000006C10600000000000083600300000000008041B0010000000000C020D800000000000060106C00000000000030083600000000000018041B0000000000000C820D00000000000006C10600000000000083600300000000008041B0010000000000C020D800000000000060106C00000000000030083600000000000018041B0000000000000C820D00000000000006C10600000000000083600300000000008041B0010000000000C020D800000000000060106C00000000000030083600000000000018041B0000000000000C820D00000000000006C10600000000000083600300000000008041B0010000000000C020D800000000000060106C00000000000030083600000000000018041B0000000000000C820D000000000000860071649439132BBC380000000049454E44AE426082, 0);
INSERT INTO `act_ge_bytearray` VALUES ('25003', 1, 'chapter_startevent1.html', '25001', 0x3C666F726D20636C6173733D226C617975692D666F726D206D61696E206C617975692D75706C6F616422206C61792D66696C7465723D2263686170746572223E0D0A202020202020203C64697620636C6173733D226C617975692D666F726D2D6974656D223E0D0A20202020202020202020203C6C6162656C20636C6173733D226C617975692D666F726D2D6C6162656C223E3C7370616E207374796C653D22636F6C6F723A7265643B223E2A3C2F7370616E3EE7BB8FE6898BE4BABA3C2F6C6162656C3E0D0A20202020202020202020203C64697620636C6173733D226C617975692D696E7075742D696E6C696E65223E0D0A2020202020202020202020202020203C696E70757420747970653D227465787422206E616D653D2273717222206C61792D7665726966793D2272657175697265642220726561646F6E6C793D22726561646F6E6C792220706C616365686F6C6465723D22E7BB8FE6898BE4BABA22206175746F636F6D706C6574653D226F66662220636C6173733D226C617975692D696E707574223E0D0A2020202020202020202020092020203C696E70757420747970653D2268696464656E22206E616D653D22755F6964223E0D0A20202020202020202020203C2F6469763E0D0A20202020202020202020203C6C6162656C20636C6173733D226C617975692D666F726D2D6C6162656C223E3C7370616E207374796C653D22636F6C6F723A7265643B223E2A3C2F7370616E3EE983A8E997A8E5908DE7A7B03C2F6C6162656C3E0D0A20202020202020202020203C64697620636C6173733D226C617975692D696E7075742D696E6C696E65223E0D0A092020202020202020202020203C73656C65637420636C6173733D226C617975692D696E70757422206E616D653D22626D6D63222069643D22626D6D6322206C61792D7665726966793D22726571756972656422206C61792D7365617263683E3C2F73656C6563743E0D0A2020202020202020093C2F6469763E0D0A202020202020203C2F6469763E0D0A202020202020203C64697620636C6173733D226C617975692D666F726D2D6974656D223E0D0A20202020202020202020203C6C6162656C20636C6173733D226C617975692D666F726D2D6C6162656C223E3C7370616E207374796C653D22636F6C6F723A7265643B223E2A3C2F7370616E3EE794B3E8AFB7E697A5E69C9F3C2F6C6162656C3E0D0A20202020202020202020203C64697620636C6173733D226C617975692D696E7075742D696E6C696E65223E0D0A2020202020202020202020202020203C696E70757420747970653D227465787422206E616D653D22737172712220726561646F6E6C793D22726561646F6E6C7922206C61792D7665726966793D22726571756972656422206175746F636F6D706C6574653D226F66662220636C6173733D226C617975692D696E707574223E0D0A20202020202020202020203C2F6469763E0D0A20202020202020202020203C6C6162656C20636C6173733D226C617975692D666F726D2D6C6162656C223E3C7370616E207374796C653D22636F6C6F723A7265643B223E2A3C2F7370616E3EE794A8E58DB0E4BBBDE695B03C2F6C6162656C3E0D0A20202020202020202020203C64697620636C6173733D226C617975692D696E7075742D696E6C696E65223E0D0A2020202020202020202020202020203C696E70757420747970653D227465787422206E616D653D227979667322206C61792D7665726966793D2272657175697265647C6E756D62657222206175746F636F6D706C6574653D226F66662220636C6173733D226C617975692D696E707574223E0D0A20202020202020202020203C2F6469763E0D0A202020202020203C2F6469763E0D0A202020202020203C64697620636C6173733D226C617975692D666F726D2D6974656D223E0D0A2020202020202020093C6C6162656C20636C6173733D226C617975692D666F726D2D6C6162656C223E3C7370616E207374796C653D22636F6C6F723A7265643B223E2A3C2F7370616E3EE794A8E58DB0E7B1BBE588AB3C2F6C6162656C3E0D0A2020202020202020202020203C64697620636C6173733D226C617975692D696E7075742D696E6C696E6520747265652D79796C78223E0D0A0909092020203C696E70757420747970653D227465787422206E616D653D2279796C782220706C616365686F6C6465723D22E794A8E58DB0E7B1BBE588AB2220726561646F6E6C793D22726561646F6E6C7922206C61792D7665726966793D22726571756972656422206175746F636F6D706C6574653D226F66662220636C6173733D226C617975692D696E707574223E0D0A0909092020203C756C2069643D2279796C782220636C6173733D227A74726565223E3C2F756C3E0D0A0909093C2F6469763E0D0A202020202020203C2F6469763E0D0A202020202020203C64697620636C6173733D226C617975692D666F726D2D6974656D206C617975692D666F726D2D74657874223E0D0A20202020202020202020203C6C6162656C20636C6173733D226C617975692D666F726D2D6C6162656C223EE794A8E58DB0E58685E5AEB93C2F6C6162656C3E0D0A20202020202020202020203C64697620636C6173733D226C617975692D696E7075742D626C6F636B223E0D0A2020202020202020202020202020203C7465787461726561206E616D653D2279796E722220706C616365686F6C6465723D22E794A8E58DB0E58685E5AEB92220636C6173733D226C617975692D746578746172656122207374796C653D2277696474683A35303070783B6D696E2D6865696768743A20373070783B223E3C2F74657874617265613E0D0A20202020202020202020203C2F6469763E0D0A202020202020203C2F6469763E0D0A202020202020203C64697620636C6173733D226C617975692D666F726D2D6974656D206C617975692D666F726D2D74657874223E0D0A2020202020202020202020202020203C6C6162656C20636C6173733D226C617975692D666F726D2D6C6162656C223E3C7370616E207374796C653D22636F6C6F723A7265643B223E2A3C2F7370616E3EE5AEA1E689B9E4BABA3C2F6C6162656C3E0D0A0909093C64697620636C6173733D226C617975692D696E6C696E65222069643D22737072223E0D0A090909093C6469762069643D227370725F616464223E0D0A09090909093C6920636C6173733D2266612066612D706C7573223E3C2F693E0D0A090909093C2F6469763E0D0A0909093C2F6469763E0D0A202020202020203C2F6469763E0D0A202020202020203C64697620636C6173733D226C617975692D666F726D2D6974656D223E0D0A20202020202020202020203C64697620636C6173733D226C617975692D696E7075742D626C6F636B223E0D0A2020202020202020202020202020203C627574746F6E20636C6173733D226C617975692D62746E206C617975692D62746E2D7072696D61727922206C61792D7375626D6974206C61792D66696C7465723D227371222069643D227371223EE794B3E8AFB73C2F627574746F6E3E0D0A20202020202020202020203C2F6469763E0D0A202020202020203C2F6469763E0D0A3C2F666F726D3E, 0);
INSERT INTO `act_ge_bytearray` VALUES ('25004', 1, 'chapter.bpmn', '25001', 0x3C3F786D6C2076657273696F6E3D22312E302220656E636F64696E673D225554462D38223F3E0A3C646566696E6974696F6E7320786D6C6E733D22687474703A2F2F7777772E6F6D672E6F72672F737065632F42504D4E2F32303130303532342F4D4F44454C2220786D6C6E733A7873693D22687474703A2F2F7777772E77332E6F72672F323030312F584D4C536368656D612D696E7374616E63652220786D6C6E733A61637469766974693D22687474703A2F2F61637469766974692E6F72672F62706D6E2220786D6C6E733A62706D6E64693D22687474703A2F2F7777772E6F6D672E6F72672F737065632F42504D4E2F32303130303532342F44492220786D6C6E733A6F6D6764633D22687474703A2F2F7777772E6F6D672E6F72672F737065632F44442F32303130303532342F44432220786D6C6E733A6F6D6764693D22687474703A2F2F7777772E6F6D672E6F72672F737065632F44442F32303130303532342F44492220747970654C616E67756167653D22687474703A2F2F7777772E77332E6F72672F323030312F584D4C536368656D61222065787072657373696F6E4C616E67756167653D22687474703A2F2F7777772E77332E6F72672F313939392F585061746822207461726765744E616D6573706163653D22687474703A2F2F7777772E61637469766974692E6F72672F74657374223E0A20203C70726F636573732069643D226368617074657222206E616D653D22E794A8E58DB0E6B581E7A88B2220697345786563757461626C653D2274727565223E0A202020203C657874656E73696F6E456C656D656E74733E0A2020202020203C61637469766974693A657865637574696F6E4C697374656E6572206576656E743D2273746172742220636C6173733D22636F6D2E7A7A68622E6C697374656E65722E61637469766974692E50726F63657373457865637574696F6E4C697374656E6572223E3C2F61637469766974693A657865637574696F6E4C697374656E65723E0A2020202020203C61637469766974693A657865637574696F6E4C697374656E6572206576656E743D22656E642220636C6173733D22636F6D2E7A7A68622E6C697374656E65722E61637469766974692E50726F63657373457865637574696F6E4C697374656E6572223E3C2F61637469766974693A657865637574696F6E4C697374656E65723E0A202020203C2F657874656E73696F6E456C656D656E74733E0A202020203C73746172744576656E742069643D2273746172746576656E743122206E616D653D22E5A1ABE58699E8AFB7E58187E58D95222061637469766974693A666F726D4B65793D22636861707465725F73746172746576656E74312E68746D6C223E3C2F73746172744576656E743E0A202020203C757365725461736B2069643D22757365727461736B3122206E616D653D22E9A286E5AFBCE5AEA1E689B9222061637469766974693A666F726D4B65793D22636861707465725F757365727461736B312E68746D6C223E0A2020202020203C657874656E73696F6E456C656D656E74733E0A20202020202020203C61637469766974693A7461736B4C697374656E6572206576656E743D226372656174652220636C6173733D22636F6D2E7A7A68622E6C697374656E65722E61637469766974692E557365725461736B4C697374656E6572223E3C2F61637469766974693A7461736B4C697374656E65723E0A2020202020203C2F657874656E73696F6E456C656D656E74733E0A202020203C2F757365725461736B3E0A202020203C656E644576656E742069643D22656E646576656E743122206E616D653D22E7BB93E69D9F223E3C2F656E644576656E743E0A202020203C73657175656E6365466C6F772069643D22666C6F7731362220736F757263655265663D2273746172746576656E743122207461726765745265663D22757365727461736B31223E3C2F73657175656E6365466C6F773E0A202020203C73657175656E6365466C6F772069643D22666C6F7731372220736F757263655265663D22757365727461736B3122207461726765745265663D22656E646576656E7431223E3C2F73657175656E6365466C6F773E0A20203C2F70726F636573733E0A20203C62706D6E64693A42504D4E4469616772616D2069643D2242504D4E4469616772616D5F63686170746572223E0A202020203C62706D6E64693A42504D4E506C616E652062706D6E456C656D656E743D2263686170746572222069643D2242504D4E506C616E655F63686170746572223E0A2020202020203C62706D6E64693A42504D4E53686170652062706D6E456C656D656E743D2273746172746576656E7431222069643D2242504D4E53686170655F73746172746576656E7431223E0A20202020202020203C6F6D6764633A426F756E6473206865696768743D2233352E30222077696474683D2233352E302220783D2237352E302220793D2238302E30223E3C2F6F6D6764633A426F756E64733E0A2020202020203C2F62706D6E64693A42504D4E53686170653E0A2020202020203C62706D6E64693A42504D4E53686170652062706D6E456C656D656E743D22757365727461736B31222069643D2242504D4E53686170655F757365727461736B31223E0A20202020202020203C6F6D6764633A426F756E6473206865696768743D2235352E30222077696474683D223130352E302220783D223136332E302220793D2237302E30223E3C2F6F6D6764633A426F756E64733E0A2020202020203C2F62706D6E64693A42504D4E53686170653E0A2020202020203C62706D6E64693A42504D4E53686170652062706D6E456C656D656E743D22656E646576656E7431222069643D2242504D4E53686170655F656E646576656E7431223E0A20202020202020203C6F6D6764633A426F756E6473206865696768743D2233352E30222077696474683D2233352E302220783D223333342E302220793D2238302E30223E3C2F6F6D6764633A426F756E64733E0A2020202020203C2F62706D6E64693A42504D4E53686170653E0A2020202020203C62706D6E64693A42504D4E456467652062706D6E456C656D656E743D22666C6F773136222069643D2242504D4E456467655F666C6F773136223E0A20202020202020203C6F6D6764693A776179706F696E7420783D223131302E302220793D2239372E30223E3C2F6F6D6764693A776179706F696E743E0A20202020202020203C6F6D6764693A776179706F696E7420783D223136332E302220793D2239372E30223E3C2F6F6D6764693A776179706F696E743E0A2020202020203C2F62706D6E64693A42504D4E456467653E0A2020202020203C62706D6E64693A42504D4E456467652062706D6E456C656D656E743D22666C6F773137222069643D2242504D4E456467655F666C6F773137223E0A20202020202020203C6F6D6764693A776179706F696E7420783D223236382E302220793D2239372E30223E3C2F6F6D6764693A776179706F696E743E0A20202020202020203C6F6D6764693A776179706F696E7420783D223333342E302220793D2239372E30223E3C2F6F6D6764693A776179706F696E743E0A2020202020203C2F62706D6E64693A42504D4E456467653E0A202020203C2F62706D6E64693A42504D4E506C616E653E0A20203C2F62706D6E64693A42504D4E4469616772616D3E0A3C2F646566696E6974696F6E733E, 0);
INSERT INTO `act_ge_bytearray` VALUES ('27502', 1, 'chapter_usertask1.html', '27501', 0x3C666F726D20636C6173733D226C617975692D666F726D206D61696E206C617975692D75706C6F616422206C61792D66696C7465723D226C65617665223E0D0A20202020203C64697620636C6173733D226C617975692D666F726D2D6974656D223E0D0A2020202020202020203C6C6162656C20636C6173733D226C617975692D666F726D2D6C6162656C223E3C7370616E207374796C653D22636F6C6F723A7265643B223E2A3C2F7370616E3EE794B3E8AFB7E4BABA3C2F6C6162656C3E0D0A2020202020202020203C64697620636C6173733D226C617975692D696E7075742D696E6C696E65223E0D0A202020202020202020202020203C696E70757420747970653D2274657874222076616C75653D22247B7371727D22206C61792D7665726966793D2272657175697265642220726561646F6E6C793D22726561646F6E6C792220706C616365686F6C6465723D22E794B3E8AFB7E4BABA22206175746F636F6D706C6574653D226F66662220636C6173733D226C617975692D696E707574223E0D0A2020202020202020203C2F6469763E0D0A2020202020202020203C6C6162656C20636C6173733D226C617975692D666F726D2D6C6162656C223E3C7370616E207374796C653D22636F6C6F723A7265643B223E2A3C2F7370616E3EE983A8E997A8E5908DE7A7B03C2F6C6162656C3E0D0A2020202020202020203C64697620636C6173733D226C617975692D696E7075742D696E6C696E65223E0D0A202020202020202020202020203C696E70757420747970653D2274657874222076616C75653D22247B626D6D637D22206C61792D7665726966793D2272657175697265642220726561646F6E6C793D22726561646F6E6C792220706C616365686F6C6465723D22E983A8E997A8E5908DE7A7B022206175746F636F6D706C6574653D226F66662220636C6173733D226C617975692D696E707574223E0D0A2020202020202020203C2F6469763E0D0A20202020203C2F6469763E0D0A20202020203C64697620636C6173733D226C617975692D666F726D2D6974656D223E0D0A2020202020202020203C6C6162656C20636C6173733D226C617975692D666F726D2D6C6162656C223E3C7370616E207374796C653D22636F6C6F723A7265643B223E2A3C2F7370616E3EE794B3E8AFB7E697A5E69C9F3C2F6C6162656C3E0D0A2020202020202020203C64697620636C6173733D226C617975692D696E7075742D696E6C696E65223E0D0A202020202020202020202020203C696E70757420747970653D2274657874222076616C75653D22247B737172717D2220726561646F6E6C793D22726561646F6E6C7922206C61792D7665726966793D22726571756972656422206175746F636F6D706C6574653D226F66662220636C6173733D226C617975692D696E707574223E0D0A2020202020202020203C2F6469763E0D0A2020202020202020203C6C6162656C20636C6173733D226C617975692D666F726D2D6C6162656C223E3C7370616E207374796C653D22636F6C6F723A7265643B223E2A3C2F7370616E3EE8AFB7E58187E7B1BBE588AB3C2F6C6162656C3E0D0A2020202020202020203C64697620636C6173733D226C617975692D696E7075742D696E6C696E65223E0D0A202020202020202020202020203C696E70757420747970653D2274657874222076616C75653D22247B716A6C787D2220726561646F6E6C793D22726561646F6E6C7922206C61792D7665726966793D22726571756972656422206175746F636F6D706C6574653D226F66662220636C6173733D226C617975692D696E707574223E0D0A2020202020202020203C2F6469763E0D0A20202020203C2F6469763E0D0A20202020203C64697620636C6173733D226C617975692D666F726D2D6974656D223E0D0A2020202020202020203C6C6162656C20636C6173733D226C617975692D666F726D2D6C6162656C223E3C7370616E207374796C653D22636F6C6F723A7265643B223E2A3C2F7370616E3EE5BC80E5A78BE697A5E69C9F3C2F6C6162656C3E0D0A2020202020202020203C64697620636C6173733D226C617975692D696E7075742D696E6C696E65223E0D0A202020202020202020202020203C696E70757420747970653D2274657874222069643D226B737271222076616C75653D22247B6B7372717D22206C61792D7665726966793D2272657175697265642220706C616365686F6C6465723D22E5BC80E5A78BE697A5E69C9F22206175746F636F6D706C6574653D226F6666220D0A2020202020202020202020202020202020636C6173733D226C617975692D696E707574223E0D0A2020202020202020203C2F6469763E0D0A2020202020202020203C6C6162656C20636C6173733D226C617975692D666F726D2D6C6162656C223E3C7370616E207374796C653D22636F6C6F723A7265643B223E2A3C2F7370616E3EE7BB93E69D9FE697A5E69C9F3C2F6C6162656C3E0D0A2020202020202020203C64697620636C6173733D226C617975692D696E7075742D696E6C696E65223E0D0A202020202020202020202020203C696E70757420747970653D2274657874222069643D226A737271222076616C75653D22247B6A7372717D22206C61792D7665726966793D2272657175697265642220706C616365686F6C6465723D22E7BB93E69D9FE697A5E69C9F22206175746F636F6D706C6574653D226F6666220D0A2020202020202020202020202020202020636C6173733D226C617975692D696E707574223E0D0A2020202020202020203C2F6469763E0D0A20202020203C2F6469763E0D0A20202020203C64697620636C6173733D226C617975692D666F726D2D6974656D206C617975692D666F726D2D74657874223E0D0A2020202020202020203C6C6162656C20636C6173733D226C617975692D666F726D2D6C6162656C223EE8AFB7E58187E79086E794B13C2F6C6162656C3E0D0A2020202020202020203C64697620636C6173733D226C617975692D696E7075742D626C6F636B223E0D0A202020202020202020202020203C746578746172656120726561646F6E6C793D22726561646F6E6C792220636C6173733D226C617975692D746578746172656122207374796C653D2277696474683A35303070783B6D696E2D6865696768743A20373070783B223E247B716A6C797D3C2F74657874617265613E0D0A2020202020202020203C2F6469763E0D0A20202020203C2F6469763E0D0A093C64697620636C6173733D226C617975692D666F726D2D6974656D206C617975692D666F726D2D74657874223E0D0A09093C6C6162656C20636C6173733D226C617975692D666F726D2D6C6162656C223EE59BBEE789873C2F6C6162656C3E0D0A09093C64697620636C6173733D226C617975692D696E7075742D626C6F636B206C617965722D70686F746F222069643D226C617965722D70686F746F73223E3C2F6469763E0D0A093C2F6469763E0D0A20202020203C64697620636C6173733D226C617975692D666F726D2D6974656D206C617975692D666F726D2D74657874223E0D0A09202020203C6C6162656C20636C6173733D226C617975692D666F726D2D6C6162656C223E3C7370616E207374796C653D22636F6C6F723A7265643B223E2A3C2F7370616E3EE698AFE590A6E5908CE6848F3C2F6C6162656C3E0D0A09202020203C64697620636C6173733D226C617975692D696E7075742D626C6F636B223E0D0A092020202020203C696E70757420747970653D22726164696F22206E616D653D226167726565222076616C75653D227472756522207469746C653D22E5908CE6848F2220636865636B65643D22223E0D0A092020202020203C696E70757420747970653D22726164696F22206E616D653D226167726565222076616C75653D2266616C736522207469746C653D22E4B88DE5908CE6848F223E0D0A09202020203C2F6469763E0D0A202009203C2F6469763E0D0A202009203C64697620636C6173733D226C617975692D666F726D2D6974656D206C617975692D666F726D2D74657874223E0D0A2020202020202020203C6C6162656C20636C6173733D226C617975692D666F726D2D6C6162656C223EE5AEA1E689B9E6848FE8A7813C2F6C6162656C3E0D0A2020202020202020203C64697620636C6173733D226C617975692D696E7075742D626C6F636B223E0D0A202020202020202020202020203C7465787461726561206E616D653D226B735F7370796A2220706C616365686F6C6465723D22E5AEA1E689B9E6848FE8A7812220636C6173733D226C617975692D746578746172656122207374796C653D2277696474683A35303070783B6D696E2D6865696768743A20373070783B223E3C2F74657874617265613E0D0A2020202020202020203C2F6469763E0D0A20202020203C2F6469763E0D0A20202020203C64697620636C6173733D226C617975692D666F726D2D6974656D206C617975692D666F726D2D74657874223E0D0A202020202020202020203C6C6162656C20636C6173733D226C617975692D666F726D2D6C6162656C223E3C7370616E207374796C653D22636F6C6F723A7265643B223E2A3C2F7370616E3EE5AEA1E689B9E4BABA3C2F6C6162656C3E0D0A090920203C64697620636C6173733D226C617975692D696E6C696E65222069643D22737072223E0D0A09090920203C6469762069643D227370725F616464223E0D0A090909093C6920636C6173733D2266612066612D706C7573223E3C2F693E0D0A09090920203C2F6469763E0D0A09092020203C2F6469763E0D0A20202020203C2F6469763E0D0A20202020203C64697620636C6173733D226C617975692D666F726D2D6974656D223E0D0A20202020202020202020203C64697620636C6173733D226C617975692D696E7075742D626C6F636B223E0D0A2020202020202020202020202020203C627574746F6E20636C6173733D226C617975692D62746E206C617975692D62746E2D7072696D61727922206C61792D7375626D6974206C61792D66696C7465723D227370222069643D227370223EE5AEA1E689B93C2F627574746F6E3E0D0A2020202020202020202020202020203C627574746F6E20747970653D22627574746F6E2220636C6173733D226C617975692D62746E206C617975692D62746E2D7072696D617279222069643D22646F776E6C6F6164223EE4B88BE8BDBDE99984E4BBB63C2F627574746F6E3E0D0A20202020202020202020203C2F6469763E0D0A2020202020203C2F6469763E0D0A3C2F666F726D3E, 0);
INSERT INTO `act_ge_bytearray` VALUES ('27503', 1, 'chapter.png', '27501', 0x89504E470D0A1A0A0000000D4948445200000920000003A20802000000E5C57C6800002F4849444154789CECDD7F6C9CF75DC071AB63E82A51F5108359FC939BF8A39606F8C426D97F911B128D91A03D89A931FC9159AAD6469A482B84360B9406B16611A225426B94C11A2C5087D194CAD2DA12D6A4184832D326A9FB239BD7C6ABBB249DD724DD9524CD357192878B6F1C87939CFD89CF7EECBBD74B1F59B1EFEEEBFBDE73CF3F79EB397724000000000000C08275A4FD04000000000000603511D80000000000002040600300000000008000810D0000000000000204360000000000000810D80000000000002040600300000000008000810D0000000000000204360000000000000810D80000000000002040600300000000008000810D0000000000000204360000000000000810D80000000000002040600300000000008000810D0000000000000204360000000000000810D80000000000002040600300000000008000810D0000000000000204360000000000000810D80000000000002040600300000000008000810D0000000000000204360000000000000810D80000000000002040600300000000008000810D0000000000000204360000000000000810D80000000000002040600300000000008000810D0000000000000204360000000000000810D80000000000002040600300000000008000810D0000000000000204360000000000000810D80000000000002040600300000000008000810D0000000000000204360000000000000810D80000000000002040600300000000008000810D0000000000000204360000000000000810D80000000000002040600300000000008000810D0000000000000204360000000000000810D80000000000002040600300000000008000810D0000000000000204360000000000000810D80000000000002040600300000000008000810D0000000000000204360000000000000810D80000000000002040600300000000008000810D0000000000000204360000000000000810D80000000000002040600300000000008000810D0000000000000204360000000000000810D80000000000002040600300000000008000810D0000000000000204360000000000000810D8DA57B95C1E1E1EEEEFEF2F140AB95CAEA35D55F65E79058AC5E2D0D050A9544AFBB00000000000002B9DC0D6A6F6ECD993CBE5FAFBFB9F7AEAA9BDFBF61D9B9CBC3433D39E53D97BE515D8BD7BF7860D1B2AAFC9D0D050DA0707000000000058D104B6B6532A95060606D6AD5B77FCC4F14B33974CFD9C3A7D6AC3860D9517677A7A3AED03050000000000AC50025B7B29954AF97CFEC95D5FBF3473D1DC6C9E79F6999E9E9EA9A9A9B40F170000000000B012096CED65606060B6AE7D681ACFDE7DCFAF5DFB9B691F2E0000000000602512D8DAC89E3D7BD6ADBB7BE672D92C64BEF8A53FD9BAF5CB691F34000000000060C511D8DA45B95CCEE572274E4ECD5CBE601632E7CEFFA4BBFBD7272626D23E740000000000C0CA22B0B58BA1A1A181818199CB1FD4E6337DBFDBB130F58F6AABD9BAF52F060707D33E740000000000C0CA22B0B58B62B1B8FBE97FFEBFBA76F7BA1F25C9DB5792376792EF5E4C5EB9981C3A7779FBD32F7CFBE4FB2F5E4AFEAB9CBC584EF67F903CFF61F237FB5F7B60E383A9B7AE54E6F091B17C3E9FF6A1030000000000561681AD5D7475751D3DFAF2CCE5F3D5E9E8E8389724E7AF26EF5F4EDEBB947C90247FFCA78F74DCF673BD77174FCE24C72F26C73F4CA6CAC9B1CBC937BFF3CAEC456CE7DB70CE9D3F93C964D23E740000000000C0CA22B05D532E97474646B66CD9522C160BFFABAFAFAFF293E1E1E152A994F6136C826C367BFACCC999CBE7AAD3D1D1F1C195E4E2956B375DBE7AEDEBB79EFBD75FFE955FFDB3471FBB9C24672F27EFCF24EFCD24959D3FFFD2ABB381ED5C7B4E65EFE91EB8E5D4E044181A1A9A9E9E4EFB090200000000C08AD046F1E086464646FAFAFA32994CB158DCB265CBEEDD4FEFDDF742759E79F6B9CD9B1FE9EFEFCF66B3BDBDBD434343693FD945998D64676B53F9F6FCE5E4CC85E4D2959FDEA1542AFDF557BFF6E5BFFAEAF177AE759499ABC9A5D9F076F0F02B731EDB56D32681AD7222544E8179FF1A5F3E9FDFB97367B95C4EFBF90200000000409ADA221EDCD0F8F878A15028168BCF3CFBDCA599CB8D67FF81831B367C2E9FCF8F8E8EA6FDC46FD16C24FBEFDA5C0B6C5792531F243F3E97CC24C9A58B17BBEEBAABA3E3231D1D99CFFEC186FA071E3AF2F29CC7B6D5B47C60ABBCA57B7B7BE74D6BF572B9DCC8C848DA4F1C000000000052D3E2F1E066B66DDB96CFE7F7EE7B61DEB4563F870E1F59BB76EDC68D1B57E3153CB391ECFDDA543F22F2CC85E49DB3C9BB1F26878EFEE0E31FFFF8477EE6676FBFF363FD7FF8FF02DB4B878FCC796C5B4D0B07B6CADB786060E0FA6BD4BEF8C52FD55FCA5999CD9B1F59B76EDD9C7B168BC5D6F8F4540000000000886AD9787033E572B9BFBF7F70703094D6EAE7891D3B0A85C2AAFB7B54B391AC549BCAB717AE26EF95AF5DC176EAC364DF4B13BFD6FDA98FFDE22FDD99FDF9AFFDC3373F4C927317930F2E5E7BE0FEB197E63CB6ADA655035BE50D3CE7C2B54D9B1E3A3639D9E09D7FEAF499CA9BBFB3B3B3FE52B6F1F1F1B4B7020000000000CBAD35E3C1CD94CBE5DEDEDEE1E1E15BAE6BB54F8CACAC33353595F686023A3A3A2E5FFE496DAADDE8C2D5E4FD99E427979277CECE1C7C6DAAFB373EFD99DFFE9D772F263F2E27EF96933317938B49B2FFC597E63CB6ADA625035BE5AD9BCBE56A9DACAFAFAF715A9B93D9366F7EA4F6D84C2633363696F68600000000006059B5603C68A0BFBF7FF175ADF67191BDBDBDABE8B322E744B2C267D6BEFABD370FBD3631363E71E0C8C48197DF38F8EAE4BFBDF8DDEFBCF6D67F1C79E33F8F7CFFC0CBDF1F7BE58DD7DEFCE18EBFDD75DFFAFB520F5D025BB3543373AD903DBA75EB2DBCFF9F7AEA1B994CA6761DDBAABBA013000000000016A3D5E24103DBB66D5BCC27435E3FBB773F5D2C16D3DED642CD06B6F7EAE70B5F78B063017EFFB39F9DF3C0B69AD60B6CFDFDFDB5835B790F2FA63167B3D9EA3A854221ED6D0100000000C0F269B5787033E3E3E3F97CBE8975AD3A0F3CF0E0CE9D3BD3DEDC82CC06B633263A2D16D84646461679ED5AFD3CF3EC73B5D5B66FDF9EF6E600000000006099B4543C68209FCF1F3A7CA4E981EDF889936BD6E456C507455E0B6C574E9BE8B45860AB9C08B5BFBBD69453A0F6F7D83A3B3B57C5890000000000008BD752F1E0664646468AC562D3EB5A75366D7A68555CBB331BD84E99E8B452601B1E1EAEC6B04C2673FCC4C9A6BCFFCF9E3BDFD9D9595DF6E1871F4E7B8B0000000000B01C5A271E34502814F6EE7B618902DBF113273B3B3BD3DEE2FC6603DBBB263AAD14D82A2742B5846DDAF450134F812777EDAA2E9BCD66D3DE2200000000002C87D6890737532A95B2D9EC12D5B5EAF4F4F48C8D8DA5BDD179CC06B61F9BE8B44C60AB9C08B5BF97D6ACCBD76AB3664DAEBAF2E8E868DA1B05000000008025D722F1A081A1A1A1818181250D6C8F6EDD3A383898F646AF191E1E9E9A9ABAE14DB3816D7AF1B3F0753A1A6ACA6FB9E1DD9AB5D3DA6ACB7B0C17A5C11BA07222545FF942A1D0F453E081071EAC2EBE424E0400000000005852AB291EDC9A8D1B37EEDCB9734903DBDE7D2F140A85B4379ABCF1C61BD5C871C71D77ECDEBD7BCEAD4D0F6CF366B306BF71214F26749FFA3BB76D606BFC06A89C08D55B1FDDBA75294E81EAE2BDBDBDA9EC1D000000000096D3AA8907B7ACAFAFEF99679F5BD2C0766C7272CD9A5CDA1B4DCAE5F26DB7DD56ED1C1FFDE8473FF9C94FD65FCC349B9D7EB4C8A92E3267A99BADDCE0375E7F53E3CBDDEA02DE8DD7A9BFA9293BAD5F2DBD431AD3F80D503911AA372DC5E9503905AA8BE772E99F080000000000B0D4564D3CB865F97CFED0E1234B1AD8CE9E3B9FC964D2DEE8359D9D9DF539EAF6DB6FBFFFFEFBCBE572321BD8AE5C796791535BE4FA7FDCF0CE0DDC6CE585FCF6398B5F7FD3C2D75CC82F4DFBA806347803544E84EA0F97E874A8FDD2B45F0300000000005872ADFFBFE19D9D9DC74F9C5CD2C056AD0B854261DE0BB0D275E5CAC9C54C7585DA3AF3AE3FEF6F6C7C87853CE1FA2773B3E7B9F85DAFFC23BB10B5F6766C7272294E81DAFA699FF10000000000B0E45AFF7FC3BBBABA5E3F7A7419025BDA1BBDE6CE3BEFAC0595E2AC42A130313191FCF40AB613B73CF50FAFFDFB863F6CF093C6779837113558A1FE3E37BBF32D6F3CEDA31AD0E00D503911AA3F5FA2D32193C9086C0000000000B489D6FFDFF042A1B077DF0B4B5AD756C8DF602B954AD5C2D1D5D5F5F9CF7FBEF2757878B876EB6C733ADEDCA9AE59FFF5FA3BCCD7CCE6AEB6C06FE7FCB0FED6E6EE741515A3C66F80DA75784B713A9C3A7DA6BA78369B4DF115000000000080E5B16AE2C12D1B18187872D7AE250D6CFB0F1CECE9E9497BA3C9DB6FBF9DC964FAFAFA72B9DCE0E060A954AABF75363BFD7031735D1BFBE1F55F17B8CE427EDEF8DBFAA734E7D6C5EF74CEAF48EB8046357E03544E84EACBF5C48E1D4D3F055E3F7AB4BA783E9F4F6BFB0000000000B06C564D3CB865DBB76FDFB4E9A1250D6C4FEEDAB561C3E7D2DEE835232323434343535353D7DFD4F4ECB414816DBECBDD6E70E7EBD76CDBC096347C036CDBB6ADFA8A55DEAB4D3F051EDDBAB5BA787F7FFFB26F1A000000000096DB6A8A07B7666A6A2A97CB2D69605BB76EDD9E3D7BD2DEE83C66B3D3DB4D99DA52D57FD47FADBFCF42DC70D9857C7BC367D2E09E8BD96CDA87AE39262626AAAF79369B3D7BEE7C734F81B56BD756171F1A1A4A7BA30000000000B0E45A241E34D6D5D5F5FAD1A34B54D7CE9E3B9FCD66CBE572DABB9CC7B5EC74756A91535DA4B654FDB7375BFFFA9F2FF09E8DBF9DF3C3FA5B9BB2D3FAD5D23E744D93CBE5AA196CF7EEA79B780A1C9B9CAC15D3399F4B0900000000002DA975E241034BFA29918F3DFE7865F1B4B738BFD9ECF4D6E267CE3AD56F1B2F7EC387DCF06EF35CEE76F395EB9FC69C1F2E7EBF691FBAA6191C1CACBE92DDDDDD4DBC88ED9E7BEFAD2E5B2C16D3DE2200000000002C87D689070D94CBE55C2E77FCC4C9A5B87C6DCD9ADCF4F474DA5B9CDF6C6DFA4153A6B654FD9A0DD69F73D3CDEED9F86E377C54FD33B9FE593565CBAD14D84AA552676767F5B57A74EBD6A69C02FB0F1CAC15D0F1F1F1B4B7080000000000CBA175E24163C3C3C3F7AD5FDFB697AF253F0D6C934D99EA5273165CC8FA75D7A22DF4B72C70A9EB9FCCC27FD1BC4F23ED43D74CDBB76FAFBE32994C66EFBE1716F9FE3F3639592B761B376E4C7B730000000000B04C5A2A1E3476CFBDF736F74F4FBD7EF468F5A3F6D2DED982CCD6A663263A2D16D82A7A7B7BAB49ACB3B3F3D8E4E4622EDFACBCFF6B4BAD8AEB380100000000A0295A2D1E34502A957A7A7A5E3F7AB42975EDD4E933DDDDDDC72627D3DED642CD06B6374D745A2FB04D4D4D65B3D95A183B74F8C82DBCFF8F9F3859AB6B994C66747434ED6D0100000000C0F269B578D0D8C4C4444F4FCF62AEDAA9D5B57BEEBDF799679F4B7B4301029BC056333A3A5AFB14CD4C26F3C48E1DA1F7FFFE03076B9F0C59B17DFBF6B437040000000000CBAA05E34163E3E3E3DDDDDDFB0F1C5CCC2743F6F4F4ACAEBA96CC06B6AB57DF30D169C9C05631323252BB8EADA2725254DED20BB970EDBEF5EB3BEAA86B0000000000B4A1D68C078D954AA5B56BD76EDEFCC8A9D367A27F74EAB1C71FAF7ECE64DA9B089B0D6CDF37D169D5C096CC5ED0D9D5D5555FCBBABBBB2BE7C5F51FA37AFCC4C92776EC58B76E5DFD9DB3D9AC4F860400000000A03DB56C3C68AC5C2E6FDEFCC85D77753DF6F8E367CF9D5F485D7B72D7AECAFD376D7AE8D4E933693FFD5B311BD8264C745A38B025B3B179CB962D994CA6E3467A7A7A6E76537F7FFFF4F474DA4F1F0000000000D2D1CAF1605ED3D3D30F3FFC70369BBDE7DE7B9FDCB5EBD0E12373A25AE5274F3DF58DFBD6AFAFDC67C386CF4D4D4DA5FD946FDD6C60FB9E894E6B07B6AACA8930303070C39076BD42A130363696F65306000000008034B57E3C9857B95C1E1919191818E8EEEE9ED3122A3FB96FFDFAE1E1E152A994F6D35CAC4C2673E1C2CB57AF7ED784A61D025B55E544A8BCD52B27423E9F9F7322E472B962B1B873E74E57AD01000000004022B0B58F5C2EF7D65BDFBE7AF5A8094DFB043600000000006081C48376D1D7D7F72F7B765E4D5E370B9FEF4D7CABABAB2BED43070000000000AC2C025BBBD8B66DDBE0E0FDA927ABD5357F3FF4E8C0C040DA870E0000000000585904B676313535D5D5F5890BE5435793D7CC02A758FCAD919191B40F1D0000000000B0B2086C6D64CB351BAF26AF9A85CC3F0DFF657F7F5FDA070D0000000000587104B636522E970B854F8F8DFD6392BC621ACFF4F4BEAEAE4F944AFBD33E680000000000C08A23B0B5978989897CFEAE898991241937379BE9E97D85C2A74747BF9EF6E1020000000000562281ADED8C8D8DE5F3776DDBF64749F2B2B97E46461EEFEACA8D8EFE5DDA070A000000000058A104B676542E970707070A854F0D0DFDF9F4F4F34972C4944AFF3E3CFC95FEFE75C562A1F2EFB40F110000000000B072096CED6B74747460E0F73A3B7FA1838E8E6CF68EFEFEBB8787BF92F661010000000000563A810D0000000000000204360000000000000810D80000000000002040600300000000008000810D0000000000000204360000000000000810D80000000000002040600300000000008000810D0000000000000204360000000000000810D80000000000002040600300000000008000810D0000000000000204360000000000000810D80000000000002040600300000000008000810D0000000000000204360000000000000810D80000000000002040600300000000008000810D0000000000000204360000000000000810D80000000000002040600300000000008000810D0000000000000204360000000000000810D80000000000002040600300000000008000810D0000000000000204360000000000000810D80000000000002040600300000000008000810D0000000000000204360000000000000810D80000000000002040600300000000008000810D0000000000000204360000000000000810D80000000000002040600300000000008000810D0000000000000204360000000000000810D80000000000002040600300000000008000810D0000000000000204360000000000000810D80000000000002040600300000000008000810D0000000000000204360000000000000810D80000000000002040600300000000008000810D0000000000000204360000000000000810D80000000000002040600300000000008000810D0000000000000204360000000000000810D80000000000002040600300000000008000810D0000000000000204360000000000000810D80000000000002040600300000000008000810D0000000000000204360000000000000810D80000000000002040600300000000008000810D0000000000000204360000000000000810D80000000000002040600300000000008000810D0000000000000204360000000000000810D80000000000002040600300000000008000810D0000000000000204360000000000000810D80000000000002040600300000000008000810D0000000000000204360000000000000810D80000000000002040600300000000008000810D0000000000000204360000000000000810D80000000000002040600300000000008000810D0000000000000204360000000000000810D80000000000002040600300000000008000810D0000000000000204360000000000000810D80000000000002040600300000000008000810D0000000000000204360000000000000810D80000000000002040600300000000008000810D0000000000000204360000000000000810D80000000000002040600300000000008000810D0000000000000204360000000000000810D80000000000002040600300000000008000810D0000000000000204360000000000000810D80000000000002040600300000000008000810D0000000000000204360000000000000810D80000000000002040600300000000008000810D0000000000000204360000000000000810D80000000000002040600300000000008000810D0000000000000204360000000000000810D80000000000002040600300000000008000810D0000000000000204360000000000000810D80000000000002040600300000000008000810D0000000000000204360000000000000810D80000000000002040600300000000008000810D0000000000000204360000000000000810D80000000000002040600300000000008000810D0000000000000204360000000000000810D80000000000002040600300000000008000810D0000000000000204360000000000000810D80000000000002040600300000000008000810D0000000000000204360000000000000810D80000000000002040600300000000008000810D0000000000000204360000000000000810D80000000000002040600300000000008000810D0000000000000204360000000000000810D80000000000002040600300000000008000810D0000000000000204360000000000000810D80000000000002040600300000000008000810D0000000000000204360000000000000810D80000000000002040600300000000008000810D0000000000000204360000000000000810D80000000000002040600300000000008000810D0000000000000204360000000000000810D80000000000002040600300000000008000810D0000000000000204360000000000000810D80000000000002040600300000000008000810D0000000000000204360000000000000810D80000000000002040600300000000008000810D0000000000000204360000000000000810D80000000000002040600300000000008000810D0000000000000204360000000000000810D80000000000002040600300000000008000810D0000000000000204360000000000000810D80000000000002040600300000000008000810D0000000000000204360000000000000810D80000000000002040600300000000008000810D0000000000000204360000000000000810D80000000000002040600300000000008000810D0000000000000204360000000000000810D80000000000002040600300000000008000810D0000000000000204360000000000000810D80000000000002040600300000000008000810D0000000000000204360000000000000810D80000000000002040600300000000008000810D0000000000000204360000000000000810D80000000000002040600300000000008000810D0000000000000204360000000000000810D80000000000002040600300000000008000810D0000000000000204360000000000000810D80000000000002040600300000000008000810D0000000000000204360000000000000810D80000000000002040600300000000008000810D0000000000000204360000000000000810D80000000000002040600300000000008000810D0000000000000204360000000000000810D80000000000002040600300000000008000810D0000000000000204360000000000000810D80000000000002040600300000000008000810D0000000000000204360000000000000810D80000000000002040600300000000008000810D0000000000000204360000000000000810D80000000000002040600300000000008000810D0000000000000204360000000000000810D80000000000002040600300000000008000810D0000000000000204360000000000000810D80000000000002040600300000000008000810D0000000000000204360000000000000810D80000000000002040600300000000008000810D0000000000000204360000000000000810D80000000000002040600300000000008000810D0000000000000204360000000000000810D80000000000002040600300000000008000810D0000000000000204360000000000000810D80000000000002040600300000000008000810D0000000000000204360000000000000810D80000000000002040600300000000008000810D0000000000000204360000000000000810D80000000000002040600300000000008000810D0000000000000204360000000000000810D80000000000002040600300000000008000810D0000000000000204360000000000000810D80000000000002040600300000000008000810D0000000000000204360000000000000810D80000000000002040600300000000008000810D0000000000000204360000000000000810D80000000000002040600300000000008000810D0000000000000204360000000000000810D80000000000002040600300000000008000810D0000000000000204360000000000000810D80000000000002040600300000000008000810D0000000000000204360000000000000810D80000000000002040600300000000008000810D0000000000000204360000000000000810D80000000000002040600300000000008000810D0000000000000204360000000000000810D80000000000002040600300000000008000810D0000000000000204360000000000000810D80000000000002040600300000000008000810D0000000000000204360000000000000810D80000000000002040600300000000008000810D0000000000000204360000000000000810D80000000000002040600300000000008000810D0000000000000204360000000000000810D80000000000002040600300000000008000810D0000000000000204360000000000000810D80000000000002040600300000000008000810D0000000000000204360000000000000810D80000000000002040600300000000008000810D0000000000000204360000000000000810D80000000000002040600300000000008000810D0000000000000204360000000000000810D80000000000002040600300000000008000810D0000000000000204360000000000000810D80000000000002040600300000000008000810D0000000000000204360000000000000810D80000000000002040600300000000008000810D0000000000000204360000000000000810D80000000000002040600300000000008000810D0000000000000204360000000000000810D80000000000002040600300000000008000810D0000000000000204360000000000000810D80000000000002040600300000000008000810D0000000000000204360000000000000810D80000000000002040600300000000008000810D0000000000000204360000000000000810D80000000000002040600300000000008000810D0000000000000204360000000000000810D80000000000002040600300000000008000810D000000000000020436000000FEA73D3B160000000018E46F3D86FDA51100000083600300000000008041B0010000000000C020D800000000000060106C00000000000030083600000000000018041B0000000000000C820D00000000000006C10600000000000083600300000000008041B0010000000000C020D800000000000060106C00000000000030083600000000000018041B0000000000000C820D00000000000006C10600000000000083600300000000008041B0010000000000C020D800000000000060106C00000000000030083600000000000018041B0000000000000C820D00000000000006C10600000000000083600300000000008041B0010000000000C020D800000000000060106C00000000000030083600000000000018041B0000000000000C820D00000000000006C10600000000000083600300000000008041B0010000000000C020D800000000000060106C00000000000030083600000000000018041B0000000000000C820D00000000000006C10600000000000083600300000000008041B0010000000000C020D800000000000060106C00000000000030083600000000000018041B0000000000000C820D00000000000006C10600000000000083600300000000008041B0010000000000C020D800000000000060106C00000000000030083600000000000018041B0000000000000C820D00000000000006C10600000000000083600300000000008041B0010000000000C020D800000000000060106C00000000000030083600000000000018041B0000000000000C820D00000000000006C10600000000000083600300000000008041B0010000000000C020D800000000000060106C00000000000030083600000000000018041B0000000000000C820D00000000000006C10600000000000083600300000000008041B0010000000000C020D800000000000060106C00000000000030083600000000000018041B0000000000000C820D00000000000006C10600000000000083600300000000008041B0010000000000C020D800000000000060106C00000000000030083600000000000018041B0000000000000C820D00000000000006C10600000000000083600300000000008041B0010000000000C020D800000000000060106C00000000000030083600000000000018041B0000000000000C820D00000000000006C10600000000000083600300000000008041B0010000000000C020D800000000000060106C00000000000030083600000000000018041B0000000000000C820D00000000000006C10600000000000083600300000000008041B0010000000000C020D800000000000060106C00000000000030083600000000000018041B0000000000000C820D00000000000006C10600000000000083600300000000008041B0010000000000C020D800000000000060106C00000000000030083600000000000018041B0000000000000C820D00000000000006C10600000000000083600300000000008041B0010000000000C020D800000000000060106C00000000000030083600000000000018041B0000000000000C820D00000000000006C10600000000000083600300000000008041B0010000000000C020D800000000000060106C00000000000030083600000000000018041B0000000000000C820D00000000000006C10600000000000083600300000000008041B0010000000000C020D800000000000060106C00000000000030083600000000000018041B0000000000000C820D00000000000006C10600000000000083600300000000008041B0010000000000C020D800000000000060106C00000000000030083600000000000018041B0000000000000C820D00000000000006C10600000000000083600300000000008041B0010000000000C020D800000000000060106C00000000000030083600000000000018041B0000000000000C820D00000000000006C10600000000000083600300000000008041B0010000000000C020D800000000000060106C00000000000030083600000000000018041B0000000000000C820D00000000000006C10600000000000083600300000000008041B0010000000000C020D800000000000060106C00000000000030083600000000000018041B0000000000000C820D00000000000006C10600000000000083600300000000008041B0010000000000C020D800000000000060106C00000000000030083600000000000018041B0000000000000C820D00000000000006C10600000000000083600300000000008041B0010000000000C020D800000000000060106C00000000000030083600000000000018041B0000000000000C820D00000000000006C10600000000000083600300000000008041B0010000000000C020D800000000000060106C00000000000030083600000000000018041B0000000000000C820D00000000000006C10600000000000083600300000000008041B0010000000000C020D800000000000060106C00000000000030083600000000000018041B0000000000000C820D00000000000006C10600000000000083600300000000008041B0010000000000C020D800000000000060106C00000000000030083600000000000018041B0000000000000C820D00000000000006C10600000000000083600300000000008041B0010000000000C020D800000000000060106C00000000000030083600000000000018041B0000000000000C820D00000000000006C10600000000000083600300000000008041B0010000000000C020D800000000000060106C00000000000030083600000000000018041B0000000000000C820D00000000000006C10600000000000083600300000000008041B0010000000000C020D800000000000060106C00000000000030083600000000000018041B0000000000000C820D00000000000006C10600000000000083600300000000008041B0010000000000C020D800000000000060106C00000000000030083600000000000018041B0000000000000C820D00000000000006C10600000000000083600300000000008041B0010000000000C020D800000000000060106C00000000000030083600000000000018041B0000000000000C820D00000000000006C10600000000000083600300000000008041B0010000000000C020D800000000000060106C00000000000030083600000000000018041B0000000000000C820D00000000000006C10600000000000083600300000000008041B0010000000000C020D800000000000060106C00000000000030083600000000000018041B0000000000000C820D00000000000006C10600000000000083600300000000008041B0010000000000C020D800000000000060106C00000000000030083600000000000018041B0000000000000C820D00000000000006C10600000000000083600300000000008041B0010000000000C020D800000000000060106C00000000000030083600000000000018041B0000000000000C820D00000000000006C10600000000000083600300000000008041B0010000000000C020D800000000000060106C00000000000030083600000000000018041B0000000000000C820D00000000000006C10600000000000083600300000000008041B0010000000000C020D800000000000060106C00000000000030083600000000000018041B0000000000000C820D00000000000006C10600000000000083600300000000008041B0010000000000C020D800000000000060106C00000000000030083600000000000018041B0000000000000C820D00000000000006C10600000000000083600300000000008041B0010000000000C020D800000000000060106C00000000000030083600000000000018041B0000000000000C820D00000000000006C10600000000000083600300000000008041B0010000000000C020D800000000000060106C00000000000030083600000000000018041B0000000000000C820D00000000000006C10600000000000083600300000000008041B0010000000000C020D800000000000060106C00000000000030083600000000000018041B0000000000000C820D00000000000006C10600000000000083600300000000008041B0010000000000C020D800000000000060106C00000000000030083600000000000018041B0000000000000C820D00000000000006C10600000000000083600300000000008041B0010000000000C020D800000000000060106C00000000000030083600000000000018041B0000000000000C820D00000000000006C10600000000000083600300000000008041B0010000000000C020D800000000000060106C00000000000030083600000000000018041B0000000000000C820D00000000000006C10600000000000083600300000000008041B0010000000000C020D800000000000060106C00000000000030083600000000000018041B0000000000000C820D00000000000006C10600000000000083600300000000008041B0010000000000C020D800000000000060106C00000000000030083600000000000018041B0000000000000C820D00000000000006C10600000000000083600300000000008041B0010000000000C020D800000000000060106C00000000000030083600000000000018041B0000000000000C820D00000000000006C10600000000000083600300000000008041B0010000000000C020D800000000000060106C00000000000030083600000000000018041B0000000000000C820D00000000000006C10600000000000083600300000000008041B0010000000000C020D800000000000060106C00000000000030083600000000000018041B0000000000000C820D00000000000006C10600000000000083600300000000008041B0010000000000C020D800000000000060106C00000000000030083600000000000018041B0000000000000C820D00000000000006C10600000000000083600300000000008041B0010000000000C020D800000000000060106C00000000000030083600000000000018041B0000000000000C820D00000000000006C10600000000000083600300000000008041B0010000000000C020D800000000000060106C00000000000030083600000000000018041B0000000000000C820D000000000000860071649439132BBC380000000049454E44AE426082, 0);
INSERT INTO `act_ge_bytearray` VALUES ('27504', 1, 'chapter_startevent1.html', '27501', 0x3C666F726D20636C6173733D226C617975692D666F726D206D61696E206C617975692D75706C6F616422206C61792D66696C7465723D2263686170746572223E0D0A202020202020203C64697620636C6173733D226C617975692D666F726D2D6974656D223E0D0A20202020202020202020203C6C6162656C20636C6173733D226C617975692D666F726D2D6C6162656C223E3C7370616E207374796C653D22636F6C6F723A7265643B223E2A3C2F7370616E3EE7BB8FE6898BE4BABA3C2F6C6162656C3E0D0A20202020202020202020203C64697620636C6173733D226C617975692D696E7075742D696E6C696E65223E0D0A2020202020202020202020202020203C696E70757420747970653D227465787422206E616D653D2273717222206C61792D7665726966793D2272657175697265642220726561646F6E6C793D22726561646F6E6C792220706C616365686F6C6465723D22E7BB8FE6898BE4BABA22206175746F636F6D706C6574653D226F66662220636C6173733D226C617975692D696E707574223E0D0A2020202020202020202020092020203C696E70757420747970653D2268696464656E22206E616D653D22755F6964223E0D0A20202020202020202020203C2F6469763E0D0A20202020202020202020203C6C6162656C20636C6173733D226C617975692D666F726D2D6C6162656C223E3C7370616E207374796C653D22636F6C6F723A7265643B223E2A3C2F7370616E3EE983A8E997A8E5908DE7A7B03C2F6C6162656C3E0D0A20202020202020202020203C64697620636C6173733D226C617975692D696E7075742D696E6C696E65223E0D0A092020202020202020202020203C73656C65637420636C6173733D226C617975692D696E70757422206E616D653D22626D6D63222069643D22626D6D6322206C61792D7665726966793D22726571756972656422206C61792D7365617263683E3C2F73656C6563743E0D0A2020202020202020093C2F6469763E0D0A202020202020203C2F6469763E0D0A202020202020203C64697620636C6173733D226C617975692D666F726D2D6974656D223E0D0A20202020202020202020203C6C6162656C20636C6173733D226C617975692D666F726D2D6C6162656C223E3C7370616E207374796C653D22636F6C6F723A7265643B223E2A3C2F7370616E3EE794B3E8AFB7E697A5E69C9F3C2F6C6162656C3E0D0A20202020202020202020203C64697620636C6173733D226C617975692D696E7075742D696E6C696E65223E0D0A2020202020202020202020202020203C696E70757420747970653D227465787422206E616D653D22737172712220726561646F6E6C793D22726561646F6E6C7922206C61792D7665726966793D22726571756972656422206175746F636F6D706C6574653D226F66662220636C6173733D226C617975692D696E707574223E0D0A20202020202020202020203C2F6469763E0D0A20202020202020202020203C6C6162656C20636C6173733D226C617975692D666F726D2D6C6162656C223E3C7370616E207374796C653D22636F6C6F723A7265643B223E2A3C2F7370616E3EE794A8E58DB0E4BBBDE695B03C2F6C6162656C3E0D0A20202020202020202020203C64697620636C6173733D226C617975692D696E7075742D696E6C696E65223E0D0A2020202020202020202020202020203C696E70757420747970653D227465787422206E616D653D227979667322206C61792D7665726966793D2272657175697265647C6E756D62657222206175746F636F6D706C6574653D226F66662220636C6173733D226C617975692D696E707574223E0D0A20202020202020202020203C2F6469763E0D0A202020202020203C2F6469763E0D0A202020202020203C64697620636C6173733D226C617975692D666F726D2D6974656D223E0D0A2020202020202020093C6C6162656C20636C6173733D226C617975692D666F726D2D6C6162656C223E3C7370616E207374796C653D22636F6C6F723A7265643B223E2A3C2F7370616E3EE794A8E58DB0E7B1BBE588AB3C2F6C6162656C3E0D0A2020202020202020202020203C64697620636C6173733D226C617975692D696E7075742D696E6C696E6520747265652D79796C78223E0D0A0909092020203C696E70757420747970653D227465787422206E616D653D2279796C782220706C616365686F6C6465723D22E794A8E58DB0E7B1BBE588AB2220726561646F6E6C793D22726561646F6E6C7922206C61792D7665726966793D22726571756972656422206175746F636F6D706C6574653D226F66662220636C6173733D226C617975692D696E707574223E0D0A0909092020203C756C2069643D2279796C782220636C6173733D227A74726565223E3C2F756C3E0D0A0909093C2F6469763E0D0A202020202020203C2F6469763E0D0A202020202020203C64697620636C6173733D226C617975692D666F726D2D6974656D206C617975692D666F726D2D74657874223E0D0A20202020202020202020203C6C6162656C20636C6173733D226C617975692D666F726D2D6C6162656C223EE794A8E58DB0E58685E5AEB93C2F6C6162656C3E0D0A20202020202020202020203C64697620636C6173733D226C617975692D696E7075742D626C6F636B223E0D0A2020202020202020202020202020203C7465787461726561206E616D653D2279796E722220706C616365686F6C6465723D22E794A8E58DB0E58685E5AEB92220636C6173733D226C617975692D746578746172656122207374796C653D2277696474683A35303070783B6D696E2D6865696768743A20373070783B223E3C2F74657874617265613E0D0A20202020202020202020203C2F6469763E0D0A202020202020203C2F6469763E0D0A202020202020203C64697620636C6173733D226C617975692D666F726D2D6974656D206C617975692D666F726D2D74657874223E0D0A2020202020202020202020202020203C6C6162656C20636C6173733D226C617975692D666F726D2D6C6162656C223E3C7370616E207374796C653D22636F6C6F723A7265643B223E2A3C2F7370616E3EE5AEA1E689B9E4BABA3C2F6C6162656C3E0D0A0909093C64697620636C6173733D226C617975692D696E6C696E65222069643D22737072223E0D0A090909093C6469762069643D227370725F616464223E0D0A09090909093C6920636C6173733D2266612066612D706C7573223E3C2F693E0D0A090909093C2F6469763E0D0A0909093C2F6469763E0D0A202020202020203C2F6469763E0D0A202020202020203C64697620636C6173733D226C617975692D666F726D2D6974656D223E0D0A20202020202020202020203C64697620636C6173733D226C617975692D696E7075742D626C6F636B223E0D0A2020202020202020202020202020203C627574746F6E20636C6173733D226C617975692D62746E206C617975692D62746E2D7072696D61727922206C61792D7375626D6974206C61792D66696C7465723D227371222069643D227371223EE794B3E8AFB73C2F627574746F6E3E0D0A20202020202020202020203C2F6469763E0D0A202020202020203C2F6469763E0D0A3C2F666F726D3E, 0);
INSERT INTO `act_ge_bytearray` VALUES ('27505', 1, 'chapter.bpmn', '27501', 0x3C3F786D6C2076657273696F6E3D22312E302220656E636F64696E673D225554462D38223F3E0A3C646566696E6974696F6E7320786D6C6E733D22687474703A2F2F7777772E6F6D672E6F72672F737065632F42504D4E2F32303130303532342F4D4F44454C2220786D6C6E733A7873693D22687474703A2F2F7777772E77332E6F72672F323030312F584D4C536368656D612D696E7374616E63652220786D6C6E733A61637469766974693D22687474703A2F2F61637469766974692E6F72672F62706D6E2220786D6C6E733A62706D6E64693D22687474703A2F2F7777772E6F6D672E6F72672F737065632F42504D4E2F32303130303532342F44492220786D6C6E733A6F6D6764633D22687474703A2F2F7777772E6F6D672E6F72672F737065632F44442F32303130303532342F44432220786D6C6E733A6F6D6764693D22687474703A2F2F7777772E6F6D672E6F72672F737065632F44442F32303130303532342F44492220747970654C616E67756167653D22687474703A2F2F7777772E77332E6F72672F323030312F584D4C536368656D61222065787072657373696F6E4C616E67756167653D22687474703A2F2F7777772E77332E6F72672F313939392F585061746822207461726765744E616D6573706163653D22687474703A2F2F7777772E61637469766974692E6F72672F74657374223E0A20203C70726F636573732069643D226368617074657222206E616D653D22E794A8E58DB0E6B581E7A88B2220697345786563757461626C653D2274727565223E0A202020203C657874656E73696F6E456C656D656E74733E0A2020202020203C61637469766974693A657865637574696F6E4C697374656E6572206576656E743D2273746172742220636C6173733D22636F6D2E7A7A68622E6C697374656E65722E61637469766974692E50726F63657373457865637574696F6E4C697374656E6572223E3C2F61637469766974693A657865637574696F6E4C697374656E65723E0A2020202020203C61637469766974693A657865637574696F6E4C697374656E6572206576656E743D22656E642220636C6173733D22636F6D2E7A7A68622E6C697374656E65722E61637469766974692E50726F63657373457865637574696F6E4C697374656E6572223E3C2F61637469766974693A657865637574696F6E4C697374656E65723E0A202020203C2F657874656E73696F6E456C656D656E74733E0A202020203C73746172744576656E742069643D2273746172746576656E743122206E616D653D22E5A1ABE58699E8AFB7E58187E58D95222061637469766974693A666F726D4B65793D22636861707465725F73746172746576656E74312E68746D6C223E3C2F73746172744576656E743E0A202020203C757365725461736B2069643D22757365727461736B3122206E616D653D22E9A286E5AFBCE5AEA1E689B9222061637469766974693A666F726D4B65793D22636861707465725F757365727461736B312E68746D6C223E0A2020202020203C657874656E73696F6E456C656D656E74733E0A20202020202020203C61637469766974693A7461736B4C697374656E6572206576656E743D226372656174652220636C6173733D22636F6D2E7A7A68622E6C697374656E65722E61637469766974692E557365725461736B4C697374656E6572223E3C2F61637469766974693A7461736B4C697374656E65723E0A2020202020203C2F657874656E73696F6E456C656D656E74733E0A202020203C2F757365725461736B3E0A202020203C656E644576656E742069643D22656E646576656E743122206E616D653D22E7BB93E69D9F223E3C2F656E644576656E743E0A202020203C73657175656E6365466C6F772069643D22666C6F7731362220736F757263655265663D2273746172746576656E743122207461726765745265663D22757365727461736B31223E3C2F73657175656E6365466C6F773E0A202020203C73657175656E6365466C6F772069643D22666C6F7731372220736F757263655265663D22757365727461736B3122207461726765745265663D22656E646576656E7431223E3C2F73657175656E6365466C6F773E0A20203C2F70726F636573733E0A20203C62706D6E64693A42504D4E4469616772616D2069643D2242504D4E4469616772616D5F63686170746572223E0A202020203C62706D6E64693A42504D4E506C616E652062706D6E456C656D656E743D2263686170746572222069643D2242504D4E506C616E655F63686170746572223E0A2020202020203C62706D6E64693A42504D4E53686170652062706D6E456C656D656E743D2273746172746576656E7431222069643D2242504D4E53686170655F73746172746576656E7431223E0A20202020202020203C6F6D6764633A426F756E6473206865696768743D2233352E30222077696474683D2233352E302220783D2237352E302220793D2238302E30223E3C2F6F6D6764633A426F756E64733E0A2020202020203C2F62706D6E64693A42504D4E53686170653E0A2020202020203C62706D6E64693A42504D4E53686170652062706D6E456C656D656E743D22757365727461736B31222069643D2242504D4E53686170655F757365727461736B31223E0A20202020202020203C6F6D6764633A426F756E6473206865696768743D2235352E30222077696474683D223130352E302220783D223136332E302220793D2237302E30223E3C2F6F6D6764633A426F756E64733E0A2020202020203C2F62706D6E64693A42504D4E53686170653E0A2020202020203C62706D6E64693A42504D4E53686170652062706D6E456C656D656E743D22656E646576656E7431222069643D2242504D4E53686170655F656E646576656E7431223E0A20202020202020203C6F6D6764633A426F756E6473206865696768743D2233352E30222077696474683D2233352E302220783D223333342E302220793D2238302E30223E3C2F6F6D6764633A426F756E64733E0A2020202020203C2F62706D6E64693A42504D4E53686170653E0A2020202020203C62706D6E64693A42504D4E456467652062706D6E456C656D656E743D22666C6F773136222069643D2242504D4E456467655F666C6F773136223E0A20202020202020203C6F6D6764693A776179706F696E7420783D223131302E302220793D2239372E30223E3C2F6F6D6764693A776179706F696E743E0A20202020202020203C6F6D6764693A776179706F696E7420783D223136332E302220793D2239372E30223E3C2F6F6D6764693A776179706F696E743E0A2020202020203C2F62706D6E64693A42504D4E456467653E0A2020202020203C62706D6E64693A42504D4E456467652062706D6E456C656D656E743D22666C6F773137222069643D2242504D4E456467655F666C6F773137223E0A20202020202020203C6F6D6764693A776179706F696E7420783D223236382E302220793D2239372E30223E3C2F6F6D6764693A776179706F696E743E0A20202020202020203C6F6D6764693A776179706F696E7420783D223333342E302220793D2239372E30223E3C2F6F6D6764693A776179706F696E743E0A2020202020203C2F62706D6E64693A42504D4E456467653E0A202020203C2F62706D6E64693A42504D4E506C616E653E0A20203C2F62706D6E64693A42504D4E4469616772616D3E0A3C2F646566696E6974696F6E733E, 0);
INSERT INTO `act_ge_bytearray` VALUES ('27547', 1, 'chapter_usertask1.html', '27546', 0x3C666F726D20636C6173733D226C617975692D666F726D206D61696E206C617975692D75706C6F616422206C61792D66696C7465723D226C65617665223E0D0A20202020203C64697620636C6173733D226C617975692D666F726D2D6974656D223E0D0A2020202020202020203C6C6162656C20636C6173733D226C617975692D666F726D2D6C6162656C223E3C7370616E207374796C653D22636F6C6F723A7265643B223E2A3C2F7370616E3EE7BB8FE6898BE4BABA3C2F6C6162656C3E0D0A2020202020202020203C64697620636C6173733D226C617975692D696E7075742D696E6C696E65223E0D0A202020202020202020202020203C696E70757420747970653D2274657874222076616C75653D22247B7371727D22206C61792D7665726966793D2272657175697265642220726561646F6E6C793D22726561646F6E6C792220706C616365686F6C6465723D22E794B3E8AFB7E4BABA22206175746F636F6D706C6574653D226F66662220636C6173733D226C617975692D696E707574223E0D0A2020202020202020203C2F6469763E0D0A2020202020202020203C6C6162656C20636C6173733D226C617975692D666F726D2D6C6162656C223E3C7370616E207374796C653D22636F6C6F723A7265643B223E2A3C2F7370616E3EE983A8E997A8E5908DE7A7B03C2F6C6162656C3E0D0A2020202020202020203C64697620636C6173733D226C617975692D696E7075742D696E6C696E65223E0D0A202020202020202020202020203C696E70757420747970653D2274657874222076616C75653D22247B626D6D637D22206C61792D7665726966793D2272657175697265642220726561646F6E6C793D22726561646F6E6C792220706C616365686F6C6465723D22E983A8E997A8E5908DE7A7B022206175746F636F6D706C6574653D226F66662220636C6173733D226C617975692D696E707574223E0D0A2020202020202020203C2F6469763E0D0A20202020203C2F6469763E0D0A20202020203C64697620636C6173733D226C617975692D666F726D2D6974656D223E0D0A2020202020202020203C6C6162656C20636C6173733D226C617975692D666F726D2D6C6162656C223E3C7370616E207374796C653D22636F6C6F723A7265643B223E2A3C2F7370616E3EE794B3E8AFB7E697A5E69C9F3C2F6C6162656C3E0D0A2020202020202020203C64697620636C6173733D226C617975692D696E7075742D696E6C696E65223E0D0A202020202020202020202020203C696E70757420747970653D2274657874222076616C75653D22247B737172717D2220726561646F6E6C793D22726561646F6E6C7922206C61792D7665726966793D22726571756972656422206175746F636F6D706C6574653D226F66662220636C6173733D226C617975692D696E707574223E0D0A2020202020202020203C2F6469763E0D0A2020202020202020203C6C6162656C20636C6173733D226C617975692D666F726D2D6C6162656C223E3C7370616E207374796C653D22636F6C6F723A7265643B223E2A3C2F7370616E3EE794A8E58DB0E7B1BBE588AB3C2F6C6162656C3E0D0A2020202020202020203C64697620636C6173733D226C617975692D696E7075742D696E6C696E65223E0D0A202020202020202020202020203C696E70757420747970653D2274657874222076616C75653D22247B79796C787D2220726561646F6E6C793D22726561646F6E6C7922206C61792D7665726966793D22726571756972656422206175746F636F6D706C6574653D226F66662220636C6173733D226C617975692D696E707574223E0D0A2020202020202020203C2F6469763E0D0A20202020203C2F6469763E0D0A20202020203C64697620636C6173733D226C617975692D666F726D2D6974656D223E0D0A0909093C6C6162656C20636C6173733D226C617975692D666F726D2D6C6162656C223E3C7370616E207374796C653D22636F6C6F723A7265643B223E2A3C2F7370616E3EE794A8E58DB0E4BBBDE695B03C2F6C6162656C3E0D0A20202020202020202020203C64697620636C6173733D226C617975692D696E7075742D696E6C696E65223E0D0A2020202020202020202020202020203C696E70757420747970653D2274657874222076616C75653D22247B797966737D2220726561646F6E6C793D22726561646F6E6C7922206C61792D7665726966793D2272657175697265647C6E756D62657222206175746F636F6D706C6574653D226F66662220636C6173733D226C617975692D696E707574223E0D0A20202020202020202020203C2F6469763E0D0A20202020203C2F6469763E0D0A20202020203C64697620636C6173733D226C617975692D666F726D2D6974656D206C617975692D666F726D2D74657874223E0D0A20202020202020202020203C6C6162656C20636C6173733D226C617975692D666F726D2D6C6162656C223EE794A8E58DB0E58685E5AEB93C2F6C6162656C3E0D0A20202020202020202020203C64697620636C6173733D226C617975692D696E7075742D626C6F636B223E0D0A2020202020202020202020202020203C746578746172656120726561646F6E6C793D22726561646F6E6C792220636C6173733D226C617975692D746578746172656122207374796C653D2277696474683A35303070783B6D696E2D6865696768743A20373070783B223E247B79796E727D3C2F74657874617265613E0D0A20202020202020202020203C2F6469763E0D0A20202020203C2F6469763E0D0A20202020203C64697620636C6173733D226C617975692D666F726D2D6974656D206C617975692D666F726D2D74657874223E0D0A09202020203C6C6162656C20636C6173733D226C617975692D666F726D2D6C6162656C223E3C7370616E207374796C653D22636F6C6F723A7265643B223E2A3C2F7370616E3EE698AFE590A6E5908CE6848F3C2F6C6162656C3E0D0A09202020203C64697620636C6173733D226C617975692D696E7075742D626C6F636B223E0D0A092020202020203C696E70757420747970653D22726164696F22206E616D653D226167726565222076616C75653D227472756522207469746C653D22E5908CE6848F2220636865636B65643D22223E0D0A092020202020203C696E70757420747970653D22726164696F22206E616D653D226167726565222076616C75653D2266616C736522207469746C653D22E4B88DE5908CE6848F223E0D0A09202020203C2F6469763E0D0A202009203C2F6469763E0D0A202009203C64697620636C6173733D226C617975692D666F726D2D6974656D206C617975692D666F726D2D74657874223E0D0A2020202020202020203C6C6162656C20636C6173733D226C617975692D666F726D2D6C6162656C223EE5AEA1E689B9E6848FE8A7813C2F6C6162656C3E0D0A2020202020202020203C64697620636C6173733D226C617975692D696E7075742D626C6F636B223E0D0A202020202020202020202020203C7465787461726561206E616D653D227370796A2220706C616365686F6C6465723D22E5AEA1E689B9E6848FE8A7812220636C6173733D226C617975692D746578746172656122207374796C653D2277696474683A35303070783B6D696E2D6865696768743A20373070783B223E3C2F74657874617265613E0D0A2020202020202020203C2F6469763E0D0A20202020203C2F6469763E0D0A20202020203C64697620636C6173733D226C617975692D666F726D2D6974656D223E0D0A20202020202020202020203C64697620636C6173733D226C617975692D696E7075742D626C6F636B223E0D0A2020202020202020202020202020203C627574746F6E20636C6173733D226C617975692D62746E206C617975692D62746E2D7072696D61727922206C61792D7375626D6974206C61792D66696C7465723D227370222069643D227370223EE5AEA1E689B93C2F627574746F6E3E0D0A20202020202020202020203C2F6469763E0D0A2020202020203C2F6469763E0D0A3C2F666F726D3E, 0);
INSERT INTO `act_ge_bytearray` VALUES ('27548', 1, 'chapter.png', '27546', 0x89504E470D0A1A0A0000000D4948445200000920000003A20802000000E5C57C6800002F4849444154789CECDD7F6C9CF75DC071AB63E82A51F5108359FC939BF8A39606F8C426D97F911B128D91A03D89A931FC9159AAD6469A482B84360B9406B16611A225426B94C11A2C5087D194CAD2DA12D6A4184832D326A9FB239BD7C6ABBB249DD724DD9524CD357192878B6F1C87939CFD89CF7EECBBD74B1F59B1EFEEEBFBDE73CF3F79EB397724000000000000C08275A4FD04000000000000603511D80000000000002040600300000000008000810D0000000000000204360000000000000810D80000000000002040600300000000008000810D0000000000000204360000000000000810D80000000000002040600300000000008000810D0000000000000204360000000000000810D80000000000002040600300000000008000810D0000000000000204360000000000000810D80000000000002040600300000000008000810D0000000000000204360000000000000810D80000000000002040600300000000008000810D0000000000000204360000000000000810D80000000000002040600300000000008000810D0000000000000204360000000000000810D80000000000002040600300000000008000810D0000000000000204360000000000000810D80000000000002040600300000000008000810D0000000000000204360000000000000810D80000000000002040600300000000008000810D0000000000000204360000000000000810D80000000000002040600300000000008000810D0000000000000204360000000000000810D80000000000002040600300000000008000810D0000000000000204360000000000000810D80000000000002040600300000000008000810D0000000000000204360000000000000810D80000000000002040600300000000008000810D0000000000000204360000000000000810D80000000000002040600300000000008000810D0000000000000204360000000000000810D80000000000002040600300000000008000810D0000000000000204360000000000000810D80000000000002040600300000000008000810D0000000000000204360000000000000810D8DA57B95C1E1E1EEEEFEF2F140AB95CAEA35D55F65E79058AC5E2D0D050A9544AFBB00000000000002B9DC0D6A6F6ECD993CBE5FAFBFB9F7AEAA9BDFBF61D9B9CBC3433D39E53D97BE515D8BD7BF7860D1B2AAFC9D0D050DA0707000000000058D104B6B6532A95060606D6AD5B77FCC4F14B33974CFD9C3A7D6AC3860D9517677A7A3AED03050000000000AC50025B7B29954AF97CFEC95D5FBF3473D1DC6C9E79F6999E9E9EA9A9A9B40F170000000000B012096CED65606060B6AE7D681ACFDE7DCFAF5DFB9B691F2E0000000000602512D8DAC89E3D7BD6ADBB7BE672D92C64BEF8A53FD9BAF5CB691F34000000000060C511D8DA45B95CCEE572274E4ECD5CBE601632E7CEFFA4BBFBD7272626D23E740000000000C0CA22B0B58BA1A1A181818199CB1FD4E6337DBFDBB130F58F6AABD9BAF52F060707D33E740000000000C0CA22B0B58B62B1B8FBE97FFEBFBA76F7BA1F25C9DB5792376792EF5E4C5EB9981C3A7779FBD32F7CFBE4FB2F5E4AFEAB9CBC584EF67F903CFF61F237FB5F7B60E383A9B7AE54E6F091B17C3E9FF6A1030000000000561681AD5D7475751D3DFAF2CCE5F3D5E9E8E8389724E7AF26EF5F4EDEBB947C90247FFCA78F74DCF673BD77174FCE24C72F26C73F4CA6CAC9B1CBC937BFF3CAEC456CE7DB70CE9D3F93C964D23E740000000000C0CA22B05D532E97474646B66CD9522C160BFFABAFAFAFF293E1E1E152A994F6136C826C367BFACCC999CBE7AAD3D1D1F1C195E4E2956B375DBE7AEDEBB79EFBD75FFE955FFDB3471FBB9C24672F27EFCF24EFCD24959D3FFFD2ABB381ED5C7B4E65EFE91EB8E5D4E044181A1A9A9E9E4EFB090200000000C08AD046F1E086464646FAFAFA32994CB158DCB265CBEEDD4FEFDDF742759E79F6B9CD9B1FE9EFEFCF66B3BDBDBD434343693FD945998D64676B53F9F6FCE5E4CC85E4D2959FDEA1542AFDF557BFF6E5BFFAEAF177AE759499ABC9A5D9F076F0F02B731EDB56D32681AD7222544E8179FF1A5F3E9FDFB97367B95C4EFBF90200000000409ADA221EDCD0F8F878A15028168BCF3CFBDCA599CB8D67FF81831B367C2E9FCF8F8E8EA6FDC46FD16C24FBEFDA5C0B6C5792531F243F3E97CC24C9A58B17BBEEBAABA3E3231D1D99CFFEC186FA071E3AF2F29CC7B6D5B47C60ABBCA57B7B7BE74D6BF572B9DCC8C848DA4F1C000000000052D3E2F1E066B66DDB96CFE7F7EE7B61DEB4563F870E1F59BB76EDC68D1B57E3153CB391ECFDDA543F22F2CC85E49DB3C9BB1F26878EFEE0E31FFFF8477EE6676FBFF363FD7FF8FF02DB4B878FCC796C5B4D0B07B6CADB786060E0FA6BD4BEF8C52FD55FCA5999CD9B1F59B76EDD9C7B168BC5D6F8F4540000000000886AD9787033E572B9BFBF7F70703094D6EAE7891D3B0A85C2AAFB7B54B391AC549BCAB717AE26EF95AF5DC176EAC364DF4B13BFD6FDA98FFDE22FDD99FDF9AFFDC3373F4C927317930F2E5E7BE0FEB197E63CB6ADA655035BE50D3CE7C2B54D9B1E3A3639D9E09D7FEAF499CA9BBFB3B3B3FE52B6F1F1F1B4B7020000000000CBAD35E3C1CD94CBE5DEDEDEE1E1E15BAE6BB54F8CACAC33353595F686023A3A3A2E5FFE496DAADDE8C2D5E4FD99E427979277CECE1C7C6DAAFB373EFD99DFFE9D772F263F2E27EF96933317938B49B2FFC597E63CB6ADA625035BE5AD9BCBE56A9DACAFAFAF715A9B93D9366F7EA4F6D84C2633363696F68600000000006059B5603C68A0BFBF7FF175ADF67191BDBDBDABE8B322E744B2C267D6BEFABD370FBD3631363E71E0C8C48197DF38F8EAE4BFBDF8DDEFBCF6D67F1C79E33F8F7CFFC0CBDF1F7BE58DD7DEFCE18EBFDD75DFFAFB520F5D025BB3543373AD903DBA75EB2DBCFF9F7AEA1B994CA6761DDBAABBA013000000000016A3D5E24103DBB66D5BCC27435E3FBB773F5D2C16D3DED642CD06B6F7EAE70B5F78B063017EFFB39F9DF3C0B69AD60B6CFDFDFDB5835B790F2FA63167B3D9EA3A854221ED6D0100000000C0F269B5787033E3E3E3F97CBE8975AD3A0F3CF0E0CE9D3BD3DEDC82CC06B633263A2D16D84646461679ED5AFD3CF3EC73B5D5B66FDF9EF6E600000000006099B4543C68209FCF1F3A7CA4E981EDF889936BD6E456C507455E0B6C574E9BE8B45860AB9C08B5BFBBD69453A0F6F7D83A3B3B57C5890000000000008BD752F1E0664646468AC562D3EB5A75366D7A68555CBB331BD84E99E8B452601B1E1EAEC6B04C2673FCC4C9A6BCFFCF9E3BDFD9D9595DF6E1871F4E7B8B0000000000B01C5A271E34502814F6EE7B618902DBF113273B3B3BD3DEE2FC6603DBBB263AAD14D82A2742B5846DDAF450134F812777EDAA2E9BCD66D3DE2200000000002C87D6890737532A95B2D9EC12D5B5EAF4F4F48C8D8DA5BDD179CC06B61F9BE8B44C60AB9C08B5BF97D6ACCBD76AB3664DAEBAF2E8E868DA1B05000000008025D722F1A081A1A1A1818181250D6C8F6EDD3A383898F646AF191E1E9E9A9ABAE14DB3816D7AF1B3F0753A1A6ACA6FB9E1DD9AB5D3DA6ACB7B0C17A5C11BA07222545FF942A1D0F453E081071EAC2EBE424E0400000000005852AB291EDC9A8D1B37EEDCB9734903DBDE7D2F140A85B4379ABCF1C61BD5C871C71D77ECDEBD7BCEAD4D0F6CF366B306BF71214F26749FFA3BB76D606BFC06A89C08D55B1FDDBA75294E81EAE2BDBDBDA9EC1D000000000096D3AA8907B7ACAFAFEF99679F5BD2C0766C7272CD9A5CDA1B4DCAE5F26DB7DD56ED1C1FFDE8473FF9C94FD65FCC349B9D7EB4C8A92E3267A99BADDCE0375E7F53E3CBDDEA02DE8DD7A9BFA9293BAD5F2DBD431AD3F80D503911AA372DC5E9503905AA8BE772E99F080000000000B0D4564D3CB865F97CFED0E1234B1AD8CE9E3B9FC964D2DEE8359D9D9DF539EAF6DB6FBFFFFEFBCBE572321BD8AE5C796791535BE4FA7FDCF0CE0DDC6CE585FCF6398B5F7FD3C2D75CC82F4DFBA806347803544E84EA0F97E874A8FDD2B45F0300000000005872ADFFBFE19D9D9DC74F9C5CD2C056AD0B854261DE0BB0D275E5CAC9C54C7585DA3AF3AE3FEF6F6C7C87853CE1FA2773B3E7B9F85DAFFC23BB10B5F6766C7272294E81DAFA699FF10000000000B0E45AFF7FC3BBBABA5E3F7A7419025BDA1BBDE6CE3BEFAC0595E2AC42A130313191FCF40AB613B73CF50FAFFDFB863F6CF093C6779837113558A1FE3E37BBF32D6F3CEDA31AD0E00D503911AA3F5FA2D32193C9086C0000000000B489D6FFDFF042A1B077DF0B4B5AD756C8DF602B954AD5C2D1D5D5F5F9CF7FBEF2757878B876EB6C733ADEDCA9AE59FFF5FA3BCCD7CCE6AEB6C06FE7FCB0FED6E6EE741515A3C66F80DA75784B713A9C3A7DA6BA78369B4DF115000000000080E5B16AE2C12D1B18187872D7AE250D6CFB0F1CECE9E9497BA3C9DB6FBF9DC964FAFAFA72B9DCE0E060A954AABF75363BFD7031735D1BFBE1F55F17B8CE427EDEF8DBFAA734E7D6C5EF74CEAF48EB8046357E03544E84EACBF5C48E1D4D3F055E3F7AB4BA783E9F4F6BFB0000000000B06C564D3CB865DBB76FDFB4E9A1250D6C4FEEDAB561C3E7D2DEE835232323434343535353D7DFD4F4ECB414816DBECBDD6E70E7EBD76CDBC096347C036CDBB6ADFA8A55DEAB4D3F051EDDBAB5BA787F7FFFB26F1A000000000096DB6A8A07B7666A6A2A97CB2D69605BB76EDD9E3D7BD2DEE83C66B3D3DB4D99DA52D57FD47FADBFCF42DC70D9857C7BC367D2E09E8BD96CDA87AE39262626AAAF79369B3D7BEE7C734F81B56BD756171F1A1A4A7BA30000000000B0E45A241E34D6D5D5F5FAD1A34B54D7CE9E3B9FCD66CBE572DABB9CC7B5EC74756A91535DA4B654FDB7375BFFFA9F2FF09E8DBF9DF3C3FA5B9BB2D3FAD5D23E744D93CBE5AA196CF7EEA79B780A1C9B9CAC15D3399F4B0900000000002DA975E241034BFA29918F3DFE7865F1B4B738BFD9ECF4D6E267CE3AD56F1B2F7EC387DCF06EF35CEE76F395EB9FC69C1F2E7EBF691FBAA6191C1CACBE92DDDDDD4DBC88ED9E7BEFAD2E5B2C16D3DE2200000000002C87D689070D94CBE55C2E77FCC4C9A5B87C6DCD9ADCF4F474DA5B9CDF6C6DFA4153A6B654FD9A0DD69F73D3CDEED9F86E377C54FD33B9FE593565CBAD14D84AA552676767F5B57A74EBD6A69C02FB0F1CAC15D0F1F1F1B4B7080000000000CBA175E24163C3C3C3F7AD5FDFB697AF253F0D6C934D99EA5273165CC8FA75D7A22DF4B72C70A9EB9FCCC27FD1BC4F23ED43D74CDBB76FAFBE32994C66EFBE1716F9FE3F3639592B761B376E4C7B730000000000B04C5A2A1E3476CFBDF736F74F4FBD7EF468F5A3F6D2DED982CCD6A663263A2D16D82A7A7B7BAB49ACB3B3F3D8E4E4622EDFACBCFF6B4BAD8AEB380100000000A0295A2D1E34502A957A7A7A5E3F7AB42975EDD4E933DDDDDDC72627D3DED642CD06B6374D745A2FB04D4D4D65B3D95A183B74F8C82DBCFF8F9F3859AB6B994C66747434ED6D0100000000C0F269B578D0D8C4C4444F4FCF62AEDAA9D5B57BEEBDF799679F4B7B4301029BC056333A3A5AFB14CD4C26F3C48E1DA1F7FFFE03076B9F0C59B17DFBF6B437040000000000CBAA05E34163E3E3E3DDDDDDFB0F1C5CCC2743F6F4F4ACAEBA96CC06B6AB57DF30D169C9C05631323252BB8EADA2725254DED20BB970EDBEF5EB3BEAA86B0000000000B4A1D68C078D954AA5B56BD76EDEFCC8A9D367A27F74EAB1C71FAF7ECE64DA9B089B0D6CDF37D169D5C096CC5ED0D9D5D5555FCBBABBBB2BE7C5F51FA37AFCC4C92776EC58B76E5DFD9DB3D9AC4F860400000000A03DB56C3C68AC5C2E6FDEFCC85D77753DF6F8E367CF9D5F485D7B72D7AECAFD376D7AE8D4E933693FFD5B311BD8264C745A38B025B3B179CB962D994CA6E3467A7A7A6E76537F7FFFF4F474DA4F1F0000000000D2D1CAF1605ED3D3D30F3FFC70369BBDE7DE7B9FDCB5EBD0E12373A25AE5274F3DF58DFBD6AFAFDC67C386CF4D4D4DA5FD946FDD6C60FB9E894E6B07B6AACA8930303070C39076BD42A130363696F65306000000008034B57E3C9857B95C1E1919191818E8EEEE9ED3122A3FB96FFDFAE1E1E152A994F6D35CAC4C2673E1C2CB57AF7ED784A61D025B55E544A8BCD52B27423E9F9F7322E472B962B1B873E74E57AD01000000004022B0B58F5C2EF7D65BDFBE7AF5A8094DFB043600000000006081C48376D1D7D7F72F7B765E4D5E370B9FEF4D7CABABAB2BED43070000000000AC2C025BBBD8B66DDBE0E0FDA927ABD5357F3FF4E8C0C040DA870E0000000000585904B676313535D5D5F5890BE5435793D7CC02A758FCAD919191B40F1D0000000000B0B2086C6D64CB351BAF26AF9A85CC3F0DFF657F7F5FDA070D0000000000587104B636522E970B854F8F8DFD6392BC621ACFF4F4BEAEAE4F944AFBD33E680000000000C08A23B0B5978989897CFEAE898991241937379BE9E97D85C2A74747BF9EF6E1020000000000562281ADED8C8D8DE5F3776DDBF64749F2B2B97E46461EEFEACA8D8EFE5DDA070A000000000058A104B676542E970707070A854F0D0DFDF9F4F4F34972C4944AFF3E3CFC95FEFE75C562A1F2EFB40F110000000000B072096CED6B74747460E0F73A3B7FA1838E8E6CF68EFEFEBB8787BF92F661010000000000563A810D0000000000000204360000000000000810D80000000000002040600300000000008000810D0000000000000204360000000000000810D80000000000002040600300000000008000810D0000000000000204360000000000000810D80000000000002040600300000000008000810D0000000000000204360000000000000810D80000000000002040600300000000008000810D0000000000000204360000000000000810D80000000000002040600300000000008000810D0000000000000204360000000000000810D80000000000002040600300000000008000810D0000000000000204360000000000000810D80000000000002040600300000000008000810D0000000000000204360000000000000810D80000000000002040600300000000008000810D0000000000000204360000000000000810D80000000000002040600300000000008000810D0000000000000204360000000000000810D80000000000002040600300000000008000810D0000000000000204360000000000000810D80000000000002040600300000000008000810D0000000000000204360000000000000810D80000000000002040600300000000008000810D0000000000000204360000000000000810D80000000000002040600300000000008000810D0000000000000204360000000000000810D80000000000002040600300000000008000810D0000000000000204360000000000000810D80000000000002040600300000000008000810D0000000000000204360000000000000810D80000000000002040600300000000008000810D0000000000000204360000000000000810D80000000000002040600300000000008000810D0000000000000204360000000000000810D80000000000002040600300000000008000810D0000000000000204360000000000000810D80000000000002040600300000000008000810D0000000000000204360000000000000810D80000000000002040600300000000008000810D0000000000000204360000000000000810D80000000000002040600300000000008000810D0000000000000204360000000000000810D80000000000002040600300000000008000810D0000000000000204360000000000000810D80000000000002040600300000000008000810D0000000000000204360000000000000810D80000000000002040600300000000008000810D0000000000000204360000000000000810D80000000000002040600300000000008000810D0000000000000204360000000000000810D80000000000002040600300000000008000810D0000000000000204360000000000000810D80000000000002040600300000000008000810D0000000000000204360000000000000810D80000000000002040600300000000008000810D0000000000000204360000000000000810D80000000000002040600300000000008000810D0000000000000204360000000000000810D80000000000002040600300000000008000810D0000000000000204360000000000000810D80000000000002040600300000000008000810D0000000000000204360000000000000810D80000000000002040600300000000008000810D0000000000000204360000000000000810D80000000000002040600300000000008000810D0000000000000204360000000000000810D80000000000002040600300000000008000810D0000000000000204360000000000000810D80000000000002040600300000000008000810D0000000000000204360000000000000810D80000000000002040600300000000008000810D0000000000000204360000000000000810D80000000000002040600300000000008000810D0000000000000204360000000000000810D80000000000002040600300000000008000810D0000000000000204360000000000000810D80000000000002040600300000000008000810D0000000000000204360000000000000810D80000000000002040600300000000008000810D0000000000000204360000000000000810D80000000000002040600300000000008000810D0000000000000204360000000000000810D80000000000002040600300000000008000810D0000000000000204360000000000000810D80000000000002040600300000000008000810D0000000000000204360000000000000810D80000000000002040600300000000008000810D0000000000000204360000000000000810D80000000000002040600300000000008000810D0000000000000204360000000000000810D80000000000002040600300000000008000810D0000000000000204360000000000000810D80000000000002040600300000000008000810D0000000000000204360000000000000810D80000000000002040600300000000008000810D0000000000000204360000000000000810D80000000000002040600300000000008000810D0000000000000204360000000000000810D80000000000002040600300000000008000810D0000000000000204360000000000000810D80000000000002040600300000000008000810D0000000000000204360000000000000810D80000000000002040600300000000008000810D0000000000000204360000000000000810D80000000000002040600300000000008000810D0000000000000204360000000000000810D80000000000002040600300000000008000810D0000000000000204360000000000000810D80000000000002040600300000000008000810D0000000000000204360000000000000810D80000000000002040600300000000008000810D0000000000000204360000000000000810D80000000000002040600300000000008000810D0000000000000204360000000000000810D80000000000002040600300000000008000810D0000000000000204360000000000000810D80000000000002040600300000000008000810D0000000000000204360000000000000810D80000000000002040600300000000008000810D0000000000000204360000000000000810D80000000000002040600300000000008000810D0000000000000204360000000000000810D80000000000002040600300000000008000810D0000000000000204360000000000000810D80000000000002040600300000000008000810D0000000000000204360000000000000810D80000000000002040600300000000008000810D0000000000000204360000000000000810D80000000000002040600300000000008000810D0000000000000204360000000000000810D80000000000002040600300000000008000810D0000000000000204360000000000000810D80000000000002040600300000000008000810D0000000000000204360000000000000810D80000000000002040600300000000008000810D0000000000000204360000000000000810D80000000000002040600300000000008000810D0000000000000204360000000000000810D80000000000002040600300000000008000810D0000000000000204360000000000000810D80000000000002040600300000000008000810D0000000000000204360000000000000810D80000000000002040600300000000008000810D0000000000000204360000000000000810D80000000000002040600300000000008000810D0000000000000204360000000000000810D80000000000002040600300000000008000810D0000000000000204360000000000000810D80000000000002040600300000000008000810D0000000000000204360000000000000810D80000000000002040600300000000008000810D0000000000000204360000000000000810D80000000000002040600300000000008000810D0000000000000204360000000000000810D80000000000002040600300000000008000810D0000000000000204360000000000000810D80000000000002040600300000000008000810D0000000000000204360000000000000810D80000000000002040600300000000008000810D0000000000000204360000000000000810D80000000000002040600300000000008000810D0000000000000204360000000000000810D80000000000002040600300000000008000810D0000000000000204360000000000000810D80000000000002040600300000000008000810D0000000000000204360000000000000810D80000000000002040600300000000008000810D0000000000000204360000000000000810D80000000000002040600300000000008000810D0000000000000204360000000000000810D80000000000002040600300000000008000810D0000000000000204360000000000000810D80000000000002040600300000000008000810D0000000000000204360000000000000810D80000000000002040600300000000008000810D0000000000000204360000000000000810D80000000000002040600300000000008000810D0000000000000204360000000000000810D80000000000002040600300000000008000810D0000000000000204360000000000000810D80000000000002040600300000000008000810D0000000000000204360000000000000810D80000000000002040600300000000008000810D0000000000000204360000000000000810D80000000000002040600300000000008000810D0000000000000204360000000000000810D80000000000002040600300000000008000810D0000000000000204360000000000000810D80000000000002040600300000000008000810D000000000000020436000000FEA73D3B160000000018E46F3D86FDA51100000083600300000000008041B0010000000000C020D800000000000060106C00000000000030083600000000000018041B0000000000000C820D00000000000006C10600000000000083600300000000008041B0010000000000C020D800000000000060106C00000000000030083600000000000018041B0000000000000C820D00000000000006C10600000000000083600300000000008041B0010000000000C020D800000000000060106C00000000000030083600000000000018041B0000000000000C820D00000000000006C10600000000000083600300000000008041B0010000000000C020D800000000000060106C00000000000030083600000000000018041B0000000000000C820D00000000000006C10600000000000083600300000000008041B0010000000000C020D800000000000060106C00000000000030083600000000000018041B0000000000000C820D00000000000006C10600000000000083600300000000008041B0010000000000C020D800000000000060106C00000000000030083600000000000018041B0000000000000C820D00000000000006C10600000000000083600300000000008041B0010000000000C020D800000000000060106C00000000000030083600000000000018041B0000000000000C820D00000000000006C10600000000000083600300000000008041B0010000000000C020D800000000000060106C00000000000030083600000000000018041B0000000000000C820D00000000000006C10600000000000083600300000000008041B0010000000000C020D800000000000060106C00000000000030083600000000000018041B0000000000000C820D00000000000006C10600000000000083600300000000008041B0010000000000C020D800000000000060106C00000000000030083600000000000018041B0000000000000C820D00000000000006C10600000000000083600300000000008041B0010000000000C020D800000000000060106C00000000000030083600000000000018041B0000000000000C820D00000000000006C10600000000000083600300000000008041B0010000000000C020D800000000000060106C00000000000030083600000000000018041B0000000000000C820D00000000000006C10600000000000083600300000000008041B0010000000000C020D800000000000060106C00000000000030083600000000000018041B0000000000000C820D00000000000006C10600000000000083600300000000008041B0010000000000C020D800000000000060106C00000000000030083600000000000018041B0000000000000C820D00000000000006C10600000000000083600300000000008041B0010000000000C020D800000000000060106C00000000000030083600000000000018041B0000000000000C820D00000000000006C10600000000000083600300000000008041B0010000000000C020D800000000000060106C00000000000030083600000000000018041B0000000000000C820D00000000000006C10600000000000083600300000000008041B0010000000000C020D800000000000060106C00000000000030083600000000000018041B0000000000000C820D00000000000006C10600000000000083600300000000008041B0010000000000C020D800000000000060106C00000000000030083600000000000018041B0000000000000C820D00000000000006C10600000000000083600300000000008041B0010000000000C020D800000000000060106C00000000000030083600000000000018041B0000000000000C820D00000000000006C10600000000000083600300000000008041B0010000000000C020D800000000000060106C00000000000030083600000000000018041B0000000000000C820D00000000000006C10600000000000083600300000000008041B0010000000000C020D800000000000060106C00000000000030083600000000000018041B0000000000000C820D00000000000006C10600000000000083600300000000008041B0010000000000C020D800000000000060106C00000000000030083600000000000018041B0000000000000C820D00000000000006C10600000000000083600300000000008041B0010000000000C020D800000000000060106C00000000000030083600000000000018041B0000000000000C820D00000000000006C10600000000000083600300000000008041B0010000000000C020D800000000000060106C00000000000030083600000000000018041B0000000000000C820D00000000000006C10600000000000083600300000000008041B0010000000000C020D800000000000060106C00000000000030083600000000000018041B0000000000000C820D00000000000006C10600000000000083600300000000008041B0010000000000C020D800000000000060106C00000000000030083600000000000018041B0000000000000C820D00000000000006C10600000000000083600300000000008041B0010000000000C020D800000000000060106C00000000000030083600000000000018041B0000000000000C820D00000000000006C10600000000000083600300000000008041B0010000000000C020D800000000000060106C00000000000030083600000000000018041B0000000000000C820D00000000000006C10600000000000083600300000000008041B0010000000000C020D800000000000060106C00000000000030083600000000000018041B0000000000000C820D00000000000006C10600000000000083600300000000008041B0010000000000C020D800000000000060106C00000000000030083600000000000018041B0000000000000C820D00000000000006C10600000000000083600300000000008041B0010000000000C020D800000000000060106C00000000000030083600000000000018041B0000000000000C820D00000000000006C10600000000000083600300000000008041B0010000000000C020D800000000000060106C00000000000030083600000000000018041B0000000000000C820D00000000000006C10600000000000083600300000000008041B0010000000000C020D800000000000060106C00000000000030083600000000000018041B0000000000000C820D00000000000006C10600000000000083600300000000008041B0010000000000C020D800000000000060106C00000000000030083600000000000018041B0000000000000C820D00000000000006C10600000000000083600300000000008041B0010000000000C020D800000000000060106C00000000000030083600000000000018041B0000000000000C820D00000000000006C10600000000000083600300000000008041B0010000000000C020D800000000000060106C00000000000030083600000000000018041B0000000000000C820D00000000000006C10600000000000083600300000000008041B0010000000000C020D800000000000060106C00000000000030083600000000000018041B0000000000000C820D00000000000006C10600000000000083600300000000008041B0010000000000C020D800000000000060106C00000000000030083600000000000018041B0000000000000C820D00000000000006C10600000000000083600300000000008041B0010000000000C020D800000000000060106C00000000000030083600000000000018041B0000000000000C820D00000000000006C10600000000000083600300000000008041B0010000000000C020D800000000000060106C00000000000030083600000000000018041B0000000000000C820D00000000000006C10600000000000083600300000000008041B0010000000000C020D800000000000060106C00000000000030083600000000000018041B0000000000000C820D00000000000006C10600000000000083600300000000008041B0010000000000C020D800000000000060106C00000000000030083600000000000018041B0000000000000C820D00000000000006C10600000000000083600300000000008041B0010000000000C020D800000000000060106C00000000000030083600000000000018041B0000000000000C820D00000000000006C10600000000000083600300000000008041B0010000000000C020D800000000000060106C00000000000030083600000000000018041B0000000000000C820D00000000000006C10600000000000083600300000000008041B0010000000000C020D800000000000060106C00000000000030083600000000000018041B0000000000000C820D00000000000006C10600000000000083600300000000008041B0010000000000C020D800000000000060106C00000000000030083600000000000018041B0000000000000C820D00000000000006C10600000000000083600300000000008041B0010000000000C020D800000000000060106C00000000000030083600000000000018041B0000000000000C820D00000000000006C10600000000000083600300000000008041B0010000000000C020D800000000000060106C00000000000030083600000000000018041B0000000000000C820D00000000000006C10600000000000083600300000000008041B0010000000000C020D800000000000060106C00000000000030083600000000000018041B0000000000000C820D00000000000006C10600000000000083600300000000008041B0010000000000C020D800000000000060106C00000000000030083600000000000018041B0000000000000C820D00000000000006C10600000000000083600300000000008041B0010000000000C020D800000000000060106C00000000000030083600000000000018041B0000000000000C820D00000000000006C10600000000000083600300000000008041B0010000000000C020D800000000000060106C00000000000030083600000000000018041B0000000000000C820D00000000000006C10600000000000083600300000000008041B0010000000000C020D800000000000060106C00000000000030083600000000000018041B0000000000000C820D000000000000860071649439132BBC380000000049454E44AE426082, 0);
INSERT INTO `act_ge_bytearray` VALUES ('27549', 1, 'chapter_startevent1.html', '27546', 0x3C666F726D20636C6173733D226C617975692D666F726D206D61696E206C617975692D75706C6F616422206C61792D66696C7465723D2263686170746572223E0D0A202020202020203C64697620636C6173733D226C617975692D666F726D2D6974656D223E0D0A20202020202020202020203C6C6162656C20636C6173733D226C617975692D666F726D2D6C6162656C223E3C7370616E207374796C653D22636F6C6F723A7265643B223E2A3C2F7370616E3EE7BB8FE6898BE4BABA3C2F6C6162656C3E0D0A20202020202020202020203C64697620636C6173733D226C617975692D696E7075742D696E6C696E65223E0D0A2020202020202020202020202020203C696E70757420747970653D227465787422206E616D653D2273717222206C61792D7665726966793D2272657175697265642220726561646F6E6C793D22726561646F6E6C792220706C616365686F6C6465723D22E7BB8FE6898BE4BABA22206175746F636F6D706C6574653D226F66662220636C6173733D226C617975692D696E707574223E0D0A2020202020202020202020092020203C696E70757420747970653D2268696464656E22206E616D653D22755F6964223E0D0A20202020202020202020203C2F6469763E0D0A20202020202020202020203C6C6162656C20636C6173733D226C617975692D666F726D2D6C6162656C223E3C7370616E207374796C653D22636F6C6F723A7265643B223E2A3C2F7370616E3EE983A8E997A8E5908DE7A7B03C2F6C6162656C3E0D0A20202020202020202020203C64697620636C6173733D226C617975692D696E7075742D696E6C696E65223E0D0A092020202020202020202020203C73656C65637420636C6173733D226C617975692D696E70757422206E616D653D22626D6D63222069643D22626D6D6322206C61792D7665726966793D22726571756972656422206C61792D7365617263683E3C2F73656C6563743E0D0A2020202020202020093C2F6469763E0D0A202020202020203C2F6469763E0D0A202020202020203C64697620636C6173733D226C617975692D666F726D2D6974656D223E0D0A20202020202020202020203C6C6162656C20636C6173733D226C617975692D666F726D2D6C6162656C223E3C7370616E207374796C653D22636F6C6F723A7265643B223E2A3C2F7370616E3EE794B3E8AFB7E697A5E69C9F3C2F6C6162656C3E0D0A20202020202020202020203C64697620636C6173733D226C617975692D696E7075742D696E6C696E65223E0D0A2020202020202020202020202020203C696E70757420747970653D227465787422206E616D653D22737172712220726561646F6E6C793D22726561646F6E6C7922206C61792D7665726966793D22726571756972656422206175746F636F6D706C6574653D226F66662220636C6173733D226C617975692D696E707574223E0D0A20202020202020202020203C2F6469763E0D0A20202020202020202020203C6C6162656C20636C6173733D226C617975692D666F726D2D6C6162656C223E3C7370616E207374796C653D22636F6C6F723A7265643B223E2A3C2F7370616E3EE794A8E58DB0E7B1BBE588AB3C2F6C6162656C3E0D0A2020202020202020202020203C64697620636C6173733D226C617975692D696E7075742D696E6C696E6520747265652D79796C78223E0D0A0909092020203C696E70757420747970653D227465787422206E616D653D2279796C782220706C616365686F6C6465723D22E794A8E58DB0E7B1BBE588AB2220726561646F6E6C793D22726561646F6E6C7922206C61792D7665726966793D22726571756972656422206175746F636F6D706C6574653D226F66662220636C6173733D226C617975692D696E707574223E0D0A0909092020203C756C2069643D2279796C782220636C6173733D227A74726565223E3C2F756C3E0D0A09092020203C2F6469763E0D0A202020202020203C2F6469763E0D0A202020202020203C64697620636C6173733D226C617975692D666F726D2D6974656D223E0D0A0909093C6C6162656C20636C6173733D226C617975692D666F726D2D6C6162656C223E3C7370616E207374796C653D22636F6C6F723A7265643B223E2A3C2F7370616E3EE794A8E58DB0E4BBBDE695B03C2F6C6162656C3E0D0A20202020202020202020203C64697620636C6173733D226C617975692D696E7075742D696E6C696E65223E0D0A2020202020202020202020202020203C696E70757420747970653D227465787422206E616D653D227979667322206C61792D7665726966793D2272657175697265647C6E756D62657222206175746F636F6D706C6574653D226F66662220636C6173733D226C617975692D696E707574223E0D0A20202020202020202020203C2F6469763E0D0A202020202020203C2F6469763E0D0A202020202020203C64697620636C6173733D226C617975692D666F726D2D6974656D206C617975692D666F726D2D74657874223E0D0A20202020202020202020203C6C6162656C20636C6173733D226C617975692D666F726D2D6C6162656C223EE794A8E58DB0E58685E5AEB93C2F6C6162656C3E0D0A20202020202020202020203C64697620636C6173733D226C617975692D696E7075742D626C6F636B223E0D0A2020202020202020202020202020203C7465787461726561206E616D653D2279796E722220706C616365686F6C6465723D22E794A8E58DB0E58685E5AEB92220636C6173733D226C617975692D746578746172656122207374796C653D2277696474683A35303070783B6D696E2D6865696768743A20373070783B223E3C2F74657874617265613E0D0A20202020202020202020203C2F6469763E0D0A202020202020203C2F6469763E0D0A202020202020203C64697620636C6173733D226C617975692D666F726D2D6974656D206C617975692D666F726D2D74657874223E0D0A2020202020202020202020202020203C6C6162656C20636C6173733D226C617975692D666F726D2D6C6162656C223E3C7370616E207374796C653D22636F6C6F723A7265643B223E2A3C2F7370616E3EE5AEA1E689B9E4BABA3C2F6C6162656C3E0D0A0909093C64697620636C6173733D226C617975692D696E6C696E65222069643D22737072223E0D0A090909093C6469762069643D227370725F616464223E0D0A09090909093C6920636C6173733D2266612066612D706C7573223E3C2F693E0D0A090909093C2F6469763E0D0A0909093C2F6469763E0D0A202020202020203C2F6469763E0D0A202020202020203C64697620636C6173733D226C617975692D666F726D2D6974656D223E0D0A20202020202020202020203C64697620636C6173733D226C617975692D696E7075742D626C6F636B223E0D0A2020202020202020202020202020203C627574746F6E20636C6173733D226C617975692D62746E206C617975692D62746E2D7072696D61727922206C61792D7375626D6974206C61792D66696C7465723D227371222069643D227371223EE794B3E8AFB73C2F627574746F6E3E0D0A20202020202020202020203C2F6469763E0D0A202020202020203C2F6469763E0D0A3C2F666F726D3E, 0);
INSERT INTO `act_ge_bytearray` VALUES ('27550', 1, 'chapter.bpmn', '27546', 0x3C3F786D6C2076657273696F6E3D22312E302220656E636F64696E673D225554462D38223F3E0A3C646566696E6974696F6E7320786D6C6E733D22687474703A2F2F7777772E6F6D672E6F72672F737065632F42504D4E2F32303130303532342F4D4F44454C2220786D6C6E733A7873693D22687474703A2F2F7777772E77332E6F72672F323030312F584D4C536368656D612D696E7374616E63652220786D6C6E733A61637469766974693D22687474703A2F2F61637469766974692E6F72672F62706D6E2220786D6C6E733A62706D6E64693D22687474703A2F2F7777772E6F6D672E6F72672F737065632F42504D4E2F32303130303532342F44492220786D6C6E733A6F6D6764633D22687474703A2F2F7777772E6F6D672E6F72672F737065632F44442F32303130303532342F44432220786D6C6E733A6F6D6764693D22687474703A2F2F7777772E6F6D672E6F72672F737065632F44442F32303130303532342F44492220747970654C616E67756167653D22687474703A2F2F7777772E77332E6F72672F323030312F584D4C536368656D61222065787072657373696F6E4C616E67756167653D22687474703A2F2F7777772E77332E6F72672F313939392F585061746822207461726765744E616D6573706163653D22687474703A2F2F7777772E61637469766974692E6F72672F74657374223E0A20203C70726F636573732069643D226368617074657222206E616D653D22E794A8E58DB0E6B581E7A88B2220697345786563757461626C653D2274727565223E0A202020203C657874656E73696F6E456C656D656E74733E0A2020202020203C61637469766974693A657865637574696F6E4C697374656E6572206576656E743D2273746172742220636C6173733D22636F6D2E7A7A68622E6C697374656E65722E61637469766974692E50726F63657373457865637574696F6E4C697374656E6572223E3C2F61637469766974693A657865637574696F6E4C697374656E65723E0A2020202020203C61637469766974693A657865637574696F6E4C697374656E6572206576656E743D22656E642220636C6173733D22636F6D2E7A7A68622E6C697374656E65722E61637469766974692E50726F63657373457865637574696F6E4C697374656E6572223E3C2F61637469766974693A657865637574696F6E4C697374656E65723E0A202020203C2F657874656E73696F6E456C656D656E74733E0A202020203C73746172744576656E742069643D2273746172746576656E743122206E616D653D22E5A1ABE58699E8AFB7E58187E58D95222061637469766974693A666F726D4B65793D22636861707465725F73746172746576656E74312E68746D6C223E3C2F73746172744576656E743E0A202020203C757365725461736B2069643D22757365727461736B3122206E616D653D22E9A286E5AFBCE5AEA1E689B9222061637469766974693A666F726D4B65793D22636861707465725F757365727461736B312E68746D6C223E0A2020202020203C657874656E73696F6E456C656D656E74733E0A20202020202020203C61637469766974693A7461736B4C697374656E6572206576656E743D226372656174652220636C6173733D22636F6D2E7A7A68622E6C697374656E65722E61637469766974692E557365725461736B4C697374656E6572223E3C2F61637469766974693A7461736B4C697374656E65723E0A2020202020203C2F657874656E73696F6E456C656D656E74733E0A202020203C2F757365725461736B3E0A202020203C656E644576656E742069643D22656E646576656E743122206E616D653D22E7BB93E69D9F223E3C2F656E644576656E743E0A202020203C73657175656E6365466C6F772069643D22666C6F7731362220736F757263655265663D2273746172746576656E743122207461726765745265663D22757365727461736B31223E3C2F73657175656E6365466C6F773E0A202020203C73657175656E6365466C6F772069643D22666C6F7731372220736F757263655265663D22757365727461736B3122207461726765745265663D22656E646576656E7431223E3C2F73657175656E6365466C6F773E0A20203C2F70726F636573733E0A20203C62706D6E64693A42504D4E4469616772616D2069643D2242504D4E4469616772616D5F63686170746572223E0A202020203C62706D6E64693A42504D4E506C616E652062706D6E456C656D656E743D2263686170746572222069643D2242504D4E506C616E655F63686170746572223E0A2020202020203C62706D6E64693A42504D4E53686170652062706D6E456C656D656E743D2273746172746576656E7431222069643D2242504D4E53686170655F73746172746576656E7431223E0A20202020202020203C6F6D6764633A426F756E6473206865696768743D2233352E30222077696474683D2233352E302220783D2237352E302220793D2238302E30223E3C2F6F6D6764633A426F756E64733E0A2020202020203C2F62706D6E64693A42504D4E53686170653E0A2020202020203C62706D6E64693A42504D4E53686170652062706D6E456C656D656E743D22757365727461736B31222069643D2242504D4E53686170655F757365727461736B31223E0A20202020202020203C6F6D6764633A426F756E6473206865696768743D2235352E30222077696474683D223130352E302220783D223136332E302220793D2237302E30223E3C2F6F6D6764633A426F756E64733E0A2020202020203C2F62706D6E64693A42504D4E53686170653E0A2020202020203C62706D6E64693A42504D4E53686170652062706D6E456C656D656E743D22656E646576656E7431222069643D2242504D4E53686170655F656E646576656E7431223E0A20202020202020203C6F6D6764633A426F756E6473206865696768743D2233352E30222077696474683D2233352E302220783D223333342E302220793D2238302E30223E3C2F6F6D6764633A426F756E64733E0A2020202020203C2F62706D6E64693A42504D4E53686170653E0A2020202020203C62706D6E64693A42504D4E456467652062706D6E456C656D656E743D22666C6F773136222069643D2242504D4E456467655F666C6F773136223E0A20202020202020203C6F6D6764693A776179706F696E7420783D223131302E302220793D2239372E30223E3C2F6F6D6764693A776179706F696E743E0A20202020202020203C6F6D6764693A776179706F696E7420783D223136332E302220793D2239372E30223E3C2F6F6D6764693A776179706F696E743E0A2020202020203C2F62706D6E64693A42504D4E456467653E0A2020202020203C62706D6E64693A42504D4E456467652062706D6E456C656D656E743D22666C6F773137222069643D2242504D4E456467655F666C6F773137223E0A20202020202020203C6F6D6764693A776179706F696E7420783D223236382E302220793D2239372E30223E3C2F6F6D6764693A776179706F696E743E0A20202020202020203C6F6D6764693A776179706F696E7420783D223333342E302220793D2239372E30223E3C2F6F6D6764693A776179706F696E743E0A2020202020203C2F62706D6E64693A42504D4E456467653E0A202020203C2F62706D6E64693A42504D4E506C616E653E0A20203C2F62706D6E64693A42504D4E4469616772616D3E0A3C2F646566696E6974696F6E733E, 0);
INSERT INTO `act_ge_bytearray` VALUES ('3', 1, 'leave_startevent1.html', '1', 0x3C666F726D20636C6173733D226C617975692D666F726D206D61696E206C617975692D75706C6F616422206C61792D66696C7465723D226C65617665223E0D0A202020202020203C64697620636C6173733D226C617975692D666F726D2D6974656D223E0D0A20202020202020202020203C6C6162656C20636C6173733D226C617975692D666F726D2D6C6162656C223E3C7370616E207374796C653D22636F6C6F723A7265643B223E2A3C2F7370616E3EE794B3E8AFB7E4BABA3C2F6C6162656C3E0D0A20202020202020202020203C64697620636C6173733D226C617975692D696E7075742D696E6C696E65223E0D0A2020202020202020202020202020203C696E70757420747970653D227465787422206E616D653D2273717222206C61792D7665726966793D2272657175697265642220726561646F6E6C793D22726561646F6E6C792220706C616365686F6C6465723D22E794B3E8AFB7E4BABA22206175746F636F6D706C6574653D226F66662220636C6173733D226C617975692D696E707574223E0D0A2020202020202020202020092020203C696E70757420747970653D2268696464656E22206E616D653D22755F6964223E0D0A20202020202020202020203C2F6469763E0D0A20202020202020202020203C6C6162656C20636C6173733D226C617975692D666F726D2D6C6162656C223E3C7370616E207374796C653D22636F6C6F723A7265643B223E2A3C2F7370616E3EE983A8E997A8E5908DE7A7B03C2F6C6162656C3E0D0A20202020202020202020203C64697620636C6173733D226C617975692D696E7075742D696E6C696E65223E0D0A092020202020202020202020203C73656C65637420636C6173733D226C617975692D696E70757422206E616D653D22626D6D63222069643D22626D6D6322206C61792D7665726966793D22726571756972656422206C61792D7365617263683E0D0A092020202020202020202020203C2F73656C6563743E0D0A2020202020202020093C2F6469763E0D0A202020202020203C2F6469763E0D0A202020202020203C64697620636C6173733D226C617975692D666F726D2D6974656D223E0D0A20202020202020202020203C6C6162656C20636C6173733D226C617975692D666F726D2D6C6162656C223E3C7370616E207374796C653D22636F6C6F723A7265643B223E2A3C2F7370616E3EE794B3E8AFB7E697A5E69C9F3C2F6C6162656C3E0D0A20202020202020202020203C64697620636C6173733D226C617975692D696E7075742D696E6C696E65223E0D0A2020202020202020202020202020203C696E70757420747970653D227465787422206E616D653D22737172712220726561646F6E6C793D22726561646F6E6C7922206C61792D7665726966793D22726571756972656422206175746F636F6D706C6574653D226F66662220636C6173733D226C617975692D696E707574223E0D0A20202020202020202020203C2F6469763E0D0A20202020202020202020203C6C6162656C20636C6173733D226C617975692D666F726D2D6C6162656C223E3C7370616E207374796C653D22636F6C6F723A7265643B223E2A3C2F7370616E3EE8AFB7E58187E7B1BBE588AB3C2F6C6162656C3E0D0A20202020202020202020203C64697620636C6173733D226C617975692D696E7075742D696E6C696E65223E0D0A2020202020202020202020202020203C73656C6563742069643D22716A6C7822206E616D653D22716A6C7822206C61792D7665726966793D227265717569726564223E3C2F73656C6563743E0D0A20202020202020202020203C2F6469763E0D0A202020202020203C2F6469763E0D0A202020202020203C64697620636C6173733D226C617975692D666F726D2D6974656D223E0D0A20202020202020202020203C6C6162656C20636C6173733D226C617975692D666F726D2D6C6162656C223E3C7370616E207374796C653D22636F6C6F723A7265643B223E2A3C2F7370616E3EE5BC80E5A78BE697A5E69C9F3C2F6C6162656C3E0D0A20202020202020202020203C64697620636C6173733D226C617975692D696E7075742D696E6C696E65223E0D0A2020202020202020202020202020203C696E70757420747970653D2274657874222069643D226B73727122206E616D653D226B73727122206C61792D7665726966793D2272657175697265642220706C616365686F6C6465723D22E5BC80E5A78BE697A5E69C9F22206175746F636F6D706C6574653D226F6666220D0A20202020202020202020202020202020202020636C6173733D226C617975692D696E707574223E0D0A20202020202020202020203C2F6469763E0D0A20202020202020202020203C6C6162656C20636C6173733D226C617975692D666F726D2D6C6162656C223E3C7370616E207374796C653D22636F6C6F723A7265643B223E2A3C2F7370616E3EE7BB93E69D9FE697A5E69C9F3C2F6C6162656C3E0D0A20202020202020202020203C64697620636C6173733D226C617975692D696E7075742D696E6C696E65223E0D0A2020202020202020202020202020203C696E70757420747970653D2274657874222069643D226A73727122206E616D653D226A73727122206C61792D7665726966793D2272657175697265642220706C616365686F6C6465723D22E7BB93E69D9FE697A5E69C9F22206175746F636F6D706C6574653D226F6666220D0A20202020202020202020202020202020202020636C6173733D226C617975692D696E707574223E0D0A20202020202020202020203C2F6469763E0D0A202020202020203C2F6469763E0D0A202020202020203C64697620636C6173733D226C617975692D666F726D2D6974656D206C617975692D666F726D2D74657874223E0D0A20202020202020202020203C6C6162656C20636C6173733D226C617975692D666F726D2D6C6162656C223EE8AFB7E58187E79086E794B13C2F6C6162656C3E0D0A20202020202020202020203C64697620636C6173733D226C617975692D696E7075742D626C6F636B223E0D0A2020202020202020202020202020203C7465787461726561206E616D653D22716A6C792220706C616365686F6C6465723D22E8AFB7E58187E79086E794B12220636C6173733D226C617975692D746578746172656122207374796C653D2277696474683A35303070783B6D696E2D6865696768743A20373070783B223E3C2F74657874617265613E0D0A20202020202020202020203C2F6469763E0D0A202020202020203C2F6469763E0D0A202020202020203C64697620636C6173733D226C617975692D666F726D2D6974656D206C617975692D666F726D2D74657874223E0D0A0909093C6C6162656C20636C6173733D226C617975692D666F726D2D6C6162656C223EE59BBEE789873C2F6C6162656C3E0D0A0909093C696E70757420747970653D227465787422206E616D653D27696D674E616D652720636C6173733D226C617975692D68696465222076616C75653D22223E0D0A2020202020202020202020202020203C64697620636C6173733D226C617975692D696E6C696E6520696D672D75702D626F78223E0D0A0909090920203C627574746F6E20747970653D22627574746F6E222069643D22696D675F7570223E3C6920636C6173733D2266612066612D706C7573223E3C2F693E3C2F627574746F6E3E200D0A0909093C2F6469763E0D0A202020202020203C2F6469763E0D0A202020202020203C64697620636C6173733D226C617975692D666F726D2D6974656D206C617975692D666F726D2D74657874223E0D0A2020202020202020202020202020203C6C6162656C20636C6173733D226C617975692D666F726D2D6C6162656C223E3C7370616E207374796C653D22636F6C6F723A7265643B223E2A3C2F7370616E3EE5AEA1E689B9E4BABA3C2F6C6162656C3E0D0A0909093C64697620636C6173733D226C617975692D696E6C696E65222069643D22737072223E0D0A090909093C6469762069643D227370725F616464223E0D0A09090909093C6920636C6173733D2266612066612D706C7573223E3C2F693E0D0A090909093C2F6469763E0D0A0909093C2F6469763E0D0A202020202020203C2F6469763E0D0A202020202020203C64697620636C6173733D226C617975692D666F726D2D6974656D223E0D0A20202020202020202020203C64697620636C6173733D226C617975692D696E7075742D626C6F636B223E0D0A2020202020202020202020202020203C627574746F6E20636C6173733D226C617975692D62746E206C617975692D62746E2D7072696D61727922206C61792D7375626D6974206C61792D66696C7465723D227371222069643D227371223EE794B3E8AFB73C2F627574746F6E3E0D0A20202020202020202020203C2F6469763E0D0A202020202020203C2F6469763E0D0A3C2F666F726D3E, 0);
INSERT INTO `act_ge_bytearray` VALUES ('4', 1, 'leave_usertask3.html', '1', 0x3C666F726D20636C6173733D226C617975692D666F726D206D61696E206C617975692D75706C6F616422206C61792D66696C7465723D226C65617665223E0D0A20202020203C64697620636C6173733D226C617975692D666F726D2D6974656D223E0D0A2020202020202020203C6C6162656C20636C6173733D226C617975692D666F726D2D6C6162656C223E3C7370616E207374796C653D22636F6C6F723A7265643B223E2A3C2F7370616E3EE794B3E8AFB7E4BABA3C2F6C6162656C3E0D0A2020202020202020203C64697620636C6173733D226C617975692D696E7075742D696E6C696E65223E0D0A202020202020202020202020203C696E70757420747970653D2274657874222076616C75653D22247B7371727D22206C61792D7665726966793D2272657175697265642220726561646F6E6C793D22726561646F6E6C792220706C616365686F6C6465723D22E794B3E8AFB7E4BABA22206175746F636F6D706C6574653D226F66662220636C6173733D226C617975692D696E707574223E0D0A2020202020202020203C2F6469763E0D0A2020202020202020203C6C6162656C20636C6173733D226C617975692D666F726D2D6C6162656C223E3C7370616E207374796C653D22636F6C6F723A7265643B223E2A3C2F7370616E3EE983A8E997A8E5908DE7A7B03C2F6C6162656C3E0D0A2020202020202020203C64697620636C6173733D226C617975692D696E7075742D696E6C696E65223E0D0A202020202020202020202020203C696E70757420747970653D2274657874222076616C75653D22247B626D6D637D22206C61792D7665726966793D2272657175697265642220726561646F6E6C793D22726561646F6E6C792220706C616365686F6C6465723D22E983A8E997A8E5908DE7A7B022206175746F636F6D706C6574653D226F66662220636C6173733D226C617975692D696E707574223E0D0A2020202020202020203C2F6469763E0D0A20202020203C2F6469763E0D0A20202020203C64697620636C6173733D226C617975692D666F726D2D6974656D223E0D0A2020202020202020203C6C6162656C20636C6173733D226C617975692D666F726D2D6C6162656C223E3C7370616E207374796C653D22636F6C6F723A7265643B223E2A3C2F7370616E3EE794B3E8AFB7E697A5E69C9F3C2F6C6162656C3E0D0A2020202020202020203C64697620636C6173733D226C617975692D696E7075742D696E6C696E65223E0D0A202020202020202020202020203C696E70757420747970653D2274657874222076616C75653D22247B737172717D2220726561646F6E6C793D22726561646F6E6C7922206C61792D7665726966793D22726571756972656422206175746F636F6D706C6574653D226F66662220636C6173733D226C617975692D696E707574223E0D0A2020202020202020203C2F6469763E0D0A2020202020202020203C6C6162656C20636C6173733D226C617975692D666F726D2D6C6162656C223E3C7370616E207374796C653D22636F6C6F723A7265643B223E2A3C2F7370616E3EE8AFB7E58187E7B1BBE588AB3C2F6C6162656C3E0D0A2020202020202020203C64697620636C6173733D226C617975692D696E7075742D696E6C696E65223E0D0A202020202020202020202020203C696E70757420747970653D2274657874222076616C75653D22247B716A6C787D2220726561646F6E6C793D22726561646F6E6C7922206C61792D7665726966793D22726571756972656422206175746F636F6D706C6574653D226F66662220636C6173733D226C617975692D696E707574223E0D0A2020202020202020203C2F6469763E0D0A20202020203C2F6469763E0D0A20202020203C64697620636C6173733D226C617975692D666F726D2D6974656D223E0D0A2020202020202020203C6C6162656C20636C6173733D226C617975692D666F726D2D6C6162656C223E3C7370616E207374796C653D22636F6C6F723A7265643B223E2A3C2F7370616E3EE5BC80E5A78BE697A5E69C9F3C2F6C6162656C3E0D0A2020202020202020203C64697620636C6173733D226C617975692D696E7075742D696E6C696E65223E0D0A202020202020202020202020203C696E70757420747970653D2274657874222069643D226B737271222076616C75653D22247B6B7372717D22206C61792D7665726966793D2272657175697265642220706C616365686F6C6465723D22E5BC80E5A78BE697A5E69C9F22206175746F636F6D706C6574653D226F6666220D0A2020202020202020202020202020202020636C6173733D226C617975692D696E707574223E0D0A2020202020202020203C2F6469763E0D0A2020202020202020203C6C6162656C20636C6173733D226C617975692D666F726D2D6C6162656C223E3C7370616E207374796C653D22636F6C6F723A7265643B223E2A3C2F7370616E3EE7BB93E69D9FE697A5E69C9F3C2F6C6162656C3E0D0A2020202020202020203C64697620636C6173733D226C617975692D696E7075742D696E6C696E65223E0D0A202020202020202020202020203C696E70757420747970653D2274657874222069643D226A737271222076616C75653D22247B6A7372717D22206C61792D7665726966793D2272657175697265642220706C616365686F6C6465723D22E7BB93E69D9FE697A5E69C9F22206175746F636F6D706C6574653D226F6666220D0A2020202020202020202020202020202020636C6173733D226C617975692D696E707574223E0D0A2020202020202020203C2F6469763E0D0A20202020203C2F6469763E0D0A20202020203C64697620636C6173733D226C617975692D666F726D2D6974656D206C617975692D666F726D2D74657874223E0D0A2020202020202020203C6C6162656C20636C6173733D226C617975692D666F726D2D6C6162656C223EE8AFB7E58187E79086E794B13C2F6C6162656C3E0D0A2020202020202020203C64697620636C6173733D226C617975692D696E7075742D626C6F636B223E0D0A202020202020202020202020203C746578746172656120726561646F6E6C793D22726561646F6E6C792220636C6173733D226C617975692D746578746172656122207374796C653D2277696474683A35303070783B6D696E2D6865696768743A20373070783B223E247B716A6C797D3C2F74657874617265613E0D0A2020202020202020203C2F6469763E0D0A20202020203C2F6469763E0D0A20202020203C64697620636C6173733D226C617975692D666F726D2D6974656D206C617975692D666F726D2D74657874223E0D0A2020202020202020203C6C6162656C20636C6173733D226C617975692D666F726D2D6C6162656C223EE7A791E5AEA4EFBC88E58D95E4BD8DEFBC89E5AEA1E689B9E6848FE8A7813C2F6C6162656C3E0D0A2020202020202020203C64697620636C6173733D226C617975692D696E7075742D626C6F636B223E0D0A202020202020202020202020203C746578746172656120726561646F6E6C793D22726561646F6E6C792220636C6173733D226C617975692D746578746172656122207374796C653D2277696474683A35303070783B6D696E2D6865696768743A20373070783B223E247B6B735F7370796A7D3C2F74657874617265613E0D0A2020202020202020203C2F6469763E0D0A20202020203C2F6469763E0D0A20202020203C64697620636C6173733D226C617975692D666F726D2D6974656D206C617975692D666F726D2D74657874223E0D0A2020202020202020203C6C6162656C20636C6173733D226C617975692D666F726D2D6C6162656C223EE58886E7AEA1E9A286E5AFBCE5AEA1E689B9E6848FE8A7813C2F6C6162656C3E0D0A2020202020202020203C64697620636C6173733D226C617975692D696E7075742D626C6F636B223E0D0A202020202020202020202020203C746578746172656120726561646F6E6C793D22726561646F6E6C792220636C6173733D226C617975692D746578746172656122207374796C653D2277696474683A35303070783B6D696E2D6865696768743A20373070783B223E247B66675F7370796A7D3C2F74657874617265613E0D0A2020202020202020203C2F6469763E0D0A20202020203C2F6469763E0D0A093C64697620636C6173733D226C617975692D666F726D2D6974656D206C617975692D666F726D2D74657874223E0D0A09093C6C6162656C20636C6173733D226C617975692D666F726D2D6C6162656C223EE59BBEE789873C2F6C6162656C3E0D0A09093C64697620636C6173733D226C617975692D696E7075742D626C6F636B206C617965722D70686F746F222069643D226C617965722D70686F746F73223E3C2F6469763E0D0A093C2F6469763E0D0A20202020203C64697620636C6173733D226C617975692D666F726D2D6974656D206C617975692D666F726D2D74657874223E0D0A09202020203C6C6162656C20636C6173733D226C617975692D666F726D2D6C6162656C223E3C7370616E207374796C653D22636F6C6F723A7265643B223E2A3C2F7370616E3EE698AFE590A6E5908CE6848F3C2F6C6162656C3E0D0A09202020203C64697620636C6173733D226C617975692D696E7075742D626C6F636B223E0D0A092020202020203C696E70757420747970653D22726164696F22206E616D653D226167726565222076616C75653D227472756522207469746C653D22E5908CE6848F2220636865636B65643D22223E0D0A092020202020203C696E70757420747970653D22726164696F22206E616D653D226167726565222076616C75653D2266616C736522207469746C653D22E4B88DE5908CE6848F223E0D0A09202020203C2F6469763E0D0A202009203C2F6469763E0D0A202009203C64697620636C6173733D226C617975692D666F726D2D6974656D206C617975692D666F726D2D74657874223E0D0A2020202020202020203C6C6162656C20636C6173733D226C617975692D666F726D2D6C6162656C223EE5AEA1E689B9E6848FE8A7813C2F6C6162656C3E0D0A2020202020202020203C64697620636C6173733D226C617975692D696E7075742D626C6F636B223E0D0A202020202020202020202020203C7465787461726561206E616D653D227A675F7370796A2220706C616365686F6C6465723D22E5AEA1E689B9E6848FE8A7812220636C6173733D226C617975692D746578746172656122207374796C653D2277696474683A35303070783B6D696E2D6865696768743A20373070783B223E3C2F74657874617265613E0D0A2020202020202020203C2F6469763E0D0A20202020203C2F6469763E0D0A20202020203C64697620636C6173733D226C617975692D666F726D2D6974656D223E0D0A20202020202020202020203C64697620636C6173733D226C617975692D696E7075742D626C6F636B223E0D0A2020202020202020202020202020203C627574746F6E20636C6173733D226C617975692D62746E206C617975692D62746E2D7072696D61727922206C61792D7375626D6974206C61792D66696C7465723D227370222069643D227370223EE5AEA1E689B93C2F627574746F6E3E0D0A2020202020202020202020202020203C627574746F6E20747970653D22627574746F6E2220636C6173733D226C617975692D62746E206C617975692D62746E2D7072696D617279222069643D22646F776E6C6F6164223EE4B88BE8BDBDE99984E4BBB63C2F627574746F6E3E0D0A20202020202020202020203C2F6469763E0D0A2020202020203C2F6469763E0D0A3C2F666F726D3E, 0);
INSERT INTO `act_ge_bytearray` VALUES ('5', 1, 'leave.bpmn', '1', 0x3C3F786D6C2076657273696F6E3D22312E302220656E636F64696E673D225554462D38223F3E0A3C646566696E6974696F6E7320786D6C6E733D22687474703A2F2F7777772E6F6D672E6F72672F737065632F42504D4E2F32303130303532342F4D4F44454C2220786D6C6E733A7873693D22687474703A2F2F7777772E77332E6F72672F323030312F584D4C536368656D612D696E7374616E63652220786D6C6E733A61637469766974693D22687474703A2F2F61637469766974692E6F72672F62706D6E2220786D6C6E733A62706D6E64693D22687474703A2F2F7777772E6F6D672E6F72672F737065632F42504D4E2F32303130303532342F44492220786D6C6E733A6F6D6764633D22687474703A2F2F7777772E6F6D672E6F72672F737065632F44442F32303130303532342F44432220786D6C6E733A6F6D6764693D22687474703A2F2F7777772E6F6D672E6F72672F737065632F44442F32303130303532342F44492220747970654C616E67756167653D22687474703A2F2F7777772E77332E6F72672F323030312F584D4C536368656D61222065787072657373696F6E4C616E67756167653D22687474703A2F2F7777772E77332E6F72672F313939392F585061746822207461726765744E616D6573706163653D22687474703A2F2F7777772E61637469766974692E6F72672F74657374223E0A20203C70726F636573732069643D226C6561766522206E616D653D22E8AFB7E58187E6B581E7A88B2220697345786563757461626C653D2274727565223E0A202020203C657874656E73696F6E456C656D656E74733E0A2020202020203C61637469766974693A657865637574696F6E4C697374656E6572206576656E743D2273746172742220636C6173733D22636F6D2E7A7A68622E6C697374656E65722E61637469766974692E50726F63657373457865637574696F6E4C697374656E6572223E3C2F61637469766974693A657865637574696F6E4C697374656E65723E0A2020202020203C61637469766974693A657865637574696F6E4C697374656E6572206576656E743D22656E642220636C6173733D22636F6D2E7A7A68622E6C697374656E65722E61637469766974692E50726F63657373457865637574696F6E4C697374656E6572223E3C2F61637469766974693A657865637574696F6E4C697374656E65723E0A202020203C2F657874656E73696F6E456C656D656E74733E0A202020203C73746172744576656E742069643D2273746172746576656E743122206E616D653D22E5A1ABE58699E8AFB7E58187E58D95222061637469766974693A666F726D4B65793D226C656176655F73746172746576656E74312E68746D6C223E3C2F73746172744576656E743E0A202020203C757365725461736B2069643D22757365727461736B3122206E616D653D22E7A791E5AEA4E9A286E5AFBCE5AEA1E689B9222061637469766974693A666F726D4B65793D226C656176655F757365727461736B312E68746D6C223E0A2020202020203C657874656E73696F6E456C656D656E74733E0A20202020202020203C61637469766974693A7461736B4C697374656E6572206576656E743D226372656174652220636C6173733D22636F6D2E7A7A68622E6C697374656E65722E61637469766974692E557365725461736B4C697374656E6572223E3C2F61637469766974693A7461736B4C697374656E65723E0A2020202020203C2F657874656E73696F6E456C656D656E74733E0A202020203C2F757365725461736B3E0A202020203C757365725461736B2069643D22757365727461736B3222206E616D653D22E58886E7AEA1E9A286E5AFBCE5AEA1E689B9222061637469766974693A666F726D4B65793D226C656176655F757365727461736B322E68746D6C223E0A2020202020203C657874656E73696F6E456C656D656E74733E0A20202020202020203C61637469766974693A7461736B4C697374656E6572206576656E743D226372656174652220636C6173733D22636F6D2E7A7A68622E6C697374656E65722E61637469766974692E557365725461736B4372656174654C697374656E6572223E3C2F61637469766974693A7461736B4C697374656E65723E0A2020202020203C2F657874656E73696F6E456C656D656E74733E0A202020203C2F757365725461736B3E0A202020203C757365725461736B2069643D22757365727461736B3322206E616D653D22E4B8BBE7AEA1E9A286E5AFBCE5AEA1E689B9222061637469766974693A666F726D4B65793D226C656176655F757365727461736B332E68746D6C223E0A2020202020203C657874656E73696F6E456C656D656E74733E0A20202020202020203C61637469766974693A7461736B4C697374656E6572206576656E743D226372656174652220636C6173733D22636F6D2E7A7A68622E6C697374656E65722E61637469766974692E557365725461736B4372656174654C697374656E6572223E3C2F61637469766974693A7461736B4C697374656E65723E0A2020202020203C2F657874656E73696F6E456C656D656E74733E0A202020203C2F757365725461736B3E0A202020203C656E644576656E742069643D22656E646576656E743122206E616D653D22E7BB93E69D9F223E3C2F656E644576656E743E0A202020203C6578636C7573697665476174657761792069643D226578636C7573697665676174657761793122206E616D653D224578636C75736976652047617465776179223E0A2020202020203C646F63756D656E746174696F6E3EE7A791E5AEA4E9A286E5AFBCE5AEA1E689B93C2F646F63756D656E746174696F6E3E0A202020203C2F6578636C7573697665476174657761793E0A202020203C73657175656E6365466C6F772069643D22666C6F77362220736F757263655265663D22757365727461736B3122207461726765745265663D226578636C75736976656761746577617931223E3C2F73657175656E6365466C6F773E0A202020203C73657175656E6365466C6F772069643D22666C6F773722206E616D653D22E5908CE6848F2220736F757263655265663D226578636C7573697665676174657761793122207461726765745265663D22757365727461736B32223E0A2020202020203C636F6E646974696F6E45787072657373696F6E207873693A747970653D2274466F726D616C45787072657373696F6E223E3C215B43444154415B247B6167726565203D3D20747275657D5D5D3E3C2F636F6E646974696F6E45787072657373696F6E3E0A202020203C2F73657175656E6365466C6F773E0A202020203C6578636C7573697665476174657761792069643D226578636C7573697665676174657761793222206E616D653D224578636C75736976652047617465776179223E0A2020202020203C646F63756D656E746174696F6E3EE58886E7AEA1E9A286E5AFBCE5AEA1E689B93C2F646F63756D656E746174696F6E3E0A202020203C2F6578636C7573697665476174657761793E0A202020203C73657175656E6365466C6F772069643D22666C6F77313122206E616D653D22E5908CE6848F2220736F757263655265663D226578636C7573697665676174657761793222207461726765745265663D22757365727461736B33223E0A2020202020203C636F6E646974696F6E45787072657373696F6E207873693A747970653D2274466F726D616C45787072657373696F6E223E3C215B43444154415B247B6167726565203D3D20747275657D5D5D3E3C2F636F6E646974696F6E45787072657373696F6E3E0A202020203C2F73657175656E6365466C6F773E0A202020203C73657175656E6365466C6F772069643D22666C6F7731322220736F757263655265663D22757365727461736B3322207461726765745265663D22656E646576656E7431223E3C2F73657175656E6365466C6F773E0A202020203C73657175656E6365466C6F772069643D22666C6F77313322206E616D653D22E4B88DE5908CE6848F2220736F757263655265663D226578636C7573697665676174657761793122207461726765745265663D22656E646576656E7431223E0A2020202020203C636F6E646974696F6E45787072657373696F6E207873693A747970653D2274466F726D616C45787072657373696F6E223E3C215B43444154415B247B6167726565203D3D2066616C73657D5D5D3E3C2F636F6E646974696F6E45787072657373696F6E3E0A202020203C2F73657175656E6365466C6F773E0A202020203C73657175656E6365466C6F772069643D22666C6F77313422206E616D653D22E4B88DE5908CE6848F2220736F757263655265663D226578636C7573697665676174657761793222207461726765745265663D22656E646576656E7431223E0A2020202020203C636F6E646974696F6E45787072657373696F6E207873693A747970653D2274466F726D616C45787072657373696F6E223E3C215B43444154415B247B6167726565203D3D2066616C73657D5D5D3E3C2F636F6E646974696F6E45787072657373696F6E3E0A202020203C2F73657175656E6365466C6F773E0A202020203C73657175656E6365466C6F772069643D22666C6F7731352220736F757263655265663D22757365727461736B3222207461726765745265663D226578636C75736976656761746577617932223E3C2F73657175656E6365466C6F773E0A202020203C73657175656E6365466C6F772069643D22666C6F7731362220736F757263655265663D2273746172746576656E743122207461726765745265663D22757365727461736B31223E3C2F73657175656E6365466C6F773E0A20203C2F70726F636573733E0A20203C62706D6E64693A42504D4E4469616772616D2069643D2242504D4E4469616772616D5F6C65617665223E0A202020203C62706D6E64693A42504D4E506C616E652062706D6E456C656D656E743D226C65617665222069643D2242504D4E506C616E655F6C65617665223E0A2020202020203C62706D6E64693A42504D4E53686170652062706D6E456C656D656E743D2273746172746576656E7431222069643D2242504D4E53686170655F73746172746576656E7431223E0A20202020202020203C6F6D6764633A426F756E6473206865696768743D2233352E30222077696474683D2233352E302220783D2231312E302220793D2239362E30223E3C2F6F6D6764633A426F756E64733E0A2020202020203C2F62706D6E64693A42504D4E53686170653E0A2020202020203C62706D6E64693A42504D4E53686170652062706D6E456C656D656E743D22757365727461736B31222069643D2242504D4E53686170655F757365727461736B31223E0A20202020202020203C6F6D6764633A426F756E6473206865696768743D2235352E30222077696474683D223130352E302220783D2239392E302220793D2238362E30223E3C2F6F6D6764633A426F756E64733E0A2020202020203C2F62706D6E64693A42504D4E53686170653E0A2020202020203C62706D6E64693A42504D4E53686170652062706D6E456C656D656E743D22757365727461736B32222069643D2242504D4E53686170655F757365727461736B32223E0A20202020202020203C6F6D6764633A426F756E6473206865696768743D2235352E30222077696474683D223130352E302220783D223336302E302220793D2238362E30223E3C2F6F6D6764633A426F756E64733E0A2020202020203C2F62706D6E64693A42504D4E53686170653E0A2020202020203C62706D6E64693A42504D4E53686170652062706D6E456C656D656E743D22757365727461736B33222069643D2242504D4E53686170655F757365727461736B33223E0A20202020202020203C6F6D6764633A426F756E6473206865696768743D2235352E30222077696474683D223130352E302220783D223631302E302220793D2238362E30223E3C2F6F6D6764633A426F756E64733E0A2020202020203C2F62706D6E64693A42504D4E53686170653E0A2020202020203C62706D6E64693A42504D4E53686170652062706D6E456C656D656E743D22656E646576656E7431222069643D2242504D4E53686170655F656E646576656E7431223E0A20202020202020203C6F6D6764633A426F756E6473206865696768743D2233352E30222077696474683D2233352E302220783D223738302E302220793D2239362E30223E3C2F6F6D6764633A426F756E64733E0A2020202020203C2F62706D6E64693A42504D4E53686170653E0A2020202020203C62706D6E64693A42504D4E53686170652062706D6E456C656D656E743D226578636C75736976656761746577617931222069643D2242504D4E53686170655F6578636C75736976656761746577617931223E0A20202020202020203C6F6D6764633A426F756E6473206865696768743D2234302E30222077696474683D2234302E302220783D223234392E302220793D2239332E30223E3C2F6F6D6764633A426F756E64733E0A2020202020203C2F62706D6E64693A42504D4E53686170653E0A2020202020203C62706D6E64693A42504D4E53686170652062706D6E456C656D656E743D226578636C75736976656761746577617932222069643D2242504D4E53686170655F6578636C75736976656761746577617932223E0A20202020202020203C6F6D6764633A426F756E6473206865696768743D2234302E30222077696474683D2234302E302220783D223531302E302220793D2239342E30223E3C2F6F6D6764633A426F756E64733E0A2020202020203C2F62706D6E64693A42504D4E53686170653E0A2020202020203C62706D6E64693A42504D4E456467652062706D6E456C656D656E743D22666C6F7736222069643D2242504D4E456467655F666C6F7736223E0A20202020202020203C6F6D6764693A776179706F696E7420783D223230342E302220793D223131332E30223E3C2F6F6D6764693A776179706F696E743E0A20202020202020203C6F6D6764693A776179706F696E7420783D223234392E302220793D223131332E30223E3C2F6F6D6764693A776179706F696E743E0A2020202020203C2F62706D6E64693A42504D4E456467653E0A2020202020203C62706D6E64693A42504D4E456467652062706D6E456C656D656E743D22666C6F7737222069643D2242504D4E456467655F666C6F7737223E0A20202020202020203C6F6D6764693A776179706F696E7420783D223238392E302220793D223131332E30223E3C2F6F6D6764693A776179706F696E743E0A20202020202020203C6F6D6764693A776179706F696E7420783D223336302E302220793D223131332E30223E3C2F6F6D6764693A776179706F696E743E0A20202020202020203C62706D6E64693A42504D4E4C6162656C3E0A202020202020202020203C6F6D6764633A426F756E6473206865696768743D2231362E30222077696474683D2233322E302220783D223239382E302220793D2238352E30223E3C2F6F6D6764633A426F756E64733E0A20202020202020203C2F62706D6E64693A42504D4E4C6162656C3E0A2020202020203C2F62706D6E64693A42504D4E456467653E0A2020202020203C62706D6E64693A42504D4E456467652062706D6E456C656D656E743D22666C6F773131222069643D2242504D4E456467655F666C6F773131223E0A20202020202020203C6F6D6764693A776179706F696E7420783D223535302E302220793D223131342E30223E3C2F6F6D6764693A776179706F696E743E0A20202020202020203C6F6D6764693A776179706F696E7420783D223631302E302220793D223131332E30223E3C2F6F6D6764693A776179706F696E743E0A20202020202020203C62706D6E64693A42504D4E4C6162656C3E0A202020202020202020203C6F6D6764633A426F756E6473206865696768743D2231362E30222077696474683D2233322E302220783D223535382E302220793D2238362E30223E3C2F6F6D6764633A426F756E64733E0A20202020202020203C2F62706D6E64693A42504D4E4C6162656C3E0A2020202020203C2F62706D6E64693A42504D4E456467653E0A2020202020203C62706D6E64693A42504D4E456467652062706D6E456C656D656E743D22666C6F773132222069643D2242504D4E456467655F666C6F773132223E0A20202020202020203C6F6D6764693A776179706F696E7420783D223731352E302220793D223131332E30223E3C2F6F6D6764693A776179706F696E743E0A20202020202020203C6F6D6764693A776179706F696E7420783D223738302E302220793D223131332E30223E3C2F6F6D6764693A776179706F696E743E0A2020202020203C2F62706D6E64693A42504D4E456467653E0A2020202020203C62706D6E64693A42504D4E456467652062706D6E456C656D656E743D22666C6F773133222069643D2242504D4E456467655F666C6F773133223E0A20202020202020203C6F6D6764693A776179706F696E7420783D223236392E302220793D223133332E30223E3C2F6F6D6764693A776179706F696E743E0A20202020202020203C6F6D6764693A776179706F696E7420783D223236392E302220793D223230302E30223E3C2F6F6D6764693A776179706F696E743E0A20202020202020203C6F6D6764693A776179706F696E7420783D223439332E302220793D223230302E30223E3C2F6F6D6764693A776179706F696E743E0A20202020202020203C6F6D6764693A776179706F696E7420783D223739372E302220793D223230302E30223E3C2F6F6D6764693A776179706F696E743E0A20202020202020203C6F6D6764693A776179706F696E7420783D223739372E302220793D223133312E30223E3C2F6F6D6764693A776179706F696E743E0A20202020202020203C62706D6E64693A42504D4E4C6162656C3E0A202020202020202020203C6F6D6764633A426F756E6473206865696768743D2231362E30222077696474683D2234382E302220783D223439392E302220793D223137342E30223E3C2F6F6D6764633A426F756E64733E0A20202020202020203C2F62706D6E64693A42504D4E4C6162656C3E0A2020202020203C2F62706D6E64693A42504D4E456467653E0A2020202020203C62706D6E64693A42504D4E456467652062706D6E456C656D656E743D22666C6F773134222069643D2242504D4E456467655F666C6F773134223E0A20202020202020203C6F6D6764693A776179706F696E7420783D223533302E302220793D2239342E30223E3C2F6F6D6764693A776179706F696E743E0A20202020202020203C6F6D6764693A776179706F696E7420783D223532392E302220793D2234332E30223E3C2F6F6D6764693A776179706F696E743E0A20202020202020203C6F6D6764693A776179706F696E7420783D223739372E302220793D2234332E30223E3C2F6F6D6764693A776179706F696E743E0A20202020202020203C6F6D6764693A776179706F696E7420783D223739372E302220793D2239362E30223E3C2F6F6D6764693A776179706F696E743E0A20202020202020203C62706D6E64693A42504D4E4C6162656C3E0A202020202020202020203C6F6D6764633A426F756E6473206865696768743D2231362E30222077696474683D2234382E302220783D223632312E302220793D2231372E30223E3C2F6F6D6764633A426F756E64733E0A20202020202020203C2F62706D6E64693A42504D4E4C6162656C3E0A2020202020203C2F62706D6E64693A42504D4E456467653E0A2020202020203C62706D6E64693A42504D4E456467652062706D6E456C656D656E743D22666C6F773135222069643D2242504D4E456467655F666C6F773135223E0A20202020202020203C6F6D6764693A776179706F696E7420783D223436352E302220793D223131332E30223E3C2F6F6D6764693A776179706F696E743E0A20202020202020203C6F6D6764693A776179706F696E7420783D223531302E302220793D223131342E30223E3C2F6F6D6764693A776179706F696E743E0A2020202020203C2F62706D6E64693A42504D4E456467653E0A2020202020203C62706D6E64693A42504D4E456467652062706D6E456C656D656E743D22666C6F773136222069643D2242504D4E456467655F666C6F773136223E0A20202020202020203C6F6D6764693A776179706F696E7420783D2234362E302220793D223131332E30223E3C2F6F6D6764693A776179706F696E743E0A20202020202020203C6F6D6764693A776179706F696E7420783D2239392E302220793D223131332E30223E3C2F6F6D6764693A776179706F696E743E0A2020202020203C2F62706D6E64693A42504D4E456467653E0A202020203C2F62706D6E64693A42504D4E506C616E653E0A20203C2F62706D6E64693A42504D4E4469616772616D3E0A3C2F646566696E6974696F6E733E, 0);
INSERT INTO `act_ge_bytearray` VALUES ('6', 1, 'leave_usertask2.html', '1', 0x3C666F726D20636C6173733D226C617975692D666F726D206D61696E206C617975692D75706C6F616422206C61792D66696C7465723D226C65617665223E0D0A20202020203C64697620636C6173733D226C617975692D666F726D2D6974656D223E0D0A2020202020202020203C6C6162656C20636C6173733D226C617975692D666F726D2D6C6162656C223E3C7370616E207374796C653D22636F6C6F723A7265643B223E2A3C2F7370616E3EE794B3E8AFB7E4BABA3C2F6C6162656C3E0D0A2020202020202020203C64697620636C6173733D226C617975692D696E7075742D696E6C696E65223E0D0A202020202020202020202020203C696E70757420747970653D2274657874222076616C75653D22247B7371727D22206C61792D7665726966793D2272657175697265642220726561646F6E6C793D22726561646F6E6C792220706C616365686F6C6465723D22E794B3E8AFB7E4BABA22206175746F636F6D706C6574653D226F66662220636C6173733D226C617975692D696E707574223E0D0A2020202020202020203C2F6469763E0D0A2020202020202020203C6C6162656C20636C6173733D226C617975692D666F726D2D6C6162656C223E3C7370616E207374796C653D22636F6C6F723A7265643B223E2A3C2F7370616E3EE983A8E997A8E5908DE7A7B03C2F6C6162656C3E0D0A2020202020202020203C64697620636C6173733D226C617975692D696E7075742D696E6C696E65223E0D0A202020202020202020202020203C696E70757420747970653D2274657874222076616C75653D22247B626D6D637D22206C61792D7665726966793D2272657175697265642220726561646F6E6C793D22726561646F6E6C792220706C616365686F6C6465723D22E983A8E997A8E5908DE7A7B022206175746F636F6D706C6574653D226F66662220636C6173733D226C617975692D696E707574223E0D0A2020202020202020203C2F6469763E0D0A20202020203C2F6469763E0D0A20202020203C64697620636C6173733D226C617975692D666F726D2D6974656D223E0D0A2020202020202020203C6C6162656C20636C6173733D226C617975692D666F726D2D6C6162656C223E3C7370616E207374796C653D22636F6C6F723A7265643B223E2A3C2F7370616E3EE794B3E8AFB7E697A5E69C9F3C2F6C6162656C3E0D0A2020202020202020203C64697620636C6173733D226C617975692D696E7075742D696E6C696E65223E0D0A202020202020202020202020203C696E70757420747970653D2274657874222076616C75653D22247B737172717D2220726561646F6E6C793D22726561646F6E6C7922206C61792D7665726966793D22726571756972656422206175746F636F6D706C6574653D226F66662220636C6173733D226C617975692D696E707574223E0D0A2020202020202020203C2F6469763E0D0A2020202020202020203C6C6162656C20636C6173733D226C617975692D666F726D2D6C6162656C223E3C7370616E207374796C653D22636F6C6F723A7265643B223E2A3C2F7370616E3EE8AFB7E58187E7B1BBE588AB3C2F6C6162656C3E0D0A2020202020202020203C64697620636C6173733D226C617975692D696E7075742D696E6C696E65223E0D0A202020202020202020202020203C696E70757420747970653D2274657874222076616C75653D22247B716A6C787D2220726561646F6E6C793D22726561646F6E6C7922206C61792D7665726966793D22726571756972656422206175746F636F6D706C6574653D226F66662220636C6173733D226C617975692D696E707574223E0D0A2020202020202020203C2F6469763E0D0A20202020203C2F6469763E0D0A20202020203C64697620636C6173733D226C617975692D666F726D2D6974656D223E0D0A2020202020202020203C6C6162656C20636C6173733D226C617975692D666F726D2D6C6162656C223E3C7370616E207374796C653D22636F6C6F723A7265643B223E2A3C2F7370616E3EE5BC80E5A78BE697A5E69C9F3C2F6C6162656C3E0D0A2020202020202020203C64697620636C6173733D226C617975692D696E7075742D696E6C696E65223E0D0A202020202020202020202020203C696E70757420747970653D2274657874222069643D226B737271222076616C75653D22247B6B7372717D22206C61792D7665726966793D2272657175697265642220706C616365686F6C6465723D22E5BC80E5A78BE697A5E69C9F22206175746F636F6D706C6574653D226F6666220D0A2020202020202020202020202020202020636C6173733D226C617975692D696E707574223E0D0A2020202020202020203C2F6469763E0D0A2020202020202020203C6C6162656C20636C6173733D226C617975692D666F726D2D6C6162656C223E3C7370616E207374796C653D22636F6C6F723A7265643B223E2A3C2F7370616E3EE7BB93E69D9FE697A5E69C9F3C2F6C6162656C3E0D0A2020202020202020203C64697620636C6173733D226C617975692D696E7075742D696E6C696E65223E0D0A202020202020202020202020203C696E70757420747970653D2274657874222069643D226A737271222076616C75653D22247B6A7372717D22206C61792D7665726966793D2272657175697265642220706C616365686F6C6465723D22E7BB93E69D9FE697A5E69C9F22206175746F636F6D706C6574653D226F6666220D0A2020202020202020202020202020202020636C6173733D226C617975692D696E707574223E0D0A2020202020202020203C2F6469763E0D0A20202020203C2F6469763E0D0A20202020203C64697620636C6173733D226C617975692D666F726D2D6974656D206C617975692D666F726D2D74657874223E0D0A2020202020202020203C6C6162656C20636C6173733D226C617975692D666F726D2D6C6162656C223EE8AFB7E58187E79086E794B13C2F6C6162656C3E0D0A2020202020202020203C64697620636C6173733D226C617975692D696E7075742D626C6F636B223E0D0A202020202020202020202020203C746578746172656120726561646F6E6C793D22726561646F6E6C792220636C6173733D226C617975692D746578746172656122207374796C653D2277696474683A35303070783B6D696E2D6865696768743A20373070783B223E247B716A6C797D3C2F74657874617265613E0D0A2020202020202020203C2F6469763E0D0A20202020203C2F6469763E0D0A20202020203C64697620636C6173733D226C617975692D666F726D2D6974656D206C617975692D666F726D2D74657874223E0D0A2020202020202020203C6C6162656C20636C6173733D226C617975692D666F726D2D6C6162656C223EE7A791E5AEA4EFBC88E58D95E4BD8DEFBC89E5AEA1E689B9E6848FE8A7813C2F6C6162656C3E0D0A2020202020202020203C64697620636C6173733D226C617975692D696E7075742D626C6F636B223E0D0A202020202020202020202020203C746578746172656120726561646F6E6C793D22726561646F6E6C792220636C6173733D226C617975692D746578746172656122207374796C653D2277696474683A35303070783B6D696E2D6865696768743A20373070783B223E247B6B735F7370796A7D3C2F74657874617265613E0D0A2020202020202020203C2F6469763E0D0A20202020203C2F6469763E0D0A093C64697620636C6173733D226C617975692D666F726D2D6974656D206C617975692D666F726D2D74657874223E0D0A09093C6C6162656C20636C6173733D226C617975692D666F726D2D6C6162656C223EE59BBEE789873C2F6C6162656C3E0D0A09093C64697620636C6173733D226C617975692D696E7075742D626C6F636B206C617965722D70686F746F222069643D226C617965722D70686F746F73223E3C2F6469763E0D0A093C2F6469763E0D0A20202020203C64697620636C6173733D226C617975692D666F726D2D6974656D206C617975692D666F726D2D74657874223E0D0A09202020203C6C6162656C20636C6173733D226C617975692D666F726D2D6C6162656C223E3C7370616E207374796C653D22636F6C6F723A7265643B223E2A3C2F7370616E3EE698AFE590A6E5908CE6848F3C2F6C6162656C3E0D0A09202020203C64697620636C6173733D226C617975692D696E7075742D626C6F636B223E0D0A092020202020203C696E70757420747970653D22726164696F22206E616D653D226167726565222076616C75653D227472756522207469746C653D22E5908CE6848F2220636865636B65643D22223E0D0A092020202020203C696E70757420747970653D22726164696F22206E616D653D226167726565222076616C75653D2266616C736522207469746C653D22E4B88DE5908CE6848F223E0D0A09202020203C2F6469763E0D0A202009203C2F6469763E0D0A202009203C64697620636C6173733D226C617975692D666F726D2D6974656D206C617975692D666F726D2D74657874223E0D0A2020202020202020203C6C6162656C20636C6173733D226C617975692D666F726D2D6C6162656C223EE5AEA1E689B9E6848FE8A7813C2F6C6162656C3E0D0A2020202020202020203C64697620636C6173733D226C617975692D696E7075742D626C6F636B223E0D0A202020202020202020202020203C7465787461726561206E616D653D2266675F7370796A2220706C616365686F6C6465723D22E5AEA1E689B9E6848FE8A7812220636C6173733D226C617975692D746578746172656122207374796C653D2277696474683A35303070783B6D696E2D6865696768743A20373070783B223E3C2F74657874617265613E0D0A2020202020202020203C2F6469763E0D0A20202020203C2F6469763E0D0A20202020203C64697620636C6173733D226C617975692D666F726D2D6974656D206C617975692D666F726D2D74657874223E0D0A202020202020202020203C6C6162656C20636C6173733D226C617975692D666F726D2D6C6162656C223E3C7370616E207374796C653D22636F6C6F723A7265643B223E2A3C2F7370616E3EE5AEA1E689B9E4BABA3C2F6C6162656C3E0D0A090920203C64697620636C6173733D226C617975692D696E6C696E65222069643D22737072223E0D0A09090920203C6469762069643D227370725F616464223E0D0A090909093C6920636C6173733D2266612066612D706C7573223E3C2F693E0D0A09090920203C2F6469763E0D0A09092020203C2F6469763E0D0A20202020203C2F6469763E0D0A20202020203C64697620636C6173733D226C617975692D666F726D2D6974656D223E0D0A20202020202020202020203C64697620636C6173733D226C617975692D696E7075742D626C6F636B223E0D0A2020202020202020202020202020203C627574746F6E20636C6173733D226C617975692D62746E206C617975692D62746E2D7072696D61727922206C61792D7375626D6974206C61792D66696C7465723D227370222069643D227370223EE5AEA1E689B93C2F627574746F6E3E0D0A2020202020202020202020202020203C627574746F6E20747970653D22627574746F6E2220636C6173733D226C617975692D62746E206C617975692D62746E2D7072696D617279222069643D22646F776E6C6F6164223EE4B88BE8BDBDE99984E4BBB63C2F627574746F6E3E0D0A20202020202020202020203C2F6469763E0D0A2020202020203C2F6469763E0D0A3C2F666F726D3E, 0);
INSERT INTO `act_ge_bytearray` VALUES ('7', 1, 'leave_usertask1.html', '1', 0x3C666F726D20636C6173733D226C617975692D666F726D206D61696E206C617975692D75706C6F616422206C61792D66696C7465723D226C65617665223E0D0A20202020203C64697620636C6173733D226C617975692D666F726D2D6974656D223E0D0A2020202020202020203C6C6162656C20636C6173733D226C617975692D666F726D2D6C6162656C223E3C7370616E207374796C653D22636F6C6F723A7265643B223E2A3C2F7370616E3EE794B3E8AFB7E4BABA3C2F6C6162656C3E0D0A2020202020202020203C64697620636C6173733D226C617975692D696E7075742D696E6C696E65223E0D0A202020202020202020202020203C696E70757420747970653D2274657874222076616C75653D22247B7371727D22206C61792D7665726966793D2272657175697265642220726561646F6E6C793D22726561646F6E6C792220706C616365686F6C6465723D22E794B3E8AFB7E4BABA22206175746F636F6D706C6574653D226F66662220636C6173733D226C617975692D696E707574223E0D0A2020202020202020203C2F6469763E0D0A2020202020202020203C6C6162656C20636C6173733D226C617975692D666F726D2D6C6162656C223E3C7370616E207374796C653D22636F6C6F723A7265643B223E2A3C2F7370616E3EE983A8E997A8E5908DE7A7B03C2F6C6162656C3E0D0A2020202020202020203C64697620636C6173733D226C617975692D696E7075742D696E6C696E65223E0D0A202020202020202020202020203C696E70757420747970653D2274657874222076616C75653D22247B626D6D637D22206C61792D7665726966793D2272657175697265642220726561646F6E6C793D22726561646F6E6C792220706C616365686F6C6465723D22E983A8E997A8E5908DE7A7B022206175746F636F6D706C6574653D226F66662220636C6173733D226C617975692D696E707574223E0D0A2020202020202020203C2F6469763E0D0A20202020203C2F6469763E0D0A20202020203C64697620636C6173733D226C617975692D666F726D2D6974656D223E0D0A2020202020202020203C6C6162656C20636C6173733D226C617975692D666F726D2D6C6162656C223E3C7370616E207374796C653D22636F6C6F723A7265643B223E2A3C2F7370616E3EE794B3E8AFB7E697A5E69C9F3C2F6C6162656C3E0D0A2020202020202020203C64697620636C6173733D226C617975692D696E7075742D696E6C696E65223E0D0A202020202020202020202020203C696E70757420747970653D2274657874222076616C75653D22247B737172717D2220726561646F6E6C793D22726561646F6E6C7922206C61792D7665726966793D22726571756972656422206175746F636F6D706C6574653D226F66662220636C6173733D226C617975692D696E707574223E0D0A2020202020202020203C2F6469763E0D0A2020202020202020203C6C6162656C20636C6173733D226C617975692D666F726D2D6C6162656C223E3C7370616E207374796C653D22636F6C6F723A7265643B223E2A3C2F7370616E3EE8AFB7E58187E7B1BBE588AB3C2F6C6162656C3E0D0A2020202020202020203C64697620636C6173733D226C617975692D696E7075742D696E6C696E65223E0D0A202020202020202020202020203C696E70757420747970653D2274657874222076616C75653D22247B716A6C787D2220726561646F6E6C793D22726561646F6E6C7922206C61792D7665726966793D22726571756972656422206175746F636F6D706C6574653D226F66662220636C6173733D226C617975692D696E707574223E0D0A2020202020202020203C2F6469763E0D0A20202020203C2F6469763E0D0A20202020203C64697620636C6173733D226C617975692D666F726D2D6974656D223E0D0A2020202020202020203C6C6162656C20636C6173733D226C617975692D666F726D2D6C6162656C223E3C7370616E207374796C653D22636F6C6F723A7265643B223E2A3C2F7370616E3EE5BC80E5A78BE697A5E69C9F3C2F6C6162656C3E0D0A2020202020202020203C64697620636C6173733D226C617975692D696E7075742D696E6C696E65223E0D0A202020202020202020202020203C696E70757420747970653D2274657874222069643D226B737271222076616C75653D22247B6B7372717D22206C61792D7665726966793D2272657175697265642220706C616365686F6C6465723D22E5BC80E5A78BE697A5E69C9F22206175746F636F6D706C6574653D226F6666220D0A2020202020202020202020202020202020636C6173733D226C617975692D696E707574223E0D0A2020202020202020203C2F6469763E0D0A2020202020202020203C6C6162656C20636C6173733D226C617975692D666F726D2D6C6162656C223E3C7370616E207374796C653D22636F6C6F723A7265643B223E2A3C2F7370616E3EE7BB93E69D9FE697A5E69C9F3C2F6C6162656C3E0D0A2020202020202020203C64697620636C6173733D226C617975692D696E7075742D696E6C696E65223E0D0A202020202020202020202020203C696E70757420747970653D2274657874222069643D226A737271222076616C75653D22247B6A7372717D22206C61792D7665726966793D2272657175697265642220706C616365686F6C6465723D22E7BB93E69D9FE697A5E69C9F22206175746F636F6D706C6574653D226F6666220D0A2020202020202020202020202020202020636C6173733D226C617975692D696E707574223E0D0A2020202020202020203C2F6469763E0D0A20202020203C2F6469763E0D0A20202020203C64697620636C6173733D226C617975692D666F726D2D6974656D206C617975692D666F726D2D74657874223E0D0A2020202020202020203C6C6162656C20636C6173733D226C617975692D666F726D2D6C6162656C223EE8AFB7E58187E79086E794B13C2F6C6162656C3E0D0A2020202020202020203C64697620636C6173733D226C617975692D696E7075742D626C6F636B223E0D0A202020202020202020202020203C746578746172656120726561646F6E6C793D22726561646F6E6C792220636C6173733D226C617975692D746578746172656122207374796C653D2277696474683A35303070783B6D696E2D6865696768743A20373070783B223E247B716A6C797D3C2F74657874617265613E0D0A2020202020202020203C2F6469763E0D0A20202020203C2F6469763E0D0A093C64697620636C6173733D226C617975692D666F726D2D6974656D206C617975692D666F726D2D74657874223E0D0A09093C6C6162656C20636C6173733D226C617975692D666F726D2D6C6162656C223EE59BBEE789873C2F6C6162656C3E0D0A09093C64697620636C6173733D226C617975692D696E7075742D626C6F636B206C617965722D70686F746F222069643D226C617965722D70686F746F73223E3C2F6469763E0D0A093C2F6469763E0D0A20202020203C64697620636C6173733D226C617975692D666F726D2D6974656D206C617975692D666F726D2D74657874223E0D0A09202020203C6C6162656C20636C6173733D226C617975692D666F726D2D6C6162656C223E3C7370616E207374796C653D22636F6C6F723A7265643B223E2A3C2F7370616E3EE698AFE590A6E5908CE6848F3C2F6C6162656C3E0D0A09202020203C64697620636C6173733D226C617975692D696E7075742D626C6F636B223E0D0A092020202020203C696E70757420747970653D22726164696F22206E616D653D226167726565222076616C75653D227472756522207469746C653D22E5908CE6848F2220636865636B65643D22223E0D0A092020202020203C696E70757420747970653D22726164696F22206E616D653D226167726565222076616C75653D2266616C736522207469746C653D22E4B88DE5908CE6848F223E0D0A09202020203C2F6469763E0D0A202009203C2F6469763E0D0A202009203C64697620636C6173733D226C617975692D666F726D2D6974656D206C617975692D666F726D2D74657874223E0D0A2020202020202020203C6C6162656C20636C6173733D226C617975692D666F726D2D6C6162656C223EE5AEA1E689B9E6848FE8A7813C2F6C6162656C3E0D0A2020202020202020203C64697620636C6173733D226C617975692D696E7075742D626C6F636B223E0D0A202020202020202020202020203C7465787461726561206E616D653D226B735F7370796A2220706C616365686F6C6465723D22E5AEA1E689B9E6848FE8A7812220636C6173733D226C617975692D746578746172656122207374796C653D2277696474683A35303070783B6D696E2D6865696768743A20373070783B223E3C2F74657874617265613E0D0A2020202020202020203C2F6469763E0D0A20202020203C2F6469763E0D0A20202020203C64697620636C6173733D226C617975692D666F726D2D6974656D206C617975692D666F726D2D74657874223E0D0A202020202020202020203C6C6162656C20636C6173733D226C617975692D666F726D2D6C6162656C223E3C7370616E207374796C653D22636F6C6F723A7265643B223E2A3C2F7370616E3EE5AEA1E689B9E4BABA3C2F6C6162656C3E0D0A090920203C64697620636C6173733D226C617975692D696E6C696E65222069643D22737072223E0D0A09090920203C6469762069643D227370725F616464223E0D0A090909093C6920636C6173733D2266612066612D706C7573223E3C2F693E0D0A09090920203C2F6469763E0D0A09092020203C2F6469763E0D0A20202020203C2F6469763E0D0A20202020203C64697620636C6173733D226C617975692D666F726D2D6974656D223E0D0A20202020202020202020203C64697620636C6173733D226C617975692D696E7075742D626C6F636B223E0D0A2020202020202020202020202020203C627574746F6E20636C6173733D226C617975692D62746E206C617975692D62746E2D7072696D61727922206C61792D7375626D6974206C61792D66696C7465723D227370222069643D227370223EE5AEA1E689B93C2F627574746F6E3E0D0A2020202020202020202020202020203C627574746F6E20747970653D22627574746F6E2220636C6173733D226C617975692D62746E206C617975692D62746E2D7072696D617279222069643D22646F776E6C6F6164223EE4B88BE8BDBDE99984E4BBB63C2F627574746F6E3E0D0A20202020202020202020203C2F6469763E0D0A2020202020203C2F6469763E0D0A3C2F666F726D3E, 0);

-- ----------------------------
-- Table structure for act_ge_property
-- ----------------------------
DROP TABLE IF EXISTS `act_ge_property`;
CREATE TABLE `act_ge_property`  (
  `NAME_` varchar(64) CHARACTER SET utf8 COLLATE utf8_bin NOT NULL,
  `VALUE_` varchar(300) CHARACTER SET utf8 COLLATE utf8_bin NULL DEFAULT NULL,
  `REV_` int(11) NULL DEFAULT NULL,
  PRIMARY KEY (`NAME_`) USING BTREE
) ENGINE = InnoDB CHARACTER SET = utf8 COLLATE = utf8_bin ROW_FORMAT = Dynamic;

-- ----------------------------
-- Records of act_ge_property
-- ----------------------------
INSERT INTO `act_ge_property` VALUES ('cfg.execution-related-entities-count', 'false', 1);
INSERT INTO `act_ge_property` VALUES ('next.dbid', '62501', 26);
INSERT INTO `act_ge_property` VALUES ('schema.history', 'create(6.0.0.4)', 1);
INSERT INTO `act_ge_property` VALUES ('schema.version', '6.0.0.4', 1);

-- ----------------------------
-- Table structure for act_hi_actinst
-- ----------------------------
DROP TABLE IF EXISTS `act_hi_actinst`;
CREATE TABLE `act_hi_actinst`  (
  `ID_` varchar(64) CHARACTER SET utf8 COLLATE utf8_bin NOT NULL,
  `PROC_DEF_ID_` varchar(64) CHARACTER SET utf8 COLLATE utf8_bin NOT NULL,
  `PROC_INST_ID_` varchar(64) CHARACTER SET utf8 COLLATE utf8_bin NOT NULL,
  `EXECUTION_ID_` varchar(64) CHARACTER SET utf8 COLLATE utf8_bin NOT NULL,
  `ACT_ID_` varchar(255) CHARACTER SET utf8 COLLATE utf8_bin NOT NULL,
  `TASK_ID_` varchar(64) CHARACTER SET utf8 COLLATE utf8_bin NULL DEFAULT NULL,
  `CALL_PROC_INST_ID_` varchar(64) CHARACTER SET utf8 COLLATE utf8_bin NULL DEFAULT NULL,
  `ACT_NAME_` varchar(255) CHARACTER SET utf8 COLLATE utf8_bin NULL DEFAULT NULL,
  `ACT_TYPE_` varchar(255) CHARACTER SET utf8 COLLATE utf8_bin NOT NULL,
  `ASSIGNEE_` varchar(255) CHARACTER SET utf8 COLLATE utf8_bin NULL DEFAULT NULL,
  `START_TIME_` datetime(3) NULL,
  `END_TIME_` datetime(3) NULL DEFAULT NULL,
  `DURATION_` bigint(20) NULL DEFAULT NULL,
  `DELETE_REASON_` varchar(4000) CHARACTER SET utf8 COLLATE utf8_bin NULL DEFAULT NULL,
  `TENANT_ID_` varchar(255) CHARACTER SET utf8 COLLATE utf8_bin NULL DEFAULT '',
  PRIMARY KEY (`ID_`) USING BTREE,
  INDEX `ACT_IDX_HI_ACT_INST_START`(`START_TIME_`) USING BTREE,
  INDEX `ACT_IDX_HI_ACT_INST_END`(`END_TIME_`) USING BTREE,
  INDEX `ACT_IDX_HI_ACT_INST_PROCINST`(`PROC_INST_ID_`, `ACT_ID_`) USING BTREE,
  INDEX `ACT_IDX_HI_ACT_INST_EXEC`(`EXECUTION_ID_`, `ACT_ID_`) USING BTREE
) ENGINE = InnoDB CHARACTER SET = utf8 COLLATE = utf8_bin ROW_FORMAT = Dynamic;

-- ----------------------------
-- Records of act_hi_actinst
-- ----------------------------
INSERT INTO `act_hi_actinst` VALUES ('55004', 'leave:1:8', '55001', '55003', 'startevent1', NULL, NULL, '', 'startEvent', NULL, '2019-02-26 16:09:35.674', '2019-02-26 16:09:35.693', 19, NULL, '');
INSERT INTO `act_hi_actinst` VALUES ('55047', 'leave:1:8', '55001', '55003', 'usertask1', '55048', NULL, '', 'userTask', NULL, '2019-02-26 16:09:35.695', '2019-02-26 16:13:08.008', 212313, NULL, '');
INSERT INTO `act_hi_actinst` VALUES ('55074', 'leave:1:8', '55001', '55003', 'exclusivegateway1', NULL, NULL, 'Exclusive Gateway', 'exclusiveGateway', NULL, '2019-02-26 16:13:08.008', '2019-02-26 16:13:08.017', 9, NULL, '');
INSERT INTO `act_hi_actinst` VALUES ('55075', 'leave:1:8', '55001', '55003', 'usertask2', '55076', NULL, '', 'userTask', NULL, '2019-02-26 16:13:08.025', NULL, NULL, NULL, '');
INSERT INTO `act_hi_actinst` VALUES ('57504', 'leave:1:8', '57501', '57503', 'startevent1', NULL, NULL, '', 'startEvent', NULL, '2019-02-26 16:43:34.508', '2019-02-26 16:43:34.526', 18, NULL, '');
INSERT INTO `act_hi_actinst` VALUES ('57547', 'leave:1:8', '57501', '57503', 'usertask1', '57548', NULL, '', 'userTask', NULL, '2019-02-26 16:43:34.533', '2019-02-26 16:45:16.490', 101957, NULL, '');
INSERT INTO `act_hi_actinst` VALUES ('57574', 'leave:1:8', '57501', '57503', 'exclusivegateway1', NULL, NULL, 'Exclusive Gateway', 'exclusiveGateway', NULL, '2019-02-26 16:45:16.490', '2019-02-26 16:45:16.502', 12, NULL, '');
INSERT INTO `act_hi_actinst` VALUES ('57575', 'leave:1:8', '57501', '57503', 'usertask2', '57576', NULL, '', 'userTask', NULL, '2019-02-26 16:45:16.507', NULL, NULL, NULL, '');
INSERT INTO `act_hi_actinst` VALUES ('60004', 'leave:1:8', '60001', '60003', 'startevent1', NULL, NULL, '', 'startEvent', NULL, '2019-02-26 16:49:58.706', '2019-02-26 16:49:58.713', 7, NULL, '');
INSERT INTO `act_hi_actinst` VALUES ('60047', 'leave:1:8', '60001', '60003', 'usertask1', '60048', NULL, '', 'userTask', NULL, '2019-02-26 16:49:58.713', NULL, NULL, NULL, '');
INSERT INTO `act_hi_actinst` VALUES ('60052', 'leave:1:8', '60049', '60051', 'startevent1', NULL, NULL, '', 'startEvent', NULL, '2019-02-26 16:54:06.254', '2019-02-26 16:54:06.262', 8, NULL, '');
INSERT INTO `act_hi_actinst` VALUES ('60095', 'leave:1:8', '60049', '60051', 'usertask1', '60096', NULL, '', 'userTask', NULL, '2019-02-26 16:54:06.262', '2019-02-26 16:54:28.094', 21832, NULL, '');
INSERT INTO `act_hi_actinst` VALUES ('60122', 'leave:1:8', '60049', '60051', 'exclusivegateway1', NULL, NULL, 'Exclusive Gateway', 'exclusiveGateway', NULL, '2019-02-26 16:54:28.094', '2019-02-26 16:54:28.094', 0, NULL, '');
INSERT INTO `act_hi_actinst` VALUES ('60123', 'leave:1:8', '60049', '60051', 'usertask2', '60124', NULL, '', 'userTask', NULL, '2019-02-26 16:54:28.102', '2019-02-26 16:56:00.167', 92065, NULL, '');
INSERT INTO `act_hi_actinst` VALUES ('60145', 'leave:1:8', '60049', '60051', 'exclusivegateway2', NULL, NULL, 'Exclusive Gateway', 'exclusiveGateway', NULL, '2019-02-26 16:56:00.167', '2019-02-26 16:56:00.167', 0, NULL, '');
INSERT INTO `act_hi_actinst` VALUES ('60146', 'leave:1:8', '60049', '60051', 'usertask3', '60147', NULL, '', 'userTask', NULL, '2019-02-26 16:56:00.172', '2019-02-26 16:56:07.474', 7302, NULL, '');
INSERT INTO `act_hi_actinst` VALUES ('60164', 'leave:1:8', '60049', '60051', 'endevent1', NULL, NULL, '', 'endEvent', NULL, '2019-02-26 16:56:07.474', '2019-02-26 16:56:07.474', 0, NULL, '');

-- ----------------------------
-- Table structure for act_hi_attachment
-- ----------------------------
DROP TABLE IF EXISTS `act_hi_attachment`;
CREATE TABLE `act_hi_attachment`  (
  `ID_` varchar(64) CHARACTER SET utf8 COLLATE utf8_bin NOT NULL,
  `REV_` int(11) NULL DEFAULT NULL,
  `USER_ID_` varchar(255) CHARACTER SET utf8 COLLATE utf8_bin NULL DEFAULT NULL,
  `NAME_` varchar(255) CHARACTER SET utf8 COLLATE utf8_bin NULL DEFAULT NULL,
  `DESCRIPTION_` varchar(4000) CHARACTER SET utf8 COLLATE utf8_bin NULL DEFAULT NULL,
  `TYPE_` varchar(255) CHARACTER SET utf8 COLLATE utf8_bin NULL DEFAULT NULL,
  `TASK_ID_` varchar(64) CHARACTER SET utf8 COLLATE utf8_bin NULL DEFAULT NULL,
  `PROC_INST_ID_` varchar(64) CHARACTER SET utf8 COLLATE utf8_bin NULL DEFAULT NULL,
  `URL_` varchar(4000) CHARACTER SET utf8 COLLATE utf8_bin NULL DEFAULT NULL,
  `CONTENT_ID_` varchar(64) CHARACTER SET utf8 COLLATE utf8_bin NULL DEFAULT NULL,
  `TIME_` datetime(3) NULL DEFAULT NULL,
  PRIMARY KEY (`ID_`) USING BTREE
) ENGINE = InnoDB CHARACTER SET = utf8 COLLATE = utf8_bin ROW_FORMAT = Dynamic;

-- ----------------------------
-- Table structure for act_hi_comment
-- ----------------------------
DROP TABLE IF EXISTS `act_hi_comment`;
CREATE TABLE `act_hi_comment`  (
  `ID_` varchar(64) CHARACTER SET utf8 COLLATE utf8_bin NOT NULL,
  `TYPE_` varchar(255) CHARACTER SET utf8 COLLATE utf8_bin NULL DEFAULT NULL,
  `TIME_` datetime(3) NULL,
  `USER_ID_` varchar(255) CHARACTER SET utf8 COLLATE utf8_bin NULL DEFAULT NULL,
  `TASK_ID_` varchar(64) CHARACTER SET utf8 COLLATE utf8_bin NULL DEFAULT NULL,
  `PROC_INST_ID_` varchar(64) CHARACTER SET utf8 COLLATE utf8_bin NULL DEFAULT NULL,
  `ACTION_` varchar(255) CHARACTER SET utf8 COLLATE utf8_bin NULL DEFAULT NULL,
  `MESSAGE_` varchar(4000) CHARACTER SET utf8 COLLATE utf8_bin NULL DEFAULT NULL,
  `FULL_MSG_` longblob NULL,
  PRIMARY KEY (`ID_`) USING BTREE
) ENGINE = InnoDB CHARACTER SET = utf8 COLLATE = utf8_bin ROW_FORMAT = Dynamic;

-- ----------------------------
-- Records of act_hi_comment
-- ----------------------------
INSERT INTO `act_hi_comment` VALUES ('55049', 'comment', '2019-02-26 16:13:07.802', '10233', '55048', '55001', 'AddComment', '{\"agree\":\"true\",\"ks_spyj\":\" \",\"sprs\":\"10234\",\"usersprs\":\"118#10234\",\"id\":\"10233leaveleave_usertask1.html\",\"bk\":\"2019022616085710234\",\"description\":\"\",\"assig...', 0x7B226167726565223A2274727565222C226B735F7370796A223A22E5908CE6848F2020222C2273707273223A223130323334222C227573657273707273223A22313138233130323334222C226964223A2231303233336C656176656C656176655F757365727461736B312E68746D6C222C22626B223A2232303139303232363136303835373130323334222C226465736372697074696F6E223A22E68C87E5AE9A222C2261737369676E6565223A223130323333222C226F776E6572223A223130323333227D);
INSERT INTO `act_hi_comment` VALUES ('57549', 'comment', '2019-02-26 16:45:16.346', '10233', '57548', '57501', 'AddComment', '{\"agree\":\"true\",\"ks_spyj\":\" \",\"sprs\":\"10234\",\"usersprs\":\"118#10234\",\"id\":\"10233leaveleave_usertask1.html\",\"bk\":\"2019022616432610234\",\"description\":\"dev1\",...', 0x7B226167726565223A2274727565222C226B735F7370796A223A22E5908CE6848F2020222C2273707273223A223130323334222C227573657273707273223A22313138233130323334222C226964223A2231303233336C656176656C656176655F757365727461736B312E68746D6C222C22626B223A2232303139303232363136343332363130323334222C226465736372697074696F6E223A22E68C87E5AE9AE3809064657631E38091222C2261737369676E6565223A223130323333222C226F776E6572223A223130323333227D);
INSERT INTO `act_hi_comment` VALUES ('60097', 'comment', '2019-02-26 16:54:27.860', '10233', '60096', '60049', 'AddComment', '{\"agree\":\"true\",\"ks_spyj\":\" dev1\",\"sprs\":\"10234\",\"usersprs\":\"118#10234\",\"id\":\"10233leaveleave_usertask1.html\",\"bk\":\"2019022616535710234\",\"description\":\"...', 0x7B226167726565223A2274727565222C226B735F7370796A223A22E5908CE6848F20202020E5AEA1E689B9E4BABAEFBC9A64657631222C2273707273223A223130323334222C227573657273707273223A22313138233130323334222C226964223A2231303233336C656176656C656176655F757365727461736B312E68746D6C222C22626B223A2232303139303232363136353335373130323334222C226465736372697074696F6E223A22E68C87E5AE9A222C2261737369676E6565223A223130323333222C226F776E6572223A223130323333227D);
INSERT INTO `act_hi_comment` VALUES ('60125', 'comment', '2019-02-26 16:55:59.945', '10234', '60124', '60049', 'AddComment', '{\"agree\":\"true\",\"fg_spyj\":\" 3333 dev2\",\"sprs\":\"10234\",\"usersprs\":\"118#10234\",\"id\":\"10234leaveleave_usertask2.html\",\"bk\":\"2019022616535710234\",\"description...', 0x7B226167726565223A2274727565222C2266675F7370796A223A22E5908CE6848F2020333333332020E5AEA1E689B9E4BABAEFBC9A64657632222C2273707273223A223130323334222C227573657273707273223A22313138233130323334222C226964223A2231303233346C656176656C656176655F757365727461736B322E68746D6C222C22626B223A2232303139303232363136353335373130323334222C226465736372697074696F6E223A22E68C87E5AE9A222C2261737369676E6565223A223130323334222C226F776E6572223A223130323334227D);
INSERT INTO `act_hi_comment` VALUES ('60148', 'comment', '2019-02-26 16:56:07.382', '10234', '60147', '60049', 'AddComment', '{\"agree\":\"true\",\"zg_spyj\":\" dev2\",\"id\":\"10234leaveleave_usertask3.html\",\"bk\":\"2019022616535710234\",\"description\":\"\",\"assignee\":\"10234\",\"owner\":\"10234\"}', 0x7B226167726565223A2274727565222C227A675F7370796A223A22E5908CE6848F20202020E5AEA1E689B9E4BABAEFBC9A64657632222C226964223A2231303233346C656176656C656176655F757365727461736B332E68746D6C222C22626B223A2232303139303232363136353335373130323334222C226465736372697074696F6E223A22E68C87E5AE9A222C2261737369676E6565223A223130323334222C226F776E6572223A223130323334227D);

-- ----------------------------
-- Table structure for act_hi_detail
-- ----------------------------
DROP TABLE IF EXISTS `act_hi_detail`;
CREATE TABLE `act_hi_detail`  (
  `ID_` varchar(64) CHARACTER SET utf8 COLLATE utf8_bin NOT NULL,
  `TYPE_` varchar(255) CHARACTER SET utf8 COLLATE utf8_bin NOT NULL,
  `PROC_INST_ID_` varchar(64) CHARACTER SET utf8 COLLATE utf8_bin NULL DEFAULT NULL,
  `EXECUTION_ID_` varchar(64) CHARACTER SET utf8 COLLATE utf8_bin NULL DEFAULT NULL,
  `TASK_ID_` varchar(64) CHARACTER SET utf8 COLLATE utf8_bin NULL DEFAULT NULL,
  `ACT_INST_ID_` varchar(64) CHARACTER SET utf8 COLLATE utf8_bin NULL DEFAULT NULL,
  `NAME_` varchar(255) CHARACTER SET utf8 COLLATE utf8_bin NOT NULL,
  `VAR_TYPE_` varchar(255) CHARACTER SET utf8 COLLATE utf8_bin NULL DEFAULT NULL,
  `REV_` int(11) NULL DEFAULT NULL,
  `TIME_` datetime(3) NULL,
  `BYTEARRAY_ID_` varchar(64) CHARACTER SET utf8 COLLATE utf8_bin NULL DEFAULT NULL,
  `DOUBLE_` double NULL DEFAULT NULL,
  `LONG_` bigint(20) NULL DEFAULT NULL,
  `TEXT_` varchar(4000) CHARACTER SET utf8 COLLATE utf8_bin NULL DEFAULT NULL,
  `TEXT2_` varchar(4000) CHARACTER SET utf8 COLLATE utf8_bin NULL DEFAULT NULL,
  PRIMARY KEY (`ID_`) USING BTREE,
  INDEX `ACT_IDX_HI_DETAIL_PROC_INST`(`PROC_INST_ID_`) USING BTREE,
  INDEX `ACT_IDX_HI_DETAIL_ACT_INST`(`ACT_INST_ID_`) USING BTREE,
  INDEX `ACT_IDX_HI_DETAIL_TIME`(`TIME_`) USING BTREE,
  INDEX `ACT_IDX_HI_DETAIL_NAME`(`NAME_`) USING BTREE,
  INDEX `ACT_IDX_HI_DETAIL_TASK_ID`(`TASK_ID_`) USING BTREE
) ENGINE = InnoDB CHARACTER SET = utf8 COLLATE = utf8_bin ROW_FORMAT = Dynamic;

-- ----------------------------
-- Records of act_hi_detail
-- ----------------------------
INSERT INTO `act_hi_detail` VALUES ('55005', 'FormProperty', '55001', '55003', NULL, '55004', 'sqr', NULL, NULL, '2019-02-26 16:09:35.674', NULL, NULL, NULL, 'dev2', NULL);
INSERT INTO `act_hi_detail` VALUES ('55006', 'FormProperty', '55001', '55003', NULL, '55004', 'u_id', NULL, NULL, '2019-02-26 16:09:35.674', NULL, NULL, NULL, '10234', NULL);
INSERT INTO `act_hi_detail` VALUES ('55007', 'FormProperty', '55001', '55003', NULL, '55004', 'bmmc', NULL, NULL, '2019-02-26 16:09:35.674', NULL, NULL, NULL, '', NULL);
INSERT INTO `act_hi_detail` VALUES ('55008', 'FormProperty', '55001', '55003', NULL, '55004', 'sqrq', NULL, NULL, '2019-02-26 16:09:35.674', NULL, NULL, NULL, '2019-02-26 16:08:57', NULL);
INSERT INTO `act_hi_detail` VALUES ('55009', 'FormProperty', '55001', '55003', NULL, '55004', 'qjlx', NULL, NULL, '2019-02-26 16:09:35.674', NULL, NULL, NULL, '', NULL);
INSERT INTO `act_hi_detail` VALUES ('55010', 'FormProperty', '55001', '55003', NULL, '55004', 'ksrq', NULL, NULL, '2019-02-26 16:09:35.674', NULL, NULL, NULL, '2019-02-26 00:00:00', NULL);
INSERT INTO `act_hi_detail` VALUES ('55011', 'FormProperty', '55001', '55003', NULL, '55004', 'jsrq', NULL, NULL, '2019-02-26 16:09:35.674', NULL, NULL, NULL, '2019-02-26 00:00:00', NULL);
INSERT INTO `act_hi_detail` VALUES ('55012', 'FormProperty', '55001', '55003', NULL, '55004', 'qjly', NULL, NULL, '2019-02-26 16:09:35.674', NULL, NULL, NULL, '', NULL);
INSERT INTO `act_hi_detail` VALUES ('55013', 'FormProperty', '55001', '55003', NULL, '55004', 'imgName', NULL, NULL, '2019-02-26 16:09:35.674', NULL, NULL, NULL, '', NULL);
INSERT INTO `act_hi_detail` VALUES ('55014', 'FormProperty', '55001', '55003', NULL, '55004', 'file', NULL, NULL, '2019-02-26 16:09:35.674', NULL, NULL, NULL, '', NULL);
INSERT INTO `act_hi_detail` VALUES ('55015', 'FormProperty', '55001', '55003', NULL, '55004', 'sprs', NULL, NULL, '2019-02-26 16:09:35.674', NULL, NULL, NULL, '10233', NULL);
INSERT INTO `act_hi_detail` VALUES ('55016', 'FormProperty', '55001', '55003', NULL, '55004', 'usersprs', NULL, NULL, '2019-02-26 16:09:35.674', NULL, NULL, NULL, '115#10233', NULL);
INSERT INTO `act_hi_detail` VALUES ('55017', 'FormProperty', '55001', '55003', NULL, '55004', 'id', NULL, NULL, '2019-02-26 16:09:35.674', NULL, NULL, NULL, '10234leaveleave_startevent1.html', NULL);
INSERT INTO `act_hi_detail` VALUES ('55018', 'FormProperty', '55001', '55003', NULL, '55004', 'bk', NULL, NULL, '2019-02-26 16:09:35.674', NULL, NULL, NULL, '2019022616085710234', NULL);
INSERT INTO `act_hi_detail` VALUES ('55020', 'VariableUpdate', '55001', '55001', NULL, NULL, 'usersprs', 'string', 0, '2019-02-26 16:09:35.679', NULL, NULL, NULL, '115#10233', NULL);
INSERT INTO `act_hi_detail` VALUES ('55022', 'VariableUpdate', '55001', '55001', NULL, NULL, 'sqrq', 'string', 0, '2019-02-26 16:09:35.680', NULL, NULL, NULL, '2019-02-26 16:08:57', NULL);
INSERT INTO `act_hi_detail` VALUES ('55024', 'VariableUpdate', '55001', '55001', NULL, NULL, 'bk', 'string', 0, '2019-02-26 16:09:35.680', NULL, NULL, NULL, '2019022616085710234', NULL);
INSERT INTO `act_hi_detail` VALUES ('55026', 'VariableUpdate', '55001', '55001', NULL, NULL, 'sprs', 'string', 0, '2019-02-26 16:09:35.680', NULL, NULL, NULL, '10233', NULL);
INSERT INTO `act_hi_detail` VALUES ('55028', 'VariableUpdate', '55001', '55001', NULL, NULL, 'bmmc', 'string', 0, '2019-02-26 16:09:35.681', NULL, NULL, NULL, '', NULL);
INSERT INTO `act_hi_detail` VALUES ('55030', 'VariableUpdate', '55001', '55001', NULL, NULL, 'imgName', 'string', 0, '2019-02-26 16:09:35.681', NULL, NULL, NULL, '', NULL);
INSERT INTO `act_hi_detail` VALUES ('55032', 'VariableUpdate', '55001', '55001', NULL, NULL, 'qjlx', 'string', 0, '2019-02-26 16:09:35.681', NULL, NULL, NULL, '', NULL);
INSERT INTO `act_hi_detail` VALUES ('55034', 'VariableUpdate', '55001', '55001', NULL, NULL, 'qjly', 'string', 0, '2019-02-26 16:09:35.681', NULL, NULL, NULL, '', NULL);
INSERT INTO `act_hi_detail` VALUES ('55036', 'VariableUpdate', '55001', '55001', NULL, NULL, 'u_id', 'string', 0, '2019-02-26 16:09:35.681', NULL, NULL, NULL, '10234', NULL);
INSERT INTO `act_hi_detail` VALUES ('55038', 'VariableUpdate', '55001', '55001', NULL, NULL, 'file', 'string', 0, '2019-02-26 16:09:35.681', NULL, NULL, NULL, '', NULL);
INSERT INTO `act_hi_detail` VALUES ('55040', 'VariableUpdate', '55001', '55001', NULL, NULL, 'sqr', 'string', 0, '2019-02-26 16:09:35.681', NULL, NULL, NULL, 'dev2', NULL);
INSERT INTO `act_hi_detail` VALUES ('55042', 'VariableUpdate', '55001', '55001', NULL, NULL, 'ksrq', 'string', 0, '2019-02-26 16:09:35.681', NULL, NULL, NULL, '2019-02-26 00:00:00', NULL);
INSERT INTO `act_hi_detail` VALUES ('55044', 'VariableUpdate', '55001', '55001', NULL, NULL, 'jsrq', 'string', 0, '2019-02-26 16:09:35.681', NULL, NULL, NULL, '2019-02-26 00:00:00', NULL);
INSERT INTO `act_hi_detail` VALUES ('55046', 'VariableUpdate', '55001', '55001', NULL, NULL, 'id', 'string', 0, '2019-02-26 16:09:35.681', NULL, NULL, NULL, '10234leaveleave_startevent1.html', NULL);
INSERT INTO `act_hi_detail` VALUES ('55050', 'FormProperty', '55001', '55003', '55048', '55047', 'agree', NULL, NULL, '2019-02-26 16:13:07.831', NULL, NULL, NULL, 'true', NULL);
INSERT INTO `act_hi_detail` VALUES ('55051', 'FormProperty', '55001', '55003', '55048', '55047', 'ks_spyj', NULL, NULL, '2019-02-26 16:13:07.900', NULL, NULL, NULL, '  ', NULL);
INSERT INTO `act_hi_detail` VALUES ('55052', 'FormProperty', '55001', '55003', '55048', '55047', 'sprs', NULL, NULL, '2019-02-26 16:13:07.900', NULL, NULL, NULL, '10234', NULL);
INSERT INTO `act_hi_detail` VALUES ('55053', 'FormProperty', '55001', '55003', '55048', '55047', 'usersprs', NULL, NULL, '2019-02-26 16:13:07.900', NULL, NULL, NULL, '118#10234', NULL);
INSERT INTO `act_hi_detail` VALUES ('55054', 'FormProperty', '55001', '55003', '55048', '55047', 'id', NULL, NULL, '2019-02-26 16:13:07.900', NULL, NULL, NULL, '10233leaveleave_usertask1.html', NULL);
INSERT INTO `act_hi_detail` VALUES ('55055', 'FormProperty', '55001', '55003', '55048', '55047', 'bk', NULL, NULL, '2019-02-26 16:13:07.900', NULL, NULL, NULL, '2019022616085710234', NULL);
INSERT INTO `act_hi_detail` VALUES ('55056', 'FormProperty', '55001', '55003', '55048', '55047', 'description', NULL, NULL, '2019-02-26 16:13:07.900', NULL, NULL, NULL, '', NULL);
INSERT INTO `act_hi_detail` VALUES ('55057', 'FormProperty', '55001', '55003', '55048', '55047', 'assignee', NULL, NULL, '2019-02-26 16:13:07.901', NULL, NULL, NULL, '10233', NULL);
INSERT INTO `act_hi_detail` VALUES ('55058', 'FormProperty', '55001', '55003', '55048', '55047', 'owner', NULL, NULL, '2019-02-26 16:13:07.901', NULL, NULL, NULL, '10233', NULL);
INSERT INTO `act_hi_detail` VALUES ('55060', 'VariableUpdate', '55001', '55001', NULL, '55047', 'owner', 'string', 0, '2019-02-26 16:13:07.928', NULL, NULL, NULL, '10233', NULL);
INSERT INTO `act_hi_detail` VALUES ('55061', 'VariableUpdate', '55001', '55001', NULL, '55047', 'usersprs', 'string', 1, '2019-02-26 16:13:07.928', NULL, NULL, NULL, '118#10234', NULL);
INSERT INTO `act_hi_detail` VALUES ('55062', 'VariableUpdate', '55001', '55001', NULL, '55047', 'bk', 'string', 1, '2019-02-26 16:13:07.946', NULL, NULL, NULL, '2019022616085710234', NULL);
INSERT INTO `act_hi_detail` VALUES ('55064', 'VariableUpdate', '55001', '55001', NULL, '55047', 'description', 'string', 0, '2019-02-26 16:13:07.951', NULL, NULL, NULL, '', NULL);
INSERT INTO `act_hi_detail` VALUES ('55066', 'VariableUpdate', '55001', '55001', NULL, '55047', 'agree', 'string', 0, '2019-02-26 16:13:07.951', NULL, NULL, NULL, 'true', NULL);
INSERT INTO `act_hi_detail` VALUES ('55067', 'VariableUpdate', '55001', '55001', NULL, '55047', 'sprs', 'string', 1, '2019-02-26 16:13:07.951', NULL, NULL, NULL, '10234', NULL);
INSERT INTO `act_hi_detail` VALUES ('55068', 'VariableUpdate', '55001', '55001', NULL, '55047', 'id', 'string', 1, '2019-02-26 16:13:07.958', NULL, NULL, NULL, '10233leaveleave_usertask1.html', NULL);
INSERT INTO `act_hi_detail` VALUES ('55070', 'VariableUpdate', '55001', '55001', NULL, '55047', 'assignee', 'string', 0, '2019-02-26 16:13:07.967', NULL, NULL, NULL, '10233', NULL);
INSERT INTO `act_hi_detail` VALUES ('55072', 'VariableUpdate', '55001', '55001', NULL, '55047', 'ks_spyj', 'string', 0, '2019-02-26 16:13:07.967', NULL, NULL, NULL, '  ', NULL);
INSERT INTO `act_hi_detail` VALUES ('57505', 'FormProperty', '57501', '57503', NULL, '57504', 'sqr', NULL, NULL, '2019-02-26 16:43:34.507', NULL, NULL, NULL, 'dev2', NULL);
INSERT INTO `act_hi_detail` VALUES ('57506', 'FormProperty', '57501', '57503', NULL, '57504', 'u_id', NULL, NULL, '2019-02-26 16:43:34.508', NULL, NULL, NULL, '10234', NULL);
INSERT INTO `act_hi_detail` VALUES ('57507', 'FormProperty', '57501', '57503', NULL, '57504', 'bmmc', NULL, NULL, '2019-02-26 16:43:34.508', NULL, NULL, NULL, '', NULL);
INSERT INTO `act_hi_detail` VALUES ('57508', 'FormProperty', '57501', '57503', NULL, '57504', 'sqrq', NULL, NULL, '2019-02-26 16:43:34.508', NULL, NULL, NULL, '2019-02-26 16:43:26', NULL);
INSERT INTO `act_hi_detail` VALUES ('57509', 'FormProperty', '57501', '57503', NULL, '57504', 'qjlx', NULL, NULL, '2019-02-26 16:43:34.508', NULL, NULL, NULL, '', NULL);
INSERT INTO `act_hi_detail` VALUES ('57510', 'FormProperty', '57501', '57503', NULL, '57504', 'ksrq', NULL, NULL, '2019-02-26 16:43:34.508', NULL, NULL, NULL, '2019-02-26 00:00:00', NULL);
INSERT INTO `act_hi_detail` VALUES ('57511', 'FormProperty', '57501', '57503', NULL, '57504', 'jsrq', NULL, NULL, '2019-02-26 16:43:34.508', NULL, NULL, NULL, '2019-02-26 00:00:00', NULL);
INSERT INTO `act_hi_detail` VALUES ('57512', 'FormProperty', '57501', '57503', NULL, '57504', 'qjly', NULL, NULL, '2019-02-26 16:43:34.508', NULL, NULL, NULL, '222', NULL);
INSERT INTO `act_hi_detail` VALUES ('57513', 'FormProperty', '57501', '57503', NULL, '57504', 'imgName', NULL, NULL, '2019-02-26 16:43:34.508', NULL, NULL, NULL, '', NULL);
INSERT INTO `act_hi_detail` VALUES ('57514', 'FormProperty', '57501', '57503', NULL, '57504', 'file', NULL, NULL, '2019-02-26 16:43:34.508', NULL, NULL, NULL, '', NULL);
INSERT INTO `act_hi_detail` VALUES ('57515', 'FormProperty', '57501', '57503', NULL, '57504', 'sprs', NULL, NULL, '2019-02-26 16:43:34.508', NULL, NULL, NULL, '10233', NULL);
INSERT INTO `act_hi_detail` VALUES ('57516', 'FormProperty', '57501', '57503', NULL, '57504', 'usersprs', NULL, NULL, '2019-02-26 16:43:34.508', NULL, NULL, NULL, '115#10233', NULL);
INSERT INTO `act_hi_detail` VALUES ('57517', 'FormProperty', '57501', '57503', NULL, '57504', 'id', NULL, NULL, '2019-02-26 16:43:34.508', NULL, NULL, NULL, '10234leaveleave_startevent1.html', NULL);
INSERT INTO `act_hi_detail` VALUES ('57518', 'FormProperty', '57501', '57503', NULL, '57504', 'bk', NULL, NULL, '2019-02-26 16:43:34.508', NULL, NULL, NULL, '2019022616432610234', NULL);
INSERT INTO `act_hi_detail` VALUES ('57520', 'VariableUpdate', '57501', '57501', NULL, NULL, 'usersprs', 'string', 0, '2019-02-26 16:43:34.517', NULL, NULL, NULL, '115#10233', NULL);
INSERT INTO `act_hi_detail` VALUES ('57522', 'VariableUpdate', '57501', '57501', NULL, NULL, 'sqrq', 'string', 0, '2019-02-26 16:43:34.518', NULL, NULL, NULL, '2019-02-26 16:43:26', NULL);
INSERT INTO `act_hi_detail` VALUES ('57524', 'VariableUpdate', '57501', '57501', NULL, NULL, 'bk', 'string', 0, '2019-02-26 16:43:34.518', NULL, NULL, NULL, '2019022616432610234', NULL);
INSERT INTO `act_hi_detail` VALUES ('57526', 'VariableUpdate', '57501', '57501', NULL, NULL, 'sprs', 'string', 0, '2019-02-26 16:43:34.518', NULL, NULL, NULL, '10233', NULL);
INSERT INTO `act_hi_detail` VALUES ('57528', 'VariableUpdate', '57501', '57501', NULL, NULL, 'bmmc', 'string', 0, '2019-02-26 16:43:34.518', NULL, NULL, NULL, '', NULL);
INSERT INTO `act_hi_detail` VALUES ('57530', 'VariableUpdate', '57501', '57501', NULL, NULL, 'imgName', 'string', 0, '2019-02-26 16:43:34.518', NULL, NULL, NULL, '', NULL);
INSERT INTO `act_hi_detail` VALUES ('57532', 'VariableUpdate', '57501', '57501', NULL, NULL, 'qjlx', 'string', 0, '2019-02-26 16:43:34.518', NULL, NULL, NULL, '', NULL);
INSERT INTO `act_hi_detail` VALUES ('57534', 'VariableUpdate', '57501', '57501', NULL, NULL, 'qjly', 'string', 0, '2019-02-26 16:43:34.518', NULL, NULL, NULL, '222', NULL);
INSERT INTO `act_hi_detail` VALUES ('57536', 'VariableUpdate', '57501', '57501', NULL, NULL, 'u_id', 'string', 0, '2019-02-26 16:43:34.518', NULL, NULL, NULL, '10234', NULL);
INSERT INTO `act_hi_detail` VALUES ('57538', 'VariableUpdate', '57501', '57501', NULL, NULL, 'file', 'string', 0, '2019-02-26 16:43:34.518', NULL, NULL, NULL, '', NULL);
INSERT INTO `act_hi_detail` VALUES ('57540', 'VariableUpdate', '57501', '57501', NULL, NULL, 'sqr', 'string', 0, '2019-02-26 16:43:34.518', NULL, NULL, NULL, 'dev2', NULL);
INSERT INTO `act_hi_detail` VALUES ('57542', 'VariableUpdate', '57501', '57501', NULL, NULL, 'ksrq', 'string', 0, '2019-02-26 16:43:34.518', NULL, NULL, NULL, '2019-02-26 00:00:00', NULL);
INSERT INTO `act_hi_detail` VALUES ('57544', 'VariableUpdate', '57501', '57501', NULL, NULL, 'jsrq', 'string', 0, '2019-02-26 16:43:34.518', NULL, NULL, NULL, '2019-02-26 00:00:00', NULL);
INSERT INTO `act_hi_detail` VALUES ('57546', 'VariableUpdate', '57501', '57501', NULL, NULL, 'id', 'string', 0, '2019-02-26 16:43:34.518', NULL, NULL, NULL, '10234leaveleave_startevent1.html', NULL);
INSERT INTO `act_hi_detail` VALUES ('57550', 'FormProperty', '57501', '57503', '57548', '57547', 'agree', NULL, NULL, '2019-02-26 16:45:16.383', NULL, NULL, NULL, 'true', NULL);
INSERT INTO `act_hi_detail` VALUES ('57551', 'FormProperty', '57501', '57503', '57548', '57547', 'ks_spyj', NULL, NULL, '2019-02-26 16:45:16.388', NULL, NULL, NULL, '  ', NULL);
INSERT INTO `act_hi_detail` VALUES ('57552', 'FormProperty', '57501', '57503', '57548', '57547', 'sprs', NULL, NULL, '2019-02-26 16:45:16.388', NULL, NULL, NULL, '10234', NULL);
INSERT INTO `act_hi_detail` VALUES ('57553', 'FormProperty', '57501', '57503', '57548', '57547', 'usersprs', NULL, NULL, '2019-02-26 16:45:16.388', NULL, NULL, NULL, '118#10234', NULL);
INSERT INTO `act_hi_detail` VALUES ('57554', 'FormProperty', '57501', '57503', '57548', '57547', 'id', NULL, NULL, '2019-02-26 16:45:16.388', NULL, NULL, NULL, '10233leaveleave_usertask1.html', NULL);
INSERT INTO `act_hi_detail` VALUES ('57555', 'FormProperty', '57501', '57503', '57548', '57547', 'bk', NULL, NULL, '2019-02-26 16:45:16.388', NULL, NULL, NULL, '2019022616432610234', NULL);
INSERT INTO `act_hi_detail` VALUES ('57556', 'FormProperty', '57501', '57503', '57548', '57547', 'description', NULL, NULL, '2019-02-26 16:45:16.388', NULL, NULL, NULL, 'dev1', NULL);
INSERT INTO `act_hi_detail` VALUES ('57557', 'FormProperty', '57501', '57503', '57548', '57547', 'assignee', NULL, NULL, '2019-02-26 16:45:16.388', NULL, NULL, NULL, '10233', NULL);
INSERT INTO `act_hi_detail` VALUES ('57558', 'FormProperty', '57501', '57503', '57548', '57547', 'owner', NULL, NULL, '2019-02-26 16:45:16.388', NULL, NULL, NULL, '10233', NULL);
INSERT INTO `act_hi_detail` VALUES ('57560', 'VariableUpdate', '57501', '57501', NULL, '57547', 'owner', 'string', 0, '2019-02-26 16:45:16.409', NULL, NULL, NULL, '10233', NULL);
INSERT INTO `act_hi_detail` VALUES ('57561', 'VariableUpdate', '57501', '57501', NULL, '57547', 'usersprs', 'string', 1, '2019-02-26 16:45:16.409', NULL, NULL, NULL, '118#10234', NULL);
INSERT INTO `act_hi_detail` VALUES ('57562', 'VariableUpdate', '57501', '57501', NULL, '57547', 'bk', 'string', 1, '2019-02-26 16:45:16.417', NULL, NULL, NULL, '2019022616432610234', NULL);
INSERT INTO `act_hi_detail` VALUES ('57564', 'VariableUpdate', '57501', '57501', NULL, '57547', 'description', 'string', 0, '2019-02-26 16:45:16.423', NULL, NULL, NULL, 'dev1', NULL);
INSERT INTO `act_hi_detail` VALUES ('57566', 'VariableUpdate', '57501', '57501', NULL, '57547', 'agree', 'string', 0, '2019-02-26 16:45:16.423', NULL, NULL, NULL, 'true', NULL);
INSERT INTO `act_hi_detail` VALUES ('57567', 'VariableUpdate', '57501', '57501', NULL, '57547', 'sprs', 'string', 1, '2019-02-26 16:45:16.423', NULL, NULL, NULL, '10234', NULL);
INSERT INTO `act_hi_detail` VALUES ('57568', 'VariableUpdate', '57501', '57501', NULL, '57547', 'id', 'string', 1, '2019-02-26 16:45:16.427', NULL, NULL, NULL, '10233leaveleave_usertask1.html', NULL);
INSERT INTO `act_hi_detail` VALUES ('57570', 'VariableUpdate', '57501', '57501', NULL, '57547', 'assignee', 'string', 0, '2019-02-26 16:45:16.435', NULL, NULL, NULL, '10233', NULL);
INSERT INTO `act_hi_detail` VALUES ('57572', 'VariableUpdate', '57501', '57501', NULL, '57547', 'ks_spyj', 'string', 0, '2019-02-26 16:45:16.435', NULL, NULL, NULL, '  ', NULL);
INSERT INTO `act_hi_detail` VALUES ('60005', 'FormProperty', '60001', '60003', NULL, '60004', 'sqr', NULL, NULL, '2019-02-26 16:49:58.706', NULL, NULL, NULL, 'dev2', NULL);
INSERT INTO `act_hi_detail` VALUES ('60006', 'FormProperty', '60001', '60003', NULL, '60004', 'u_id', NULL, NULL, '2019-02-26 16:49:58.706', NULL, NULL, NULL, '10234', NULL);
INSERT INTO `act_hi_detail` VALUES ('60007', 'FormProperty', '60001', '60003', NULL, '60004', 'bmmc', NULL, NULL, '2019-02-26 16:49:58.706', NULL, NULL, NULL, '', NULL);
INSERT INTO `act_hi_detail` VALUES ('60008', 'FormProperty', '60001', '60003', NULL, '60004', 'sqrq', NULL, NULL, '2019-02-26 16:49:58.706', NULL, NULL, NULL, '2019-02-26 16:49:52', NULL);
INSERT INTO `act_hi_detail` VALUES ('60009', 'FormProperty', '60001', '60003', NULL, '60004', 'qjlx', NULL, NULL, '2019-02-26 16:49:58.706', NULL, NULL, NULL, '', NULL);
INSERT INTO `act_hi_detail` VALUES ('60010', 'FormProperty', '60001', '60003', NULL, '60004', 'ksrq', NULL, NULL, '2019-02-26 16:49:58.706', NULL, NULL, NULL, '2019-02-26 00:00:00', NULL);
INSERT INTO `act_hi_detail` VALUES ('60011', 'FormProperty', '60001', '60003', NULL, '60004', 'jsrq', NULL, NULL, '2019-02-26 16:49:58.706', NULL, NULL, NULL, '2019-02-26 00:00:00', NULL);
INSERT INTO `act_hi_detail` VALUES ('60012', 'FormProperty', '60001', '60003', NULL, '60004', 'qjly', NULL, NULL, '2019-02-26 16:49:58.706', NULL, NULL, NULL, '222', NULL);
INSERT INTO `act_hi_detail` VALUES ('60013', 'FormProperty', '60001', '60003', NULL, '60004', 'imgName', NULL, NULL, '2019-02-26 16:49:58.706', NULL, NULL, NULL, '', NULL);
INSERT INTO `act_hi_detail` VALUES ('60014', 'FormProperty', '60001', '60003', NULL, '60004', 'file', NULL, NULL, '2019-02-26 16:49:58.706', NULL, NULL, NULL, '', NULL);
INSERT INTO `act_hi_detail` VALUES ('60015', 'FormProperty', '60001', '60003', NULL, '60004', 'sprs', NULL, NULL, '2019-02-26 16:49:58.706', NULL, NULL, NULL, '10233', NULL);
INSERT INTO `act_hi_detail` VALUES ('60016', 'FormProperty', '60001', '60003', NULL, '60004', 'usersprs', NULL, NULL, '2019-02-26 16:49:58.706', NULL, NULL, NULL, '115#10233', NULL);
INSERT INTO `act_hi_detail` VALUES ('60017', 'FormProperty', '60001', '60003', NULL, '60004', 'id', NULL, NULL, '2019-02-26 16:49:58.706', NULL, NULL, NULL, '10234leaveleave_startevent1.html', NULL);
INSERT INTO `act_hi_detail` VALUES ('60018', 'FormProperty', '60001', '60003', NULL, '60004', 'bk', NULL, NULL, '2019-02-26 16:49:58.706', NULL, NULL, NULL, '2019022616495210234', NULL);
INSERT INTO `act_hi_detail` VALUES ('60020', 'VariableUpdate', '60001', '60001', NULL, NULL, 'usersprs', 'string', 0, '2019-02-26 16:49:58.711', NULL, NULL, NULL, '115#10233', NULL);
INSERT INTO `act_hi_detail` VALUES ('60022', 'VariableUpdate', '60001', '60001', NULL, NULL, 'sqrq', 'string', 0, '2019-02-26 16:49:58.711', NULL, NULL, NULL, '2019-02-26 16:49:52', NULL);
INSERT INTO `act_hi_detail` VALUES ('60024', 'VariableUpdate', '60001', '60001', NULL, NULL, 'bk', 'string', 0, '2019-02-26 16:49:58.711', NULL, NULL, NULL, '2019022616495210234', NULL);
INSERT INTO `act_hi_detail` VALUES ('60026', 'VariableUpdate', '60001', '60001', NULL, NULL, 'sprs', 'string', 0, '2019-02-26 16:49:58.712', NULL, NULL, NULL, '10233', NULL);
INSERT INTO `act_hi_detail` VALUES ('60028', 'VariableUpdate', '60001', '60001', NULL, NULL, 'bmmc', 'string', 0, '2019-02-26 16:49:58.712', NULL, NULL, NULL, '', NULL);
INSERT INTO `act_hi_detail` VALUES ('60030', 'VariableUpdate', '60001', '60001', NULL, NULL, 'imgName', 'string', 0, '2019-02-26 16:49:58.712', NULL, NULL, NULL, '', NULL);
INSERT INTO `act_hi_detail` VALUES ('60032', 'VariableUpdate', '60001', '60001', NULL, NULL, 'qjlx', 'string', 0, '2019-02-26 16:49:58.712', NULL, NULL, NULL, '', NULL);
INSERT INTO `act_hi_detail` VALUES ('60034', 'VariableUpdate', '60001', '60001', NULL, NULL, 'qjly', 'string', 0, '2019-02-26 16:49:58.712', NULL, NULL, NULL, '222', NULL);
INSERT INTO `act_hi_detail` VALUES ('60036', 'VariableUpdate', '60001', '60001', NULL, NULL, 'u_id', 'string', 0, '2019-02-26 16:49:58.712', NULL, NULL, NULL, '10234', NULL);
INSERT INTO `act_hi_detail` VALUES ('60038', 'VariableUpdate', '60001', '60001', NULL, NULL, 'file', 'string', 0, '2019-02-26 16:49:58.712', NULL, NULL, NULL, '', NULL);
INSERT INTO `act_hi_detail` VALUES ('60040', 'VariableUpdate', '60001', '60001', NULL, NULL, 'sqr', 'string', 0, '2019-02-26 16:49:58.712', NULL, NULL, NULL, 'dev2', NULL);
INSERT INTO `act_hi_detail` VALUES ('60042', 'VariableUpdate', '60001', '60001', NULL, NULL, 'ksrq', 'string', 0, '2019-02-26 16:49:58.712', NULL, NULL, NULL, '2019-02-26 00:00:00', NULL);
INSERT INTO `act_hi_detail` VALUES ('60044', 'VariableUpdate', '60001', '60001', NULL, NULL, 'jsrq', 'string', 0, '2019-02-26 16:49:58.712', NULL, NULL, NULL, '2019-02-26 00:00:00', NULL);
INSERT INTO `act_hi_detail` VALUES ('60046', 'VariableUpdate', '60001', '60001', NULL, NULL, 'id', 'string', 0, '2019-02-26 16:49:58.712', NULL, NULL, NULL, '10234leaveleave_startevent1.html', NULL);
INSERT INTO `act_hi_detail` VALUES ('60053', 'FormProperty', '60049', '60051', NULL, '60052', 'sqr', NULL, NULL, '2019-02-26 16:54:06.254', NULL, NULL, NULL, 'dev2', NULL);
INSERT INTO `act_hi_detail` VALUES ('60054', 'FormProperty', '60049', '60051', NULL, '60052', 'u_id', NULL, NULL, '2019-02-26 16:54:06.254', NULL, NULL, NULL, '10234', NULL);
INSERT INTO `act_hi_detail` VALUES ('60055', 'FormProperty', '60049', '60051', NULL, '60052', 'bmmc', NULL, NULL, '2019-02-26 16:54:06.254', NULL, NULL, NULL, '', NULL);
INSERT INTO `act_hi_detail` VALUES ('60056', 'FormProperty', '60049', '60051', NULL, '60052', 'sqrq', NULL, NULL, '2019-02-26 16:54:06.254', NULL, NULL, NULL, '2019-02-26 16:53:57', NULL);
INSERT INTO `act_hi_detail` VALUES ('60057', 'FormProperty', '60049', '60051', NULL, '60052', 'qjlx', NULL, NULL, '2019-02-26 16:54:06.254', NULL, NULL, NULL, '', NULL);
INSERT INTO `act_hi_detail` VALUES ('60058', 'FormProperty', '60049', '60051', NULL, '60052', 'ksrq', NULL, NULL, '2019-02-26 16:54:06.254', NULL, NULL, NULL, '2019-02-26 00:00:00', NULL);
INSERT INTO `act_hi_detail` VALUES ('60059', 'FormProperty', '60049', '60051', NULL, '60052', 'jsrq', NULL, NULL, '2019-02-26 16:54:06.254', NULL, NULL, NULL, '2019-02-26 00:00:00', NULL);
INSERT INTO `act_hi_detail` VALUES ('60060', 'FormProperty', '60049', '60051', NULL, '60052', 'qjly', NULL, NULL, '2019-02-26 16:54:06.254', NULL, NULL, NULL, '222', NULL);
INSERT INTO `act_hi_detail` VALUES ('60061', 'FormProperty', '60049', '60051', NULL, '60052', 'imgName', NULL, NULL, '2019-02-26 16:54:06.254', NULL, NULL, NULL, '', NULL);
INSERT INTO `act_hi_detail` VALUES ('60062', 'FormProperty', '60049', '60051', NULL, '60052', 'file', NULL, NULL, '2019-02-26 16:54:06.254', NULL, NULL, NULL, '', NULL);
INSERT INTO `act_hi_detail` VALUES ('60063', 'FormProperty', '60049', '60051', NULL, '60052', 'sprs', NULL, NULL, '2019-02-26 16:54:06.254', NULL, NULL, NULL, '10233', NULL);
INSERT INTO `act_hi_detail` VALUES ('60064', 'FormProperty', '60049', '60051', NULL, '60052', 'usersprs', NULL, NULL, '2019-02-26 16:54:06.254', NULL, NULL, NULL, '115#10233', NULL);
INSERT INTO `act_hi_detail` VALUES ('60065', 'FormProperty', '60049', '60051', NULL, '60052', 'id', NULL, NULL, '2019-02-26 16:54:06.254', NULL, NULL, NULL, '10234leaveleave_startevent1.html', NULL);
INSERT INTO `act_hi_detail` VALUES ('60066', 'FormProperty', '60049', '60051', NULL, '60052', 'bk', NULL, NULL, '2019-02-26 16:54:06.254', NULL, NULL, NULL, '2019022616535710234', NULL);
INSERT INTO `act_hi_detail` VALUES ('60068', 'VariableUpdate', '60049', '60049', NULL, NULL, 'usersprs', 'string', 0, '2019-02-26 16:54:06.261', NULL, NULL, NULL, '115#10233', NULL);
INSERT INTO `act_hi_detail` VALUES ('60070', 'VariableUpdate', '60049', '60049', NULL, NULL, 'sqrq', 'string', 0, '2019-02-26 16:54:06.262', NULL, NULL, NULL, '2019-02-26 16:53:57', NULL);
INSERT INTO `act_hi_detail` VALUES ('60072', 'VariableUpdate', '60049', '60049', NULL, NULL, 'bk', 'string', 0, '2019-02-26 16:54:06.262', NULL, NULL, NULL, '2019022616535710234', NULL);
INSERT INTO `act_hi_detail` VALUES ('60074', 'VariableUpdate', '60049', '60049', NULL, NULL, 'sprs', 'string', 0, '2019-02-26 16:54:06.262', NULL, NULL, NULL, '10233', NULL);
INSERT INTO `act_hi_detail` VALUES ('60076', 'VariableUpdate', '60049', '60049', NULL, NULL, 'bmmc', 'string', 0, '2019-02-26 16:54:06.262', NULL, NULL, NULL, '', NULL);
INSERT INTO `act_hi_detail` VALUES ('60078', 'VariableUpdate', '60049', '60049', NULL, NULL, 'imgName', 'string', 0, '2019-02-26 16:54:06.262', NULL, NULL, NULL, '', NULL);
INSERT INTO `act_hi_detail` VALUES ('60080', 'VariableUpdate', '60049', '60049', NULL, NULL, 'qjlx', 'string', 0, '2019-02-26 16:54:06.262', NULL, NULL, NULL, '', NULL);
INSERT INTO `act_hi_detail` VALUES ('60082', 'VariableUpdate', '60049', '60049', NULL, NULL, 'qjly', 'string', 0, '2019-02-26 16:54:06.262', NULL, NULL, NULL, '222', NULL);
INSERT INTO `act_hi_detail` VALUES ('60084', 'VariableUpdate', '60049', '60049', NULL, NULL, 'u_id', 'string', 0, '2019-02-26 16:54:06.262', NULL, NULL, NULL, '10234', NULL);
INSERT INTO `act_hi_detail` VALUES ('60086', 'VariableUpdate', '60049', '60049', NULL, NULL, 'file', 'string', 0, '2019-02-26 16:54:06.262', NULL, NULL, NULL, '', NULL);
INSERT INTO `act_hi_detail` VALUES ('60088', 'VariableUpdate', '60049', '60049', NULL, NULL, 'sqr', 'string', 0, '2019-02-26 16:54:06.262', NULL, NULL, NULL, 'dev2', NULL);
INSERT INTO `act_hi_detail` VALUES ('60090', 'VariableUpdate', '60049', '60049', NULL, NULL, 'ksrq', 'string', 0, '2019-02-26 16:54:06.262', NULL, NULL, NULL, '2019-02-26 00:00:00', NULL);
INSERT INTO `act_hi_detail` VALUES ('60092', 'VariableUpdate', '60049', '60049', NULL, NULL, 'jsrq', 'string', 0, '2019-02-26 16:54:06.262', NULL, NULL, NULL, '2019-02-26 00:00:00', NULL);
INSERT INTO `act_hi_detail` VALUES ('60094', 'VariableUpdate', '60049', '60049', NULL, NULL, 'id', 'string', 0, '2019-02-26 16:54:06.262', NULL, NULL, NULL, '10234leaveleave_startevent1.html', NULL);
INSERT INTO `act_hi_detail` VALUES ('60098', 'FormProperty', '60049', '60051', '60096', '60095', 'agree', NULL, NULL, '2019-02-26 16:54:28.005', NULL, NULL, NULL, 'true', NULL);
INSERT INTO `act_hi_detail` VALUES ('60099', 'FormProperty', '60049', '60051', '60096', '60095', 'ks_spyj', NULL, NULL, '2019-02-26 16:54:28.010', NULL, NULL, NULL, '    dev1', NULL);
INSERT INTO `act_hi_detail` VALUES ('60100', 'FormProperty', '60049', '60051', '60096', '60095', 'sprs', NULL, NULL, '2019-02-26 16:54:28.010', NULL, NULL, NULL, '10234', NULL);
INSERT INTO `act_hi_detail` VALUES ('60101', 'FormProperty', '60049', '60051', '60096', '60095', 'usersprs', NULL, NULL, '2019-02-26 16:54:28.010', NULL, NULL, NULL, '118#10234', NULL);
INSERT INTO `act_hi_detail` VALUES ('60102', 'FormProperty', '60049', '60051', '60096', '60095', 'id', NULL, NULL, '2019-02-26 16:54:28.010', NULL, NULL, NULL, '10233leaveleave_usertask1.html', NULL);
INSERT INTO `act_hi_detail` VALUES ('60103', 'FormProperty', '60049', '60051', '60096', '60095', 'bk', NULL, NULL, '2019-02-26 16:54:28.010', NULL, NULL, NULL, '2019022616535710234', NULL);
INSERT INTO `act_hi_detail` VALUES ('60104', 'FormProperty', '60049', '60051', '60096', '60095', 'description', NULL, NULL, '2019-02-26 16:54:28.010', NULL, NULL, NULL, '', NULL);
INSERT INTO `act_hi_detail` VALUES ('60105', 'FormProperty', '60049', '60051', '60096', '60095', 'assignee', NULL, NULL, '2019-02-26 16:54:28.010', NULL, NULL, NULL, '10233', NULL);
INSERT INTO `act_hi_detail` VALUES ('60106', 'FormProperty', '60049', '60051', '60096', '60095', 'owner', NULL, NULL, '2019-02-26 16:54:28.010', NULL, NULL, NULL, '10233', NULL);
INSERT INTO `act_hi_detail` VALUES ('60108', 'VariableUpdate', '60049', '60049', NULL, '60095', 'owner', 'string', 0, '2019-02-26 16:54:28.033', NULL, NULL, NULL, '10233', NULL);
INSERT INTO `act_hi_detail` VALUES ('60109', 'VariableUpdate', '60049', '60049', NULL, '60095', 'usersprs', 'string', 1, '2019-02-26 16:54:28.033', NULL, NULL, NULL, '118#10234', NULL);
INSERT INTO `act_hi_detail` VALUES ('60110', 'VariableUpdate', '60049', '60049', NULL, '60095', 'bk', 'string', 1, '2019-02-26 16:54:28.038', NULL, NULL, NULL, '2019022616535710234', NULL);
INSERT INTO `act_hi_detail` VALUES ('60112', 'VariableUpdate', '60049', '60049', NULL, '60095', 'description', 'string', 0, '2019-02-26 16:54:28.042', NULL, NULL, NULL, '', NULL);
INSERT INTO `act_hi_detail` VALUES ('60114', 'VariableUpdate', '60049', '60049', NULL, '60095', 'agree', 'string', 0, '2019-02-26 16:54:28.042', NULL, NULL, NULL, 'true', NULL);
INSERT INTO `act_hi_detail` VALUES ('60115', 'VariableUpdate', '60049', '60049', NULL, '60095', 'sprs', 'string', 1, '2019-02-26 16:54:28.042', NULL, NULL, NULL, '10234', NULL);
INSERT INTO `act_hi_detail` VALUES ('60116', 'VariableUpdate', '60049', '60049', NULL, '60095', 'id', 'string', 1, '2019-02-26 16:54:28.050', NULL, NULL, NULL, '10233leaveleave_usertask1.html', NULL);
INSERT INTO `act_hi_detail` VALUES ('60118', 'VariableUpdate', '60049', '60049', NULL, '60095', 'assignee', 'string', 0, '2019-02-26 16:54:28.055', NULL, NULL, NULL, '10233', NULL);
INSERT INTO `act_hi_detail` VALUES ('60120', 'VariableUpdate', '60049', '60049', NULL, '60095', 'ks_spyj', 'string', 0, '2019-02-26 16:54:28.055', NULL, NULL, NULL, '    dev1', NULL);
INSERT INTO `act_hi_detail` VALUES ('60126', 'FormProperty', '60049', '60051', '60124', '60123', 'agree', NULL, NULL, '2019-02-26 16:55:59.964', NULL, NULL, NULL, 'true', NULL);
INSERT INTO `act_hi_detail` VALUES ('60127', 'FormProperty', '60049', '60051', '60124', '60123', 'fg_spyj', NULL, NULL, '2019-02-26 16:55:59.994', NULL, NULL, NULL, '  3333  dev2', NULL);
INSERT INTO `act_hi_detail` VALUES ('60128', 'FormProperty', '60049', '60051', '60124', '60123', 'sprs', NULL, NULL, '2019-02-26 16:55:59.994', NULL, NULL, NULL, '10234', NULL);
INSERT INTO `act_hi_detail` VALUES ('60129', 'FormProperty', '60049', '60051', '60124', '60123', 'usersprs', NULL, NULL, '2019-02-26 16:55:59.994', NULL, NULL, NULL, '118#10234', NULL);
INSERT INTO `act_hi_detail` VALUES ('60130', 'FormProperty', '60049', '60051', '60124', '60123', 'id', NULL, NULL, '2019-02-26 16:55:59.994', NULL, NULL, NULL, '10234leaveleave_usertask2.html', NULL);
INSERT INTO `act_hi_detail` VALUES ('60131', 'FormProperty', '60049', '60051', '60124', '60123', 'bk', NULL, NULL, '2019-02-26 16:55:59.994', NULL, NULL, NULL, '2019022616535710234', NULL);
INSERT INTO `act_hi_detail` VALUES ('60132', 'FormProperty', '60049', '60051', '60124', '60123', 'description', NULL, NULL, '2019-02-26 16:55:59.994', NULL, NULL, NULL, '', NULL);
INSERT INTO `act_hi_detail` VALUES ('60133', 'FormProperty', '60049', '60051', '60124', '60123', 'assignee', NULL, NULL, '2019-02-26 16:55:59.994', NULL, NULL, NULL, '10234', NULL);
INSERT INTO `act_hi_detail` VALUES ('60134', 'FormProperty', '60049', '60051', '60124', '60123', 'owner', NULL, NULL, '2019-02-26 16:55:59.994', NULL, NULL, NULL, '10234', NULL);
INSERT INTO `act_hi_detail` VALUES ('60135', 'VariableUpdate', '60049', '60049', NULL, '60123', 'owner', 'string', 1, '2019-02-26 16:56:00.016', NULL, NULL, NULL, '10234', NULL);
INSERT INTO `act_hi_detail` VALUES ('60137', 'VariableUpdate', '60049', '60049', NULL, '60123', 'fg_spyj', 'string', 0, '2019-02-26 16:56:00.075', NULL, NULL, NULL, '  3333  dev2', NULL);
INSERT INTO `act_hi_detail` VALUES ('60138', 'VariableUpdate', '60049', '60049', NULL, '60123', 'usersprs', 'string', 2, '2019-02-26 16:56:00.075', NULL, NULL, NULL, '118#10234', NULL);
INSERT INTO `act_hi_detail` VALUES ('60139', 'VariableUpdate', '60049', '60049', NULL, '60123', 'bk', 'string', 1, '2019-02-26 16:56:00.079', NULL, NULL, NULL, '2019022616535710234', NULL);
INSERT INTO `act_hi_detail` VALUES ('60140', 'VariableUpdate', '60049', '60049', NULL, '60123', 'description', 'string', 1, '2019-02-26 16:56:00.083', NULL, NULL, NULL, '', NULL);
INSERT INTO `act_hi_detail` VALUES ('60141', 'VariableUpdate', '60049', '60049', NULL, '60123', 'agree', 'string', 1, '2019-02-26 16:56:00.089', NULL, NULL, NULL, 'true', NULL);
INSERT INTO `act_hi_detail` VALUES ('60142', 'VariableUpdate', '60049', '60049', NULL, '60123', 'sprs', 'string', 2, '2019-02-26 16:56:00.095', NULL, NULL, NULL, '10234', NULL);
INSERT INTO `act_hi_detail` VALUES ('60143', 'VariableUpdate', '60049', '60049', NULL, '60123', 'id', 'string', 2, '2019-02-26 16:56:00.100', NULL, NULL, NULL, '10234leaveleave_usertask2.html', NULL);
INSERT INTO `act_hi_detail` VALUES ('60144', 'VariableUpdate', '60049', '60049', NULL, '60123', 'assignee', 'string', 1, '2019-02-26 16:56:00.104', NULL, NULL, NULL, '10234', NULL);
INSERT INTO `act_hi_detail` VALUES ('60149', 'FormProperty', '60049', '60051', '60147', '60146', 'agree', NULL, NULL, '2019-02-26 16:56:07.399', NULL, NULL, NULL, 'true', NULL);
INSERT INTO `act_hi_detail` VALUES ('60150', 'FormProperty', '60049', '60051', '60147', '60146', 'zg_spyj', NULL, NULL, '2019-02-26 16:56:07.405', NULL, NULL, NULL, '    dev2', NULL);
INSERT INTO `act_hi_detail` VALUES ('60151', 'FormProperty', '60049', '60051', '60147', '60146', 'id', NULL, NULL, '2019-02-26 16:56:07.405', NULL, NULL, NULL, '10234leaveleave_usertask3.html', NULL);
INSERT INTO `act_hi_detail` VALUES ('60152', 'FormProperty', '60049', '60051', '60147', '60146', 'bk', NULL, NULL, '2019-02-26 16:56:07.405', NULL, NULL, NULL, '2019022616535710234', NULL);
INSERT INTO `act_hi_detail` VALUES ('60153', 'FormProperty', '60049', '60051', '60147', '60146', 'description', NULL, NULL, '2019-02-26 16:56:07.405', NULL, NULL, NULL, '', NULL);
INSERT INTO `act_hi_detail` VALUES ('60154', 'FormProperty', '60049', '60051', '60147', '60146', 'assignee', NULL, NULL, '2019-02-26 16:56:07.405', NULL, NULL, NULL, '10234', NULL);
INSERT INTO `act_hi_detail` VALUES ('60155', 'FormProperty', '60049', '60051', '60147', '60146', 'owner', NULL, NULL, '2019-02-26 16:56:07.405', NULL, NULL, NULL, '10234', NULL);
INSERT INTO `act_hi_detail` VALUES ('60156', 'VariableUpdate', '60049', '60049', NULL, '60146', 'owner', 'string', 2, '2019-02-26 16:56:07.422', NULL, NULL, NULL, '10234', NULL);
INSERT INTO `act_hi_detail` VALUES ('60157', 'VariableUpdate', '60049', '60049', NULL, '60146', 'bk', 'string', 1, '2019-02-26 16:56:07.427', NULL, NULL, NULL, '2019022616535710234', NULL);
INSERT INTO `act_hi_detail` VALUES ('60158', 'VariableUpdate', '60049', '60049', NULL, '60146', 'description', 'string', 1, '2019-02-26 16:56:07.430', NULL, NULL, NULL, '', NULL);
INSERT INTO `act_hi_detail` VALUES ('60159', 'VariableUpdate', '60049', '60049', NULL, '60146', 'agree', 'string', 1, '2019-02-26 16:56:07.437', NULL, NULL, NULL, 'true', NULL);
INSERT INTO `act_hi_detail` VALUES ('60160', 'VariableUpdate', '60049', '60049', NULL, '60146', 'id', 'string', 3, '2019-02-26 16:56:07.442', NULL, NULL, NULL, '10234leaveleave_usertask3.html', NULL);
INSERT INTO `act_hi_detail` VALUES ('60161', 'VariableUpdate', '60049', '60049', NULL, '60146', 'assignee', 'string', 2, '2019-02-26 16:56:07.446', NULL, NULL, NULL, '10234', NULL);
INSERT INTO `act_hi_detail` VALUES ('60163', 'VariableUpdate', '60049', '60049', NULL, '60146', 'zg_spyj', 'string', 0, '2019-02-26 16:56:07.450', NULL, NULL, NULL, '    dev2', NULL);

-- ----------------------------
-- Table structure for act_hi_identitylink
-- ----------------------------
DROP TABLE IF EXISTS `act_hi_identitylink`;
CREATE TABLE `act_hi_identitylink`  (
  `ID_` varchar(64) CHARACTER SET utf8 COLLATE utf8_bin NOT NULL,
  `GROUP_ID_` varchar(255) CHARACTER SET utf8 COLLATE utf8_bin NULL DEFAULT NULL,
  `TYPE_` varchar(255) CHARACTER SET utf8 COLLATE utf8_bin NULL DEFAULT NULL,
  `USER_ID_` varchar(255) CHARACTER SET utf8 COLLATE utf8_bin NULL DEFAULT NULL,
  `TASK_ID_` varchar(64) CHARACTER SET utf8 COLLATE utf8_bin NULL DEFAULT NULL,
  `PROC_INST_ID_` varchar(64) CHARACTER SET utf8 COLLATE utf8_bin NULL DEFAULT NULL,
  PRIMARY KEY (`ID_`) USING BTREE,
  INDEX `ACT_IDX_HI_IDENT_LNK_USER`(`USER_ID_`) USING BTREE,
  INDEX `ACT_IDX_HI_IDENT_LNK_TASK`(`TASK_ID_`) USING BTREE,
  INDEX `ACT_IDX_HI_IDENT_LNK_PROCINST`(`PROC_INST_ID_`) USING BTREE
) ENGINE = InnoDB CHARACTER SET = utf8 COLLATE = utf8_bin ROW_FORMAT = Dynamic;

-- ----------------------------
-- Records of act_hi_identitylink
-- ----------------------------
INSERT INTO `act_hi_identitylink` VALUES ('55002', NULL, 'starter', '10234', NULL, '55001');
INSERT INTO `act_hi_identitylink` VALUES ('55073', NULL, 'participant', '10233', NULL, '55001');
INSERT INTO `act_hi_identitylink` VALUES ('57502', NULL, 'starter', '10234', NULL, '57501');
INSERT INTO `act_hi_identitylink` VALUES ('57573', NULL, 'participant', '10233', NULL, '57501');
INSERT INTO `act_hi_identitylink` VALUES ('60002', NULL, 'starter', '10234', NULL, '60001');
INSERT INTO `act_hi_identitylink` VALUES ('60050', NULL, 'starter', '10234', NULL, '60049');
INSERT INTO `act_hi_identitylink` VALUES ('60121', NULL, 'participant', '10233', NULL, '60049');

-- ----------------------------
-- Table structure for act_hi_procinst
-- ----------------------------
DROP TABLE IF EXISTS `act_hi_procinst`;
CREATE TABLE `act_hi_procinst`  (
  `ID_` varchar(64) CHARACTER SET utf8 COLLATE utf8_bin NOT NULL,
  `PROC_INST_ID_` varchar(64) CHARACTER SET utf8 COLLATE utf8_bin NOT NULL,
  `BUSINESS_KEY_` varchar(255) CHARACTER SET utf8 COLLATE utf8_bin NULL DEFAULT NULL,
  `PROC_DEF_ID_` varchar(64) CHARACTER SET utf8 COLLATE utf8_bin NOT NULL,
  `START_TIME_` datetime(3) NULL,
  `END_TIME_` datetime(3) NULL DEFAULT NULL,
  `DURATION_` bigint(20) NULL DEFAULT NULL,
  `START_USER_ID_` varchar(255) CHARACTER SET utf8 COLLATE utf8_bin NULL DEFAULT NULL,
  `START_ACT_ID_` varchar(255) CHARACTER SET utf8 COLLATE utf8_bin NULL DEFAULT NULL,
  `END_ACT_ID_` varchar(255) CHARACTER SET utf8 COLLATE utf8_bin NULL DEFAULT NULL,
  `SUPER_PROCESS_INSTANCE_ID_` varchar(64) CHARACTER SET utf8 COLLATE utf8_bin NULL DEFAULT NULL,
  `DELETE_REASON_` varchar(4000) CHARACTER SET utf8 COLLATE utf8_bin NULL DEFAULT NULL,
  `TENANT_ID_` varchar(255) CHARACTER SET utf8 COLLATE utf8_bin NULL DEFAULT '',
  `NAME_` varchar(255) CHARACTER SET utf8 COLLATE utf8_bin NULL DEFAULT NULL,
  PRIMARY KEY (`ID_`) USING BTREE,
  UNIQUE INDEX `PROC_INST_ID_`(`PROC_INST_ID_`) USING BTREE,
  INDEX `ACT_IDX_HI_PRO_INST_END`(`END_TIME_`) USING BTREE,
  INDEX `ACT_IDX_HI_PRO_I_BUSKEY`(`BUSINESS_KEY_`) USING BTREE
) ENGINE = InnoDB CHARACTER SET = utf8 COLLATE = utf8_bin ROW_FORMAT = Dynamic;

-- ----------------------------
-- Records of act_hi_procinst
-- ----------------------------
INSERT INTO `act_hi_procinst` VALUES ('55001', '55001', '2019022616085710234', 'leave:1:8', '2019-02-26 16:09:35.592', NULL, NULL, '10234', 'startevent1', NULL, NULL, NULL, '', NULL);
INSERT INTO `act_hi_procinst` VALUES ('57501', '57501', '2019022616432610234', 'leave:1:8', '2019-02-26 16:43:34.390', NULL, NULL, '10234', 'startevent1', NULL, NULL, NULL, '', NULL);
INSERT INTO `act_hi_procinst` VALUES ('60001', '60001', '2019022616495210234', 'leave:1:8', '2019-02-26 16:49:58.627', NULL, NULL, '10234', 'startevent1', NULL, NULL, NULL, '', NULL);
INSERT INTO `act_hi_procinst` VALUES ('60049', '60049', '2019022616535710234', 'leave:1:8', '2019-02-26 16:54:06.253', '2019-02-26 16:56:07.604', 121351, '10234', 'startevent1', 'endevent1', NULL, NULL, '', NULL);

-- ----------------------------
-- Table structure for act_hi_taskinst
-- ----------------------------
DROP TABLE IF EXISTS `act_hi_taskinst`;
CREATE TABLE `act_hi_taskinst`  (
  `ID_` varchar(64) CHARACTER SET utf8 COLLATE utf8_bin NOT NULL,
  `PROC_DEF_ID_` varchar(64) CHARACTER SET utf8 COLLATE utf8_bin NULL DEFAULT NULL,
  `TASK_DEF_KEY_` varchar(255) CHARACTER SET utf8 COLLATE utf8_bin NULL DEFAULT NULL,
  `PROC_INST_ID_` varchar(64) CHARACTER SET utf8 COLLATE utf8_bin NULL DEFAULT NULL,
  `EXECUTION_ID_` varchar(64) CHARACTER SET utf8 COLLATE utf8_bin NULL DEFAULT NULL,
  `NAME_` varchar(255) CHARACTER SET utf8 COLLATE utf8_bin NULL DEFAULT NULL,
  `PARENT_TASK_ID_` varchar(64) CHARACTER SET utf8 COLLATE utf8_bin NULL DEFAULT NULL,
  `DESCRIPTION_` varchar(4000) CHARACTER SET utf8 COLLATE utf8_bin NULL DEFAULT NULL,
  `OWNER_` varchar(255) CHARACTER SET utf8 COLLATE utf8_bin NULL DEFAULT NULL,
  `ASSIGNEE_` varchar(255) CHARACTER SET utf8 COLLATE utf8_bin NULL DEFAULT NULL,
  `START_TIME_` datetime(3) NULL,
  `CLAIM_TIME_` datetime(3) NULL DEFAULT NULL,
  `END_TIME_` datetime(3) NULL DEFAULT NULL,
  `DURATION_` bigint(20) NULL DEFAULT NULL,
  `DELETE_REASON_` varchar(4000) CHARACTER SET utf8 COLLATE utf8_bin NULL DEFAULT NULL,
  `PRIORITY_` int(11) NULL DEFAULT NULL,
  `DUE_DATE_` datetime(3) NULL DEFAULT NULL,
  `FORM_KEY_` varchar(255) CHARACTER SET utf8 COLLATE utf8_bin NULL DEFAULT NULL,
  `CATEGORY_` varchar(255) CHARACTER SET utf8 COLLATE utf8_bin NULL DEFAULT NULL,
  `TENANT_ID_` varchar(255) CHARACTER SET utf8 COLLATE utf8_bin NULL DEFAULT '',
  PRIMARY KEY (`ID_`) USING BTREE,
  INDEX `ACT_IDX_HI_TASK_INST_PROCINST`(`PROC_INST_ID_`) USING BTREE
) ENGINE = InnoDB CHARACTER SET = utf8 COLLATE = utf8_bin ROW_FORMAT = Dynamic;

-- ----------------------------
-- Records of act_hi_taskinst
-- ----------------------------
INSERT INTO `act_hi_taskinst` VALUES ('55048', 'leave:1:8', 'usertask1', '55001', '55003', '', NULL, '', '10233', '10233', '2019-02-26 16:09:35.698', NULL, '2019-02-26 16:13:08.003', 212305, NULL, 50, NULL, 'leave_usertask1.html', NULL, '');
INSERT INTO `act_hi_taskinst` VALUES ('55076', 'leave:1:8', 'usertask2', '55001', '55003', '', NULL, NULL, NULL, '10234', '2019-02-26 16:13:08.026', NULL, NULL, NULL, NULL, 50, NULL, 'leave_usertask2.html', NULL, '');
INSERT INTO `act_hi_taskinst` VALUES ('57548', 'leave:1:8', 'usertask1', '57501', '57503', '', NULL, 'dev1', '10233', '10233', '2019-02-26 16:43:34.534', NULL, '2019-02-26 16:45:16.482', 101948, NULL, 50, NULL, 'leave_usertask1.html', NULL, '');
INSERT INTO `act_hi_taskinst` VALUES ('57576', 'leave:1:8', 'usertask2', '57501', '57503', '', NULL, NULL, NULL, '10234', '2019-02-26 16:45:16.507', NULL, NULL, NULL, NULL, 50, NULL, 'leave_usertask2.html', NULL, '');
INSERT INTO `act_hi_taskinst` VALUES ('60048', 'leave:1:8', 'usertask1', '60001', '60003', '', NULL, NULL, NULL, '10233', '2019-02-26 16:49:58.713', NULL, NULL, NULL, NULL, 50, NULL, 'leave_usertask1.html', NULL, '');
INSERT INTO `act_hi_taskinst` VALUES ('60096', 'leave:1:8', 'usertask1', '60049', '60051', '', NULL, '', '10233', '10233', '2019-02-26 16:54:06.262', NULL, '2019-02-26 16:54:28.088', 21826, NULL, 50, NULL, 'leave_usertask1.html', NULL, '');
INSERT INTO `act_hi_taskinst` VALUES ('60124', 'leave:1:8', 'usertask2', '60049', '60051', '', NULL, '', '10234', '10234', '2019-02-26 16:54:28.103', NULL, '2019-02-26 16:56:00.152', 92049, NULL, 50, NULL, 'leave_usertask2.html', NULL, '');
INSERT INTO `act_hi_taskinst` VALUES ('60147', 'leave:1:8', 'usertask3', '60049', '60051', '', NULL, '', '10234', '10234', '2019-02-26 16:56:00.172', NULL, '2019-02-26 16:56:07.470', 7298, NULL, 50, NULL, 'leave_usertask3.html', NULL, '');

-- ----------------------------
-- Table structure for act_hi_varinst
-- ----------------------------
DROP TABLE IF EXISTS `act_hi_varinst`;
CREATE TABLE `act_hi_varinst`  (
  `ID_` varchar(64) CHARACTER SET utf8 COLLATE utf8_bin NOT NULL,
  `PROC_INST_ID_` varchar(64) CHARACTER SET utf8 COLLATE utf8_bin NULL DEFAULT NULL,
  `EXECUTION_ID_` varchar(64) CHARACTER SET utf8 COLLATE utf8_bin NULL DEFAULT NULL,
  `TASK_ID_` varchar(64) CHARACTER SET utf8 COLLATE utf8_bin NULL DEFAULT NULL,
  `NAME_` varchar(255) CHARACTER SET utf8 COLLATE utf8_bin NOT NULL,
  `VAR_TYPE_` varchar(100) CHARACTER SET utf8 COLLATE utf8_bin NULL DEFAULT NULL,
  `REV_` int(11) NULL DEFAULT NULL,
  `BYTEARRAY_ID_` varchar(64) CHARACTER SET utf8 COLLATE utf8_bin NULL DEFAULT NULL,
  `DOUBLE_` double NULL DEFAULT NULL,
  `LONG_` bigint(20) NULL DEFAULT NULL,
  `TEXT_` varchar(4000) CHARACTER SET utf8 COLLATE utf8_bin NULL DEFAULT NULL,
  `TEXT2_` varchar(4000) CHARACTER SET utf8 COLLATE utf8_bin NULL DEFAULT NULL,
  `CREATE_TIME_` datetime(3) NULL DEFAULT NULL,
  `LAST_UPDATED_TIME_` datetime(3) NULL DEFAULT NULL,
  PRIMARY KEY (`ID_`) USING BTREE,
  INDEX `ACT_IDX_HI_PROCVAR_PROC_INST`(`PROC_INST_ID_`) USING BTREE,
  INDEX `ACT_IDX_HI_PROCVAR_NAME_TYPE`(`NAME_`, `VAR_TYPE_`) USING BTREE,
  INDEX `ACT_IDX_HI_PROCVAR_TASK_ID`(`TASK_ID_`) USING BTREE
) ENGINE = InnoDB CHARACTER SET = utf8 COLLATE = utf8_bin ROW_FORMAT = Dynamic;

-- ----------------------------
-- Records of act_hi_varinst
-- ----------------------------
INSERT INTO `act_hi_varinst` VALUES ('55019', '55001', '55001', NULL, 'usersprs', 'string', 1, NULL, NULL, NULL, '118#10234', NULL, '2019-02-26 16:09:35.679', '2019-02-26 16:13:07.946');
INSERT INTO `act_hi_varinst` VALUES ('55021', '55001', '55001', NULL, 'sqrq', 'string', 0, NULL, NULL, NULL, '2019-02-26 16:08:57', NULL, '2019-02-26 16:09:35.680', '2019-02-26 16:09:35.680');
INSERT INTO `act_hi_varinst` VALUES ('55023', '55001', '55001', NULL, 'bk', 'string', 1, NULL, NULL, NULL, '2019022616085710234', NULL, '2019-02-26 16:09:35.680', '2019-02-26 16:13:07.951');
INSERT INTO `act_hi_varinst` VALUES ('55025', '55001', '55001', NULL, 'sprs', 'string', 1, NULL, NULL, NULL, '10234', NULL, '2019-02-26 16:09:35.680', '2019-02-26 16:13:07.958');
INSERT INTO `act_hi_varinst` VALUES ('55027', '55001', '55001', NULL, 'bmmc', 'string', 0, NULL, NULL, NULL, '', NULL, '2019-02-26 16:09:35.681', '2019-02-26 16:09:35.681');
INSERT INTO `act_hi_varinst` VALUES ('55029', '55001', '55001', NULL, 'imgName', 'string', 0, NULL, NULL, NULL, '', NULL, '2019-02-26 16:09:35.681', '2019-02-26 16:09:35.681');
INSERT INTO `act_hi_varinst` VALUES ('55031', '55001', '55001', NULL, 'qjlx', 'string', 0, NULL, NULL, NULL, '', NULL, '2019-02-26 16:09:35.681', '2019-02-26 16:09:35.681');
INSERT INTO `act_hi_varinst` VALUES ('55033', '55001', '55001', NULL, 'qjly', 'string', 0, NULL, NULL, NULL, '', NULL, '2019-02-26 16:09:35.681', '2019-02-26 16:09:35.681');
INSERT INTO `act_hi_varinst` VALUES ('55035', '55001', '55001', NULL, 'u_id', 'string', 0, NULL, NULL, NULL, '10234', NULL, '2019-02-26 16:09:35.681', '2019-02-26 16:09:35.681');
INSERT INTO `act_hi_varinst` VALUES ('55037', '55001', '55001', NULL, 'file', 'string', 0, NULL, NULL, NULL, '', NULL, '2019-02-26 16:09:35.681', '2019-02-26 16:09:35.681');
INSERT INTO `act_hi_varinst` VALUES ('55039', '55001', '55001', NULL, 'sqr', 'string', 0, NULL, NULL, NULL, 'dev2', NULL, '2019-02-26 16:09:35.681', '2019-02-26 16:09:35.681');
INSERT INTO `act_hi_varinst` VALUES ('55041', '55001', '55001', NULL, 'ksrq', 'string', 0, NULL, NULL, NULL, '2019-02-26 00:00:00', NULL, '2019-02-26 16:09:35.681', '2019-02-26 16:09:35.681');
INSERT INTO `act_hi_varinst` VALUES ('55043', '55001', '55001', NULL, 'jsrq', 'string', 0, NULL, NULL, NULL, '2019-02-26 00:00:00', NULL, '2019-02-26 16:09:35.681', '2019-02-26 16:09:35.681');
INSERT INTO `act_hi_varinst` VALUES ('55045', '55001', '55001', NULL, 'id', 'string', 1, NULL, NULL, NULL, '10233leaveleave_usertask1.html', NULL, '2019-02-26 16:09:35.681', '2019-02-26 16:13:07.967');
INSERT INTO `act_hi_varinst` VALUES ('55059', '55001', '55001', NULL, 'owner', 'string', 0, NULL, NULL, NULL, '10233', NULL, '2019-02-26 16:13:07.928', '2019-02-26 16:13:07.928');
INSERT INTO `act_hi_varinst` VALUES ('55063', '55001', '55001', NULL, 'description', 'string', 0, NULL, NULL, NULL, '', NULL, '2019-02-26 16:13:07.951', '2019-02-26 16:13:07.951');
INSERT INTO `act_hi_varinst` VALUES ('55065', '55001', '55001', NULL, 'agree', 'string', 0, NULL, NULL, NULL, 'true', NULL, '2019-02-26 16:13:07.951', '2019-02-26 16:13:07.951');
INSERT INTO `act_hi_varinst` VALUES ('55069', '55001', '55001', NULL, 'assignee', 'string', 0, NULL, NULL, NULL, '10233', NULL, '2019-02-26 16:13:07.967', '2019-02-26 16:13:07.967');
INSERT INTO `act_hi_varinst` VALUES ('55071', '55001', '55001', NULL, 'ks_spyj', 'string', 0, NULL, NULL, NULL, '  ', NULL, '2019-02-26 16:13:07.967', '2019-02-26 16:13:07.967');
INSERT INTO `act_hi_varinst` VALUES ('57519', '57501', '57501', NULL, 'usersprs', 'string', 1, NULL, NULL, NULL, '118#10234', NULL, '2019-02-26 16:43:34.516', '2019-02-26 16:45:16.417');
INSERT INTO `act_hi_varinst` VALUES ('57521', '57501', '57501', NULL, 'sqrq', 'string', 0, NULL, NULL, NULL, '2019-02-26 16:43:26', NULL, '2019-02-26 16:43:34.518', '2019-02-26 16:43:34.518');
INSERT INTO `act_hi_varinst` VALUES ('57523', '57501', '57501', NULL, 'bk', 'string', 1, NULL, NULL, NULL, '2019022616432610234', NULL, '2019-02-26 16:43:34.518', '2019-02-26 16:45:16.422');
INSERT INTO `act_hi_varinst` VALUES ('57525', '57501', '57501', NULL, 'sprs', 'string', 1, NULL, NULL, NULL, '10234', NULL, '2019-02-26 16:43:34.518', '2019-02-26 16:45:16.427');
INSERT INTO `act_hi_varinst` VALUES ('57527', '57501', '57501', NULL, 'bmmc', 'string', 0, NULL, NULL, NULL, '', NULL, '2019-02-26 16:43:34.518', '2019-02-26 16:43:34.518');
INSERT INTO `act_hi_varinst` VALUES ('57529', '57501', '57501', NULL, 'imgName', 'string', 0, NULL, NULL, NULL, '', NULL, '2019-02-26 16:43:34.518', '2019-02-26 16:43:34.518');
INSERT INTO `act_hi_varinst` VALUES ('57531', '57501', '57501', NULL, 'qjlx', 'string', 0, NULL, NULL, NULL, '', NULL, '2019-02-26 16:43:34.518', '2019-02-26 16:43:34.518');
INSERT INTO `act_hi_varinst` VALUES ('57533', '57501', '57501', NULL, 'qjly', 'string', 0, NULL, NULL, NULL, '222', NULL, '2019-02-26 16:43:34.518', '2019-02-26 16:43:34.518');
INSERT INTO `act_hi_varinst` VALUES ('57535', '57501', '57501', NULL, 'u_id', 'string', 0, NULL, NULL, NULL, '10234', NULL, '2019-02-26 16:43:34.518', '2019-02-26 16:43:34.518');
INSERT INTO `act_hi_varinst` VALUES ('57537', '57501', '57501', NULL, 'file', 'string', 0, NULL, NULL, NULL, '', NULL, '2019-02-26 16:43:34.518', '2019-02-26 16:43:34.518');
INSERT INTO `act_hi_varinst` VALUES ('57539', '57501', '57501', NULL, 'sqr', 'string', 0, NULL, NULL, NULL, 'dev2', NULL, '2019-02-26 16:43:34.518', '2019-02-26 16:43:34.518');
INSERT INTO `act_hi_varinst` VALUES ('57541', '57501', '57501', NULL, 'ksrq', 'string', 0, NULL, NULL, NULL, '2019-02-26 00:00:00', NULL, '2019-02-26 16:43:34.518', '2019-02-26 16:43:34.518');
INSERT INTO `act_hi_varinst` VALUES ('57543', '57501', '57501', NULL, 'jsrq', 'string', 0, NULL, NULL, NULL, '2019-02-26 00:00:00', NULL, '2019-02-26 16:43:34.518', '2019-02-26 16:43:34.518');
INSERT INTO `act_hi_varinst` VALUES ('57545', '57501', '57501', NULL, 'id', 'string', 1, NULL, NULL, NULL, '10233leaveleave_usertask1.html', NULL, '2019-02-26 16:43:34.518', '2019-02-26 16:45:16.435');
INSERT INTO `act_hi_varinst` VALUES ('57559', '57501', '57501', NULL, 'owner', 'string', 0, NULL, NULL, NULL, '10233', NULL, '2019-02-26 16:45:16.409', '2019-02-26 16:45:16.409');
INSERT INTO `act_hi_varinst` VALUES ('57563', '57501', '57501', NULL, 'description', 'string', 0, NULL, NULL, NULL, 'dev1', NULL, '2019-02-26 16:45:16.423', '2019-02-26 16:45:16.423');
INSERT INTO `act_hi_varinst` VALUES ('57565', '57501', '57501', NULL, 'agree', 'string', 0, NULL, NULL, NULL, 'true', NULL, '2019-02-26 16:45:16.423', '2019-02-26 16:45:16.423');
INSERT INTO `act_hi_varinst` VALUES ('57569', '57501', '57501', NULL, 'assignee', 'string', 0, NULL, NULL, NULL, '10233', NULL, '2019-02-26 16:45:16.435', '2019-02-26 16:45:16.435');
INSERT INTO `act_hi_varinst` VALUES ('57571', '57501', '57501', NULL, 'ks_spyj', 'string', 0, NULL, NULL, NULL, '  ', NULL, '2019-02-26 16:45:16.435', '2019-02-26 16:45:16.435');
INSERT INTO `act_hi_varinst` VALUES ('60019', '60001', '60001', NULL, 'usersprs', 'string', 0, NULL, NULL, NULL, '115#10233', NULL, '2019-02-26 16:49:58.711', '2019-02-26 16:49:58.711');
INSERT INTO `act_hi_varinst` VALUES ('60021', '60001', '60001', NULL, 'sqrq', 'string', 0, NULL, NULL, NULL, '2019-02-26 16:49:52', NULL, '2019-02-26 16:49:58.711', '2019-02-26 16:49:58.711');
INSERT INTO `act_hi_varinst` VALUES ('60023', '60001', '60001', NULL, 'bk', 'string', 0, NULL, NULL, NULL, '2019022616495210234', NULL, '2019-02-26 16:49:58.711', '2019-02-26 16:49:58.711');
INSERT INTO `act_hi_varinst` VALUES ('60025', '60001', '60001', NULL, 'sprs', 'string', 0, NULL, NULL, NULL, '10233', NULL, '2019-02-26 16:49:58.712', '2019-02-26 16:49:58.712');
INSERT INTO `act_hi_varinst` VALUES ('60027', '60001', '60001', NULL, 'bmmc', 'string', 0, NULL, NULL, NULL, '', NULL, '2019-02-26 16:49:58.712', '2019-02-26 16:49:58.712');
INSERT INTO `act_hi_varinst` VALUES ('60029', '60001', '60001', NULL, 'imgName', 'string', 0, NULL, NULL, NULL, '', NULL, '2019-02-26 16:49:58.712', '2019-02-26 16:49:58.712');
INSERT INTO `act_hi_varinst` VALUES ('60031', '60001', '60001', NULL, 'qjlx', 'string', 0, NULL, NULL, NULL, '', NULL, '2019-02-26 16:49:58.712', '2019-02-26 16:49:58.712');
INSERT INTO `act_hi_varinst` VALUES ('60033', '60001', '60001', NULL, 'qjly', 'string', 0, NULL, NULL, NULL, '222', NULL, '2019-02-26 16:49:58.712', '2019-02-26 16:49:58.712');
INSERT INTO `act_hi_varinst` VALUES ('60035', '60001', '60001', NULL, 'u_id', 'string', 0, NULL, NULL, NULL, '10234', NULL, '2019-02-26 16:49:58.712', '2019-02-26 16:49:58.712');
INSERT INTO `act_hi_varinst` VALUES ('60037', '60001', '60001', NULL, 'file', 'string', 0, NULL, NULL, NULL, '', NULL, '2019-02-26 16:49:58.712', '2019-02-26 16:49:58.712');
INSERT INTO `act_hi_varinst` VALUES ('60039', '60001', '60001', NULL, 'sqr', 'string', 0, NULL, NULL, NULL, 'dev2', NULL, '2019-02-26 16:49:58.712', '2019-02-26 16:49:58.712');
INSERT INTO `act_hi_varinst` VALUES ('60041', '60001', '60001', NULL, 'ksrq', 'string', 0, NULL, NULL, NULL, '2019-02-26 00:00:00', NULL, '2019-02-26 16:49:58.712', '2019-02-26 16:49:58.712');
INSERT INTO `act_hi_varinst` VALUES ('60043', '60001', '60001', NULL, 'jsrq', 'string', 0, NULL, NULL, NULL, '2019-02-26 00:00:00', NULL, '2019-02-26 16:49:58.712', '2019-02-26 16:49:58.712');
INSERT INTO `act_hi_varinst` VALUES ('60045', '60001', '60001', NULL, 'id', 'string', 0, NULL, NULL, NULL, '10234leaveleave_startevent1.html', NULL, '2019-02-26 16:49:58.712', '2019-02-26 16:49:58.712');
INSERT INTO `act_hi_varinst` VALUES ('60067', '60049', '60049', NULL, 'usersprs', 'string', 2, NULL, NULL, NULL, '118#10234', NULL, '2019-02-26 16:54:06.261', '2019-02-26 16:56:00.079');
INSERT INTO `act_hi_varinst` VALUES ('60069', '60049', '60049', NULL, 'sqrq', 'string', 0, NULL, NULL, NULL, '2019-02-26 16:53:57', NULL, '2019-02-26 16:54:06.261', '2019-02-26 16:54:06.261');
INSERT INTO `act_hi_varinst` VALUES ('60071', '60049', '60049', NULL, 'bk', 'string', 3, NULL, NULL, NULL, '2019022616535710234', NULL, '2019-02-26 16:54:06.262', '2019-02-26 16:56:07.430');
INSERT INTO `act_hi_varinst` VALUES ('60073', '60049', '60049', NULL, 'sprs', 'string', 2, NULL, NULL, NULL, '10234', NULL, '2019-02-26 16:54:06.262', '2019-02-26 16:56:00.100');
INSERT INTO `act_hi_varinst` VALUES ('60075', '60049', '60049', NULL, 'bmmc', 'string', 0, NULL, NULL, NULL, '', NULL, '2019-02-26 16:54:06.262', '2019-02-26 16:54:06.262');
INSERT INTO `act_hi_varinst` VALUES ('60077', '60049', '60049', NULL, 'imgName', 'string', 0, NULL, NULL, NULL, '', NULL, '2019-02-26 16:54:06.262', '2019-02-26 16:54:06.262');
INSERT INTO `act_hi_varinst` VALUES ('60079', '60049', '60049', NULL, 'qjlx', 'string', 0, NULL, NULL, NULL, '', NULL, '2019-02-26 16:54:06.262', '2019-02-26 16:54:06.262');
INSERT INTO `act_hi_varinst` VALUES ('60081', '60049', '60049', NULL, 'qjly', 'string', 0, NULL, NULL, NULL, '222', NULL, '2019-02-26 16:54:06.262', '2019-02-26 16:54:06.262');
INSERT INTO `act_hi_varinst` VALUES ('60083', '60049', '60049', NULL, 'u_id', 'string', 0, NULL, NULL, NULL, '10234', NULL, '2019-02-26 16:54:06.262', '2019-02-26 16:54:06.262');
INSERT INTO `act_hi_varinst` VALUES ('60085', '60049', '60049', NULL, 'file', 'string', 0, NULL, NULL, NULL, '', NULL, '2019-02-26 16:54:06.262', '2019-02-26 16:54:06.262');
INSERT INTO `act_hi_varinst` VALUES ('60087', '60049', '60049', NULL, 'sqr', 'string', 0, NULL, NULL, NULL, 'dev2', NULL, '2019-02-26 16:54:06.262', '2019-02-26 16:54:06.262');
INSERT INTO `act_hi_varinst` VALUES ('60089', '60049', '60049', NULL, 'ksrq', 'string', 0, NULL, NULL, NULL, '2019-02-26 00:00:00', NULL, '2019-02-26 16:54:06.262', '2019-02-26 16:54:06.262');
INSERT INTO `act_hi_varinst` VALUES ('60091', '60049', '60049', NULL, 'jsrq', 'string', 0, NULL, NULL, NULL, '2019-02-26 00:00:00', NULL, '2019-02-26 16:54:06.262', '2019-02-26 16:54:06.262');
INSERT INTO `act_hi_varinst` VALUES ('60093', '60049', '60049', NULL, 'id', 'string', 3, NULL, NULL, NULL, '10234leaveleave_usertask3.html', NULL, '2019-02-26 16:54:06.262', '2019-02-26 16:56:07.446');
INSERT INTO `act_hi_varinst` VALUES ('60107', '60049', '60049', NULL, 'owner', 'string', 2, NULL, NULL, NULL, '10234', NULL, '2019-02-26 16:54:28.033', '2019-02-26 16:56:07.427');
INSERT INTO `act_hi_varinst` VALUES ('60111', '60049', '60049', NULL, 'description', 'string', 2, NULL, NULL, NULL, '', NULL, '2019-02-26 16:54:28.042', '2019-02-26 16:56:07.437');
INSERT INTO `act_hi_varinst` VALUES ('60113', '60049', '60049', NULL, 'agree', 'string', 2, NULL, NULL, NULL, 'true', NULL, '2019-02-26 16:54:28.042', '2019-02-26 16:56:07.442');
INSERT INTO `act_hi_varinst` VALUES ('60117', '60049', '60049', NULL, 'assignee', 'string', 2, NULL, NULL, NULL, '10234', NULL, '2019-02-26 16:54:28.055', '2019-02-26 16:56:07.450');
INSERT INTO `act_hi_varinst` VALUES ('60119', '60049', '60049', NULL, 'ks_spyj', 'string', 0, NULL, NULL, NULL, '    dev1', NULL, '2019-02-26 16:54:28.055', '2019-02-26 16:54:28.055');
INSERT INTO `act_hi_varinst` VALUES ('60136', '60049', '60049', NULL, 'fg_spyj', 'string', 0, NULL, NULL, NULL, '  3333  dev2', NULL, '2019-02-26 16:56:00.075', '2019-02-26 16:56:00.075');
INSERT INTO `act_hi_varinst` VALUES ('60162', '60049', '60049', NULL, 'zg_spyj', 'string', 0, NULL, NULL, NULL, '    dev2', NULL, '2019-02-26 16:56:07.450', '2019-02-26 16:56:07.450');

-- ----------------------------
-- Table structure for act_id_group
-- ----------------------------
DROP TABLE IF EXISTS `act_id_group`;
CREATE TABLE `act_id_group`  (
  `ID_` varchar(64) CHARACTER SET utf8 COLLATE utf8_bin NOT NULL,
  `REV_` int(11) NULL DEFAULT NULL,
  `NAME_` varchar(255) CHARACTER SET utf8 COLLATE utf8_bin NULL DEFAULT NULL,
  `TYPE_` varchar(255) CHARACTER SET utf8 COLLATE utf8_bin NULL DEFAULT NULL,
  PRIMARY KEY (`ID_`) USING BTREE
) ENGINE = InnoDB CHARACTER SET = utf8 COLLATE = utf8_bin ROW_FORMAT = Dynamic;

-- ----------------------------
-- Table structure for act_id_info
-- ----------------------------
DROP TABLE IF EXISTS `act_id_info`;
CREATE TABLE `act_id_info`  (
  `ID_` varchar(64) CHARACTER SET utf8 COLLATE utf8_bin NOT NULL,
  `REV_` int(11) NULL DEFAULT NULL,
  `USER_ID_` varchar(64) CHARACTER SET utf8 COLLATE utf8_bin NULL DEFAULT NULL,
  `TYPE_` varchar(64) CHARACTER SET utf8 COLLATE utf8_bin NULL DEFAULT NULL,
  `KEY_` varchar(255) CHARACTER SET utf8 COLLATE utf8_bin NULL DEFAULT NULL,
  `VALUE_` varchar(255) CHARACTER SET utf8 COLLATE utf8_bin NULL DEFAULT NULL,
  `PASSWORD_` longblob NULL,
  `PARENT_ID_` varchar(255) CHARACTER SET utf8 COLLATE utf8_bin NULL DEFAULT NULL,
  PRIMARY KEY (`ID_`) USING BTREE
) ENGINE = InnoDB CHARACTER SET = utf8 COLLATE = utf8_bin ROW_FORMAT = Dynamic;

-- ----------------------------
-- Table structure for act_id_membership
-- ----------------------------
DROP TABLE IF EXISTS `act_id_membership`;
CREATE TABLE `act_id_membership`  (
  `USER_ID_` varchar(64) CHARACTER SET utf8 COLLATE utf8_bin NOT NULL,
  `GROUP_ID_` varchar(64) CHARACTER SET utf8 COLLATE utf8_bin NOT NULL,
  PRIMARY KEY (`USER_ID_`, `GROUP_ID_`) USING BTREE,
  INDEX `ACT_FK_MEMB_GROUP`(`GROUP_ID_`) USING BTREE,
  CONSTRAINT `ACT_FK_MEMB_GROUP` FOREIGN KEY (`GROUP_ID_`) REFERENCES `act_id_group` (`ID_`) ON DELETE RESTRICT ON UPDATE RESTRICT,
  CONSTRAINT `ACT_FK_MEMB_USER` FOREIGN KEY (`USER_ID_`) REFERENCES `act_id_user` (`ID_`) ON DELETE RESTRICT ON UPDATE RESTRICT
) ENGINE = InnoDB CHARACTER SET = utf8 COLLATE = utf8_bin ROW_FORMAT = Dynamic;

-- ----------------------------
-- Table structure for act_id_user
-- ----------------------------
DROP TABLE IF EXISTS `act_id_user`;
CREATE TABLE `act_id_user`  (
  `ID_` varchar(64) CHARACTER SET utf8 COLLATE utf8_bin NOT NULL,
  `REV_` int(11) NULL DEFAULT NULL,
  `FIRST_` varchar(255) CHARACTER SET utf8 COLLATE utf8_bin NULL DEFAULT NULL,
  `LAST_` varchar(255) CHARACTER SET utf8 COLLATE utf8_bin NULL DEFAULT NULL,
  `EMAIL_` varchar(255) CHARACTER SET utf8 COLLATE utf8_bin NULL DEFAULT NULL,
  `PWD_` varchar(255) CHARACTER SET utf8 COLLATE utf8_bin NULL DEFAULT NULL,
  `PICTURE_ID_` varchar(64) CHARACTER SET utf8 COLLATE utf8_bin NULL DEFAULT NULL,
  PRIMARY KEY (`ID_`) USING BTREE
) ENGINE = InnoDB CHARACTER SET = utf8 COLLATE = utf8_bin ROW_FORMAT = Dynamic;

-- ----------------------------
-- Table structure for act_procdef_info
-- ----------------------------
DROP TABLE IF EXISTS `act_procdef_info`;
CREATE TABLE `act_procdef_info`  (
  `ID_` varchar(64) CHARACTER SET utf8 COLLATE utf8_bin NOT NULL,
  `PROC_DEF_ID_` varchar(64) CHARACTER SET utf8 COLLATE utf8_bin NOT NULL,
  `REV_` int(11) NULL DEFAULT NULL,
  `INFO_JSON_ID_` varchar(64) CHARACTER SET utf8 COLLATE utf8_bin NULL DEFAULT NULL,
  PRIMARY KEY (`ID_`) USING BTREE,
  UNIQUE INDEX `ACT_UNIQ_INFO_PROCDEF`(`PROC_DEF_ID_`) USING BTREE,
  INDEX `ACT_IDX_INFO_PROCDEF`(`PROC_DEF_ID_`) USING BTREE,
  INDEX `ACT_FK_INFO_JSON_BA`(`INFO_JSON_ID_`) USING BTREE,
  CONSTRAINT `ACT_FK_INFO_JSON_BA` FOREIGN KEY (`INFO_JSON_ID_`) REFERENCES `act_ge_bytearray` (`ID_`) ON DELETE RESTRICT ON UPDATE RESTRICT,
  CONSTRAINT `ACT_FK_INFO_PROCDEF` FOREIGN KEY (`PROC_DEF_ID_`) REFERENCES `act_re_procdef` (`ID_`) ON DELETE RESTRICT ON UPDATE RESTRICT
) ENGINE = InnoDB CHARACTER SET = utf8 COLLATE = utf8_bin ROW_FORMAT = Dynamic;

-- ----------------------------
-- Table structure for act_re_deployment
-- ----------------------------
DROP TABLE IF EXISTS `act_re_deployment`;
CREATE TABLE `act_re_deployment`  (
  `ID_` varchar(64) CHARACTER SET utf8 COLLATE utf8_bin NOT NULL,
  `NAME_` varchar(255) CHARACTER SET utf8 COLLATE utf8_bin NULL DEFAULT NULL,
  `CATEGORY_` varchar(255) CHARACTER SET utf8 COLLATE utf8_bin NULL DEFAULT NULL,
  `KEY_` varchar(255) CHARACTER SET utf8 COLLATE utf8_bin NULL DEFAULT NULL,
  `TENANT_ID_` varchar(255) CHARACTER SET utf8 COLLATE utf8_bin NULL DEFAULT '',
  `DEPLOY_TIME_` timestamp(3) NULL DEFAULT NULL,
  `ENGINE_VERSION_` varchar(255) CHARACTER SET utf8 COLLATE utf8_bin NULL DEFAULT NULL,
  PRIMARY KEY (`ID_`) USING BTREE
) ENGINE = InnoDB CHARACTER SET = utf8 COLLATE = utf8_bin ROW_FORMAT = Dynamic;

-- ----------------------------
-- Records of act_re_deployment
-- ----------------------------
INSERT INTO `act_re_deployment` VALUES ('1', 'leave.zip', NULL, NULL, '', '2019-02-25 10:35:08.395', NULL);
INSERT INTO `act_re_deployment` VALUES ('22540', 'chapter.zip', NULL, NULL, '', '2019-02-25 15:51:16.548', NULL);
INSERT INTO `act_re_deployment` VALUES ('25001', 'chapter.zip', NULL, NULL, '', '2019-02-25 16:37:55.036', NULL);
INSERT INTO `act_re_deployment` VALUES ('27501', 'chapter.zip', NULL, NULL, '', '2019-02-25 16:44:23.947', NULL);
INSERT INTO `act_re_deployment` VALUES ('27546', 'chapter.zip', NULL, NULL, '', '2019-02-25 16:51:28.414', NULL);

-- ----------------------------
-- Table structure for act_re_model
-- ----------------------------
DROP TABLE IF EXISTS `act_re_model`;
CREATE TABLE `act_re_model`  (
  `ID_` varchar(64) CHARACTER SET utf8 COLLATE utf8_bin NOT NULL,
  `REV_` int(11) NULL DEFAULT NULL,
  `NAME_` varchar(255) CHARACTER SET utf8 COLLATE utf8_bin NULL DEFAULT NULL,
  `KEY_` varchar(255) CHARACTER SET utf8 COLLATE utf8_bin NULL DEFAULT NULL,
  `CATEGORY_` varchar(255) CHARACTER SET utf8 COLLATE utf8_bin NULL DEFAULT NULL,
  `CREATE_TIME_` timestamp(3) NULL DEFAULT NULL,
  `LAST_UPDATE_TIME_` timestamp(3) NULL DEFAULT NULL,
  `VERSION_` int(11) NULL DEFAULT NULL,
  `META_INFO_` varchar(4000) CHARACTER SET utf8 COLLATE utf8_bin NULL DEFAULT NULL,
  `DEPLOYMENT_ID_` varchar(64) CHARACTER SET utf8 COLLATE utf8_bin NULL DEFAULT NULL,
  `EDITOR_SOURCE_VALUE_ID_` varchar(64) CHARACTER SET utf8 COLLATE utf8_bin NULL DEFAULT NULL,
  `EDITOR_SOURCE_EXTRA_VALUE_ID_` varchar(64) CHARACTER SET utf8 COLLATE utf8_bin NULL DEFAULT NULL,
  `TENANT_ID_` varchar(255) CHARACTER SET utf8 COLLATE utf8_bin NULL DEFAULT '',
  PRIMARY KEY (`ID_`) USING BTREE,
  INDEX `ACT_FK_MODEL_SOURCE`(`EDITOR_SOURCE_VALUE_ID_`) USING BTREE,
  INDEX `ACT_FK_MODEL_SOURCE_EXTRA`(`EDITOR_SOURCE_EXTRA_VALUE_ID_`) USING BTREE,
  INDEX `ACT_FK_MODEL_DEPLOYMENT`(`DEPLOYMENT_ID_`) USING BTREE,
  CONSTRAINT `ACT_FK_MODEL_DEPLOYMENT` FOREIGN KEY (`DEPLOYMENT_ID_`) REFERENCES `act_re_deployment` (`ID_`) ON DELETE RESTRICT ON UPDATE RESTRICT,
  CONSTRAINT `ACT_FK_MODEL_SOURCE` FOREIGN KEY (`EDITOR_SOURCE_VALUE_ID_`) REFERENCES `act_ge_bytearray` (`ID_`) ON DELETE RESTRICT ON UPDATE RESTRICT,
  CONSTRAINT `ACT_FK_MODEL_SOURCE_EXTRA` FOREIGN KEY (`EDITOR_SOURCE_EXTRA_VALUE_ID_`) REFERENCES `act_ge_bytearray` (`ID_`) ON DELETE RESTRICT ON UPDATE RESTRICT
) ENGINE = InnoDB CHARACTER SET = utf8 COLLATE = utf8_bin ROW_FORMAT = Dynamic;

-- ----------------------------
-- Table structure for act_re_procdef
-- ----------------------------
DROP TABLE IF EXISTS `act_re_procdef`;
CREATE TABLE `act_re_procdef`  (
  `ID_` varchar(64) CHARACTER SET utf8 COLLATE utf8_bin NOT NULL,
  `REV_` int(11) NULL DEFAULT NULL,
  `CATEGORY_` varchar(255) CHARACTER SET utf8 COLLATE utf8_bin NULL DEFAULT NULL,
  `NAME_` varchar(255) CHARACTER SET utf8 COLLATE utf8_bin NULL DEFAULT NULL,
  `KEY_` varchar(255) CHARACTER SET utf8 COLLATE utf8_bin NOT NULL,
  `VERSION_` int(11) NOT NULL,
  `DEPLOYMENT_ID_` varchar(64) CHARACTER SET utf8 COLLATE utf8_bin NULL DEFAULT NULL,
  `RESOURCE_NAME_` varchar(4000) CHARACTER SET utf8 COLLATE utf8_bin NULL DEFAULT NULL,
  `DGRM_RESOURCE_NAME_` varchar(4000) CHARACTER SET utf8 COLLATE utf8_bin NULL DEFAULT NULL,
  `DESCRIPTION_` varchar(4000) CHARACTER SET utf8 COLLATE utf8_bin NULL DEFAULT NULL,
  `HAS_START_FORM_KEY_` tinyint(4) NULL DEFAULT NULL,
  `HAS_GRAPHICAL_NOTATION_` tinyint(4) NULL DEFAULT NULL,
  `SUSPENSION_STATE_` int(11) NULL DEFAULT NULL,
  `TENANT_ID_` varchar(255) CHARACTER SET utf8 COLLATE utf8_bin NULL DEFAULT '',
  `ENGINE_VERSION_` varchar(255) CHARACTER SET utf8 COLLATE utf8_bin NULL DEFAULT NULL,
  PRIMARY KEY (`ID_`) USING BTREE,
  UNIQUE INDEX `ACT_UNIQ_PROCDEF`(`KEY_`, `VERSION_`, `TENANT_ID_`) USING BTREE
) ENGINE = InnoDB CHARACTER SET = utf8 COLLATE = utf8_bin ROW_FORMAT = Dynamic;

-- ----------------------------
-- Records of act_re_procdef
-- ----------------------------
INSERT INTO `act_re_procdef` VALUES ('chapter:1:22544', 1, 'http://www.activiti.org/test', '', 'chapter', 1, '22540', 'chapter.bpmn', 'chapter.png', NULL, 0, 1, 1, '', NULL);
INSERT INTO `act_re_procdef` VALUES ('chapter:2:25005', 1, 'http://www.activiti.org/test', '', 'chapter', 2, '25001', 'chapter.bpmn', 'chapter.png', NULL, 0, 1, 1, '', NULL);
INSERT INTO `act_re_procdef` VALUES ('chapter:3:27506', 1, 'http://www.activiti.org/test', '', 'chapter', 3, '27501', 'chapter.bpmn', 'chapter.png', NULL, 0, 1, 1, '', NULL);
INSERT INTO `act_re_procdef` VALUES ('chapter:4:27551', 1, 'http://www.activiti.org/test', '', 'chapter', 4, '27546', 'chapter.bpmn', 'chapter.png', NULL, 0, 1, 1, '', NULL);
INSERT INTO `act_re_procdef` VALUES ('leave:1:8', 1, 'http://www.activiti.org/test', '', 'leave', 1, '1', 'leave.bpmn', 'leave.png', NULL, 0, 1, 1, '', NULL);

-- ----------------------------
-- Table structure for act_ru_deadletter_job
-- ----------------------------
DROP TABLE IF EXISTS `act_ru_deadletter_job`;
CREATE TABLE `act_ru_deadletter_job`  (
  `ID_` varchar(64) CHARACTER SET utf8 COLLATE utf8_bin NOT NULL,
  `REV_` int(11) NULL DEFAULT NULL,
  `TYPE_` varchar(255) CHARACTER SET utf8 COLLATE utf8_bin NOT NULL,
  `EXCLUSIVE_` tinyint(1) NULL DEFAULT NULL,
  `EXECUTION_ID_` varchar(64) CHARACTER SET utf8 COLLATE utf8_bin NULL DEFAULT NULL,
  `PROCESS_INSTANCE_ID_` varchar(64) CHARACTER SET utf8 COLLATE utf8_bin NULL DEFAULT NULL,
  `PROC_DEF_ID_` varchar(64) CHARACTER SET utf8 COLLATE utf8_bin NULL DEFAULT NULL,
  `EXCEPTION_STACK_ID_` varchar(64) CHARACTER SET utf8 COLLATE utf8_bin NULL DEFAULT NULL,
  `EXCEPTION_MSG_` varchar(4000) CHARACTER SET utf8 COLLATE utf8_bin NULL DEFAULT NULL,
  `DUEDATE_` timestamp(3) NULL DEFAULT NULL,
  `REPEAT_` varchar(255) CHARACTER SET utf8 COLLATE utf8_bin NULL DEFAULT NULL,
  `HANDLER_TYPE_` varchar(255) CHARACTER SET utf8 COLLATE utf8_bin NULL DEFAULT NULL,
  `HANDLER_CFG_` varchar(4000) CHARACTER SET utf8 COLLATE utf8_bin NULL DEFAULT NULL,
  `TENANT_ID_` varchar(255) CHARACTER SET utf8 COLLATE utf8_bin NULL DEFAULT '',
  PRIMARY KEY (`ID_`) USING BTREE,
  INDEX `ACT_FK_DEADLETTER_JOB_EXECUTION`(`EXECUTION_ID_`) USING BTREE,
  INDEX `ACT_FK_DEADLETTER_JOB_PROCESS_INSTANCE`(`PROCESS_INSTANCE_ID_`) USING BTREE,
  INDEX `ACT_FK_DEADLETTER_JOB_PROC_DEF`(`PROC_DEF_ID_`) USING BTREE,
  INDEX `ACT_FK_DEADLETTER_JOB_EXCEPTION`(`EXCEPTION_STACK_ID_`) USING BTREE,
  CONSTRAINT `ACT_FK_DEADLETTER_JOB_EXCEPTION` FOREIGN KEY (`EXCEPTION_STACK_ID_`) REFERENCES `act_ge_bytearray` (`ID_`) ON DELETE RESTRICT ON UPDATE RESTRICT,
  CONSTRAINT `ACT_FK_DEADLETTER_JOB_EXECUTION` FOREIGN KEY (`EXECUTION_ID_`) REFERENCES `act_ru_execution` (`ID_`) ON DELETE RESTRICT ON UPDATE RESTRICT,
  CONSTRAINT `ACT_FK_DEADLETTER_JOB_PROCESS_INSTANCE` FOREIGN KEY (`PROCESS_INSTANCE_ID_`) REFERENCES `act_ru_execution` (`ID_`) ON DELETE RESTRICT ON UPDATE RESTRICT,
  CONSTRAINT `ACT_FK_DEADLETTER_JOB_PROC_DEF` FOREIGN KEY (`PROC_DEF_ID_`) REFERENCES `act_re_procdef` (`ID_`) ON DELETE RESTRICT ON UPDATE RESTRICT
) ENGINE = InnoDB CHARACTER SET = utf8 COLLATE = utf8_bin ROW_FORMAT = Dynamic;

-- ----------------------------
-- Table structure for act_ru_event_subscr
-- ----------------------------
DROP TABLE IF EXISTS `act_ru_event_subscr`;
CREATE TABLE `act_ru_event_subscr`  (
  `ID_` varchar(64) CHARACTER SET utf8 COLLATE utf8_bin NOT NULL,
  `REV_` int(11) NULL DEFAULT NULL,
  `EVENT_TYPE_` varchar(255) CHARACTER SET utf8 COLLATE utf8_bin NOT NULL,
  `EVENT_NAME_` varchar(255) CHARACTER SET utf8 COLLATE utf8_bin NULL DEFAULT NULL,
  `EXECUTION_ID_` varchar(64) CHARACTER SET utf8 COLLATE utf8_bin NULL DEFAULT NULL,
  `PROC_INST_ID_` varchar(64) CHARACTER SET utf8 COLLATE utf8_bin NULL DEFAULT NULL,
  `ACTIVITY_ID_` varchar(64) CHARACTER SET utf8 COLLATE utf8_bin NULL DEFAULT NULL,
  `CONFIGURATION_` varchar(255) CHARACTER SET utf8 COLLATE utf8_bin NULL DEFAULT NULL,
  `CREATED_` timestamp(3) NOT NULL DEFAULT CURRENT_TIMESTAMP(3),
  `PROC_DEF_ID_` varchar(64) CHARACTER SET utf8 COLLATE utf8_bin NULL DEFAULT NULL,
  `TENANT_ID_` varchar(255) CHARACTER SET utf8 COLLATE utf8_bin NULL DEFAULT '',
  PRIMARY KEY (`ID_`) USING BTREE,
  INDEX `ACT_IDX_EVENT_SUBSCR_CONFIG_`(`CONFIGURATION_`) USING BTREE,
  INDEX `ACT_FK_EVENT_EXEC`(`EXECUTION_ID_`) USING BTREE,
  CONSTRAINT `ACT_FK_EVENT_EXEC` FOREIGN KEY (`EXECUTION_ID_`) REFERENCES `act_ru_execution` (`ID_`) ON DELETE RESTRICT ON UPDATE RESTRICT
) ENGINE = InnoDB CHARACTER SET = utf8 COLLATE = utf8_bin ROW_FORMAT = Dynamic;

-- ----------------------------
-- Table structure for act_ru_execution
-- ----------------------------
DROP TABLE IF EXISTS `act_ru_execution`;
CREATE TABLE `act_ru_execution`  (
  `ID_` varchar(64) CHARACTER SET utf8 COLLATE utf8_bin NOT NULL,
  `REV_` int(11) NULL DEFAULT NULL,
  `PROC_INST_ID_` varchar(64) CHARACTER SET utf8 COLLATE utf8_bin NULL DEFAULT NULL,
  `BUSINESS_KEY_` varchar(255) CHARACTER SET utf8 COLLATE utf8_bin NULL DEFAULT NULL,
  `PARENT_ID_` varchar(64) CHARACTER SET utf8 COLLATE utf8_bin NULL DEFAULT NULL,
  `PROC_DEF_ID_` varchar(64) CHARACTER SET utf8 COLLATE utf8_bin NULL DEFAULT NULL,
  `SUPER_EXEC_` varchar(64) CHARACTER SET utf8 COLLATE utf8_bin NULL DEFAULT NULL,
  `ROOT_PROC_INST_ID_` varchar(64) CHARACTER SET utf8 COLLATE utf8_bin NULL DEFAULT NULL,
  `ACT_ID_` varchar(255) CHARACTER SET utf8 COLLATE utf8_bin NULL DEFAULT NULL,
  `IS_ACTIVE_` tinyint(4) NULL DEFAULT NULL,
  `IS_CONCURRENT_` tinyint(4) NULL DEFAULT NULL,
  `IS_SCOPE_` tinyint(4) NULL DEFAULT NULL,
  `IS_EVENT_SCOPE_` tinyint(4) NULL DEFAULT NULL,
  `IS_MI_ROOT_` tinyint(4) NULL DEFAULT NULL,
  `SUSPENSION_STATE_` int(11) NULL DEFAULT NULL,
  `CACHED_ENT_STATE_` int(11) NULL DEFAULT NULL,
  `TENANT_ID_` varchar(255) CHARACTER SET utf8 COLLATE utf8_bin NULL DEFAULT '',
  `NAME_` varchar(255) CHARACTER SET utf8 COLLATE utf8_bin NULL DEFAULT NULL,
  `START_TIME_` datetime(3) NULL DEFAULT NULL,
  `START_USER_ID_` varchar(255) CHARACTER SET utf8 COLLATE utf8_bin NULL DEFAULT NULL,
  `LOCK_TIME_` timestamp(3) NULL DEFAULT NULL,
  `IS_COUNT_ENABLED_` tinyint(4) NULL DEFAULT NULL,
  `EVT_SUBSCR_COUNT_` int(11) NULL DEFAULT NULL,
  `TASK_COUNT_` int(11) NULL DEFAULT NULL,
  `JOB_COUNT_` int(11) NULL DEFAULT NULL,
  `TIMER_JOB_COUNT_` int(11) NULL DEFAULT NULL,
  `SUSP_JOB_COUNT_` int(11) NULL DEFAULT NULL,
  `DEADLETTER_JOB_COUNT_` int(11) NULL DEFAULT NULL,
  `VAR_COUNT_` int(11) NULL DEFAULT NULL,
  `ID_LINK_COUNT_` int(11) NULL DEFAULT NULL,
  PRIMARY KEY (`ID_`) USING BTREE,
  INDEX `ACT_IDX_EXEC_BUSKEY`(`BUSINESS_KEY_`) USING BTREE,
  INDEX `ACT_IDC_EXEC_ROOT`(`ROOT_PROC_INST_ID_`) USING BTREE,
  INDEX `ACT_FK_EXE_PROCINST`(`PROC_INST_ID_`) USING BTREE,
  INDEX `ACT_FK_EXE_PARENT`(`PARENT_ID_`) USING BTREE,
  INDEX `ACT_FK_EXE_SUPER`(`SUPER_EXEC_`) USING BTREE,
  INDEX `ACT_FK_EXE_PROCDEF`(`PROC_DEF_ID_`) USING BTREE,
  CONSTRAINT `ACT_FK_EXE_PARENT` FOREIGN KEY (`PARENT_ID_`) REFERENCES `act_ru_execution` (`ID_`) ON DELETE CASCADE ON UPDATE RESTRICT,
  CONSTRAINT `ACT_FK_EXE_PROCDEF` FOREIGN KEY (`PROC_DEF_ID_`) REFERENCES `act_re_procdef` (`ID_`) ON DELETE RESTRICT ON UPDATE RESTRICT,
  CONSTRAINT `ACT_FK_EXE_PROCINST` FOREIGN KEY (`PROC_INST_ID_`) REFERENCES `act_ru_execution` (`ID_`) ON DELETE CASCADE ON UPDATE CASCADE,
  CONSTRAINT `ACT_FK_EXE_SUPER` FOREIGN KEY (`SUPER_EXEC_`) REFERENCES `act_ru_execution` (`ID_`) ON DELETE CASCADE ON UPDATE RESTRICT
) ENGINE = InnoDB CHARACTER SET = utf8 COLLATE = utf8_bin ROW_FORMAT = Dynamic;

-- ----------------------------
-- Records of act_ru_execution
-- ----------------------------
INSERT INTO `act_ru_execution` VALUES ('55001', 1, '55001', '2019022616085710234', NULL, 'leave:1:8', NULL, '55001', NULL, 1, 0, 1, 0, 0, 1, NULL, '', NULL, '2019-02-26 16:09:35.592', '10234', NULL, 0, 0, 0, 0, 0, 0, 0, 0, 0);
INSERT INTO `act_ru_execution` VALUES ('55003', 2, '55001', NULL, '55001', 'leave:1:8', NULL, '55001', 'usertask2', 1, 0, 0, 0, 0, 1, NULL, '', NULL, '2019-02-26 16:09:35.673', NULL, NULL, 0, 0, 0, 0, 0, 0, 0, 0, 0);
INSERT INTO `act_ru_execution` VALUES ('57501', 1, '57501', '2019022616432610234', NULL, 'leave:1:8', NULL, '57501', NULL, 1, 0, 1, 0, 0, 1, NULL, '', NULL, '2019-02-26 16:43:34.390', '10234', NULL, 0, 0, 0, 0, 0, 0, 0, 0, 0);
INSERT INTO `act_ru_execution` VALUES ('57503', 2, '57501', NULL, '57501', 'leave:1:8', NULL, '57501', 'usertask2', 1, 0, 0, 0, 0, 1, NULL, '', NULL, '2019-02-26 16:43:34.506', NULL, NULL, 0, 0, 0, 0, 0, 0, 0, 0, 0);
INSERT INTO `act_ru_execution` VALUES ('60001', 1, '60001', '2019022616495210234', NULL, 'leave:1:8', NULL, '60001', NULL, 1, 0, 1, 0, 0, 1, NULL, '', NULL, '2019-02-26 16:49:58.627', '10234', NULL, 0, 0, 0, 0, 0, 0, 0, 0, 0);
INSERT INTO `act_ru_execution` VALUES ('60003', 1, '60001', NULL, '60001', 'leave:1:8', NULL, '60001', 'usertask1', 1, 0, 0, 0, 0, 1, NULL, '', NULL, '2019-02-26 16:49:58.705', NULL, NULL, 0, 0, 0, 0, 0, 0, 0, 0, 0);

-- ----------------------------
-- Table structure for act_ru_identitylink
-- ----------------------------
DROP TABLE IF EXISTS `act_ru_identitylink`;
CREATE TABLE `act_ru_identitylink`  (
  `ID_` varchar(64) CHARACTER SET utf8 COLLATE utf8_bin NOT NULL,
  `REV_` int(11) NULL DEFAULT NULL,
  `GROUP_ID_` varchar(255) CHARACTER SET utf8 COLLATE utf8_bin NULL DEFAULT NULL,
  `TYPE_` varchar(255) CHARACTER SET utf8 COLLATE utf8_bin NULL DEFAULT NULL,
  `USER_ID_` varchar(255) CHARACTER SET utf8 COLLATE utf8_bin NULL DEFAULT NULL,
  `TASK_ID_` varchar(64) CHARACTER SET utf8 COLLATE utf8_bin NULL DEFAULT NULL,
  `PROC_INST_ID_` varchar(64) CHARACTER SET utf8 COLLATE utf8_bin NULL DEFAULT NULL,
  `PROC_DEF_ID_` varchar(64) CHARACTER SET utf8 COLLATE utf8_bin NULL DEFAULT NULL,
  PRIMARY KEY (`ID_`) USING BTREE,
  INDEX `ACT_IDX_IDENT_LNK_USER`(`USER_ID_`) USING BTREE,
  INDEX `ACT_IDX_IDENT_LNK_GROUP`(`GROUP_ID_`) USING BTREE,
  INDEX `ACT_IDX_ATHRZ_PROCEDEF`(`PROC_DEF_ID_`) USING BTREE,
  INDEX `ACT_FK_TSKASS_TASK`(`TASK_ID_`) USING BTREE,
  INDEX `ACT_FK_IDL_PROCINST`(`PROC_INST_ID_`) USING BTREE,
  CONSTRAINT `ACT_FK_ATHRZ_PROCEDEF` FOREIGN KEY (`PROC_DEF_ID_`) REFERENCES `act_re_procdef` (`ID_`) ON DELETE RESTRICT ON UPDATE RESTRICT,
  CONSTRAINT `ACT_FK_IDL_PROCINST` FOREIGN KEY (`PROC_INST_ID_`) REFERENCES `act_ru_execution` (`ID_`) ON DELETE RESTRICT ON UPDATE RESTRICT,
  CONSTRAINT `ACT_FK_TSKASS_TASK` FOREIGN KEY (`TASK_ID_`) REFERENCES `act_ru_task` (`ID_`) ON DELETE RESTRICT ON UPDATE RESTRICT
) ENGINE = InnoDB CHARACTER SET = utf8 COLLATE = utf8_bin ROW_FORMAT = Dynamic;

-- ----------------------------
-- Records of act_ru_identitylink
-- ----------------------------
INSERT INTO `act_ru_identitylink` VALUES ('55002', 1, NULL, 'starter', '10234', NULL, '55001', NULL);
INSERT INTO `act_ru_identitylink` VALUES ('55073', 1, NULL, 'participant', '10233', NULL, '55001', NULL);
INSERT INTO `act_ru_identitylink` VALUES ('57502', 1, NULL, 'starter', '10234', NULL, '57501', NULL);
INSERT INTO `act_ru_identitylink` VALUES ('57573', 1, NULL, 'participant', '10233', NULL, '57501', NULL);
INSERT INTO `act_ru_identitylink` VALUES ('60002', 1, NULL, 'starter', '10234', NULL, '60001', NULL);

-- ----------------------------
-- Table structure for act_ru_job
-- ----------------------------
DROP TABLE IF EXISTS `act_ru_job`;
CREATE TABLE `act_ru_job`  (
  `ID_` varchar(64) CHARACTER SET utf8 COLLATE utf8_bin NOT NULL,
  `REV_` int(11) NULL DEFAULT NULL,
  `TYPE_` varchar(255) CHARACTER SET utf8 COLLATE utf8_bin NOT NULL,
  `LOCK_EXP_TIME_` timestamp(3) NULL DEFAULT NULL,
  `LOCK_OWNER_` varchar(255) CHARACTER SET utf8 COLLATE utf8_bin NULL DEFAULT NULL,
  `EXCLUSIVE_` tinyint(1) NULL DEFAULT NULL,
  `EXECUTION_ID_` varchar(64) CHARACTER SET utf8 COLLATE utf8_bin NULL DEFAULT NULL,
  `PROCESS_INSTANCE_ID_` varchar(64) CHARACTER SET utf8 COLLATE utf8_bin NULL DEFAULT NULL,
  `PROC_DEF_ID_` varchar(64) CHARACTER SET utf8 COLLATE utf8_bin NULL DEFAULT NULL,
  `RETRIES_` int(11) NULL DEFAULT NULL,
  `EXCEPTION_STACK_ID_` varchar(64) CHARACTER SET utf8 COLLATE utf8_bin NULL DEFAULT NULL,
  `EXCEPTION_MSG_` varchar(4000) CHARACTER SET utf8 COLLATE utf8_bin NULL DEFAULT NULL,
  `DUEDATE_` timestamp(3) NULL DEFAULT NULL,
  `REPEAT_` varchar(255) CHARACTER SET utf8 COLLATE utf8_bin NULL DEFAULT NULL,
  `HANDLER_TYPE_` varchar(255) CHARACTER SET utf8 COLLATE utf8_bin NULL DEFAULT NULL,
  `HANDLER_CFG_` varchar(4000) CHARACTER SET utf8 COLLATE utf8_bin NULL DEFAULT NULL,
  `TENANT_ID_` varchar(255) CHARACTER SET utf8 COLLATE utf8_bin NULL DEFAULT '',
  PRIMARY KEY (`ID_`) USING BTREE,
  INDEX `ACT_FK_JOB_EXECUTION`(`EXECUTION_ID_`) USING BTREE,
  INDEX `ACT_FK_JOB_PROCESS_INSTANCE`(`PROCESS_INSTANCE_ID_`) USING BTREE,
  INDEX `ACT_FK_JOB_PROC_DEF`(`PROC_DEF_ID_`) USING BTREE,
  INDEX `ACT_FK_JOB_EXCEPTION`(`EXCEPTION_STACK_ID_`) USING BTREE,
  CONSTRAINT `ACT_FK_JOB_EXCEPTION` FOREIGN KEY (`EXCEPTION_STACK_ID_`) REFERENCES `act_ge_bytearray` (`ID_`) ON DELETE RESTRICT ON UPDATE RESTRICT,
  CONSTRAINT `ACT_FK_JOB_EXECUTION` FOREIGN KEY (`EXECUTION_ID_`) REFERENCES `act_ru_execution` (`ID_`) ON DELETE RESTRICT ON UPDATE RESTRICT,
  CONSTRAINT `ACT_FK_JOB_PROCESS_INSTANCE` FOREIGN KEY (`PROCESS_INSTANCE_ID_`) REFERENCES `act_ru_execution` (`ID_`) ON DELETE RESTRICT ON UPDATE RESTRICT,
  CONSTRAINT `ACT_FK_JOB_PROC_DEF` FOREIGN KEY (`PROC_DEF_ID_`) REFERENCES `act_re_procdef` (`ID_`) ON DELETE RESTRICT ON UPDATE RESTRICT
) ENGINE = InnoDB CHARACTER SET = utf8 COLLATE = utf8_bin ROW_FORMAT = Dynamic;

-- ----------------------------
-- Table structure for act_ru_suspended_job
-- ----------------------------
DROP TABLE IF EXISTS `act_ru_suspended_job`;
CREATE TABLE `act_ru_suspended_job`  (
  `ID_` varchar(64) CHARACTER SET utf8 COLLATE utf8_bin NOT NULL,
  `REV_` int(11) NULL DEFAULT NULL,
  `TYPE_` varchar(255) CHARACTER SET utf8 COLLATE utf8_bin NOT NULL,
  `EXCLUSIVE_` tinyint(1) NULL DEFAULT NULL,
  `EXECUTION_ID_` varchar(64) CHARACTER SET utf8 COLLATE utf8_bin NULL DEFAULT NULL,
  `PROCESS_INSTANCE_ID_` varchar(64) CHARACTER SET utf8 COLLATE utf8_bin NULL DEFAULT NULL,
  `PROC_DEF_ID_` varchar(64) CHARACTER SET utf8 COLLATE utf8_bin NULL DEFAULT NULL,
  `RETRIES_` int(11) NULL DEFAULT NULL,
  `EXCEPTION_STACK_ID_` varchar(64) CHARACTER SET utf8 COLLATE utf8_bin NULL DEFAULT NULL,
  `EXCEPTION_MSG_` varchar(4000) CHARACTER SET utf8 COLLATE utf8_bin NULL DEFAULT NULL,
  `DUEDATE_` timestamp(3) NULL DEFAULT NULL,
  `REPEAT_` varchar(255) CHARACTER SET utf8 COLLATE utf8_bin NULL DEFAULT NULL,
  `HANDLER_TYPE_` varchar(255) CHARACTER SET utf8 COLLATE utf8_bin NULL DEFAULT NULL,
  `HANDLER_CFG_` varchar(4000) CHARACTER SET utf8 COLLATE utf8_bin NULL DEFAULT NULL,
  `TENANT_ID_` varchar(255) CHARACTER SET utf8 COLLATE utf8_bin NULL DEFAULT '',
  PRIMARY KEY (`ID_`) USING BTREE,
  INDEX `ACT_FK_SUSPENDED_JOB_EXECUTION`(`EXECUTION_ID_`) USING BTREE,
  INDEX `ACT_FK_SUSPENDED_JOB_PROCESS_INSTANCE`(`PROCESS_INSTANCE_ID_`) USING BTREE,
  INDEX `ACT_FK_SUSPENDED_JOB_PROC_DEF`(`PROC_DEF_ID_`) USING BTREE,
  INDEX `ACT_FK_SUSPENDED_JOB_EXCEPTION`(`EXCEPTION_STACK_ID_`) USING BTREE,
  CONSTRAINT `ACT_FK_SUSPENDED_JOB_EXCEPTION` FOREIGN KEY (`EXCEPTION_STACK_ID_`) REFERENCES `act_ge_bytearray` (`ID_`) ON DELETE RESTRICT ON UPDATE RESTRICT,
  CONSTRAINT `ACT_FK_SUSPENDED_JOB_EXECUTION` FOREIGN KEY (`EXECUTION_ID_`) REFERENCES `act_ru_execution` (`ID_`) ON DELETE RESTRICT ON UPDATE RESTRICT,
  CONSTRAINT `ACT_FK_SUSPENDED_JOB_PROCESS_INSTANCE` FOREIGN KEY (`PROCESS_INSTANCE_ID_`) REFERENCES `act_ru_execution` (`ID_`) ON DELETE RESTRICT ON UPDATE RESTRICT,
  CONSTRAINT `ACT_FK_SUSPENDED_JOB_PROC_DEF` FOREIGN KEY (`PROC_DEF_ID_`) REFERENCES `act_re_procdef` (`ID_`) ON DELETE RESTRICT ON UPDATE RESTRICT
) ENGINE = InnoDB CHARACTER SET = utf8 COLLATE = utf8_bin ROW_FORMAT = Dynamic;

-- ----------------------------
-- Table structure for act_ru_task
-- ----------------------------
DROP TABLE IF EXISTS `act_ru_task`;
CREATE TABLE `act_ru_task`  (
  `ID_` varchar(64) CHARACTER SET utf8 COLLATE utf8_bin NOT NULL,
  `REV_` int(11) NULL DEFAULT NULL,
  `EXECUTION_ID_` varchar(64) CHARACTER SET utf8 COLLATE utf8_bin NULL DEFAULT NULL,
  `PROC_INST_ID_` varchar(64) CHARACTER SET utf8 COLLATE utf8_bin NULL DEFAULT NULL,
  `PROC_DEF_ID_` varchar(64) CHARACTER SET utf8 COLLATE utf8_bin NULL DEFAULT NULL,
  `NAME_` varchar(255) CHARACTER SET utf8 COLLATE utf8_bin NULL DEFAULT NULL,
  `PARENT_TASK_ID_` varchar(64) CHARACTER SET utf8 COLLATE utf8_bin NULL DEFAULT NULL,
  `DESCRIPTION_` varchar(4000) CHARACTER SET utf8 COLLATE utf8_bin NULL DEFAULT NULL,
  `TASK_DEF_KEY_` varchar(255) CHARACTER SET utf8 COLLATE utf8_bin NULL DEFAULT NULL,
  `OWNER_` varchar(255) CHARACTER SET utf8 COLLATE utf8_bin NULL DEFAULT NULL,
  `ASSIGNEE_` varchar(255) CHARACTER SET utf8 COLLATE utf8_bin NULL DEFAULT NULL,
  `DELEGATION_` varchar(64) CHARACTER SET utf8 COLLATE utf8_bin NULL DEFAULT NULL,
  `PRIORITY_` int(11) NULL DEFAULT NULL,
  `CREATE_TIME_` timestamp(3) NULL DEFAULT NULL,
  `DUE_DATE_` datetime(3) NULL DEFAULT NULL,
  `CATEGORY_` varchar(255) CHARACTER SET utf8 COLLATE utf8_bin NULL DEFAULT NULL,
  `SUSPENSION_STATE_` int(11) NULL DEFAULT NULL,
  `TENANT_ID_` varchar(255) CHARACTER SET utf8 COLLATE utf8_bin NULL DEFAULT '',
  `FORM_KEY_` varchar(255) CHARACTER SET utf8 COLLATE utf8_bin NULL DEFAULT NULL,
  `CLAIM_TIME_` datetime(3) NULL DEFAULT NULL,
  PRIMARY KEY (`ID_`) USING BTREE,
  INDEX `ACT_IDX_TASK_CREATE`(`CREATE_TIME_`) USING BTREE,
  INDEX `ACT_FK_TASK_EXE`(`EXECUTION_ID_`) USING BTREE,
  INDEX `ACT_FK_TASK_PROCINST`(`PROC_INST_ID_`) USING BTREE,
  INDEX `ACT_FK_TASK_PROCDEF`(`PROC_DEF_ID_`) USING BTREE,
  CONSTRAINT `ACT_FK_TASK_EXE` FOREIGN KEY (`EXECUTION_ID_`) REFERENCES `act_ru_execution` (`ID_`) ON DELETE RESTRICT ON UPDATE RESTRICT,
  CONSTRAINT `ACT_FK_TASK_PROCDEF` FOREIGN KEY (`PROC_DEF_ID_`) REFERENCES `act_re_procdef` (`ID_`) ON DELETE RESTRICT ON UPDATE RESTRICT,
  CONSTRAINT `ACT_FK_TASK_PROCINST` FOREIGN KEY (`PROC_INST_ID_`) REFERENCES `act_ru_execution` (`ID_`) ON DELETE RESTRICT ON UPDATE RESTRICT
) ENGINE = InnoDB CHARACTER SET = utf8 COLLATE = utf8_bin ROW_FORMAT = Dynamic;

-- ----------------------------
-- Records of act_ru_task
-- ----------------------------
INSERT INTO `act_ru_task` VALUES ('55076', 1, '55003', '55001', 'leave:1:8', '', NULL, NULL, 'usertask2', NULL, '10234', NULL, 50, '2019-02-26 16:13:08.025', NULL, NULL, 1, '', 'leave_usertask2.html', NULL);
INSERT INTO `act_ru_task` VALUES ('57576', 1, '57503', '57501', 'leave:1:8', '', NULL, NULL, 'usertask2', NULL, '10234', NULL, 50, '2019-02-26 16:45:16.507', NULL, NULL, 1, '', 'leave_usertask2.html', NULL);
INSERT INTO `act_ru_task` VALUES ('60048', 1, '60003', '60001', 'leave:1:8', '', NULL, NULL, 'usertask1', NULL, '10233', NULL, 50, '2019-02-26 16:49:58.713', NULL, NULL, 1, '', 'leave_usertask1.html', NULL);

-- ----------------------------
-- Table structure for act_ru_timer_job
-- ----------------------------
DROP TABLE IF EXISTS `act_ru_timer_job`;
CREATE TABLE `act_ru_timer_job`  (
  `ID_` varchar(64) CHARACTER SET utf8 COLLATE utf8_bin NOT NULL,
  `REV_` int(11) NULL DEFAULT NULL,
  `TYPE_` varchar(255) CHARACTER SET utf8 COLLATE utf8_bin NOT NULL,
  `LOCK_EXP_TIME_` timestamp(3) NULL DEFAULT NULL,
  `LOCK_OWNER_` varchar(255) CHARACTER SET utf8 COLLATE utf8_bin NULL DEFAULT NULL,
  `EXCLUSIVE_` tinyint(1) NULL DEFAULT NULL,
  `EXECUTION_ID_` varchar(64) CHARACTER SET utf8 COLLATE utf8_bin NULL DEFAULT NULL,
  `PROCESS_INSTANCE_ID_` varchar(64) CHARACTER SET utf8 COLLATE utf8_bin NULL DEFAULT NULL,
  `PROC_DEF_ID_` varchar(64) CHARACTER SET utf8 COLLATE utf8_bin NULL DEFAULT NULL,
  `RETRIES_` int(11) NULL DEFAULT NULL,
  `EXCEPTION_STACK_ID_` varchar(64) CHARACTER SET utf8 COLLATE utf8_bin NULL DEFAULT NULL,
  `EXCEPTION_MSG_` varchar(4000) CHARACTER SET utf8 COLLATE utf8_bin NULL DEFAULT NULL,
  `DUEDATE_` timestamp(3) NULL DEFAULT NULL,
  `REPEAT_` varchar(255) CHARACTER SET utf8 COLLATE utf8_bin NULL DEFAULT NULL,
  `HANDLER_TYPE_` varchar(255) CHARACTER SET utf8 COLLATE utf8_bin NULL DEFAULT NULL,
  `HANDLER_CFG_` varchar(4000) CHARACTER SET utf8 COLLATE utf8_bin NULL DEFAULT NULL,
  `TENANT_ID_` varchar(255) CHARACTER SET utf8 COLLATE utf8_bin NULL DEFAULT '',
  PRIMARY KEY (`ID_`) USING BTREE,
  INDEX `ACT_FK_TIMER_JOB_EXECUTION`(`EXECUTION_ID_`) USING BTREE,
  INDEX `ACT_FK_TIMER_JOB_PROCESS_INSTANCE`(`PROCESS_INSTANCE_ID_`) USING BTREE,
  INDEX `ACT_FK_TIMER_JOB_PROC_DEF`(`PROC_DEF_ID_`) USING BTREE,
  INDEX `ACT_FK_TIMER_JOB_EXCEPTION`(`EXCEPTION_STACK_ID_`) USING BTREE,
  CONSTRAINT `ACT_FK_TIMER_JOB_EXCEPTION` FOREIGN KEY (`EXCEPTION_STACK_ID_`) REFERENCES `act_ge_bytearray` (`ID_`) ON DELETE RESTRICT ON UPDATE RESTRICT,
  CONSTRAINT `ACT_FK_TIMER_JOB_EXECUTION` FOREIGN KEY (`EXECUTION_ID_`) REFERENCES `act_ru_execution` (`ID_`) ON DELETE RESTRICT ON UPDATE RESTRICT,
  CONSTRAINT `ACT_FK_TIMER_JOB_PROCESS_INSTANCE` FOREIGN KEY (`PROCESS_INSTANCE_ID_`) REFERENCES `act_ru_execution` (`ID_`) ON DELETE RESTRICT ON UPDATE RESTRICT,
  CONSTRAINT `ACT_FK_TIMER_JOB_PROC_DEF` FOREIGN KEY (`PROC_DEF_ID_`) REFERENCES `act_re_procdef` (`ID_`) ON DELETE RESTRICT ON UPDATE RESTRICT
) ENGINE = InnoDB CHARACTER SET = utf8 COLLATE = utf8_bin ROW_FORMAT = Dynamic;

-- ----------------------------
-- Table structure for act_ru_variable
-- ----------------------------
DROP TABLE IF EXISTS `act_ru_variable`;
CREATE TABLE `act_ru_variable`  (
  `ID_` varchar(64) CHARACTER SET utf8 COLLATE utf8_bin NOT NULL,
  `REV_` int(11) NULL DEFAULT NULL,
  `TYPE_` varchar(255) CHARACTER SET utf8 COLLATE utf8_bin NOT NULL,
  `NAME_` varchar(255) CHARACTER SET utf8 COLLATE utf8_bin NOT NULL,
  `EXECUTION_ID_` varchar(64) CHARACTER SET utf8 COLLATE utf8_bin NULL DEFAULT NULL,
  `PROC_INST_ID_` varchar(64) CHARACTER SET utf8 COLLATE utf8_bin NULL DEFAULT NULL,
  `TASK_ID_` varchar(64) CHARACTER SET utf8 COLLATE utf8_bin NULL DEFAULT NULL,
  `BYTEARRAY_ID_` varchar(64) CHARACTER SET utf8 COLLATE utf8_bin NULL DEFAULT NULL,
  `DOUBLE_` double NULL DEFAULT NULL,
  `LONG_` bigint(20) NULL DEFAULT NULL,
  `TEXT_` varchar(4000) CHARACTER SET utf8 COLLATE utf8_bin NULL DEFAULT NULL,
  `TEXT2_` varchar(4000) CHARACTER SET utf8 COLLATE utf8_bin NULL DEFAULT NULL,
  PRIMARY KEY (`ID_`) USING BTREE,
  INDEX `ACT_IDX_VARIABLE_TASK_ID`(`TASK_ID_`) USING BTREE,
  INDEX `ACT_FK_VAR_EXE`(`EXECUTION_ID_`) USING BTREE,
  INDEX `ACT_FK_VAR_PROCINST`(`PROC_INST_ID_`) USING BTREE,
  INDEX `ACT_FK_VAR_BYTEARRAY`(`BYTEARRAY_ID_`) USING BTREE,
  CONSTRAINT `ACT_FK_VAR_BYTEARRAY` FOREIGN KEY (`BYTEARRAY_ID_`) REFERENCES `act_ge_bytearray` (`ID_`) ON DELETE RESTRICT ON UPDATE RESTRICT,
  CONSTRAINT `ACT_FK_VAR_EXE` FOREIGN KEY (`EXECUTION_ID_`) REFERENCES `act_ru_execution` (`ID_`) ON DELETE RESTRICT ON UPDATE RESTRICT,
  CONSTRAINT `ACT_FK_VAR_PROCINST` FOREIGN KEY (`PROC_INST_ID_`) REFERENCES `act_ru_execution` (`ID_`) ON DELETE RESTRICT ON UPDATE RESTRICT
) ENGINE = InnoDB CHARACTER SET = utf8 COLLATE = utf8_bin ROW_FORMAT = Dynamic;

-- ----------------------------
-- Records of act_ru_variable
-- ----------------------------
INSERT INTO `act_ru_variable` VALUES ('55019', 2, 'string', 'usersprs', '55001', '55001', NULL, NULL, NULL, NULL, '118#10234', NULL);
INSERT INTO `act_ru_variable` VALUES ('55021', 1, 'string', 'sqrq', '55001', '55001', NULL, NULL, NULL, NULL, '2019-02-26 16:08:57', NULL);
INSERT INTO `act_ru_variable` VALUES ('55023', 1, 'string', 'bk', '55001', '55001', NULL, NULL, NULL, NULL, '2019022616085710234', NULL);
INSERT INTO `act_ru_variable` VALUES ('55025', 2, 'string', 'sprs', '55001', '55001', NULL, NULL, NULL, NULL, '10234', NULL);
INSERT INTO `act_ru_variable` VALUES ('55027', 1, 'string', 'bmmc', '55001', '55001', NULL, NULL, NULL, NULL, '', NULL);
INSERT INTO `act_ru_variable` VALUES ('55029', 1, 'string', 'imgName', '55001', '55001', NULL, NULL, NULL, NULL, '', NULL);
INSERT INTO `act_ru_variable` VALUES ('55031', 1, 'string', 'qjlx', '55001', '55001', NULL, NULL, NULL, NULL, '', NULL);
INSERT INTO `act_ru_variable` VALUES ('55033', 1, 'string', 'qjly', '55001', '55001', NULL, NULL, NULL, NULL, '', NULL);
INSERT INTO `act_ru_variable` VALUES ('55035', 1, 'string', 'u_id', '55001', '55001', NULL, NULL, NULL, NULL, '10234', NULL);
INSERT INTO `act_ru_variable` VALUES ('55037', 1, 'string', 'file', '55001', '55001', NULL, NULL, NULL, NULL, '', NULL);
INSERT INTO `act_ru_variable` VALUES ('55039', 1, 'string', 'sqr', '55001', '55001', NULL, NULL, NULL, NULL, 'dev2', NULL);
INSERT INTO `act_ru_variable` VALUES ('55041', 1, 'string', 'ksrq', '55001', '55001', NULL, NULL, NULL, NULL, '2019-02-26 00:00:00', NULL);
INSERT INTO `act_ru_variable` VALUES ('55043', 1, 'string', 'jsrq', '55001', '55001', NULL, NULL, NULL, NULL, '2019-02-26 00:00:00', NULL);
INSERT INTO `act_ru_variable` VALUES ('55045', 2, 'string', 'id', '55001', '55001', NULL, NULL, NULL, NULL, '10233leaveleave_usertask1.html', NULL);
INSERT INTO `act_ru_variable` VALUES ('55059', 1, 'string', 'owner', '55001', '55001', NULL, NULL, NULL, NULL, '10233', NULL);
INSERT INTO `act_ru_variable` VALUES ('55063', 1, 'string', 'description', '55001', '55001', NULL, NULL, NULL, NULL, '', NULL);
INSERT INTO `act_ru_variable` VALUES ('55065', 1, 'string', 'agree', '55001', '55001', NULL, NULL, NULL, NULL, 'true', NULL);
INSERT INTO `act_ru_variable` VALUES ('55069', 1, 'string', 'assignee', '55001', '55001', NULL, NULL, NULL, NULL, '10233', NULL);
INSERT INTO `act_ru_variable` VALUES ('55071', 1, 'string', 'ks_spyj', '55001', '55001', NULL, NULL, NULL, NULL, '  ', NULL);
INSERT INTO `act_ru_variable` VALUES ('57519', 2, 'string', 'usersprs', '57501', '57501', NULL, NULL, NULL, NULL, '118#10234', NULL);
INSERT INTO `act_ru_variable` VALUES ('57521', 1, 'string', 'sqrq', '57501', '57501', NULL, NULL, NULL, NULL, '2019-02-26 16:43:26', NULL);
INSERT INTO `act_ru_variable` VALUES ('57523', 1, 'string', 'bk', '57501', '57501', NULL, NULL, NULL, NULL, '2019022616432610234', NULL);
INSERT INTO `act_ru_variable` VALUES ('57525', 2, 'string', 'sprs', '57501', '57501', NULL, NULL, NULL, NULL, '10234', NULL);
INSERT INTO `act_ru_variable` VALUES ('57527', 1, 'string', 'bmmc', '57501', '57501', NULL, NULL, NULL, NULL, '', NULL);
INSERT INTO `act_ru_variable` VALUES ('57529', 1, 'string', 'imgName', '57501', '57501', NULL, NULL, NULL, NULL, '', NULL);
INSERT INTO `act_ru_variable` VALUES ('57531', 1, 'string', 'qjlx', '57501', '57501', NULL, NULL, NULL, NULL, '', NULL);
INSERT INTO `act_ru_variable` VALUES ('57533', 1, 'string', 'qjly', '57501', '57501', NULL, NULL, NULL, NULL, '222', NULL);
INSERT INTO `act_ru_variable` VALUES ('57535', 1, 'string', 'u_id', '57501', '57501', NULL, NULL, NULL, NULL, '10234', NULL);
INSERT INTO `act_ru_variable` VALUES ('57537', 1, 'string', 'file', '57501', '57501', NULL, NULL, NULL, NULL, '', NULL);
INSERT INTO `act_ru_variable` VALUES ('57539', 1, 'string', 'sqr', '57501', '57501', NULL, NULL, NULL, NULL, 'dev2', NULL);
INSERT INTO `act_ru_variable` VALUES ('57541', 1, 'string', 'ksrq', '57501', '57501', NULL, NULL, NULL, NULL, '2019-02-26 00:00:00', NULL);
INSERT INTO `act_ru_variable` VALUES ('57543', 1, 'string', 'jsrq', '57501', '57501', NULL, NULL, NULL, NULL, '2019-02-26 00:00:00', NULL);
INSERT INTO `act_ru_variable` VALUES ('57545', 2, 'string', 'id', '57501', '57501', NULL, NULL, NULL, NULL, '10233leaveleave_usertask1.html', NULL);
INSERT INTO `act_ru_variable` VALUES ('57559', 1, 'string', 'owner', '57501', '57501', NULL, NULL, NULL, NULL, '10233', NULL);
INSERT INTO `act_ru_variable` VALUES ('57563', 1, 'string', 'description', '57501', '57501', NULL, NULL, NULL, NULL, 'dev1', NULL);
INSERT INTO `act_ru_variable` VALUES ('57565', 1, 'string', 'agree', '57501', '57501', NULL, NULL, NULL, NULL, 'true', NULL);
INSERT INTO `act_ru_variable` VALUES ('57569', 1, 'string', 'assignee', '57501', '57501', NULL, NULL, NULL, NULL, '10233', NULL);
INSERT INTO `act_ru_variable` VALUES ('57571', 1, 'string', 'ks_spyj', '57501', '57501', NULL, NULL, NULL, NULL, '  ', NULL);
INSERT INTO `act_ru_variable` VALUES ('60019', 1, 'string', 'usersprs', '60001', '60001', NULL, NULL, NULL, NULL, '115#10233', NULL);
INSERT INTO `act_ru_variable` VALUES ('60021', 1, 'string', 'sqrq', '60001', '60001', NULL, NULL, NULL, NULL, '2019-02-26 16:49:52', NULL);
INSERT INTO `act_ru_variable` VALUES ('60023', 1, 'string', 'bk', '60001', '60001', NULL, NULL, NULL, NULL, '2019022616495210234', NULL);
INSERT INTO `act_ru_variable` VALUES ('60025', 1, 'string', 'sprs', '60001', '60001', NULL, NULL, NULL, NULL, '10233', NULL);
INSERT INTO `act_ru_variable` VALUES ('60027', 1, 'string', 'bmmc', '60001', '60001', NULL, NULL, NULL, NULL, '', NULL);
INSERT INTO `act_ru_variable` VALUES ('60029', 1, 'string', 'imgName', '60001', '60001', NULL, NULL, NULL, NULL, '', NULL);
INSERT INTO `act_ru_variable` VALUES ('60031', 1, 'string', 'qjlx', '60001', '60001', NULL, NULL, NULL, NULL, '', NULL);
INSERT INTO `act_ru_variable` VALUES ('60033', 1, 'string', 'qjly', '60001', '60001', NULL, NULL, NULL, NULL, '222', NULL);
INSERT INTO `act_ru_variable` VALUES ('60035', 1, 'string', 'u_id', '60001', '60001', NULL, NULL, NULL, NULL, '10234', NULL);
INSERT INTO `act_ru_variable` VALUES ('60037', 1, 'string', 'file', '60001', '60001', NULL, NULL, NULL, NULL, '', NULL);
INSERT INTO `act_ru_variable` VALUES ('60039', 1, 'string', 'sqr', '60001', '60001', NULL, NULL, NULL, NULL, 'dev2', NULL);
INSERT INTO `act_ru_variable` VALUES ('60041', 1, 'string', 'ksrq', '60001', '60001', NULL, NULL, NULL, NULL, '2019-02-26 00:00:00', NULL);
INSERT INTO `act_ru_variable` VALUES ('60043', 1, 'string', 'jsrq', '60001', '60001', NULL, NULL, NULL, NULL, '2019-02-26 00:00:00', NULL);
INSERT INTO `act_ru_variable` VALUES ('60045', 1, 'string', 'id', '60001', '60001', NULL, NULL, NULL, NULL, '10234leaveleave_startevent1.html', NULL);

-- ----------------------------
-- Table structure for aff_car_info
-- ----------------------------
DROP TABLE IF EXISTS `aff_car_info`;
CREATE TABLE `aff_car_info`  (
  `c_id` int(11) NOT NULL AUTO_INCREMENT COMMENT '',
  `car_model` varchar(255) CHARACTER SET utf8mb4 COLLATE utf8mb4_general_ci NULL DEFAULT NULL COMMENT '',
  `car_card` varchar(255) CHARACTER SET utf8mb4 COLLATE utf8mb4_general_ci NULL DEFAULT NULL COMMENT '',
  `car_type` varchar(255) CHARACTER SET utf8mb4 COLLATE utf8mb4_general_ci NULL DEFAULT NULL COMMENT '',
  `car_limit` int(255) NULL DEFAULT NULL COMMENT '',
  `buy_time` varchar(255) CHARACTER SET utf8mb4 COLLATE utf8mb4_general_ci NULL DEFAULT NULL COMMENT '',
  `kilometres` int(255) NULL DEFAULT NULL COMMENT '',
  `next_inspection_time` varchar(255) CHARACTER SET utf8mb4 COLLATE utf8mb4_general_ci NULL DEFAULT NULL COMMENT '',
  `car_status` int(255) NULL DEFAULT NULL COMMENT '012',
  PRIMARY KEY (`c_id`) USING BTREE
) ENGINE = InnoDB AUTO_INCREMENT = 4 CHARACTER SET = utf8mb4 COLLATE = utf8mb4_general_ci ROW_FORMAT = Dynamic;

-- ----------------------------
-- Records of aff_car_info
-- ----------------------------
INSERT INTO `aff_car_info` VALUES (2, '1212', '3213213', '1', 5, '2019-01-22 00:00:00', 3, '2019-01-02 00:00:00', 1);
INSERT INTO `aff_car_info` VALUES (3, '1231213', '13123', '2', 4, '2019-01-28 00:00:00', 0, '2019-01-08 00:00:00', 2);

-- ----------------------------
-- Table structure for aff_car_info_status
-- ----------------------------
DROP TABLE IF EXISTS `aff_car_info_status`;
CREATE TABLE `aff_car_info_status`  (
  `s_id` int(11) NOT NULL COMMENT '',
  `status_info` varchar(255) CHARACTER SET utf8mb4 COLLATE utf8mb4_general_ci NULL DEFAULT NULL COMMENT '012',
  PRIMARY KEY (`s_id`) USING BTREE
) ENGINE = InnoDB CHARACTER SET = utf8mb4 COLLATE = utf8mb4_general_ci ROW_FORMAT = Dynamic;

-- ----------------------------
-- Records of aff_car_info_status
-- ----------------------------
INSERT INTO `aff_car_info_status` VALUES (0, '');
INSERT INTO `aff_car_info_status` VALUES (1, '');
INSERT INTO `aff_car_info_status` VALUES (2, '');

-- ----------------------------
-- Table structure for aff_car_info_type
-- ----------------------------
DROP TABLE IF EXISTS `aff_car_info_type`;
CREATE TABLE `aff_car_info_type`  (
  `t_id` int(11) NOT NULL AUTO_INCREMENT COMMENT '',
  `type_info` varchar(255) CHARACTER SET utf8mb4 COLLATE utf8mb4_general_ci NULL DEFAULT NULL COMMENT '',
  PRIMARY KEY (`t_id`) USING BTREE
) ENGINE = InnoDB AUTO_INCREMENT = 5 CHARACTER SET = utf8mb4 COLLATE = utf8mb4_general_ci ROW_FORMAT = Dynamic;

-- ----------------------------
-- Records of aff_car_info_type
-- ----------------------------
INSERT INTO `aff_car_info_type` VALUES (1, '');
INSERT INTO `aff_car_info_type` VALUES (2, '');
INSERT INTO `aff_car_info_type` VALUES (3, '');
INSERT INTO `aff_car_info_type` VALUES (4, '');

-- ----------------------------
-- Table structure for aff_t_assets
-- ----------------------------
DROP TABLE IF EXISTS `aff_t_assets`;
CREATE TABLE `aff_t_assets`  (
  `id` int(255) NOT NULL COMMENT '',
  `asset_catalog` int(255) NULL DEFAULT NULL COMMENT '',
  `asset_name` varchar(255) CHARACTER SET utf8mb4 COLLATE utf8mb4_general_ci NULL DEFAULT NULL COMMENT '',
  `unit` varchar(255) CHARACTER SET utf8mb4 COLLATE utf8mb4_general_ci NULL DEFAULT NULL COMMENT '',
  `grand` varchar(255) CHARACTER SET utf8mb4 COLLATE utf8mb4_general_ci NULL DEFAULT NULL COMMENT '',
  `model_number` varchar(255) CHARACTER SET utf8mb4 COLLATE utf8mb4_general_ci NULL DEFAULT NULL COMMENT '',
  `remark` varchar(255) CHARACTER SET utf8mb4 COLLATE utf8mb4_general_ci NULL DEFAULT NULL COMMENT '',
  PRIMARY KEY (`id`) USING BTREE
) ENGINE = InnoDB CHARACTER SET = utf8mb4 COLLATE = utf8mb4_general_ci ROW_FORMAT = Dynamic;

-- ----------------------------
-- Table structure for aff_t_assets_catalog
-- ----------------------------
DROP TABLE IF EXISTS `aff_t_assets_catalog`;
CREATE TABLE `aff_t_assets_catalog`  (
  `id` int(11) UNSIGNED NOT NULL AUTO_INCREMENT COMMENT '',
  `name` varchar(255) CHARACTER SET utf8mb4 COLLATE utf8mb4_general_ci NULL DEFAULT NULL COMMENT '',
  `createtime` date NULL DEFAULT NULL COMMENT '',
  `creator` int(255) NULL DEFAULT NULL COMMENT '',
  `update_user` int(255) NULL DEFAULT NULL COMMENT 'id',
  `updatetime` date NULL DEFAULT NULL COMMENT '',
  PRIMARY KEY (`id`) USING BTREE
) ENGINE = InnoDB AUTO_INCREMENT = 8 CHARACTER SET = utf8mb4 COLLATE = utf8mb4_general_ci ROW_FORMAT = Dynamic;

-- ----------------------------
-- Records of aff_t_assets_catalog
-- ----------------------------
INSERT INTO `aff_t_assets_catalog` VALUES (7, '', '2019-02-25', 10233, 10233, '2019-02-25');

-- ----------------------------
-- Table structure for aff_t_attachment
-- ----------------------------
DROP TABLE IF EXISTS `aff_t_attachment`;
CREATE TABLE `aff_t_attachment`  (
  `attach_id` varchar(36) CHARACTER SET utf8mb4 COLLATE utf8mb4_general_ci NOT NULL COMMENT 'uuid',
  `attach_name` varchar(255) CHARACTER SET utf8mb4 COLLATE utf8mb4_general_ci NULL DEFAULT NULL COMMENT '',
  `attach_type` varchar(255) CHARACTER SET utf8mb4 COLLATE utf8mb4_general_ci NULL DEFAULT NULL COMMENT '',
  `createtime` varchar(255) CHARACTER SET utf8mb4 COLLATE utf8mb4_general_ci NULL DEFAULT NULL COMMENT '',
  `url` varchar(255) CHARACTER SET utf8mb4 COLLATE utf8mb4_general_ci NULL DEFAULT NULL COMMENT '',
  PRIMARY KEY (`attach_id`) USING BTREE
) ENGINE = InnoDB CHARACTER SET = utf8mb4 COLLATE = utf8mb4_general_ci ROW_FORMAT = Dynamic;

-- ----------------------------
-- Records of aff_t_attachment
-- ----------------------------
INSERT INTO `aff_t_attachment` VALUES ('256f94d436fa47b589475af5b620f299', 'aff_t_zdgz.sql', 'sql', '2019-02-14 10:10:16', '\\\\2019-02-14\\ac5bea5b-50ac-4c4c-8f65-1fdcb14700d7_aff_t_zdgz.sql');
INSERT INTO `aff_t_attachment` VALUES ('2ab1689e0bcc4352af1d31490bbcfee7', 'zzcms.sql', 'sql', '2019-01-29 10:40:19', '\\\\2019-01-29\\80046480-d334-4fb0-8989-f01eee334883_zzcms.sql');
INSERT INTO `aff_t_attachment` VALUES ('36108e0dcdf44e75b4a14e65e0dd70b1', 'error.log', 'log', '2019-01-29 17:14:42', '\\\\2019-01-29\\88dea2e2-f683-48bc-a3f3-ad7c42039ab5_error.log');
INSERT INTO `aff_t_attachment` VALUES ('465e18c403694cc3afd0b2ad3765ee2e', 'aff_t_zdgz.sql', 'sql', '2019-02-14 10:18:36', '\\\\2019-02-14\\995f210a-9563-4c60-996c-900d269c4460_aff_t_zdgz.sql');
INSERT INTO `aff_t_attachment` VALUES ('4edd5a8dc5b3460984b4d8d68fb13d53', 'new 2.txt', 'txt', '2019-02-11 15:41:49', '\\\\2019-02-11\\aa57d79e-af96-4a1d-ad31-990892716bba_new 2.txt');
INSERT INTO `aff_t_attachment` VALUES ('6a1bad1ac8b54eeab4cc27a194dcbc8e', 'aff_car_info.sql', 'sql', '2019-02-14 09:37:52', '\\\\2019-02-14\\71c06f54-d8b9-4a04-932c-8497f2a3035d_aff_car_info.sql');
INSERT INTO `aff_t_attachment` VALUES ('6c9802b0902941e9ac8ebfbedf1a81fa', 'new 2.txt', 'txt', '2019-01-29 10:28:15', '\\\\2019-01-29\\2a4e87d1-22bf-4f6e-8b93-be53a9e5d820_new 2.txt');
INSERT INTO `aff_t_attachment` VALUES ('6e8618a77b1d4797a9fc969b3fdc17a0', 'new 2.txt', 'txt', '2019-02-11 15:44:49', '\\\\2019-02-11\\bbd2df78-dda3-4baa-94a2-f50a1c4a4cfc_new 2.txt');
INSERT INTO `aff_t_attachment` VALUES ('7516326348684026ad8527b2009dd21b', 'coverage-error.log', 'log', '2019-02-11 15:46:55', '\\\\2019-02-11\\9861cf40-e11d-49f3-ba83-917219dcdb8f_coverage-error.log');
INSERT INTO `aff_t_attachment` VALUES ('75ae8f07a4fc42a2846744dc9ff5630f', 'error.log', 'log', '2019-01-29 15:02:48', '\\\\2019-01-29\\d64a151d-fe62-4a21-ae3d-8e04883e993a_error.log');
INSERT INTO `aff_t_attachment` VALUES ('7c46fc90d26643e98ed832761eeac404', 'error.log', 'log', '2019-01-29 10:25:00', '\\\\2019-01-29\\594cc97d-e6ed-42cf-8a2d-fc45fb815db0_error.log');
INSERT INTO `aff_t_attachment` VALUES ('81ae12111c91478e8e7a1433c88b22d4', 'error.log', 'log', '2019-02-14 09:52:05', '\\\\2019-02-14\\125c2d80-ad79-49bf-9755-e8e756ee4959_error.log');
INSERT INTO `aff_t_attachment` VALUES ('972b83b49e51436196c523f40b2a5c17', 'coverage-error.log', 'log', '2019-01-29 17:14:42', '\\\\2019-01-29\\7998b265-620c-496f-8c39-a4f01de52572_coverage-error.log');
INSERT INTO `aff_t_attachment` VALUES ('a6ce6be1d5194f86855c08fab9087094', 'logoo.png', 'png', '2019-01-29 10:32:58', '\\\\2019-01-29\\6a633077-3935-4a18-81fe-3e33a1e389bb_logoo.png');
INSERT INTO `aff_t_attachment` VALUES ('acc249b955f447f7b7cf31a266bb9f1e', 'aff_t_zdgz.sql', 'sql', '2019-02-14 10:08:45', '\\\\2019-02-14\\c71c5c5f-638c-4302-b5f5-62f7af326610_aff_t_zdgz.sql');
INSERT INTO `aff_t_attachment` VALUES ('b0f40791be354e3fac7a6fb8164eac4e', 'coverage-error.log', 'log', '2019-02-11 13:51:13', '\\\\2019-02-11\\6ca35cb8-6db7-432c-9c6d-91303da0b5f0_coverage-error.log');
INSERT INTO `aff_t_attachment` VALUES ('bbb96d37d1844e66ac7484ea1c817d7d', '20191.mpp', 'mpp', '2019-01-30 14:40:52', '\\\\2019-01-30\\e89bef7e-5584-4709-801d-856c4e1d9dbf_20191.mpp');
INSERT INTO `aff_t_attachment` VALUES ('ced258299f9f4fd9a8b8d2ecb1ce57b0', 'coverage-error.log', 'log', '2019-02-11 15:49:01', '\\\\2019-02-11\\a58c22d7-4dc7-4a80-bb7d-3b2535283e55_coverage-error.log');
INSERT INTO `aff_t_attachment` VALUES ('d00bc263488943b584f0f06ae0353066', 'new 2.txt', 'txt', '2019-01-29 10:38:12', '\\\\2019-01-29\\9ac1d041-5a67-406d-b65c-061d49394670_new 2.txt');
INSERT INTO `aff_t_attachment` VALUES ('d861a41820cb49369269147ce854bfe5', 'ids_dept.xls', 'xls', '2019-02-14 10:03:57', '\\\\2019-02-14\\cfde2c28-3125-4fe4-8712-425b5cf5f7e5_ids_dept.xls');
INSERT INTO `aff_t_attachment` VALUES ('d939a26882c7495288a84aa822a74d48', 'coverage-error.log', 'log', '2019-02-11 15:50:58', '\\\\2019-02-11\\3989066d-3f5c-44be-9392-04636fbc5a60_coverage-error.log');
INSERT INTO `aff_t_attachment` VALUES ('e5a342c34fed4b45bbb069cfc5129473', 'logoo.png', 'png', '2019-01-29 10:37:13', '\\\\2019-01-29\\365847fd-9aa7-4c4e-980a-d3e329092d38_logoo.png');
INSERT INTO `aff_t_attachment` VALUES ('e5aa334a657948128b61c2a898271d68', 'coverage-error.log', 'log', '2019-02-11 15:39:33', '\\\\2019-02-11\\7626eda0-7947-4ef4-afab-e1741f3f13d5_coverage-error.log');
INSERT INTO `aff_t_attachment` VALUES ('e6b02e2db4ca48719320cd5337b14092', 'aff_car_info.sql', 'sql', '2019-02-14 10:23:43', '\\\\2019-02-14\\98468f41-7682-4867-a64e-8c880d65b861_aff_car_info.sql');
INSERT INTO `aff_t_attachment` VALUES ('e8405192932a4136ab3c7b6e852088b5', 'logoo.png', 'png', '2019-02-12 14:15:28', '\\\\2019-02-12\\befd0411-c867-41ec-8496-d7e00ced7c57_logoo.png');
INSERT INTO `aff_t_attachment` VALUES ('f2b9e8f8530f47febbc31a2e26a7b964', '20191.mpp', 'mpp', '2019-01-29 10:34:19', '\\\\2019-01-29\\5b57954d-054e-4057-833d-17a1d9ac6b71_20191.mpp');
INSERT INTO `aff_t_attachment` VALUES ('ffc55b4673584fa1a5349f8f3898ecf7', 'aff_t_zdgz.sql', 'sql', '2019-02-14 10:13:07', '\\\\2019-02-14\\9ba5e1f6-a500-4233-8297-a3763c7c4adc_aff_t_zdgz.sql');

-- ----------------------------
-- Table structure for aff_t_journal
-- ----------------------------
DROP TABLE IF EXISTS `aff_t_journal`;
CREATE TABLE `aff_t_journal`  (
  `j_id` int(11) NOT NULL AUTO_INCREMENT COMMENT '',
  `today_work_content` varchar(3000) CHARACTER SET utf8mb4 COLLATE utf8mb4_general_ci NULL DEFAULT NULL COMMENT '',
  `attachment_id` varchar(1000) CHARACTER SET utf8mb4 COLLATE utf8mb4_general_ci NULL DEFAULT NULL COMMENT 'id',
  `submitter` int(255) NULL DEFAULT NULL COMMENT '',
  `submit_time` date NULL DEFAULT NULL COMMENT '',
  `receiver` varchar(255) CHARACTER SET utf8mb4 COLLATE utf8mb4_general_ci NULL DEFAULT NULL COMMENT 'id,',
  `unfinished_work` varchar(3000) CHARACTER SET utf8mb4 COLLATE utf8mb4_general_ci NULL DEFAULT NULL COMMENT '',
  `coordinated_work` varchar(3000) CHARACTER SET utf8mb4 COLLATE utf8mb4_general_ci NULL DEFAULT NULL COMMENT '',
  `uniqueid` varchar(255) CHARACTER SET utf8mb4 COLLATE utf8mb4_general_ci NULL DEFAULT NULL COMMENT '',
  PRIMARY KEY (`j_id`) USING BTREE
) ENGINE = InnoDB AUTO_INCREMENT = 43 CHARACTER SET = utf8mb4 COLLATE = utf8mb4_general_ci ROW_FORMAT = Dynamic;

-- ----------------------------
-- Records of aff_t_journal
-- ----------------------------
INSERT INTO `aff_t_journal` VALUES (28, 'asa', NULL, 2, '2019-01-29', '2', 'asas', 'asas', 'ea19658675634197ba952536d1133c24');
INSERT INTO `aff_t_journal` VALUES (29, 'asa', NULL, 2, '2019-01-29', '1', 'asas', 'asas', 'ea19658675634197ba952536d1133c24');
INSERT INTO `aff_t_journal` VALUES (30, 'asas11111111', NULL, 2, '2019-01-29', '2', 'asas', 'asasaaasasasas', 'b1e5c162738b41cbb9ba97b48ebcf1f7');
INSERT INTO `aff_t_journal` VALUES (31, 'asas11111111', NULL, 2, '2019-01-29', '1', 'asas', 'asasaaasasasas', 'b1e5c162738b41cbb9ba97b48ebcf1f7');
INSERT INTO `aff_t_journal` VALUES (32, '111111', '75ae8f07a4fc42a2846744dc9ff5630f,', 2, '2019-01-29', '2', '11111', '111111', '3c3e2037f67b4ee3ada0599653595353');
INSERT INTO `aff_t_journal` VALUES (33, '111111', '75ae8f07a4fc42a2846744dc9ff5630f,', 2, '2019-01-29', '1', '11111', '111111', '3c3e2037f67b4ee3ada0599653595353');
INSERT INTO `aff_t_journal` VALUES (34, 'asdas', '36108e0dcdf44e75b4a14e65e0dd70b1,,972b83b49e51436196c523f40b2a5c17,', 2, '2019-01-29', '2', 'asdasd', 'asdasdsada', 'a2098c17d7a14a2b95dad827585a4160');
INSERT INTO `aff_t_journal` VALUES (35, 'asdas', '36108e0dcdf44e75b4a14e65e0dd70b1,,972b83b49e51436196c523f40b2a5c17,', 2, '2019-01-29', '1', 'asdasd', 'asdasdsada', 'a2098c17d7a14a2b95dad827585a4160');
INSERT INTO `aff_t_journal` VALUES (36, '2222', 'bbb96d37d1844e66ac7484ea1c817d7d,', 2, '2018-01-30', '2', '2222', '2222', '06b791dbe57445fe914df40a708411c4');
INSERT INTO `aff_t_journal` VALUES (37, '2222', 'bbb96d37d1844e66ac7484ea1c817d7d,', 2, '2018-01-30', '1', '2222', '2222', '06b791dbe57445fe914df40a708411c4');
INSERT INTO `aff_t_journal` VALUES (38, NULL, 'e5aa334a657948128b61c2a898271d68,', 2, '2019-02-11', '1', NULL, NULL, '570a895e6a324bfebe6e6286517158a5');
INSERT INTO `aff_t_journal` VALUES (39, NULL, '4edd5a8dc5b3460984b4d8d68fb13d53,', 2, '2019-02-11', '1', NULL, NULL, '1513149bb8434493909994b8b4da6153');
INSERT INTO `aff_t_journal` VALUES (40, NULL, '6e8618a77b1d4797a9fc969b3fdc17a0,', 2, '2019-02-11', '1', NULL, NULL, '8336498fc8474d8d8f1520a10536b4ab');
INSERT INTO `aff_t_journal` VALUES (41, NULL, NULL, 2, '2019-02-13', '', NULL, NULL, 'b9c609cc7a1a49ddbc4ddcf0ed0c1a2e');
INSERT INTO `aff_t_journal` VALUES (42, NULL, NULL, 2, '2019-02-13', '1', NULL, NULL, 'b9c609cc7a1a49ddbc4ddcf0ed0c1a2e');

-- ----------------------------
-- Table structure for aff_t_notice
-- ----------------------------
DROP TABLE IF EXISTS `aff_t_notice`;
CREATE TABLE `aff_t_notice`  (
  `t_id` int(11) NOT NULL AUTO_INCREMENT COMMENT 'id',
  `t_userid` int(11) NULL DEFAULT NULL COMMENT '',
  `t_tittle` varchar(500) CHARACTER SET utf8mb4 COLLATE utf8mb4_general_ci NULL DEFAULT NULL COMMENT '',
  `t_content` varchar(3000) CHARACTER SET utf8mb4 COLLATE utf8mb4_general_ci NULL DEFAULT NULL COMMENT '',
  `t_time` date NULL DEFAULT NULL COMMENT '',
  `t_receiver` int(255) NULL DEFAULT NULL COMMENT '',
  PRIMARY KEY (`t_id`) USING BTREE
) ENGINE = InnoDB AUTO_INCREMENT = 3 CHARACTER SET = utf8mb4 COLLATE = utf8mb4_general_ci ROW_FORMAT = Dynamic;

-- ----------------------------
-- Records of aff_t_notice
-- ----------------------------
INSERT INTO `aff_t_notice` VALUES (1, 1, '', '20171219201692017121920169', '2019-02-26', 1);

-- ----------------------------
-- Table structure for aff_t_stamper
-- ----------------------------
DROP TABLE IF EXISTS `aff_t_stamper`;
CREATE TABLE `aff_t_stamper`  (
  `id` int(25) UNSIGNED NOT NULL AUTO_INCREMENT COMMENT '',
  `stamper_type` varchar(255) CHARACTER SET utf8mb4 COLLATE utf8mb4_general_ci NULL DEFAULT NULL COMMENT '',
  `stamper_name` varchar(255) CHARACTER SET utf8mb4 COLLATE utf8mb4_general_ci NULL DEFAULT NULL COMMENT '',
  `createtime` date NULL DEFAULT NULL COMMENT '',
  PRIMARY KEY (`id`) USING BTREE
) ENGINE = InnoDB AUTO_INCREMENT = 4 CHARACTER SET = utf8mb4 COLLATE = utf8mb4_general_ci ROW_FORMAT = Dynamic;

-- ----------------------------
-- Records of aff_t_stamper
-- ----------------------------
INSERT INTO `aff_t_stamper` VALUES (1, '1', '', '2019-02-25');
INSERT INTO `aff_t_stamper` VALUES (2, '1', '', '2019-02-25');
INSERT INTO `aff_t_stamper` VALUES (3, '2', '', '2019-02-25');

-- ----------------------------
-- Table structure for aff_t_stamper_type
-- ----------------------------
DROP TABLE IF EXISTS `aff_t_stamper_type`;
CREATE TABLE `aff_t_stamper_type`  (
  `id` int(11) NOT NULL AUTO_INCREMENT COMMENT '',
  `type_info` varchar(255) CHARACTER SET utf8mb4 COLLATE utf8mb4_general_ci NULL DEFAULT NULL COMMENT '',
  PRIMARY KEY (`id`) USING BTREE
) ENGINE = InnoDB AUTO_INCREMENT = 3 CHARACTER SET = utf8mb4 COLLATE = utf8mb4_general_ci ROW_FORMAT = Dynamic;

-- ----------------------------
-- Records of aff_t_stamper_type
-- ----------------------------
INSERT INTO `aff_t_stamper_type` VALUES (1, '');
INSERT INTO `aff_t_stamper_type` VALUES (2, '');

-- ----------------------------
-- Table structure for aff_t_stamper_usage_statistics
-- ----------------------------
DROP TABLE IF EXISTS `aff_t_stamper_usage_statistics`;
CREATE TABLE `aff_t_stamper_usage_statistics`  (
  `id` int(10) NOT NULL AUTO_INCREMENT COMMENT '',
  `stamper_id` int(255) NULL DEFAULT NULL COMMENT 'id,',
  `applier` int(255) NULL DEFAULT NULL COMMENT 'iduser',
  `apply_time` date NULL DEFAULT NULL COMMENT '',
  PRIMARY KEY (`id`) USING BTREE
) ENGINE = InnoDB AUTO_INCREMENT = 6 CHARACTER SET = utf8mb4 COLLATE = utf8mb4_general_ci ROW_FORMAT = Dynamic;

-- ----------------------------
-- Records of aff_t_stamper_usage_statistics
-- ----------------------------
INSERT INTO `aff_t_stamper_usage_statistics` VALUES (1, 1, 1, '2019-02-06');
INSERT INTO `aff_t_stamper_usage_statistics` VALUES (2, 1, 2, '2019-02-23');
INSERT INTO `aff_t_stamper_usage_statistics` VALUES (3, 1, 2, '2019-02-12');
INSERT INTO `aff_t_stamper_usage_statistics` VALUES (4, 3, 1, '2019-01-16');
INSERT INTO `aff_t_stamper_usage_statistics` VALUES (5, 3, 1, '2019-01-10');

-- ----------------------------
-- Table structure for aff_t_yearwork
-- ----------------------------
DROP TABLE IF EXISTS `aff_t_yearwork`;
CREATE TABLE `aff_t_yearwork`  (
  `w_id` int(11) NOT NULL COMMENT '',
  `submitter` int(255) NULL DEFAULT NULL COMMENT '',
  `work_content` varchar(255) CHARACTER SET utf8mb4 COLLATE utf8mb4_general_ci NULL DEFAULT NULL COMMENT '',
  `createtime` datetime(0) NULL DEFAULT NULL COMMENT '',
  `attach_id` varchar(0) CHARACTER SET utf8mb4 COLLATE utf8mb4_general_ci NULL DEFAULT NULL COMMENT 'id',
  PRIMARY KEY (`w_id`) USING BTREE
) ENGINE = InnoDB CHARACTER SET = utf8mb4 COLLATE = utf8mb4_general_ci ROW_FORMAT = Dynamic;

-- ----------------------------
-- Table structure for aff_t_zdgz
-- ----------------------------
DROP TABLE IF EXISTS `aff_t_zdgz`;
CREATE TABLE `aff_t_zdgz`  (
  `id` int(11) NOT NULL AUTO_INCREMENT COMMENT '',
  `title` varchar(255) CHARACTER SET utf8mb4 COLLATE utf8mb4_general_ci NULL DEFAULT NULL COMMENT '',
  `content` varchar(2000) CHARACTER SET utf8mb4 COLLATE utf8mb4_general_ci NULL DEFAULT NULL COMMENT '',
  `attach_id` varchar(40) CHARACTER SET utf8mb4 COLLATE utf8mb4_general_ci NULL DEFAULT NULL COMMENT 'id',
  `createtime` date NULL DEFAULT NULL COMMENT '',
  `submitter` int(255) NULL DEFAULT NULL COMMENT 'id',
  `audit_state` int(255) NULL DEFAULT 0 COMMENT '012',
  `distribution_state` int(255) NULL DEFAULT 0 COMMENT '01',
  `principal` varchar(255) CHARACTER SET utf8mb4 COLLATE utf8mb4_general_ci NULL DEFAULT NULL COMMENT 'id',
  `auditter` varchar(255) CHARACTER SET utf8mb4 COLLATE utf8mb4_general_ci NULL DEFAULT NULL COMMENT 'id#id',
  PRIMARY KEY (`id`) USING BTREE
) ENGINE = InnoDB AUTO_INCREMENT = 19 CHARACTER SET = utf8mb4 COLLATE = utf8mb4_general_ci ROW_FORMAT = Dynamic;

-- ----------------------------
-- Records of aff_t_zdgz
-- ----------------------------
INSERT INTO `aff_t_zdgz` VALUES (17, '1111', '1111', '465e18c403694cc3afd0b2ad3765ee2e,', '2019-02-14', 10233, 1, 1, '115#10233', '58#10233');
INSERT INTO `aff_t_zdgz` VALUES (18, '222', '222', 'e6b02e2db4ca48719320cd5337b14092,', '2019-02-14', 10233, 1, 1, '115#10233', '58#10233');

-- ----------------------------
-- Table structure for aff_t_zdgzjz
-- ----------------------------
DROP TABLE IF EXISTS `aff_t_zdgzjz`;
CREATE TABLE `aff_t_zdgzjz`  (
  `id` int(255) NOT NULL AUTO_INCREMENT COMMENT '',
  `zdgz_id` int(255) NULL DEFAULT NULL COMMENT '',
  `work_content` varchar(1000) CHARACTER SET utf8mb4 COLLATE utf8mb4_general_ci NULL DEFAULT NULL COMMENT '',
  `createtime` date NULL DEFAULT NULL COMMENT '',
  `submitter` int(255) NULL DEFAULT NULL COMMENT 'id',
  PRIMARY KEY (`id`) USING BTREE
) ENGINE = InnoDB AUTO_INCREMENT = 2 CHARACTER SET = utf8mb4 COLLATE = utf8mb4_general_ci ROW_FORMAT = Dynamic;

-- ----------------------------
-- Records of aff_t_zdgzjz
-- ----------------------------
INSERT INTO `aff_t_zdgzjz` VALUES (1, 17, 'adasdsaasd ', '2019-02-19', 10233);

-- ----------------------------
-- Table structure for aff_vehicle_usage_statistics
-- ----------------------------
DROP TABLE IF EXISTS `aff_vehicle_usage_statistics`;
CREATE TABLE `aff_vehicle_usage_statistics`  (
  `v_id` int(11) NOT NULL AUTO_INCREMENT COMMENT '',
  `c_id` int(255) NULL DEFAULT NULL COMMENT '',
  `apply_date` varchar(255) CHARACTER SET utf8mb4 COLLATE utf8mb4_general_ci NULL DEFAULT NULL COMMENT '',
  `u_id` int(11) NULL DEFAULT NULL COMMENT 'id',
  `dispatching_department` varchar(255) CHARACTER SET utf8mb4 COLLATE utf8mb4_general_ci NULL DEFAULT NULL COMMENT '',
  `driver_id` int(11) NULL DEFAULT NULL COMMENT '',
  `out_time` varchar(255) CHARACTER SET utf8mb4 COLLATE utf8mb4_general_ci NULL DEFAULT NULL COMMENT '',
  `back_time` varchar(255) CHARACTER SET utf8mb4 COLLATE utf8mb4_general_ci NULL DEFAULT NULL COMMENT '',
  `out_mileage` varchar(255) CHARACTER SET utf8mb4 COLLATE utf8mb4_general_ci NULL DEFAULT NULL COMMENT '',
  `back_mileage` varchar(255) CHARACTER SET utf8mb4 COLLATE utf8mb4_general_ci NULL DEFAULT NULL COMMENT '',
  `route` varchar(255) CHARACTER SET utf8mb4 COLLATE utf8mb4_general_ci NULL DEFAULT NULL COMMENT '',
  `dispatch_reason` varchar(255) CHARACTER SET utf8mb4 COLLATE utf8mb4_general_ci NULL DEFAULT NULL COMMENT '',
  PRIMARY KEY (`v_id`) USING BTREE
) ENGINE = InnoDB AUTO_INCREMENT = 2 CHARACTER SET = utf8mb4 COLLATE = utf8mb4_general_ci ROW_FORMAT = Dynamic;

-- ----------------------------
-- Records of aff_vehicle_usage_statistics
-- ----------------------------
INSERT INTO `aff_vehicle_usage_statistics` VALUES (1, 2, '312', 2, '3', 2, '13123', '312312', '111', '113', '3123', '132');

-- ----------------------------
-- Table structure for ext_act_proctype
-- ----------------------------
DROP TABLE IF EXISTS `ext_act_proctype`;
CREATE TABLE `ext_act_proctype`  (
  `type` varchar(60) CHARACTER SET utf8mb4 COLLATE utf8mb4_general_ci NOT NULL COMMENT '',
  `name` varchar(30) CHARACTER SET utf8mb4 COLLATE utf8mb4_general_ci NOT NULL COMMENT '',
  PRIMARY KEY (`type`) USING BTREE
) ENGINE = InnoDB CHARACTER SET = utf8mb4 COLLATE = utf8mb4_general_ci ROW_FORMAT = Dynamic;

-- ----------------------------
-- Records of ext_act_proctype
-- ----------------------------
INSERT INTO `ext_act_proctype` VALUES ('1', '');
INSERT INTO `ext_act_proctype` VALUES ('2', '');
INSERT INTO `ext_act_proctype` VALUES ('66154396-b14b-4e81-8f63-fc87ecc3afb4', '');

-- ----------------------------
-- Table structure for ext_act_re_procdef
-- ----------------------------
DROP TABLE IF EXISTS `ext_act_re_procdef`;
CREATE TABLE `ext_act_re_procdef`  (
  `id` varchar(64) CHARACTER SET utf8 COLLATE utf8_bin NOT NULL COMMENT 'ID',
  `name` varchar(255) CHARACTER SET utf8 COLLATE utf8_bin NULL DEFAULT NULL COMMENT '',
  `key` varchar(255) CHARACTER SET utf8 COLLATE utf8_bin NULL DEFAULT NULL COMMENT 'KEY',
  `version` int(11) NOT NULL COMMENT '',
  `deployment_id` varchar(64) CHARACTER SET utf8 COLLATE utf8_bin NULL DEFAULT NULL COMMENT 'ID',
  `resource_name` varchar(4000) CHARACTER SET utf8 COLLATE utf8_bin NULL DEFAULT NULL COMMENT 'bpmn',
  `dgrm_resource_name` varchar(4000) CHARACTER SET utf8 COLLATE utf8_bin NULL DEFAULT NULL COMMENT '',
  `description` varchar(4000) CHARACTER SET utf8 COLLATE utf8_bin NULL DEFAULT NULL COMMENT '',
  `createtime` varchar(19) CHARACTER SET utf8 COLLATE utf8_bin NULL DEFAULT NULL COMMENT '',
  `updatetime` varchar(19) CHARACTER SET utf8 COLLATE utf8_bin NULL DEFAULT NULL COMMENT '',
  `createuser` varchar(50) CHARACTER SET utf8 COLLATE utf8_bin NULL DEFAULT NULL COMMENT '',
  `updateuser` varchar(50) CHARACTER SET utf8 COLLATE utf8_bin NULL DEFAULT NULL COMMENT '',
  `protype` varchar(60) CHARACTER SET utf8 COLLATE utf8_bin NULL DEFAULT NULL COMMENT '',
  `zdcxsc` varchar(20) CHARACTER SET utf8 COLLATE utf8_bin NULL DEFAULT NULL COMMENT '',
  PRIMARY KEY (`id`) USING BTREE
) ENGINE = InnoDB CHARACTER SET = utf8 COLLATE = utf8_bin ROW_FORMAT = Dynamic;

-- ----------------------------
-- Records of ext_act_re_procdef
-- ----------------------------
INSERT INTO `ext_act_re_procdef` VALUES ('chapter:1:22544', '', 'chapter', 1, '22540', 'chapter.bpmn', 'chapter.png', '2', '2019-02-25 15:51:16', NULL, 'dev2', NULL, '1', '2');
INSERT INTO `ext_act_re_procdef` VALUES ('chapter:2:25005', '', 'chapter', 2, '25001', 'chapter.bpmn', 'chapter.png', '2222', '2019-02-25 16:37:55', NULL, 'dev2', NULL, '1', '2');
INSERT INTO `ext_act_re_procdef` VALUES ('chapter:3:27506', '', 'chapter', 3, '27501', 'chapter.bpmn', 'chapter.png', '3', '2019-02-25 16:44:23', NULL, 'dev2', NULL, '1', '3');
INSERT INTO `ext_act_re_procdef` VALUES ('chapter:4:27551', '', 'chapter', 4, '27546', 'chapter.bpmn', 'chapter.png', '222133', '2019-02-25 16:51:28', NULL, 'dev2', NULL, '1', '33');
INSERT INTO `ext_act_re_procdef` VALUES ('leave:1:8', '', 'leave', 1, '1', 'leave.bpmn', 'leave.png', 'test', '2019-02-25 10:35:18', '2019-02-25 11:34:34', 'dev2', NULL, '1', '1');

-- ----------------------------
-- Table structure for oa_t_chapter
-- ----------------------------
DROP TABLE IF EXISTS `oa_t_chapter`;
CREATE TABLE `oa_t_chapter`  (
  `bk` varchar(50) CHARACTER SET utf8mb4 COLLATE utf8mb4_general_ci NOT NULL COMMENT '',
  `proid` varchar(64) CHARACTER SET utf8mb4 COLLATE utf8mb4_general_ci NOT NULL COMMENT 'ID',
  `sqr` varchar(50) CHARACTER SET utf8mb4 COLLATE utf8mb4_general_ci NULL DEFAULT NULL COMMENT '',
  `bmmc` varchar(50) CHARACTER SET utf8mb4 COLLATE utf8mb4_general_ci NULL DEFAULT NULL COMMENT '',
  `sqrq` varchar(50) CHARACTER SET utf8mb4 COLLATE utf8mb4_general_ci NULL DEFAULT NULL COMMENT '',
  `yyfs` varchar(20) CHARACTER SET utf8mb4 COLLATE utf8mb4_general_ci NULL DEFAULT NULL COMMENT '',
  `yylx` varchar(50) CHARACTER SET utf8mb4 COLLATE utf8mb4_general_ci NULL DEFAULT NULL COMMENT '',
  `yynr` varchar(50) CHARACTER SET utf8mb4 COLLATE utf8mb4_general_ci NULL DEFAULT NULL COMMENT '',
  `u_id` varchar(11) CHARACTER SET utf8mb4 COLLATE utf8mb4_general_ci NULL DEFAULT NULL COMMENT 'ID',
  PRIMARY KEY (`bk`) USING BTREE
) ENGINE = InnoDB CHARACTER SET = utf8mb4 COLLATE = utf8mb4_general_ci ROW_FORMAT = Dynamic;

-- ----------------------------
-- Records of oa_t_chapter
-- ----------------------------
INSERT INTO `oa_t_chapter` VALUES ('2019022515492910234', '22501', 'dev2', '', '2019-02-25 15:49:29', '22', 'dddddada', '222', '10234');
INSERT INTO `oa_t_chapter` VALUES ('2019022515515710234', '22545', 'dev2', '', '2019-02-25 15:51:57', '2', 'dddddada', '222', '10234');
INSERT INTO `oa_t_chapter` VALUES ('2019022516445910234', '27507', 'dev2', '', '2019-02-25 16:44:59', '2', 'dddddada', '2222', '10234');
INSERT INTO `oa_t_chapter` VALUES ('2019022516520110234', '27552', 'dev2', '', '2019-02-25 16:52:01', '222', 'dddddada', '', '10234');
INSERT INTO `oa_t_chapter` VALUES ('2019022516584910234', '27612', 'dev2', '', '2019-02-25 16:58:49', '2000', 'dddddada', 'dddddada', '10234');
INSERT INTO `oa_t_chapter` VALUES ('2019022517010310234', '27672', 'dev2', '', '2019-02-25 17:01:03', '100', 'eeee', 'eeee', '10234');
INSERT INTO `oa_t_chapter` VALUES ('2019022517050010234', '27732', 'dev2', '', '2019-02-25 17:05:00', '200', 'dddddada', '200', '10234');
INSERT INTO `oa_t_chapter` VALUES ('2019022517054610234', '27792', 'dev2', '', '2019-02-25 17:05:46', '100', 'eeee', '1111', '10234');
INSERT INTO `oa_t_chapter` VALUES ('2019022517084510234', '27852', 'dev2', '', '2019-02-25 17:08:45', '111', 'dddddada', '1', '10234');
INSERT INTO `oa_t_chapter` VALUES ('2019022517470210234', '35001', 'dev2', '', '2019-02-25 17:47:02', '200', '', '200', '10234');
INSERT INTO `oa_t_chapter` VALUES ('2019022609013110234', '40156', 'dev2', '', '2019-02-26 09:01:31', '222', '', '222', '10234');
INSERT INTO `oa_t_chapter` VALUES ('2019022609492710234', '45001', 'dev2', '', '2019-02-26 09:49:27', '2000', '', '', '10234');
INSERT INTO `oa_t_chapter` VALUES ('2019022610054410234', '45061', 'dev2', '', '2019-02-26 10:05:44', '2', '', '2', '10234');
INSERT INTO `oa_t_chapter` VALUES ('2019022613060410234', '50001', 'dev2', '', '2019-02-26 13:06:04', '22', '', '22', '10234');

-- ----------------------------
-- Table structure for oa_t_leave
-- ----------------------------
DROP TABLE IF EXISTS `oa_t_leave`;
CREATE TABLE `oa_t_leave`  (
  `bk` varchar(50) CHARACTER SET utf8mb4 COLLATE utf8mb4_general_ci NOT NULL COMMENT '',
  `proid` varchar(64) CHARACTER SET utf8mb4 COLLATE utf8mb4_general_ci NOT NULL COMMENT 'ID',
  `sqr` varchar(50) CHARACTER SET utf8mb4 COLLATE utf8mb4_general_ci NULL DEFAULT NULL COMMENT '',
  `bmmc` varchar(50) CHARACTER SET utf8mb4 COLLATE utf8mb4_general_ci NULL DEFAULT NULL COMMENT '',
  `sqrq` varchar(50) CHARACTER SET utf8mb4 COLLATE utf8mb4_general_ci NULL DEFAULT NULL COMMENT '',
  `qjlx` varchar(20) CHARACTER SET utf8mb4 COLLATE utf8mb4_general_ci NULL DEFAULT NULL COMMENT '',
  `ksrq` varchar(50) CHARACTER SET utf8mb4 COLLATE utf8mb4_general_ci NULL DEFAULT NULL COMMENT '',
  `jsrq` varchar(50) CHARACTER SET utf8mb4 COLLATE utf8mb4_general_ci NULL DEFAULT NULL COMMENT '',
  `qjly` varchar(500) CHARACTER SET utf8mb4 COLLATE utf8mb4_general_ci NULL DEFAULT NULL COMMENT '',
  `u_id` varchar(11) CHARACTER SET utf8mb4 COLLATE utf8mb4_general_ci NULL DEFAULT NULL COMMENT 'ID',
  PRIMARY KEY (`bk`) USING BTREE
) ENGINE = InnoDB CHARACTER SET = utf8mb4 COLLATE = utf8mb4_general_ci ROW_FORMAT = Dynamic;

-- ----------------------------
-- Records of oa_t_leave
-- ----------------------------
INSERT INTO `oa_t_leave` VALUES ('2019022510353710234', '57', 'dev2', '', '2019-02-25 10:35:37', '', '2019-02-25 00:00:00', '2019-02-28 00:00:00', '22', '10234');
INSERT INTO `oa_t_leave` VALUES ('2019022510384710234', '2501', 'dev2', '', '2019-02-25 10:38:47', '', '2019-02-25 00:00:00', '2019-02-25 00:00:00', '1', '10234');
INSERT INTO `oa_t_leave` VALUES ('2019022510393010234', '2549', 'dev2', '', '2019-02-25 10:39:30', '', '2019-02-25 00:00:00', '2019-02-28 00:00:00', '2', '10234');
INSERT INTO `oa_t_leave` VALUES ('2019022512465010234', '7501', 'dev2', '', '2019-02-25 12:46:50', '', '2019-02-25 00:00:00', '2019-02-25 00:00:00', '22', '');
INSERT INTO `oa_t_leave` VALUES ('2019022514492910234', '10001', 'dev2', '', '2019-02-25 14:49:29', '', '2019-02-25 00:00:00', '2019-02-25 00:00:00', '22222', '');
INSERT INTO `oa_t_leave` VALUES ('2019022514515910234', '15001', 'dev2', '', '2019-02-25 14:51:59', '', '2019-02-25 00:00:00', '2019-02-25 00:00:00', '2222', '10234');
INSERT INTO `oa_t_leave` VALUES ('2019022608341910234', '37501', 'dev2', '', '2019-02-26 08:34:19', '', '2019-02-26 00:00:00', '2019-02-27 00:00:00', '', '10234');
INSERT INTO `oa_t_leave` VALUES ('2019022608392310234', '37619', 'dev2', '', '2019-02-26 08:39:23', '', '2019-02-26 00:00:00', '2019-02-26 00:00:00', '222', '10234');
INSERT INTO `oa_t_leave` VALUES ('2019022608580710234', '40024', 'dev2', '', '2019-02-26 08:58:07', '', '2019-02-26 00:00:00', '2019-02-26 00:00:00', '1', '10234');
INSERT INTO `oa_t_leave` VALUES ('2019022609095010234', '42501', 'dev2', '', '2019-02-26 09:09:50', '', '2019-02-26 00:00:00', '2019-02-27 00:00:00', '2222', '10234');
INSERT INTO `oa_t_leave` VALUES ('2019022610425810234', '47501', 'dev2', '', '2019-02-26 10:42:58', '', '2019-02-26 00:00:00', '2019-02-26 00:00:00', '', '10234');
INSERT INTO `oa_t_leave` VALUES ('2019022616085710234', '55001', 'dev2', '', '2019-02-26 16:08:57', '', '2019-02-26 00:00:00', '2019-02-26 00:00:00', '', '10234');
INSERT INTO `oa_t_leave` VALUES ('2019022616432610234', '57501', 'dev2', '', '2019-02-26 16:43:26', '', '2019-02-26 00:00:00', '2019-02-26 00:00:00', '222', '10234');
INSERT INTO `oa_t_leave` VALUES ('2019022616495210234', '60001', 'dev2', '', '2019-02-26 16:49:52', '', '2019-02-26 00:00:00', '2019-02-26 00:00:00', '222', '10234');
INSERT INTO `oa_t_leave` VALUES ('2019022616535710234', '60049', 'dev2', '', '2019-02-26 16:53:57', '', '2019-02-26 00:00:00', '2019-02-26 00:00:00', '222', '10234');

-- ----------------------------
-- Table structure for oa_t_user_procdef
-- ----------------------------
DROP TABLE IF EXISTS `oa_t_user_procdef`;
CREATE TABLE `oa_t_user_procdef`  (
  `u_id` varchar(300) CHARACTER SET utf8mb4 COLLATE utf8mb4_general_ci NULL DEFAULT NULL COMMENT 'ID',
  `p_id` varchar(64) CHARACTER SET utf8mb4 COLLATE utf8mb4_general_ci NULL DEFAULT NULL COMMENT 'ID'
) ENGINE = InnoDB CHARACTER SET = utf8mb4 COLLATE = utf8mb4_general_ci ROW_FORMAT = Dynamic;

-- ----------------------------
-- Records of oa_t_user_procdef
-- ----------------------------
INSERT INTO `oa_t_user_procdef` VALUES ('115#10233', 'leave:1:8');
INSERT INTO `oa_t_user_procdef` VALUES ('116#10236', 'leave:1:8');
INSERT INTO `oa_t_user_procdef` VALUES ('118#10234', 'leave:1:8');
INSERT INTO `oa_t_user_procdef` VALUES ('117#10237', 'leave:1:8');
INSERT INTO `oa_t_user_procdef` VALUES ('119#10235', 'leave:1:8');
INSERT INTO `oa_t_user_procdef` VALUES ('120#10238', 'leave:1:8');
INSERT INTO `oa_t_user_procdef` VALUES ('118#10234', 'chapter:4:27551');
INSERT INTO `oa_t_user_procdef` VALUES ('117#10237', 'chapter:4:27551');

-- ----------------------------
-- Table structure for oa_t_user_spr
-- ----------------------------
DROP TABLE IF EXISTS `oa_t_user_spr`;
CREATE TABLE `oa_t_user_spr`  (
  `id` varchar(120) CHARACTER SET utf8mb4 COLLATE utf8mb4_general_ci NOT NULL COMMENT '',
  `uid` varchar(11) CHARACTER SET utf8mb4 COLLATE utf8mb4_general_ci NOT NULL COMMENT 'ID',
  `key` varchar(50) CHARACTER SET utf8mb4 COLLATE utf8mb4_general_ci NOT NULL COMMENT 'ID',
  `formkey` varchar(50) CHARACTER SET utf8mb4 COLLATE utf8mb4_general_ci NOT NULL COMMENT 'formkey',
  `sprs` varchar(500) CHARACTER SET utf8mb4 COLLATE utf8mb4_general_ci NOT NULL COMMENT '',
  PRIMARY KEY (`id`) USING BTREE
) ENGINE = InnoDB CHARACTER SET = utf8mb4 COLLATE = utf8mb4_general_ci ROW_FORMAT = Dynamic;

-- ----------------------------
-- Records of oa_t_user_spr
-- ----------------------------
INSERT INTO `oa_t_user_spr` VALUES ('10233leaveleave_usertask1.html', '10233', 'leave', 'leave_usertask1.html', '118#10234');
INSERT INTO `oa_t_user_spr` VALUES ('10234chapterchapter_startevent1.html', '10234', 'chapter', 'chapter_startevent1.html', '118#10234');
INSERT INTO `oa_t_user_spr` VALUES ('10234leaveleave_startevent1.html', '10234', 'leave', 'leave_startevent1.html', '115#10233');
INSERT INTO `oa_t_user_spr` VALUES ('10234leaveleave_usertask1.html', '10234', 'leave', 'leave_usertask1.html', '118#10234');
INSERT INTO `oa_t_user_spr` VALUES ('10234leaveleave_usertask2.html', '10234', 'leave', 'leave_usertask2.html', '118#10234');
INSERT INTO `oa_t_user_spr` VALUES ('10235leaveleave_usertask2.html', '10235', 'leave', 'leave_usertask2.html', '120#10238');
INSERT INTO `oa_t_user_spr` VALUES ('10237leaveleave_usertask1.html', '10237', 'leave', 'leave_usertask1.html', '119#10235');

-- ----------------------------
-- Table structure for sys_t_dict
-- ----------------------------
DROP TABLE IF EXISTS `sys_t_dict`;
CREATE TABLE `sys_t_dict`  (
  `d_id` int(11) NOT NULL AUTO_INCREMENT COMMENT '',
  `name` varchar(50) CHARACTER SET utf8 COLLATE utf8_general_ci NULL DEFAULT NULL COMMENT '',
  `value` varchar(50) CHARACTER SET utf8 COLLATE utf8_general_ci NULL DEFAULT NULL COMMENT '',
  `remark` varchar(100) CHARACTER SET utf8 COLLATE utf8_general_ci NULL DEFAULT NULL COMMENT '',
  `gtype` varchar(50) CHARACTER SET utf8 COLLATE utf8_general_ci NULL DEFAULT NULL COMMENT '',
  `g_id` int(11) NULL DEFAULT NULL COMMENT 'ID',
  `sort` int(11) NULL DEFAULT NULL COMMENT '',
  `status` char(1) CHARACTER SET utf8 COLLATE utf8_general_ci NULL DEFAULT NULL COMMENT ':1 0',
  `createtime` varchar(19) CHARACTER SET utf8mb4 COLLATE utf8mb4_general_ci NOT NULL COMMENT '',
  `updatetime` varchar(19) CHARACTER SET utf8mb4 COLLATE utf8mb4_general_ci NULL DEFAULT NULL COMMENT '',
  PRIMARY KEY (`d_id`) USING BTREE,
  UNIQUE INDEX `gtype`(`gtype`) USING BTREE
) ENGINE = InnoDB AUTO_INCREMENT = 43 CHARACTER SET = utf8mb4 COLLATE = utf8mb4_general_ci ROW_FORMAT = Dynamic;

-- ----------------------------
-- Records of sys_t_dict
-- ----------------------------
INSERT INTO `sys_t_dict` VALUES (1, '', NULL, '', 'sys_area_type', NULL, NULL, '1', '2018-12-25 11:46:06', '2019-01-31 11:52:40');
INSERT INTO `sys_t_dict` VALUES (2, '', '0', '', NULL, 1, 100, NULL, '2018-12-25 11:46:06', '2018-12-25 15:58:55');
INSERT INTO `sys_t_dict` VALUES (3, '', '1', '', NULL, 1, 200, NULL, '2018-12-25 11:46:06', '2018-12-25 15:44:22');
INSERT INTO `sys_t_dict` VALUES (4, '', '2', '', NULL, 1, 300, NULL, '2018-12-25 11:46:06', '2018-12-25 15:44:25');
INSERT INTO `sys_t_dict` VALUES (5, '', '4', '', NULL, 1, 400, NULL, '2018-12-25 11:46:06', '2018-12-25 15:55:42');
INSERT INTO `sys_t_dict` VALUES (34, '', NULL, '', 'qjlx_type', NULL, NULL, '1', '2019-01-14 16:04:03', NULL);
INSERT INTO `sys_t_dict` VALUES (35, '', '5', '', NULL, 34, 5, NULL, '2019-01-14 16:04:43', '2019-01-14 16:21:06');
INSERT INTO `sys_t_dict` VALUES (36, '', '2', '', NULL, 34, 2, NULL, '2019-01-14 16:04:59', NULL);
INSERT INTO `sys_t_dict` VALUES (37, '', '3', '', NULL, 34, 3, NULL, '2019-01-14 16:05:11', NULL);
INSERT INTO `sys_t_dict` VALUES (38, '', '4', '', NULL, 34, 4, NULL, '2019-01-14 16:05:28', NULL);
INSERT INTO `sys_t_dict` VALUES (39, '', NULL, '', 'gzsc_type', NULL, NULL, '1', '2019-01-14 16:27:05', NULL);
INSERT INTO `sys_t_dict` VALUES (40, '8', '8', '8', NULL, 39, 1, NULL, '2019-01-14 16:27:32', NULL);
INSERT INTO `sys_t_dict` VALUES (41, '7.5', '7.5', '7.5', NULL, 39, 2, NULL, '2019-01-14 16:28:04', NULL);
INSERT INTO `sys_t_dict` VALUES (42, '6.5', '6.5', '6.5', NULL, 39, 4, NULL, '2019-01-14 16:29:47', '2019-01-14 16:30:09');

-- ----------------------------
-- Table structure for sys_t_icon
-- ----------------------------
DROP TABLE IF EXISTS `sys_t_icon`;
CREATE TABLE `sys_t_icon`  (
  `i_id` int(9) UNSIGNED NOT NULL AUTO_INCREMENT COMMENT '',
  `i_type` char(1) CHARACTER SET utf8mb4 COLLATE utf8mb4_general_ci NOT NULL COMMENT ' 0  1 ',
  `i_name` varchar(30) CHARACTER SET utf8mb4 COLLATE utf8mb4_general_ci NOT NULL COMMENT '',
  `i_icon` varchar(30) CHARACTER SET utf8mb4 COLLATE utf8mb4_general_ci NULL DEFAULT NULL COMMENT '',
  `i_sort` int(11) NULL DEFAULT NULL COMMENT '',
  PRIMARY KEY (`i_id`) USING BTREE,
  UNIQUE INDEX `m_url`(`i_icon`) USING BTREE
) ENGINE = InnoDB AUTO_INCREMENT = 70 CHARACTER SET = utf8mb4 COLLATE = utf8mb4_general_ci ROW_FORMAT = Dynamic;

-- ----------------------------
-- Records of sys_t_icon
-- ----------------------------
INSERT INTO `sys_t_icon` VALUES (1, '0', 'fa-cog', 'fa-cog', 1);
INSERT INTO `sys_t_icon` VALUES (2, '0', 'fa-cogs', 'fa-cogs', 2);
INSERT INTO `sys_t_icon` VALUES (3, '0', 'fa-camera-retro', 'fa-camera-retro', 3);
INSERT INTO `sys_t_icon` VALUES (4, '0', 'fa-home', 'fa-home', 4);
INSERT INTO `sys_t_icon` VALUES (5, '0', 'fa-book', 'fa-book', 5);
INSERT INTO `sys_t_icon` VALUES (6, '0', 'fa-pencil', 'fa-pencil', 6);
INSERT INTO `sys_t_icon` VALUES (7, '0', 'fa-check-square', 'fa-check-square', 7);
INSERT INTO `sys_t_icon` VALUES (9, '1', 'layui-icon-rate-solid', 'layui-icon-rate-solid', 9);
INSERT INTO `sys_t_icon` VALUES (49, '1', 'layui-icon-cellphone', 'layui-icon-cellphone', 10);
INSERT INTO `sys_t_icon` VALUES (50, '1', 'layui-icon-vercode', 'layui-icon-vercode', 11);
INSERT INTO `sys_t_icon` VALUES (51, '1', 'layui-icon-login-wechat', 'layui-icon-login-wechat', 12);
INSERT INTO `sys_t_icon` VALUES (53, '1', 'layui-icon-username', 'layui-icon-username', 14);
INSERT INTO `sys_t_icon` VALUES (54, '0', '', 'fa-binoculars', 18);
INSERT INTO `sys_t_icon` VALUES (55, '1', 'layui-icon-console', 'layui-icon-console', 15);
INSERT INTO `sys_t_icon` VALUES (56, '1', 'layui-icon-template-1', 'layui-icon-template-1', 16);
INSERT INTO `sys_t_icon` VALUES (57, '1', 'layui-icon-theme', 'layui-icon-theme', 17);
INSERT INTO `sys_t_icon` VALUES (58, '1', 'layui-icon-template', 'layui-icon-template', 18);
INSERT INTO `sys_t_icon` VALUES (59, '1', 'layui-icon-tabs', 'layui-icon-tabs', 19);
INSERT INTO `sys_t_icon` VALUES (60, '1', 'layui-icon-friends', 'layui-icon-friends', 20);
INSERT INTO `sys_t_icon` VALUES (61, '1', 'layui-icon-group', 'layui-icon-group', 21);
INSERT INTO `sys_t_icon` VALUES (62, '1', 'layui-icon-chart-screen', 'layui-icon-chart-screen', 22);
INSERT INTO `sys_t_icon` VALUES (63, '0', '', 'fa-bluetooth', 1);
INSERT INTO `sys_t_icon` VALUES (64, '0', '', 'fa-bookmark', 1001);
INSERT INTO `sys_t_icon` VALUES (65, '1', '', 'layui-icon-refresh-3', 111);
INSERT INTO `sys_t_icon` VALUES (66, '0', 'file-text-o', 'fa-file-text-o', 22);
INSERT INTO `sys_t_icon` VALUES (67, '1', 'layui-icon-file-b', 'layui-icon-file-b', 100);
INSERT INTO `sys_t_icon` VALUES (68, '0', 'fa-clipboard', 'fa-clipboard', 20000);
INSERT INTO `sys_t_icon` VALUES (69, '0', 'fa-laptop', 'fa-laptop', 20001);

-- ----------------------------
-- Table structure for sys_t_job
-- ----------------------------
DROP TABLE IF EXISTS `sys_t_job`;
CREATE TABLE `sys_t_job`  (
  `j_id` int(11) UNSIGNED NOT NULL AUTO_INCREMENT COMMENT 'ID',
  `j_name` varchar(20) CHARACTER SET utf8mb4 COLLATE utf8mb4_general_ci NOT NULL COMMENT '',
  `j_sort` int(11) NULL DEFAULT NULL COMMENT '',
  `j_remark` varchar(500) CHARACTER SET utf8mb4 COLLATE utf8mb4_general_ci NULL DEFAULT NULL COMMENT '',
  `j_status` char(1) CHARACTER SET utf8mb4 COLLATE utf8mb4_general_ci NOT NULL DEFAULT '1' COMMENT '1 0 ',
  `createtime` varchar(19) CHARACTER SET utf8mb4 COLLATE utf8mb4_general_ci NOT NULL COMMENT '',
  `updatetime` varchar(19) CHARACTER SET utf8mb4 COLLATE utf8mb4_general_ci NULL DEFAULT NULL COMMENT '',
  PRIMARY KEY (`j_id`) USING BTREE,
  UNIQUE INDEX `j_name`(`j_name`) USING BTREE
) ENGINE = InnoDB AUTO_INCREMENT = 15 CHARACTER SET = utf8mb4 COLLATE = utf8mb4_general_ci ROW_FORMAT = Dynamic;

-- ----------------------------
-- Records of sys_t_job
-- ----------------------------
INSERT INTO `sys_t_job` VALUES (1, '', 300, '', '1', '2018-12-19 08:40:40', '2019-01-28 13:14:03');
INSERT INTO `sys_t_job` VALUES (10, '', 200, '', '1', '2019-01-28 12:47:04', '2019-01-28 13:14:04');
INSERT INTO `sys_t_job` VALUES (12, '', 400, '', '1', '2019-01-29 08:23:25', NULL);
INSERT INTO `sys_t_job` VALUES (13, '', 500, '', '1', '2019-01-29 08:23:41', NULL);
INSERT INTO `sys_t_job` VALUES (14, '', 100, '', '1', '2019-01-29 08:34:06', '2019-02-11 08:20:16');

-- ----------------------------
-- Table structure for sys_t_menu
-- ----------------------------
DROP TABLE IF EXISTS `sys_t_menu`;
CREATE TABLE `sys_t_menu`  (
  `m_id` int(9) UNSIGNED NOT NULL AUTO_INCREMENT COMMENT '',
  `m_name` varchar(20) CHARACTER SET utf8mb4 COLLATE utf8mb4_general_ci NOT NULL COMMENT '',
  `m_icon` varchar(30) CHARACTER SET utf8mb4 COLLATE utf8mb4_general_ci NOT NULL COMMENT 'icon',
  `m_url` varchar(20) CHARACTER SET utf8mb4 COLLATE utf8mb4_general_ci NULL DEFAULT NULL COMMENT '',
  `m_level` char(1) CHARACTER SET utf8mb4 COLLATE utf8mb4_general_ci NOT NULL COMMENT ' 1  2  3',
  `m_status` char(1) CHARACTER SET utf8mb4 COLLATE utf8mb4_general_ci NOT NULL DEFAULT '1' COMMENT ' 1 0',
  `m_parentid` int(9) NOT NULL COMMENT 'ID',
  `m_sort` int(5) NULL DEFAULT NULL COMMENT '',
  PRIMARY KEY (`m_id`) USING BTREE
) ENGINE = InnoDB AUTO_INCREMENT = 141 CHARACTER SET = utf8mb4 COLLATE = utf8mb4_general_ci ROW_FORMAT = Dynamic;

-- ----------------------------
-- Records of sys_t_menu
-- ----------------------------
INSERT INTO `sys_t_menu` VALUES (1, '', 'fa-cog', NULL, '1', '1', 0, 300);
INSERT INTO `sys_t_menu` VALUES (12, '', 'fa-cogs', NULL, '2', '1', 1, 100);
INSERT INTO `sys_t_menu` VALUES (13, '', 'layui-icon-tabs', 'xtgl/xtsz/cdgl', '3', '1', 12, 100);
INSERT INTO `sys_t_menu` VALUES (14, '', ' layui-icon-template', 'xtgl/xtsz/cssz', '3', '1', 12, 200);
INSERT INTO `sys_t_menu` VALUES (15, '', ' layui-icon-template-1', 'xtgl/xtsz/zdgl', '3', '1', 12, 300);
INSERT INTO `sys_t_menu` VALUES (16, '', 'fa-cogs', NULL, '2', '1', 1, 200);
INSERT INTO `sys_t_menu` VALUES (17, '', 'fa-cogs', NULL, '2', '1', 1, 300);
INSERT INTO `sys_t_menu` VALUES (19, '', ' layui-icon-group', 'xtgl/qxgl/jsgl', '3', '1', 17, 100);
INSERT INTO `sys_t_menu` VALUES (78, '', ' fa-binoculars', '', '2', '1', 1, 400);
INSERT INTO `sys_t_menu` VALUES (79, '', ' layui-icon-console', 'druid', '3', '1', 78, 100);
INSERT INTO `sys_t_menu` VALUES (80, '', ' fa-book', NULL, '1', '1', 0, 200);
INSERT INTO `sys_t_menu` VALUES (81, '', ' fa-cog', 'lcgl/lcdy', '2', '1', 80, 100);
INSERT INTO `sys_t_menu` VALUES (82, '', ' layui-icon-template-1', 'xtgl/zzgl/zzjg', '3', '1', 16, 200);
INSERT INTO `sys_t_menu` VALUES (83, '', ' fa-cog', '', '2', '1', 80, 200);
INSERT INTO `sys_t_menu` VALUES (84, '', 'layui-icon-console', 'lcgl/lcsq/fqsq', '3', '1', 83, 100);
INSERT INTO `sys_t_menu` VALUES (85, '', ' layui-icon-theme', 'xtgl/xtsz/tbgl', '3', '1', 12, 400);
INSERT INTO `sys_t_menu` VALUES (86, '', ' fa-home', NULL, '1', '1', 0, 100);
INSERT INTO `sys_t_menu` VALUES (87, '', ' fa-pencil', 'grgzt/fqlc/fqlc', '2', '1', 86, 100);
INSERT INTO `sys_t_menu` VALUES (88, '', ' fa-bookmark', 'grgzt/dbsx/dbsx', '2', '1', 86, 200);
INSERT INTO `sys_t_menu` VALUES (89, '', ' fa-check-square', 'grgzt/wfqd/wfqd', '2', '1', 86, 400);
INSERT INTO `sys_t_menu` VALUES (90, '', 'fa-cog', NULL, '1', '1', 0, 150);
INSERT INTO `sys_t_menu` VALUES (91, '', 'fa-cog', '', '2', '1', 90, 1);
INSERT INTO `sys_t_menu` VALUES (92, '', 'fa-cog', '', '2', '1', 90, 2);
INSERT INTO `sys_t_menu` VALUES (93, '', ' layui-icon-username', 'swgl/clgl/clgl', '3', '1', 91, 1);
INSERT INTO `sys_t_menu` VALUES (94, '', ' layui-icon-file-b', 'swgl/clgl/fqycsq', '3', '1', 91, 2);
INSERT INTO `sys_t_menu` VALUES (95, '', ' layui-icon-rate-solid', 'swgl/clgl/clsytj', '3', '1', 91, 3);
INSERT INTO `sys_t_menu` VALUES (96, '', ' layui-icon-file-b', 'xtgl/zzgl/zwgl', '3', '1', 16, 300);
INSERT INTO `sys_t_menu` VALUES (97, '', 'fa-cog', '', '2', '1', 90, 3);
INSERT INTO `sys_t_menu` VALUES (98, '', ' layui-icon-rate-solid', 'swgl/zdgz/ndzdgzdj', '3', '1', 97, 1);
INSERT INTO `sys_t_menu` VALUES (99, '', ' layui-icon-rate-solid', 'swgl/zdgz/ndzdgzsh', '3', '1', 97, 2);
INSERT INTO `sys_t_menu` VALUES (100, '', ' layui-icon-rate-solid', 'swgl/zdgz/ndzdgzjztx', '3', '1', 97, 3);
INSERT INTO `sys_t_menu` VALUES (101, '', ' layui-icon-rate-solid', 'swgl/gzrz/wdrz', '3', '1', 92, 1);
INSERT INTO `sys_t_menu` VALUES (102, '', ' layui-icon-rate-solid', 'swgl/gzrz/qjrz', '3', '1', 92, 2);
INSERT INTO `sys_t_menu` VALUES (103, '', ' layui-icon-rate-solid', 'swgl/gzrz/rzyb', '3', '1', 92, 3);
INSERT INTO `sys_t_menu` VALUES (104, '', 'fa-cog', '', '2', '1', 90, 4);
INSERT INTO `sys_t_menu` VALUES (105, '', ' layui-icon-rate-solid', 'swgl/yzgl/fqyzsq', '3', '1', 104, 1);
INSERT INTO `sys_t_menu` VALUES (106, '', ' layui-icon-rate-solid', 'swgl/yzgl/gzgl', '3', '1', 104, 2);
INSERT INTO `sys_t_menu` VALUES (107, '', ' layui-icon-rate-solid', 'swgl/yzgl/yzsytj', '3', '1', 104, 3);
INSERT INTO `sys_t_menu` VALUES (108, '', 'fa-cog', '', '2', '1', 90, 5);
INSERT INTO `sys_t_menu` VALUES (109, '', ' layui-icon-rate-solid', 'swgl/zcgl/mlgl', '3', '1', 108, 1);
INSERT INTO `sys_t_menu` VALUES (110, '', ' layui-icon-rate-solid', 'swgl/zcgl/zcgl', '3', '1', 108, 2);
INSERT INTO `sys_t_menu` VALUES (111, '', ' layui-icon-rate-solid', 'swgl/zcgl/fqzcbfsq', '3', '1', 108, 3);
INSERT INTO `sys_t_menu` VALUES (112, '', ' layui-icon-rate-solid', 'swgl/zcgl/fqzcbssq', '3', '1', 108, 4);
INSERT INTO `sys_t_menu` VALUES (113, '', ' layui-icon-rate-solid', 'swgl/zcgl/fqzclysq', '3', '1', 108, 5);
INSERT INTO `sys_t_menu` VALUES (114, '', 'fa-cog', '', '2', '1', 90, 6);
INSERT INTO `sys_t_menu` VALUES (115, '', ' layui-icon-rate-solid', 'swgl/nbyj/xx', '3', '1', 114, 1);
INSERT INTO `sys_t_menu` VALUES (116, '', ' layui-icon-rate-solid', 'swgl/nbyj/sjx', '3', '1', 114, 2);
INSERT INTO `sys_t_menu` VALUES (117, '', ' layui-icon-rate-solid', 'swgl/nbyj/yfs', '3', '1', 114, 3);
INSERT INTO `sys_t_menu` VALUES (118, '', ' layui-icon-rate-solid', 'swgl/nbyj/ljx', '3', '1', 114, 4);
INSERT INTO `sys_t_menu` VALUES (119, '', ' layui-icon-rate-solid', 'swgl/nbyj/ysc', '3', '1', 114, 5);
INSERT INTO `sys_t_menu` VALUES (120, '', 'fa-cog', '', '2', '1', 90, 7);
INSERT INTO `sys_t_menu` VALUES (121, '', ' layui-icon-rate-solid', 'swgl/dctb/cgtj', '3', '1', 120, 1);
INSERT INTO `sys_t_menu` VALUES (122, '', ' layui-icon-rate-solid', 'swgl/dctb/rbtj', '3', '1', 120, 2);
INSERT INTO `sys_t_menu` VALUES (123, '', ' layui-icon-rate-solid', 'swgl/dctb/dmtj', '3', '1', 120, 3);
INSERT INTO `sys_t_menu` VALUES (124, '', 'fa-cog', '', '2', '1', 90, 8);
INSERT INTO `sys_t_menu` VALUES (125, '', ' layui-icon-rate-solid', 'swgl/rcgl/ldrc', '3', '1', 124, 1);
INSERT INTO `sys_t_menu` VALUES (126, '', ' layui-icon-rate-solid', 'swgl/rcgl/wdrc', '3', '1', 124, 2);
INSERT INTO `sys_t_menu` VALUES (127, '', ' layui-icon-rate-solid', 'swgl/rcgl/qjrc', '3', '1', 124, 3);
INSERT INTO `sys_t_menu` VALUES (128, '', 'fa-cog', '', '2', '1', 90, 9);
INSERT INTO `sys_t_menu` VALUES (129, '', ' layui-icon-rate-solid', 'swgl/qjgl/fqqjsq', '3', '1', 128, 1);
INSERT INTO `sys_t_menu` VALUES (130, '', ' layui-icon-rate-solid', 'swgl/qjgl/wdqjtj', '3', '1', 128, 2);
INSERT INTO `sys_t_menu` VALUES (131, '', ' layui-icon-rate-solid', 'swgl/qjgl/qjqjtj', '3', '1', 128, 3);
INSERT INTO `sys_t_menu` VALUES (132, '', 'fa-cog', 'swgl/tzgg', '2', '1', 90, 10);
INSERT INTO `sys_t_menu` VALUES (133, '', ' fa-cogs', '', '2', '1', 80, 300);
INSERT INTO `sys_t_menu` VALUES (134, '', ' layui-icon-tabs', 'lcgl/lcgy/lcsc', '3', '1', 133, 100);
INSERT INTO `sys_t_menu` VALUES (135, '', ' layui-icon-username', 'xtgl/zzgl/yhgl', '3', '1', 16, 100);
INSERT INTO `sys_t_menu` VALUES (139, '', ' fa-laptop', 'grgzt/ybsx/ybsx', '2', '1', 86, 300);
INSERT INTO `sys_t_menu` VALUES (140, '', ' layui-icon-rate-solid', 'xtgl/xtsz/dsrw', '3', '1', 12, 500);

-- ----------------------------
-- Table structure for sys_t_menu_action
-- ----------------------------
DROP TABLE IF EXISTS `sys_t_menu_action`;
CREATE TABLE `sys_t_menu_action`  (
  `ac_id` int(9) UNSIGNED NOT NULL AUTO_INCREMENT COMMENT 'ID',
  `ac_name` varchar(20) CHARACTER SET utf8mb4 COLLATE utf8mb4_general_ci NOT NULL COMMENT '',
  `ac_code` varchar(20) CHARACTER SET utf8mb4 COLLATE utf8mb4_general_ci NOT NULL COMMENT '',
  PRIMARY KEY (`ac_id`) USING BTREE
) ENGINE = InnoDB AUTO_INCREMENT = 1 CHARACTER SET = utf8mb4 COLLATE = utf8mb4_general_ci ROW_FORMAT = Dynamic;

-- ----------------------------
-- Table structure for sys_t_message
-- ----------------------------
DROP TABLE IF EXISTS `sys_t_message`;
CREATE TABLE `sys_t_message`  (
  `m_id` int(11) UNSIGNED NOT NULL AUTO_INCREMENT COMMENT 'ID',
  `m_title` varchar(200) CHARACTER SET utf8mb4 COLLATE utf8mb4_general_ci NOT NULL COMMENT '',
  `m_content` varchar(400) CHARACTER SET utf8mb4 COLLATE utf8mb4_general_ci NOT NULL COMMENT '',
  `m_type` char(1) CHARACTER SET utf8mb4 COLLATE utf8mb4_general_ci NOT NULL COMMENT '  1 ',
  `m_status` char(1) CHARACTER SET utf8mb4 COLLATE utf8mb4_general_ci NOT NULL DEFAULT '0' COMMENT ' 0  1',
  `createtime` varchar(19) CHARACTER SET utf8mb4 COLLATE utf8mb4_general_ci NOT NULL COMMENT '',
  `updatetime` varchar(19) CHARACTER SET utf8mb4 COLLATE utf8mb4_general_ci NULL DEFAULT NULL COMMENT '',
  `m_recipientId` int(11) NOT NULL COMMENT 'ID',
  PRIMARY KEY (`m_id`) USING BTREE
) ENGINE = InnoDB AUTO_INCREMENT = 10349 CHARACTER SET = utf8mb4 COLLATE = utf8mb4_general_ci ROW_FORMAT = Dynamic;

-- ----------------------------
-- Records of sys_t_message
-- ----------------------------
INSERT INTO `sys_t_message` VALUES (10298, 'dev2', '2019022211140810234->dev2->->->  ', '1', '0', '2019-02-22 11:15:48', NULL, 10237);
INSERT INTO `sys_t_message` VALUES (10316, '', '2019022608341910234->->->  fine', '1', '1', '2019-02-26 08:37:05', '2019-02-26 08:38:02', 10234);
INSERT INTO `sys_t_message` VALUES (10317, 'dev2', '2019022608341910234->dev2->->->  fine', '1', '1', '2019-02-26 08:37:05', '2019-02-26 08:38:10', 10234);
INSERT INTO `sys_t_message` VALUES (10318, 'dev2', '2019022608341910234->dev2->->->  fine', '1', '1', '2019-02-26 08:37:05', '2019-02-26 08:38:16', 10234);
INSERT INTO `sys_t_message` VALUES (10319, 'dev2', '2019022608341910234->dev2->->->  fine', '1', '1', '2019-02-26 08:37:05', '2019-02-26 08:38:42', 10234);
INSERT INTO `sys_t_message` VALUES (10320, '', '2019022608392310234->->->  ', '1', '0', '2019-02-26 08:58:24', NULL, 10234);
INSERT INTO `sys_t_message` VALUES (10321, 'dev2', '2019022608392310234->dev2->->->  ', '1', '0', '2019-02-26 08:58:24', NULL, 10234);
INSERT INTO `sys_t_message` VALUES (10322, 'dev2', '2019022608392310234->dev2->->->  ', '1', '0', '2019-02-26 08:58:24', NULL, 10234);
INSERT INTO `sys_t_message` VALUES (10323, 'dev2', '2019022608392310234->dev2->->->  ', '1', '0', '2019-02-26 08:58:24', NULL, 10234);
INSERT INTO `sys_t_message` VALUES (10324, '', '2019022608580710234->->->  ', '1', '0', '2019-02-26 09:00:38', NULL, 10234);
INSERT INTO `sys_t_message` VALUES (10325, 'dev2', '2019022608580710234->dev2->->->  ', '1', '0', '2019-02-26 09:00:38', NULL, 10234);
INSERT INTO `sys_t_message` VALUES (10326, 'dev2', '2019022608580710234->dev2->->->  ', '1', '0', '2019-02-26 09:00:38', NULL, 10234);
INSERT INTO `sys_t_message` VALUES (10327, 'dev2', '2019022608580710234->dev2->->->  ', '1', '0', '2019-02-26 09:00:38', NULL, 10234);
INSERT INTO `sys_t_message` VALUES (10328, '', '2019022609013110234->->->  ', '1', '1', '2019-02-26 09:01:49', '2019-02-26 09:15:21', 10234);
INSERT INTO `sys_t_message` VALUES (10329, 'dev2', '2019022609013110234->dev2->->->  ', '1', '1', '2019-02-26 09:01:49', '2019-02-26 09:15:28', 10234);
INSERT INTO `sys_t_message` VALUES (10330, '', '2019022609095010234->->->  ', '1', '1', '2019-02-26 09:14:13', '2019-02-26 09:15:18', 10234);
INSERT INTO `sys_t_message` VALUES (10331, 'dev2', '2019022609095010234->dev2->->->  ', '1', '0', '2019-02-26 09:14:13', NULL, 10238);
INSERT INTO `sys_t_message` VALUES (10332, 'dev2', '2019022609095010234->dev2->->->  ', '1', '0', '2019-02-26 09:14:13', NULL, 10235);
INSERT INTO `sys_t_message` VALUES (10333, 'dev2', '2019022609095010234->dev2->->->  ', '1', '0', '2019-02-26 09:14:13', NULL, 10237);
INSERT INTO `sys_t_message` VALUES (10334, '', '2019022609492710234->->->  ', '1', '0', '2019-02-26 09:49:56', NULL, 10234);
INSERT INTO `sys_t_message` VALUES (10335, 'dev2', '2019022609492710234->dev2->->->  ', '1', '0', '2019-02-26 09:49:56', NULL, 10234);
INSERT INTO `sys_t_message` VALUES (10336, '', '2019022610054410234->->->  ', '1', '0', '2019-02-26 10:19:53', NULL, 10234);
INSERT INTO `sys_t_message` VALUES (10337, 'dev2', '2019022610054410234->dev2->->->  ', '1', '0', '2019-02-26 10:19:53', NULL, 10234);
INSERT INTO `sys_t_message` VALUES (10338, '', '2019022613060410234->->->  ', '1', '0', '2019-02-26 13:06:36', NULL, 10234);
INSERT INTO `sys_t_message` VALUES (10339, 'dev2', '2019022613060410234->dev2->->->  ', '1', '0', '2019-02-26 13:06:36', NULL, 10234);
INSERT INTO `sys_t_message` VALUES (10340, '', '2019022610425810234->->->  ', '1', '1', '2019-02-26 14:47:20', '2019-02-26 15:19:13', 10234);
INSERT INTO `sys_t_message` VALUES (10341, 'dev2', '2019022610425810234->dev2->->->  ', '1', '0', '2019-02-26 14:47:20', NULL, 10234);
INSERT INTO `sys_t_message` VALUES (10342, 'dev2', '2019022610425810234->dev2->->->  ', '1', '0', '2019-02-26 14:47:20', NULL, 10234);
INSERT INTO `sys_t_message` VALUES (10343, 'dev2', '2019022610425810234->dev2->->->  ', '1', '1', '2019-02-26 14:47:20', '2019-02-26 16:12:49', 10233);
INSERT INTO `sys_t_message` VALUES (10344, 'dev2', '2019022610425810234->dev2->->->  ', '1', '0', '2019-02-26 14:47:20', NULL, 10234);
INSERT INTO `sys_t_message` VALUES (10345, '', '2019022616535710234->->->    dev2', '1', '0', '2019-02-26 16:56:07', NULL, 10234);
INSERT INTO `sys_t_message` VALUES (10346, 'dev2', '2019022616535710234->dev2->->->    dev2', '1', '0', '2019-02-26 16:56:07', NULL, 10234);
INSERT INTO `sys_t_message` VALUES (10347, 'dev2', '2019022616535710234->dev2->->->    dev2', '1', '0', '2019-02-26 16:56:07', NULL, 10234);
INSERT INTO `sys_t_message` VALUES (10348, 'dev2', '2019022616535710234->dev2->->->    dev2', '1', '0', '2019-02-26 16:56:07', NULL, 10233);

-- ----------------------------
-- Table structure for sys_t_org
-- ----------------------------
DROP TABLE IF EXISTS `sys_t_org`;
CREATE TABLE `sys_t_org`  (
  `o_id` int(11) UNSIGNED NOT NULL AUTO_INCREMENT COMMENT 'ID',
  `o_name` varchar(20) CHARACTER SET utf8mb4 COLLATE utf8mb4_general_ci NOT NULL COMMENT '',
  `createtime` varchar(19) CHARACTER SET utf8mb4 COLLATE utf8mb4_general_ci NOT NULL COMMENT '',
  `updatetime` varchar(19) CHARACTER SET utf8mb4 COLLATE utf8mb4_general_ci NULL DEFAULT NULL COMMENT '',
  `o_status` char(1) CHARACTER SET utf8mb4 COLLATE utf8mb4_general_ci NOT NULL DEFAULT '1' COMMENT '1  0 ',
  `o_level` char(1) CHARACTER SET utf8mb4 COLLATE utf8mb4_general_ci NOT NULL COMMENT '',
  `o_remark` varchar(500) CHARACTER SET utf8mb4 COLLATE utf8mb4_general_ci NULL DEFAULT NULL COMMENT '',
  `o_sort` int(11) NOT NULL COMMENT '',
  `p_oid` int(11) NOT NULL COMMENT 'ID',
  PRIMARY KEY (`o_id`) USING BTREE
) ENGINE = InnoDB AUTO_INCREMENT = 121 CHARACTER SET = utf8mb4 COLLATE = utf8mb4_general_ci ROW_FORMAT = Dynamic;

-- ----------------------------
-- Records of sys_t_org
-- ----------------------------
INSERT INTO `sys_t_org` VALUES (1, '', '2018-01-26 15:12:12', '2019-02-20 15:58:08', '1', '1', '', 100, 0);
INSERT INTO `sys_t_org` VALUES (3, '', '2018-01-26 12:12:12', '2019-02-20 15:58:08', '1', '1', '', 300, 0);
INSERT INTO `sys_t_org` VALUES (58, '', '2019-01-26 17:04:23', '2019-02-20 15:58:08', '1', '2', '', 500, 1);
INSERT INTO `sys_t_org` VALUES (59, '', '2019-01-28 08:28:08', '2019-02-20 15:58:08', '1', '2', '', 600, 1);
INSERT INTO `sys_t_org` VALUES (73, '', '2019-01-28 09:57:40', '2019-02-20 15:58:08', '1', '2', '', 300, 1);
INSERT INTO `sys_t_org` VALUES (74, '', '2019-01-28 09:57:58', '2019-02-20 15:58:08', '1', '2', '', 400, 1);
INSERT INTO `sys_t_org` VALUES (75, '', '2019-01-28 09:58:52', '2019-02-20 15:58:08', '1', '2', '', 700, 1);
INSERT INTO `sys_t_org` VALUES (76, '', '2019-01-28 09:59:17', '2019-02-20 15:58:08', '1', '2', '', 800, 1);
INSERT INTO `sys_t_org` VALUES (77, '', '2019-01-28 09:59:36', '2019-02-20 15:58:08', '1', '2', '', 900, 1);
INSERT INTO `sys_t_org` VALUES (78, '', '2019-01-28 09:59:54', '2019-02-20 15:58:08', '1', '2', '', 1000, 1);
INSERT INTO `sys_t_org` VALUES (79, '', '2019-01-28 10:00:28', '2019-02-20 15:58:08', '1', '2', '', 1100, 1);
INSERT INTO `sys_t_org` VALUES (80, '', '2019-01-28 10:00:42', '2019-02-20 15:58:08', '1', '2', '', 1200, 1);
INSERT INTO `sys_t_org` VALUES (81, '', '2019-01-28 10:01:03', '2019-02-20 15:58:08', '1', '1', '', 200, 0);
INSERT INTO `sys_t_org` VALUES (82, '', '2019-01-28 10:01:19', '2019-02-20 15:58:08', '1', '2', '', 100, 81);
INSERT INTO `sys_t_org` VALUES (83, '', '2019-01-28 10:01:34', '2019-02-20 15:58:08', '1', '2', '', 200, 81);
INSERT INTO `sys_t_org` VALUES (84, '', '2019-01-28 10:01:55', '2019-02-20 15:58:08', '1', '2', '', 300, 81);
INSERT INTO `sys_t_org` VALUES (85, '', '2019-01-28 10:02:31', '2019-02-20 15:58:08', '1', '2', '', 400, 81);
INSERT INTO `sys_t_org` VALUES (86, '', '2019-01-28 10:02:46', '2019-02-20 15:58:08', '1', '2', '', 500, 81);
INSERT INTO `sys_t_org` VALUES (87, '', '2019-01-28 10:03:07', '2019-02-20 15:58:08', '1', '2', '', 600, 81);
INSERT INTO `sys_t_org` VALUES (88, '', '2019-01-28 10:03:28', '2019-02-20 15:58:08', '1', '2', '', 700, 81);
INSERT INTO `sys_t_org` VALUES (89, '', '2019-01-28 10:04:26', '2019-02-20 15:58:08', '1', '2', '', 800, 81);
INSERT INTO `sys_t_org` VALUES (90, '', '2019-01-28 10:05:02', '2019-02-20 15:58:08', '1', '2', '', 900, 81);
INSERT INTO `sys_t_org` VALUES (91, '', '2019-01-28 10:05:24', '2019-02-20 15:58:08', '1', '2', '', 1000, 81);
INSERT INTO `sys_t_org` VALUES (92, '', '2019-01-28 10:05:54', '2019-02-20 15:58:08', '1', '2', '', 1100, 81);
INSERT INTO `sys_t_org` VALUES (93, '', '2019-01-28 10:06:13', '2019-02-20 15:58:08', '1', '2', '', 1200, 81);
INSERT INTO `sys_t_org` VALUES (94, '', '2019-01-28 10:06:32', '2019-02-20 15:58:08', '1', '2', '', 1300, 81);
INSERT INTO `sys_t_org` VALUES (95, '', '2019-01-28 10:06:54', '2019-02-20 15:58:08', '1', '2', '', 1400, 81);
INSERT INTO `sys_t_org` VALUES (96, '', '2019-01-28 10:07:09', '2019-02-20 15:58:08', '1', '2', '', 1500, 81);
INSERT INTO `sys_t_org` VALUES (97, '', '2019-01-28 10:07:31', '2019-02-20 15:58:08', '1', '2', '', 1600, 81);
INSERT INTO `sys_t_org` VALUES (98, '', '2019-01-28 10:08:00', '2019-02-20 15:58:08', '1', '2', '', 1700, 81);
INSERT INTO `sys_t_org` VALUES (99, '263', '2019-01-28 10:08:14', '2019-02-20 15:58:08', '1', '2', '263', 1800, 81);
INSERT INTO `sys_t_org` VALUES (100, '', '2019-01-28 10:08:27', '2019-02-20 15:58:08', '1', '2', '', 1900, 81);
INSERT INTO `sys_t_org` VALUES (106, '', '2019-01-28 11:51:57', '2019-02-20 15:58:08', '1', '2', '', 100, 1);
INSERT INTO `sys_t_org` VALUES (111, '', '2019-01-31 08:52:16', '2019-02-20 17:29:20', '1', '2', '', 99, 1);
INSERT INTO `sys_t_org` VALUES (112, '', '2019-02-15 09:36:00', '2019-02-20 15:58:08', '1', '1', '', 400, 0);
INSERT INTO `sys_t_org` VALUES (113, '', '2019-02-15 09:36:13', '2019-02-20 15:58:08', '1', '1', '', 500, 0);
INSERT INTO `sys_t_org` VALUES (114, '', '2019-02-15 09:36:26', '2019-02-20 15:58:08', '1', '1', '', 600, 0);
INSERT INTO `sys_t_org` VALUES (115, '', '2019-02-15 09:45:51', '2019-02-20 15:58:08', '1', '2', '', 100, 112);
INSERT INTO `sys_t_org` VALUES (116, '', '2019-02-15 09:46:07', '2019-02-20 15:58:08', '1', '2', '', 200, 112);
INSERT INTO `sys_t_org` VALUES (117, '', '2019-02-15 09:46:32', '2019-02-20 15:58:08', '1', '2', '', 200, 113);
INSERT INTO `sys_t_org` VALUES (118, '', '2019-02-15 09:46:47', '2019-02-20 15:58:08', '1', '2', '', 100, 113);
INSERT INTO `sys_t_org` VALUES (119, '', '2019-02-15 09:47:00', '2019-02-20 15:58:08', '1', '2', '', 100, 114);
INSERT INTO `sys_t_org` VALUES (120, '', '2019-02-15 09:47:14', '2019-02-20 15:58:08', '1', '2', '', 200, 114);

-- ----------------------------
-- Table structure for sys_t_params
-- ----------------------------
DROP TABLE IF EXISTS `sys_t_params`;
CREATE TABLE `sys_t_params`  (
  `p_id` int(11) UNSIGNED NOT NULL AUTO_INCREMENT COMMENT ' ID',
  `name` varchar(50) CHARACTER SET utf8mb4 COLLATE utf8mb4_general_ci NOT NULL COMMENT '',
  `key` varchar(50) CHARACTER SET utf8mb4 COLLATE utf8mb4_general_ci NOT NULL COMMENT 'KEY',
  `value` varchar(200) CHARACTER SET utf8mb4 COLLATE utf8mb4_general_ci NOT NULL COMMENT '',
  `createtime` varchar(19) CHARACTER SET utf8mb4 COLLATE utf8mb4_general_ci NOT NULL COMMENT '',
  `updatetime` varchar(19) CHARACTER SET utf8mb4 COLLATE utf8mb4_general_ci NULL DEFAULT NULL COMMENT '',
  `remark` varchar(300) CHARACTER SET utf8mb4 COLLATE utf8mb4_general_ci NULL DEFAULT NULL COMMENT '',
  PRIMARY KEY (`p_id`, `key`) USING BTREE,
  UNIQUE INDEX `key`(`key`) USING BTREE
) ENGINE = InnoDB AUTO_INCREMENT = 50 CHARACTER SET = utf8mb4 COLLATE = utf8mb4_general_ci ROW_FORMAT = Dynamic;

-- ----------------------------
-- Records of sys_t_params
-- ----------------------------
INSERT INTO `sys_t_params` VALUES (38, '', 'sysname', '', '2018-12-25 16:06:42', '2019-02-26 10:32:11', ' \n  ');
INSERT INTO `sys_t_params` VALUES (43, '', 'copyright', '', '2018-12-25 17:09:16', NULL, '');
INSERT INTO `sys_t_params` VALUES (44, '', 'companyurl', 'https://www.baidu.com', '2018-12-25 17:14:43', NULL, '');
INSERT INTO `sys_t_params` VALUES (45, '', 'menu', '1', '2018-12-29 14:57:21', '2018-12-29 14:57:34', '1 0');
INSERT INTO `sys_t_params` VALUES (46, 'logo', 'syslogo', '1', '2019-01-21 11:49:38', '2019-02-26 10:32:59', '1logo');
INSERT INTO `sys_t_params` VALUES (47, '', 'image_upload_max_size', '2048', '2019-01-21 17:40:14', '2019-01-21 17:41:23', 'Kb');
INSERT INTO `sys_t_params` VALUES (48, '', 'org_level', '2', '2019-01-31 08:37:15', NULL, '');
INSERT INTO `sys_t_params` VALUES (49, '', 'loginpage', '1', '2019-02-15 10:51:17', '2019-02-15 11:07:23', ' 0 ');

-- ----------------------------
-- Table structure for sys_t_permission
-- ----------------------------
DROP TABLE IF EXISTS `sys_t_permission`;
CREATE TABLE `sys_t_permission`  (
  `url` varchar(200) CHARACTER SET utf8mb4 COLLATE utf8mb4_general_ci NOT NULL COMMENT '',
  `qxlj` varchar(10) CHARACTER SET utf8mb4 COLLATE utf8mb4_general_ci NOT NULL COMMENT '',
  `sort` int(5) NOT NULL COMMENT '',
  `remark` varchar(500) CHARACTER SET utf8mb4 COLLATE utf8mb4_general_ci NULL DEFAULT NULL COMMENT '',
  `sfsx` char(1) CHARACTER SET utf8mb4 COLLATE utf8mb4_general_ci NOT NULL DEFAULT '1' COMMENT ''
) ENGINE = InnoDB CHARACTER SET = utf8mb4 COLLATE = utf8mb4_general_ci ROW_FORMAT = Dynamic;

-- ----------------------------
-- Records of sys_t_permission
-- ----------------------------
INSERT INTO `sys_t_permission` VALUES ('/static/**', 'anon', 1, '', '1');
INSERT INTO `sys_t_permission` VALUES ('/**', 'authc', 1000, '', '1');
INSERT INTO `sys_t_permission` VALUES ('/css/**', 'anon', 2, '', '1');
INSERT INTO `sys_t_permission` VALUES ('/js/**', 'anon', 3, '', '1');
INSERT INTO `sys_t_permission` VALUES ('/img/**', 'anon', 4, '', '1');
INSERT INTO `sys_t_permission` VALUES ('/favicon.ico', 'anon', 0, '', '1');
INSERT INTO `sys_t_permission` VALUES ('/druid/**', 'anon', 5, 'druid', '1');
INSERT INTO `sys_t_permission` VALUES ('/plugins/**', 'anon', 6, '', '1');
INSERT INTO `sys_t_permission` VALUES ('/captcha', 'anon', 7, '', '1');
INSERT INTO `sys_t_permission` VALUES ('/logout', 'logout', 8, '', '1');
INSERT INTO `sys_t_permission` VALUES ('/loginIn', 'anon', 9, '', '1');
INSERT INTO `sys_t_permission` VALUES ('/menus/**', 'anon', 10, '', '1');
INSERT INTO `sys_t_permission` VALUES ('/dict/**', 'anon', 11, '', '1');
INSERT INTO `sys_t_permission` VALUES ('/orgUser/**', 'anon', 12, '', '1');
INSERT INTO `sys_t_permission` VALUES ('/file/**', 'anon', 13, '', '1');

-- ----------------------------
-- Table structure for sys_t_role
-- ----------------------------
DROP TABLE IF EXISTS `sys_t_role`;
CREATE TABLE `sys_t_role`  (
  `r_id` int(11) UNSIGNED NOT NULL AUTO_INCREMENT COMMENT 'ID',
  `rolename` varchar(20) CHARACTER SET utf8mb4 COLLATE utf8mb4_general_ci NOT NULL COMMENT '',
  `createtime` varchar(19) CHARACTER SET utf8mb4 COLLATE utf8mb4_general_ci NOT NULL COMMENT '',
  `updatetime` varchar(19) CHARACTER SET utf8mb4 COLLATE utf8mb4_general_ci NULL DEFAULT NULL COMMENT '',
  `remark` varchar(300) CHARACTER SET utf8mb4 COLLATE utf8mb4_general_ci NULL DEFAULT NULL COMMENT '',
  `status` char(1) CHARACTER SET utf8mb4 COLLATE utf8mb4_general_ci NULL DEFAULT '1' COMMENT ' 0  1 ',
  `rolecode` varchar(30) CHARACTER SET utf8mb4 COLLATE utf8mb4_general_ci NULL DEFAULT NULL COMMENT '',
  PRIMARY KEY (`r_id`, `rolename`) USING BTREE
) ENGINE = InnoDB AUTO_INCREMENT = 9 CHARACTER SET = utf8mb4 COLLATE = utf8mb4_general_ci ROW_FORMAT = Dynamic;

-- ----------------------------
-- Records of sys_t_role
-- ----------------------------
INSERT INTO `sys_t_role` VALUES (1, 'developer', '2018-12-19 08:40:40', '2019-02-13 16:12:54', '', '1', 'dep');
INSERT INTO `sys_t_role` VALUES (6, 'test', '2019-01-30 11:36:12', '2019-02-26 09:13:04', 'test', '1', 'test');
INSERT INTO `sys_t_role` VALUES (7, 'admin', '2019-02-15 11:27:31', '2019-02-26 10:38:44', '', '1', 'admin');
INSERT INTO `sys_t_role` VALUES (8, 'chj', '2019-02-25 10:18:24', '2019-02-26 13:03:07', 'chj', '1', 'chj');

-- ----------------------------
-- Table structure for sys_t_role_menu
-- ----------------------------
DROP TABLE IF EXISTS `sys_t_role_menu`;
CREATE TABLE `sys_t_role_menu`  (
  `r_id` int(11) NOT NULL COMMENT 'ID',
  `m_id` int(9) NOT NULL COMMENT 'ID',
  `ac_id` varchar(100) CHARACTER SET utf8mb4 COLLATE utf8mb4_general_ci NULL DEFAULT NULL COMMENT 'ID',
  UNIQUE INDEX `r_id`(`r_id`, `m_id`) USING BTREE
) ENGINE = InnoDB CHARACTER SET = utf8mb4 COLLATE = utf8mb4_general_ci ROW_FORMAT = Dynamic;

-- ----------------------------
-- Records of sys_t_role_menu
-- ----------------------------
INSERT INTO `sys_t_role_menu` VALUES (1, 1, NULL);
INSERT INTO `sys_t_role_menu` VALUES (1, 12, NULL);
INSERT INTO `sys_t_role_menu` VALUES (1, 13, NULL);
INSERT INTO `sys_t_role_menu` VALUES (1, 14, NULL);
INSERT INTO `sys_t_role_menu` VALUES (1, 15, NULL);
INSERT INTO `sys_t_role_menu` VALUES (1, 16, NULL);
INSERT INTO `sys_t_role_menu` VALUES (1, 17, NULL);
INSERT INTO `sys_t_role_menu` VALUES (1, 19, NULL);
INSERT INTO `sys_t_role_menu` VALUES (1, 78, NULL);
INSERT INTO `sys_t_role_menu` VALUES (1, 79, NULL);
INSERT INTO `sys_t_role_menu` VALUES (1, 80, NULL);
INSERT INTO `sys_t_role_menu` VALUES (1, 81, NULL);
INSERT INTO `sys_t_role_menu` VALUES (1, 82, NULL);
INSERT INTO `sys_t_role_menu` VALUES (1, 83, NULL);
INSERT INTO `sys_t_role_menu` VALUES (1, 84, NULL);
INSERT INTO `sys_t_role_menu` VALUES (1, 85, NULL);
INSERT INTO `sys_t_role_menu` VALUES (1, 86, NULL);
INSERT INTO `sys_t_role_menu` VALUES (1, 87, NULL);
INSERT INTO `sys_t_role_menu` VALUES (1, 88, NULL);
INSERT INTO `sys_t_role_menu` VALUES (1, 89, NULL);
INSERT INTO `sys_t_role_menu` VALUES (1, 90, NULL);
INSERT INTO `sys_t_role_menu` VALUES (1, 91, NULL);
INSERT INTO `sys_t_role_menu` VALUES (1, 92, NULL);
INSERT INTO `sys_t_role_menu` VALUES (1, 93, NULL);
INSERT INTO `sys_t_role_menu` VALUES (1, 94, NULL);
INSERT INTO `sys_t_role_menu` VALUES (1, 95, NULL);
INSERT INTO `sys_t_role_menu` VALUES (1, 96, NULL);
INSERT INTO `sys_t_role_menu` VALUES (1, 97, NULL);
INSERT INTO `sys_t_role_menu` VALUES (1, 98, NULL);
INSERT INTO `sys_t_role_menu` VALUES (1, 99, NULL);
INSERT INTO `sys_t_role_menu` VALUES (1, 100, NULL);
INSERT INTO `sys_t_role_menu` VALUES (1, 101, NULL);
INSERT INTO `sys_t_role_menu` VALUES (1, 102, NULL);
INSERT INTO `sys_t_role_menu` VALUES (1, 103, NULL);
INSERT INTO `sys_t_role_menu` VALUES (1, 104, NULL);
INSERT INTO `sys_t_role_menu` VALUES (1, 105, NULL);
INSERT INTO `sys_t_role_menu` VALUES (1, 106, NULL);
INSERT INTO `sys_t_role_menu` VALUES (1, 107, NULL);
INSERT INTO `sys_t_role_menu` VALUES (1, 108, NULL);
INSERT INTO `sys_t_role_menu` VALUES (1, 109, NULL);
INSERT INTO `sys_t_role_menu` VALUES (1, 110, NULL);
INSERT INTO `sys_t_role_menu` VALUES (1, 111, NULL);
INSERT INTO `sys_t_role_menu` VALUES (1, 112, NULL);
INSERT INTO `sys_t_role_menu` VALUES (1, 113, NULL);
INSERT INTO `sys_t_role_menu` VALUES (1, 114, NULL);
INSERT INTO `sys_t_role_menu` VALUES (1, 115, NULL);
INSERT INTO `sys_t_role_menu` VALUES (1, 116, NULL);
INSERT INTO `sys_t_role_menu` VALUES (1, 117, NULL);
INSERT INTO `sys_t_role_menu` VALUES (1, 118, NULL);
INSERT INTO `sys_t_role_menu` VALUES (1, 119, NULL);
INSERT INTO `sys_t_role_menu` VALUES (1, 120, NULL);
INSERT INTO `sys_t_role_menu` VALUES (1, 121, NULL);
INSERT INTO `sys_t_role_menu` VALUES (1, 122, NULL);
INSERT INTO `sys_t_role_menu` VALUES (1, 123, NULL);
INSERT INTO `sys_t_role_menu` VALUES (1, 124, NULL);
INSERT INTO `sys_t_role_menu` VALUES (1, 125, NULL);
INSERT INTO `sys_t_role_menu` VALUES (1, 126, NULL);
INSERT INTO `sys_t_role_menu` VALUES (1, 127, NULL);
INSERT INTO `sys_t_role_menu` VALUES (1, 128, NULL);
INSERT INTO `sys_t_role_menu` VALUES (1, 129, NULL);
INSERT INTO `sys_t_role_menu` VALUES (1, 130, NULL);
INSERT INTO `sys_t_role_menu` VALUES (1, 131, NULL);
INSERT INTO `sys_t_role_menu` VALUES (1, 132, NULL);
INSERT INTO `sys_t_role_menu` VALUES (1, 133, NULL);
INSERT INTO `sys_t_role_menu` VALUES (1, 134, NULL);
INSERT INTO `sys_t_role_menu` VALUES (1, 135, NULL);
INSERT INTO `sys_t_role_menu` VALUES (1, 139, NULL);
INSERT INTO `sys_t_role_menu` VALUES (6, 1, NULL);
INSERT INTO `sys_t_role_menu` VALUES (6, 12, NULL);
INSERT INTO `sys_t_role_menu` VALUES (6, 13, NULL);
INSERT INTO `sys_t_role_menu` VALUES (6, 14, NULL);
INSERT INTO `sys_t_role_menu` VALUES (6, 15, NULL);
INSERT INTO `sys_t_role_menu` VALUES (6, 16, NULL);
INSERT INTO `sys_t_role_menu` VALUES (6, 17, NULL);
INSERT INTO `sys_t_role_menu` VALUES (6, 19, NULL);
INSERT INTO `sys_t_role_menu` VALUES (6, 78, NULL);
INSERT INTO `sys_t_role_menu` VALUES (6, 79, NULL);
INSERT INTO `sys_t_role_menu` VALUES (6, 80, NULL);
INSERT INTO `sys_t_role_menu` VALUES (6, 81, NULL);
INSERT INTO `sys_t_role_menu` VALUES (6, 82, NULL);
INSERT INTO `sys_t_role_menu` VALUES (6, 83, NULL);
INSERT INTO `sys_t_role_menu` VALUES (6, 84, NULL);
INSERT INTO `sys_t_role_menu` VALUES (6, 85, NULL);
INSERT INTO `sys_t_role_menu` VALUES (6, 86, NULL);
INSERT INTO `sys_t_role_menu` VALUES (6, 87, NULL);
INSERT INTO `sys_t_role_menu` VALUES (6, 88, NULL);
INSERT INTO `sys_t_role_menu` VALUES (6, 89, NULL);
INSERT INTO `sys_t_role_menu` VALUES (6, 96, NULL);
INSERT INTO `sys_t_role_menu` VALUES (6, 133, NULL);
INSERT INTO `sys_t_role_menu` VALUES (6, 134, NULL);
INSERT INTO `sys_t_role_menu` VALUES (6, 135, NULL);
INSERT INTO `sys_t_role_menu` VALUES (6, 139, NULL);
INSERT INTO `sys_t_role_menu` VALUES (6, 140, NULL);
INSERT INTO `sys_t_role_menu` VALUES (7, 1, NULL);
INSERT INTO `sys_t_role_menu` VALUES (7, 12, NULL);
INSERT INTO `sys_t_role_menu` VALUES (7, 13, NULL);
INSERT INTO `sys_t_role_menu` VALUES (7, 14, NULL);
INSERT INTO `sys_t_role_menu` VALUES (7, 15, NULL);
INSERT INTO `sys_t_role_menu` VALUES (7, 16, NULL);
INSERT INTO `sys_t_role_menu` VALUES (7, 17, NULL);
INSERT INTO `sys_t_role_menu` VALUES (7, 19, NULL);
INSERT INTO `sys_t_role_menu` VALUES (7, 78, NULL);
INSERT INTO `sys_t_role_menu` VALUES (7, 79, NULL);
INSERT INTO `sys_t_role_menu` VALUES (7, 80, NULL);
INSERT INTO `sys_t_role_menu` VALUES (7, 81, NULL);
INSERT INTO `sys_t_role_menu` VALUES (7, 82, NULL);
INSERT INTO `sys_t_role_menu` VALUES (7, 83, NULL);
INSERT INTO `sys_t_role_menu` VALUES (7, 84, NULL);
INSERT INTO `sys_t_role_menu` VALUES (7, 85, NULL);
INSERT INTO `sys_t_role_menu` VALUES (7, 86, NULL);
INSERT INTO `sys_t_role_menu` VALUES (7, 87, NULL);
INSERT INTO `sys_t_role_menu` VALUES (7, 88, NULL);
INSERT INTO `sys_t_role_menu` VALUES (7, 89, NULL);
INSERT INTO `sys_t_role_menu` VALUES (7, 90, NULL);
INSERT INTO `sys_t_role_menu` VALUES (7, 91, NULL);
INSERT INTO `sys_t_role_menu` VALUES (7, 92, NULL);
INSERT INTO `sys_t_role_menu` VALUES (7, 93, NULL);
INSERT INTO `sys_t_role_menu` VALUES (7, 94, NULL);
INSERT INTO `sys_t_role_menu` VALUES (7, 95, NULL);
INSERT INTO `sys_t_role_menu` VALUES (7, 96, NULL);
INSERT INTO `sys_t_role_menu` VALUES (7, 97, NULL);
INSERT INTO `sys_t_role_menu` VALUES (7, 98, NULL);
INSERT INTO `sys_t_role_menu` VALUES (7, 99, NULL);
INSERT INTO `sys_t_role_menu` VALUES (7, 100, NULL);
INSERT INTO `sys_t_role_menu` VALUES (7, 101, NULL);
INSERT INTO `sys_t_role_menu` VALUES (7, 102, NULL);
INSERT INTO `sys_t_role_menu` VALUES (7, 103, NULL);
INSERT INTO `sys_t_role_menu` VALUES (7, 104, NULL);
INSERT INTO `sys_t_role_menu` VALUES (7, 105, NULL);
INSERT INTO `sys_t_role_menu` VALUES (7, 106, NULL);
INSERT INTO `sys_t_role_menu` VALUES (7, 107, NULL);
INSERT INTO `sys_t_role_menu` VALUES (7, 108, NULL);
INSERT INTO `sys_t_role_menu` VALUES (7, 109, NULL);
INSERT INTO `sys_t_role_menu` VALUES (7, 110, NULL);
INSERT INTO `sys_t_role_menu` VALUES (7, 111, NULL);
INSERT INTO `sys_t_role_menu` VALUES (7, 112, NULL);
INSERT INTO `sys_t_role_menu` VALUES (7, 113, NULL);
INSERT INTO `sys_t_role_menu` VALUES (7, 114, NULL);
INSERT INTO `sys_t_role_menu` VALUES (7, 115, NULL);
INSERT INTO `sys_t_role_menu` VALUES (7, 116, NULL);
INSERT INTO `sys_t_role_menu` VALUES (7, 117, NULL);
INSERT INTO `sys_t_role_menu` VALUES (7, 118, NULL);
INSERT INTO `sys_t_role_menu` VALUES (7, 119, NULL);
INSERT INTO `sys_t_role_menu` VALUES (7, 120, NULL);
INSERT INTO `sys_t_role_menu` VALUES (7, 121, NULL);
INSERT INTO `sys_t_role_menu` VALUES (7, 122, NULL);
INSERT INTO `sys_t_role_menu` VALUES (7, 123, NULL);
INSERT INTO `sys_t_role_menu` VALUES (7, 124, NULL);
INSERT INTO `sys_t_role_menu` VALUES (7, 125, NULL);
INSERT INTO `sys_t_role_menu` VALUES (7, 126, NULL);
INSERT INTO `sys_t_role_menu` VALUES (7, 127, NULL);
INSERT INTO `sys_t_role_menu` VALUES (7, 128, NULL);
INSERT INTO `sys_t_role_menu` VALUES (7, 129, NULL);
INSERT INTO `sys_t_role_menu` VALUES (7, 130, NULL);
INSERT INTO `sys_t_role_menu` VALUES (7, 131, NULL);
INSERT INTO `sys_t_role_menu` VALUES (7, 132, NULL);
INSERT INTO `sys_t_role_menu` VALUES (7, 133, NULL);
INSERT INTO `sys_t_role_menu` VALUES (7, 134, NULL);
INSERT INTO `sys_t_role_menu` VALUES (7, 135, NULL);
INSERT INTO `sys_t_role_menu` VALUES (7, 139, NULL);
INSERT INTO `sys_t_role_menu` VALUES (7, 140, NULL);
INSERT INTO `sys_t_role_menu` VALUES (8, 1, NULL);
INSERT INTO `sys_t_role_menu` VALUES (8, 12, NULL);
INSERT INTO `sys_t_role_menu` VALUES (8, 13, NULL);
INSERT INTO `sys_t_role_menu` VALUES (8, 14, NULL);
INSERT INTO `sys_t_role_menu` VALUES (8, 15, NULL);
INSERT INTO `sys_t_role_menu` VALUES (8, 16, NULL);
INSERT INTO `sys_t_role_menu` VALUES (8, 17, NULL);
INSERT INTO `sys_t_role_menu` VALUES (8, 19, NULL);
INSERT INTO `sys_t_role_menu` VALUES (8, 78, NULL);
INSERT INTO `sys_t_role_menu` VALUES (8, 79, NULL);
INSERT INTO `sys_t_role_menu` VALUES (8, 80, NULL);
INSERT INTO `sys_t_role_menu` VALUES (8, 81, NULL);
INSERT INTO `sys_t_role_menu` VALUES (8, 82, NULL);
INSERT INTO `sys_t_role_menu` VALUES (8, 83, NULL);
INSERT INTO `sys_t_role_menu` VALUES (8, 84, NULL);
INSERT INTO `sys_t_role_menu` VALUES (8, 85, NULL);
INSERT INTO `sys_t_role_menu` VALUES (8, 86, NULL);
INSERT INTO `sys_t_role_menu` VALUES (8, 87, NULL);
INSERT INTO `sys_t_role_menu` VALUES (8, 88, NULL);
INSERT INTO `sys_t_role_menu` VALUES (8, 89, NULL);
INSERT INTO `sys_t_role_menu` VALUES (8, 90, NULL);
INSERT INTO `sys_t_role_menu` VALUES (8, 91, NULL);
INSERT INTO `sys_t_role_menu` VALUES (8, 92, NULL);
INSERT INTO `sys_t_role_menu` VALUES (8, 93, NULL);
INSERT INTO `sys_t_role_menu` VALUES (8, 94, NULL);
INSERT INTO `sys_t_role_menu` VALUES (8, 95, NULL);
INSERT INTO `sys_t_role_menu` VALUES (8, 96, NULL);
INSERT INTO `sys_t_role_menu` VALUES (8, 97, NULL);
INSERT INTO `sys_t_role_menu` VALUES (8, 98, NULL);
INSERT INTO `sys_t_role_menu` VALUES (8, 99, NULL);
INSERT INTO `sys_t_role_menu` VALUES (8, 100, NULL);
INSERT INTO `sys_t_role_menu` VALUES (8, 101, NULL);
INSERT INTO `sys_t_role_menu` VALUES (8, 102, NULL);
INSERT INTO `sys_t_role_menu` VALUES (8, 103, NULL);
INSERT INTO `sys_t_role_menu` VALUES (8, 104, NULL);
INSERT INTO `sys_t_role_menu` VALUES (8, 105, NULL);
INSERT INTO `sys_t_role_menu` VALUES (8, 106, NULL);
INSERT INTO `sys_t_role_menu` VALUES (8, 107, NULL);
INSERT INTO `sys_t_role_menu` VALUES (8, 108, NULL);
INSERT INTO `sys_t_role_menu` VALUES (8, 109, NULL);
INSERT INTO `sys_t_role_menu` VALUES (8, 110, NULL);
INSERT INTO `sys_t_role_menu` VALUES (8, 111, NULL);
INSERT INTO `sys_t_role_menu` VALUES (8, 112, NULL);
INSERT INTO `sys_t_role_menu` VALUES (8, 113, NULL);
INSERT INTO `sys_t_role_menu` VALUES (8, 114, NULL);
INSERT INTO `sys_t_role_menu` VALUES (8, 115, NULL);
INSERT INTO `sys_t_role_menu` VALUES (8, 116, NULL);
INSERT INTO `sys_t_role_menu` VALUES (8, 117, NULL);
INSERT INTO `sys_t_role_menu` VALUES (8, 118, NULL);
INSERT INTO `sys_t_role_menu` VALUES (8, 119, NULL);
INSERT INTO `sys_t_role_menu` VALUES (8, 120, NULL);
INSERT INTO `sys_t_role_menu` VALUES (8, 121, NULL);
INSERT INTO `sys_t_role_menu` VALUES (8, 122, NULL);
INSERT INTO `sys_t_role_menu` VALUES (8, 123, NULL);
INSERT INTO `sys_t_role_menu` VALUES (8, 124, NULL);
INSERT INTO `sys_t_role_menu` VALUES (8, 125, NULL);
INSERT INTO `sys_t_role_menu` VALUES (8, 126, NULL);
INSERT INTO `sys_t_role_menu` VALUES (8, 127, NULL);
INSERT INTO `sys_t_role_menu` VALUES (8, 128, NULL);
INSERT INTO `sys_t_role_menu` VALUES (8, 129, NULL);
INSERT INTO `sys_t_role_menu` VALUES (8, 130, NULL);
INSERT INTO `sys_t_role_menu` VALUES (8, 131, NULL);
INSERT INTO `sys_t_role_menu` VALUES (8, 132, NULL);
INSERT INTO `sys_t_role_menu` VALUES (8, 133, NULL);
INSERT INTO `sys_t_role_menu` VALUES (8, 134, NULL);
INSERT INTO `sys_t_role_menu` VALUES (8, 135, NULL);
INSERT INTO `sys_t_role_menu` VALUES (8, 139, NULL);
INSERT INTO `sys_t_role_menu` VALUES (8, 140, NULL);

-- ----------------------------
-- Table structure for sys_t_table
-- ----------------------------
DROP TABLE IF EXISTS `sys_t_table`;
CREATE TABLE `sys_t_table`  (
  `procdefkey` varchar(20) CHARACTER SET utf8mb4 COLLATE utf8mb4_general_ci NOT NULL COMMENT 'KEY',
  `cols` varchar(500) CHARACTER SET utf8mb4 COLLATE utf8mb4_general_ci NOT NULL COMMENT '',
  `prefix` varchar(20) CHARACTER SET utf8mb4 COLLATE utf8mb4_general_ci NOT NULL COMMENT '',
  `createtime` varchar(19) CHARACTER SET utf8mb4 COLLATE utf8mb4_general_ci NOT NULL COMMENT '',
  `updatetime` varchar(19) CHARACTER SET utf8mb4 COLLATE utf8mb4_general_ci NULL DEFAULT NULL COMMENT '',
  PRIMARY KEY (`procdefkey`) USING BTREE
) ENGINE = InnoDB CHARACTER SET = utf8mb4 COLLATE = utf8mb4_general_ci ROW_FORMAT = Dynamic;

-- ----------------------------
-- Records of sys_t_table
-- ----------------------------
INSERT INTO `sys_t_table` VALUES ('chapter', 'proid,bk,sqr,bmmc,sqrq,yyfs,yylx,yynr,u_id', 'oa_t_', '2018-12-19 12:12:12', NULL);
INSERT INTO `sys_t_table` VALUES ('leave', 'proid,bk,sqr,bmmc,sqrq,qjlx,ksrq,jsrq,qjly,u_id', 'oa_t_', '2018-12-09 12:12:12', NULL);

-- ----------------------------
-- Table structure for sys_t_task
-- ----------------------------
DROP TABLE IF EXISTS `sys_t_task`;
CREATE TABLE `sys_t_task`  (
  `id` int(11) UNSIGNED NOT NULL AUTO_INCREMENT COMMENT 'ID',
  `taskId` varchar(50) CHARACTER SET utf8mb4 COLLATE utf8mb4_general_ci NOT NULL COMMENT 'ID',
  `taskName` varchar(50) CHARACTER SET utf8mb4 COLLATE utf8mb4_general_ci NOT NULL COMMENT '',
  `remark` varchar(300) CHARACTER SET utf8mb4 COLLATE utf8mb4_general_ci NULL DEFAULT NULL COMMENT '',
  `cron` varchar(50) CHARACTER SET utf8mb4 COLLATE utf8mb4_general_ci NOT NULL DEFAULT '1' COMMENT 'cron',
  `sfzq` char(1) CHARACTER SET utf8mb4 COLLATE utf8mb4_general_ci NOT NULL DEFAULT '0' COMMENT ' 1  0 ',
  `createtime` varchar(19) CHARACTER SET utf8mb4 COLLATE utf8mb4_general_ci NOT NULL COMMENT '',
  `updatetime` varchar(19) CHARACTER SET utf8mb4 COLLATE utf8mb4_general_ci NULL DEFAULT NULL COMMENT '',
  `createId` varchar(11) CHARACTER SET utf8mb4 COLLATE utf8mb4_general_ci NULL DEFAULT NULL COMMENT '',
  PRIMARY KEY (`id`) USING BTREE
) ENGINE = InnoDB AUTO_INCREMENT = 124 CHARACTER SET = utf8mb4 COLLATE = utf8mb4_general_ci ROW_FORMAT = Dynamic;

-- ----------------------------
-- Records of sys_t_task
-- ----------------------------
INSERT INTO `sys_t_task` VALUES (121, 'ProcessExpireTask', '', '', '0 0 0/1 * * ?', '0', '2018-12-12 22:22:22', '2019-02-25 10:20:00', NULL);
INSERT INTO `sys_t_task` VALUES (122, 'CacheClearDirTask', '', '', '0 0 3 * * ?', '0', '2018-12-12 22:22:22', '2019-02-25 09:59:00', NULL);

-- ----------------------------
-- Table structure for sys_t_user
-- ----------------------------
DROP TABLE IF EXISTS `sys_t_user`;
CREATE TABLE `sys_t_user`  (
  `u_id` int(11) UNSIGNED NOT NULL AUTO_INCREMENT COMMENT 'ID',
  `username` varchar(20) CHARACTER SET utf8mb4 COLLATE utf8mb4_general_ci NOT NULL COMMENT '',
  `password` varchar(200) CHARACTER SET utf8mb4 COLLATE utf8mb4_general_ci NOT NULL COMMENT ' ',
  `nickname` varchar(20) CHARACTER SET utf8mb4 COLLATE utf8mb4_general_ci NOT NULL COMMENT '',
  `createtime` varchar(19) CHARACTER SET utf8mb4 COLLATE utf8mb4_general_ci NOT NULL DEFAULT '1' COMMENT '',
  `updatetime` varchar(19) CHARACTER SET utf8mb4 COLLATE utf8mb4_general_ci NULL DEFAULT NULL COMMENT '',
  `bgdh` varchar(30) CHARACTER SET utf8mb4 COLLATE utf8mb4_general_ci NULL DEFAULT NULL COMMENT '',
  `bgxh` varchar(20) CHARACTER SET utf8mb4 COLLATE utf8mb4_general_ci NULL DEFAULT NULL COMMENT '',
  `remark` varchar(300) CHARACTER SET utf8mb4 COLLATE utf8mb4_general_ci NULL DEFAULT NULL COMMENT '',
  `email` varchar(100) CHARACTER SET utf8mb4 COLLATE utf8mb4_general_ci NULL DEFAULT NULL COMMENT '',
  `phonexh` varchar(10) CHARACTER SET utf8mb4 COLLATE utf8mb4_general_ci NULL DEFAULT NULL COMMENT '',
  `phone` varchar(15) CHARACTER SET utf8mb4 COLLATE utf8mb4_general_ci NULL DEFAULT NULL COMMENT '',
  `status` char(1) CHARACTER SET utf8mb4 COLLATE utf8mb4_general_ci NULL DEFAULT '3' COMMENT ' 0 1   3 4 ',
  `login` char(1) CHARACTER SET utf8mb4 COLLATE utf8mb4_general_ci NULL DEFAULT '0' COMMENT '0  1 ',
  `recentlogin` varchar(19) CHARACTER SET utf8mb4 COLLATE utf8mb4_general_ci NULL DEFAULT NULL COMMENT '',
  `r_id` int(11) NULL DEFAULT NULL COMMENT 'ID',
  PRIMARY KEY (`u_id`, `username`) USING BTREE,
  UNIQUE INDEX `username`(`username`) USING BTREE
) ENGINE = InnoDB AUTO_INCREMENT = 10240 CHARACTER SET = utf8mb4 COLLATE = utf8mb4_general_ci ROW_FORMAT = Dynamic;

-- ----------------------------
-- Records of sys_t_user
-- ----------------------------
INSERT INTO `sys_t_user` VALUES (1, 'superadmin', '5430e8684ff7dc444a47d9da3acc8397', '', '2018-12-19 08:40:40', '2019-01-30 09:32:52', NULL, NULL, '', '897546244@qq.com', NULL, '19913140983', NULL, '0', '2019-01-26 11:15:29', NULL);
INSERT INTO `sys_t_user` VALUES (10233, 'dev1', '821f54610aa480937b0acabeb5e0871e', 'dev1', '2019-02-15 09:39:09', '2019-02-15 09:47:30', 'dev1', 'dev1', NULL, 'dev1', 'dev1', 'dev1', '0', '1', '2019-02-26 16:05:56', 1);
INSERT INTO `sys_t_user` VALUES (10234, 'dev2', '3621f2ec35812265eaa232e84e631cca', 'dev2', '2019-02-15 09:39:35', '2019-02-25 10:18:39', 'dev2', 'dev2', NULL, 'dev2', 'dev2', 'dev2', '0', '1', '2019-02-26 16:05:22', 8);
INSERT INTO `sys_t_user` VALUES (10235, 'dev3', '156a1d62251b7e78f641e3b02737ffcc', 'dev3', '2019-02-15 09:40:15', '2019-02-26 16:30:08', 'dev3', 'dev3', NULL, 'dev3', 'dev3', 'dev3', '0', '0', '2019-02-26 09:13:18', 1);
INSERT INTO `sys_t_user` VALUES (10236, 'test1', '42b72f913c3201fc62660d512f5ac746', 'test1', '2019-02-15 09:48:14', NULL, 'test1', 'test1', NULL, 'test1', 'test1', 'test1', '0', '0', '2019-02-20 08:48:23', 6);
INSERT INTO `sys_t_user` VALUES (10237, 'test2', '48b83a2a920f7284c9f0e1bf03012b68', 'test2', '2019-02-15 09:48:33', '2019-02-26 09:10:59', 'test2', 'test2', NULL, 'test2', 'test2', 'test2', '0', '0', '2019-02-26 09:11:05', 6);
INSERT INTO `sys_t_user` VALUES (10238, 'test3', 'e12234d4575a12bfd61d61294f32b086', 'test3', '2019-02-15 09:48:52', NULL, 'test3', 'test3', NULL, 'test3', 'test3', 'test3', '0', '0', '2019-02-26 09:13:59', 6);
INSERT INTO `sys_t_user` VALUES (10239, 'admin', 'f6fdffe48c908deb0f4c3bd36c032e72', 'admin', '2019-02-15 11:27:50', '2019-02-26 10:49:05', '', '', NULL, '', '', '', '0', '0', '2019-02-26 10:38:52', 7);

-- ----------------------------
-- Table structure for sys_t_user_org_job
-- ----------------------------
DROP TABLE IF EXISTS `sys_t_user_org_job`;
CREATE TABLE `sys_t_user_org_job`  (
  `u_id` int(11) NOT NULL COMMENT 'ID',
  `o_id` int(11) NULL DEFAULT NULL COMMENT 'ID',
  `j_id` int(11) NULL DEFAULT NULL COMMENT 'ID'
) ENGINE = InnoDB CHARACTER SET = utf8mb4 COLLATE = utf8mb4_general_ci ROW_FORMAT = Dynamic;

-- ----------------------------
-- Records of sys_t_user_org_job
-- ----------------------------
INSERT INTO `sys_t_user_org_job` VALUES (10233, 115, 1);
INSERT INTO `sys_t_user_org_job` VALUES (10236, 116, 12);
INSERT INTO `sys_t_user_org_job` VALUES (10237, 117, 12);
INSERT INTO `sys_t_user_org_job` VALUES (10238, 120, 12);
INSERT INTO `sys_t_user_org_job` VALUES (10234, 118, 1);
INSERT INTO `sys_t_user_org_job` VALUES (10239, 118, 14);
INSERT INTO `sys_t_user_org_job` VALUES (10235, 119, 1);
INSERT INTO `sys_t_user_org_job` VALUES (10235, 115, 13);

-- ----------------------------
-- Table structure for sys_t_user_procdef
-- ----------------------------
DROP TABLE IF EXISTS `sys_t_user_procdef`;
CREATE TABLE `sys_t_user_procdef`  (
  `u_id` varchar(300) CHARACTER SET utf8mb4 COLLATE utf8mb4_general_ci NULL DEFAULT NULL COMMENT 'ID',
  `p_id` varchar(64) CHARACTER SET utf8mb4 COLLATE utf8mb4_general_ci NULL DEFAULT NULL COMMENT 'ID'
) ENGINE = InnoDB CHARACTER SET = utf8mb4 COLLATE = utf8mb4_general_ci ROW_FORMAT = Dynamic;

-- ----------------------------
-- Records of sys_t_user_procdef
-- ----------------------------
INSERT INTO `sys_t_user_procdef` VALUES ('115#10233', 'leave:1:16');
INSERT INTO `sys_t_user_procdef` VALUES ('116#10236', 'leave:1:16');
INSERT INTO `sys_t_user_procdef` VALUES ('118#10234', 'leave:1:16');
INSERT INTO `sys_t_user_procdef` VALUES ('117#10237', 'leave:1:16');

SET FOREIGN_KEY_CHECKS = 1;
